사고번호,사고일시,요일,시군구,사고내용,사망자수,중상자수,경상자수,부상신고자수,사고유형,법규위반,노면상태,기상상태,도로형태,가해운전자 차종,가해운전자 성별,가해운전자 연령,가해운전자 상해정도,피해운전자 차종,피해운전자 성별,피해운전자 연령,피해운전자 상해정도
2017011300100229,2017년 1월 13일 11시,금요일,경상북도 영주시 풍기읍,중상사고,0,1,1,0,차대차 - 측면충돌,신호위반,건조,맑음,교차로 - 교차로안,승용,남,56세,상해없음,승용,남,54세,중상
2017011300100230,2017년 1월 13일 11시,금요일,경상북도 영천시 완산동,경상사고,0,0,1,0,차대차 - 측면충돌,교차로운행방법위반,건조,맑음,교차로 - 교차로안,원동기,남,79세,경상,승용,남,47세,상해없음
2017011300100250,2017년 1월 13일 12시,금요일,경상북도 문경시 산북면,중상사고,0,1,0,0,차대차 - 정면충돌,중앙선침범,건조,맑음,단일로 - 기타,화물,남,55세,상해없음,승용,남,49세,중상
2017011300100251,2017년 1월 13일 12시,금요일,경상북도 영덕군 영해면,중상사고,0,1,1,0,차대차 - 측면충돌,교차로운행방법위반,건조,맑음,교차로 - 교차로안,승용,남,40세,상해없음,이륜,남,77세,경상
2017011300100252,2017년 1월 13일 12시,금요일,경상북도 구미시 송정동,중상사고,0,1,0,0,차대사람 - 차도통행중,안전운전불이행,건조,맑음,단일로 - 기타,승용,남,66세,상해없음,보행자,여,82세,중상
2017011300100312,2017년 1월 13일 14시,금요일,경상북도 경주시 서부동,경상사고,0,0,1,0,차대차 - 측면충돌,안전운전불이행,건조,맑음,교차로 - 교차로안,이륜,남,68세,경상,승용,여,45세,상해없음
2017011300100313,2017년 1월 13일 14시,금요일,경상북도 예천군 풍양면,중상사고,0,1,0,0,차대차 - 측면충돌,안전운전불이행,건조,맑음,단일로 - 기타,화물,남,70세,상해없음,이륜,여,68세,중상
2017011300100341,2017년 1월 13일 15시,금요일,경상북도 울진군 죽변면,경상사고,0,0,1,0,차대사람 - 횡단중,보행자보호의무위반,건조,맑음,교차로 - 교차로안,승용,여,48세,상해없음,보행자,남,11세,경상
2017011300100369,2017년 1월 13일 16시,금요일,경상북도 경주시 서면,경상사고,0,0,1,0,차대차 - 측면충돌,안전운전불이행,젖음/습기,맑음,교차로 - 교차로안,화물,남,55세,상해없음,이륜,남,86세,경상
2017011300100370,2017년 1월 13일 16시,금요일,경상북도 경산시 진량읍,중상사고,0,1,0,0,차대차 - 측면충돌,신호위반,건조,맑음,교차로 - 교차로안,이륜,남,46세,중상,승용,남,33세,상해없음
2017011300100399,2017년 1월 13일 17시,금요일,경상북도 포항시 남구 오천읍,중상사고,0,1,0,0,차대차 - 측면충돌,신호위반,건조,맑음,교차로 - 교차로안,승합,남,70세,상해없음,이륜,남,45세,중상
2017011300100455,2017년 1월 13일 18시,금요일,경상북도 김천시 성내동,중상사고,0,1,0,0,차대사람 - 횡단중,보행자보호의무위반,건조,맑음,교차로 - 교차로안,승용,남,43세,상해없음,보행자,여,69세,중상
2017011300100456,2017년 1월 13일 18시,금요일,경상북도 칠곡군 석적읍,경상사고,0,0,1,0,차대차 - 측면충돌,신호위반,건조,맑음,교차로 - 교차로안,승용,남,58세,상해없음,이륜,남,16세,경상
2017011300100457,2017년 1월 13일 18시,금요일,경상북도 울진군 울진읍,중상사고,0,1,0,0,차대사람 - 횡단중,안전운전불이행,건조,맑음,교차로 - 교차로안,승용,남,70세,상해없음,보행자,여,45세,중상
2017011300100458,2017년 1월 13일 18시,금요일,경상북도 포항시 남구 일월동,경상사고,0,0,1,0,차대사람 - 횡단중,신호위반,건조,맑음,교차로 - 교차로횡단보도내,승용,여,51세,상해없음,보행자,남,66세,경상
2017011300100503,2017년 1월 13일 19시,금요일,경상북도 김천시 신음동,경상사고,0,0,2,0,차대차 - 기타,안전운전불이행,건조,맑음,단일로 - 기타,승용,남,40세,상해없음,승용,남,24세,상해없음
2017011300100504,2017년 1월 13일 19시,금요일,경상북도 예천군 용궁면,중상사고,0,1,0,0,차대차 - 측면충돌,교차로운행방법위반,건조,맑음,교차로 - 교차로안,승용,여,56세,상해없음,승용,남,44세,중상
2017011300100505,2017년 1월 13일 19시,금요일,경상북도 성주군 가천면,경상사고,0,0,3,0,차대차 - 측면충돌,안전운전불이행,건조,맑음,교차로 - 교차로안,화물,남,67세,상해없음,승용,남,26세,경상
2017011300100506,2017년 1월 13일 19시,금요일,경상북도 구미시 옥계동,중상사고,0,1,0,0,차대차 - 추돌,안전운전불이행,건조,맑음,교차로 - 교차로부근,승용,남,43세,상해없음,승용,남,33세,중상
2017011300100541,2017년 1월 13일 20시,금요일,경상북도 경주시 안강읍,중상사고,0,1,0,0,차대사람 - 횡단중,보행자보호의무위반,건조,맑음,교차로 - 교차로횡단보도내,승용,남,51세,상해없음,보행자,남,60세,중상
2017011300100542,2017년 1월 13일 20시,금요일,경상북도 경주시 안강읍,부상신고사고,0,0,0,1,차량단독 - 전도전복,안전운전불이행,건조,맑음,교차로 - 교차로부근,승용,남,62세,부상신고,미분류,미분류,미분류,미분류
2017011300100543,2017년 1월 13일 20시,금요일,경상북도 포항시 북구 동빈1가,중상사고,0,1,1,0,차대사람 - 횡단중,안전운전불이행,건조,맑음,단일로 - 기타,이륜,남,25세,경상,보행자,여,85세,중상
2017011300100566,2017년 1월 13일 21시,금요일,경상북도 구미시 원평동,부상신고사고,0,0,0,1,차대차 - 기타,안전운전불이행,건조,맑음,단일로 - 기타,이륜,남,51세,부상신고,기타불명,기타불명,미분류,기타불명
2017011400100049,2017년 1월 14일 01시,토요일,경상북도 경주시 황성동,경상사고,0,0,1,0,차대차 - 측면충돌,직진우회전진행방해,건조,맑음,교차로 - 교차로안,승용,남,59세,상해없음,승용,남,70세,경상
2017011400100090,2017년 1월 14일 04시,토요일,경상북도 경산시 삼남동,경상사고,0,0,1,0,차량단독 - 전도전복,안전운전불이행,건조,맑음,단일로 - 기타,승용,남,22세,경상,미분류,미분류,미분류,미분류
2017011400100147,2017년 1월 14일 08시,토요일,경상북도 구미시 신동,경상사고,0,0,1,0,차대차 - 추돌,중앙선침범,건조,맑음,단일로 - 기타,승용,남,45세,상해없음,승용,여,52세,경상
2017011400100161,2017년 1월 14일 09시,토요일,경상북도 영덕군 영덕읍,중상사고,0,1,0,0,차대사람 - 길가장자리구역통행중,안전운전불이행,건조,맑음,단일로 - 기타,승용,남,64세,상해없음,보행자,여,74세,중상
2017011400100190,2017년 1월 14일 10시,토요일,경상북도 봉화군 춘양면,경상사고,0,0,1,0,차대차 - 정면충돌,중앙선침범,건조,맑음,단일로 - 기타,화물,남,58세,상해없음,원동기,남,81세,경상
2017011400100225,2017년 1월 14일 11시,토요일,경상북도 영양군 입암면,경상사고,0,0,1,0,차대차 - 추돌,안전운전불이행,건조,맑음,교차로 - 교차로부근,승용,남,55세,상해없음,승용,남,49세,상해없음
2017011400100226,2017년 1월 14일 11시,토요일,경상북도 구미시 공단동,경상사고,0,0,1,0,차대차 - 측면충돌,교차로운행방법위반,건조,맑음,교차로 - 교차로안,승합,남,50세,상해없음,승용,남,32세,경상
2017011400100286,2017년 1월 14일 13시,토요일,경상북도 문경시 점촌동,중상사고,0,1,5,0,차대차 - 측면충돌,직진우회전진행방해,건조,맑음,교차로 - 교차로안,승용,여,46세,경상,승용,남,64세,경상
2017011400100287,2017년 1월 14일 13시,토요일,경상북도 구미시 도량동,사망사고,2,0,0,0,차대사람 - 횡단중,안전운전불이행,건조,맑음,단일로 - 기타,승용,남,55세,상해없음,보행자,여,57세,사망
2017011400100314,2017년 1월 14일 14시,토요일,경상북도 포항시 북구 창포동,경상사고,0,0,1,0,차대사람 - 보도통행중,기타,건조,맑음,단일로 - 기타,승용,여,50세,상해없음,보행자,여,58세,경상
2017011400100315,2017년 1월 14일 14시,토요일,경상북도 김천시 황금동,경상사고,0,0,1,0,차대차 - 측면충돌,안전운전불이행,건조,맑음,단일로 - 기타,승용,여,54세,상해없음,자전거,여,62세,경상
2017011400100316,2017년 1월 14일 14시,토요일,경상북도 고령군 쌍림면,경상사고,0,0,1,0,차량단독 - 기타,안전운전불이행,건조,맑음,단일로 - 기타,승합,남,56세,상해없음,,,,
2017011400100317,2017년 1월 14일 14시,토요일,경상북도 구미시 공단동,경상사고,0,0,1,0,차대차 - 추돌,안전운전불이행,건조,맑음,단일로 - 기타,승용,남,33세,상해없음,승용,남,40세,경상
2017011400100368,2017년 1월 14일 16시,토요일,경상북도 김천시 모암동,중상사고,0,1,0,0,차대차 - 기타,안전운전불이행,건조,맑음,단일로 - 기타,승용,남,22세,중상,승용,남,45세,상해없음
2017011400100369,2017년 1월 14일 16시,토요일,경상북도 칠곡군 약목면,중상사고,0,1,2,1,차대차 - 정면충돌,중앙선침범,건조,맑음,교차로 - 교차로부근,승용,남,56세,부상신고,화물,남,44세,중상
2017011400100370,2017년 1월 14일 16시,토요일,경상북도 영천시 금노동,경상사고,0,0,1,0,차대차 - 측면충돌,교차로운행방법위반,건조,맑음,교차로 - 교차로안,승용,여,60세,상해없음,자전거,남,42세,경상
2017011400100371,2017년 1월 14일 16시,토요일,경상북도 포항시 남구 이동,경상사고,0,0,4,0,차대차 - 기타,안전거리미확보,건조,맑음,단일로 - 기타,승용,남,63세,상해없음,승용,남,64세,경상
2017011400100398,2017년 1월 14일 17시,토요일,경상북도 상주시 성동동,경상사고,0,0,2,0,차대차 - 측면충돌,중앙선침범,건조,맑음,단일로 - 기타,화물,남,56세,상해없음,화물,남,66세,경상
2017011400100399,2017년 1월 14일 17시,토요일,경상북도 경산시 중방동,경상사고,0,0,1,0,차대차 - 측면충돌,안전운전불이행,건조,맑음,단일로 - 기타,승용,여,54세,상해없음,승합,남,48세,상해없음
2017011400100400,2017년 1월 14일 17시,토요일,경상북도 예천군 예천읍,중상사고,0,1,1,0,차대차 - 측면충돌,직진우회전진행방해,건조,맑음,교차로 - 교차로안,승용,남,79세,상해없음,승용,남,23세,경상
2017011400100401,2017년 1월 14일 17시,토요일,경상북도 포항시 남구 장기면,중상사고,0,1,1,0,차대차 - 정면충돌,안전운전불이행,서리/결빙,맑음,기타 - 기타,승용,남,67세,경상,승용,여,45세,중상
2017011400100433,2017년 1월 14일 18시,토요일,경상북도 경주시 외동읍,경상사고,0,0,2,0,차대차 - 측면충돌,안전운전불이행,건조,맑음,교차로 - 교차로부근,승용,여,55세,상해없음,승용,남,44세,경상
2017011400100434,2017년 1월 14일 18시,토요일,경상북도 경주시 외동읍,중상사고,0,3,1,0,차대차 - 추돌,안전운전불이행,건조,맑음,단일로 - 기타,승합,여,61세,상해없음,승용,남,23세,중상
2017011400100473,2017년 1월 14일 19시,토요일,경상북도 울진군 기성면,사망사고,1,0,0,0,차대차 - 정면충돌,중앙선침범,건조,맑음,단일로 - 기타,원동기,남,67세,사망,승용,여,51세,상해없음
2017011400100474,2017년 1월 14일 19시,토요일,경상북도 울진군 기성면,중상사고,0,1,0,0,차대사람 - 횡단중,교차로운행방법위반,건조,맑음,교차로 - 교차로안,승용,남,32세,상해없음,보행자,남,45세,중상
2017011400100533,2017년 1월 14일 21시,토요일,경상북도 포항시 북구 장성동,경상사고,0,0,2,0,차대차 - 측면충돌,교차로운행방법위반,건조,맑음,교차로 - 교차로안,승용,여,21세,경상,승용,남,59세,경상
2017011400100534,2017년 1월 14일 21시,토요일,경상북도 청송군 청송읍,중상사고,0,2,2,0,차량단독 - 도로외이탈 - 기타,안전운전불이행,서리/결빙,맑음,단일로 - 기타,승용,남,18세,경상,,,,
2017011400100535,2017년 1월 14일 21시,토요일,경상북도 경산시 남천면,중상사고,0,1,0,1,차량단독 - 전도전복 - 전도,안전운전불이행,건조,맑음,단일로 - 기타,승합,남,65세,상해없음,,,,
2017011400100551,2017년 1월 14일 22시,토요일,경상북도 포항시 북구 흥해읍,중상사고,0,1,0,0,차량단독 - 기타,안전운전불이행,건조,맑음,단일로 - 기타,이륜,남,18세,상해없음,,,,
2017011400100552,2017년 1월 14일 22시,토요일,경상북도 경산시 하양읍,중상사고,0,1,0,0,차대사람 - 횡단중,안전운전불이행,건조,맑음,단일로 - 기타,승용,여,41세,상해없음,보행자,남,45세,중상
2017011400100553,2017년 1월 14일 22시,토요일,경상북도 경산시 중방동,중상사고,0,1,0,0,차대차 - 측면충돌,안전운전불이행,건조,맑음,단일로 - 기타,승용,남,47세,상해없음,이륜,남,19세,중상
2017011500100019,2017년 1월 15일 00시,일요일,경상북도 구미시 형곡동,경상사고,0,0,1,0,차대차 - 정면충돌,중앙선침범,건조,맑음,단일로 - 기타,기타불명,기타불명,미분류,기타불명,승용,남,22세,경상
2017011500100020,2017년 1월 15일 00시,일요일,경상북도 포항시 남구 오천읍,경상사고,0,0,1,0,차대차 - 측면충돌,안전운전불이행,건조,맑음,교차로 - 교차로부근,승용,남,44세,상해없음,승용,여,36세,경상
2017011500100095,2017년 1월 15일 07시,일요일,경상북도 경주시 배반동,사망사고,1,0,0,0,차대사람 - 횡단중,신호위반,건조,맑음,단일로 - 기타,승용,남,68세,상해없음,보행자,여,71세,사망
2017011500100123,2017년 1월 15일 09시,일요일,경상북도 칠곡군 북삼읍,경상사고,0,0,2,0,차대차 - 측면충돌,직진우회전진행방해,건조,맑음,교차로 - 교차로부근,승용,남,56세,상해없음,승용,여,49세,경상
2017011500100138,2017년 1월 15일 10시,일요일,경상북도 포항시 북구 송라면,중상사고,0,2,3,2,차대차 - 측면충돌,신호위반,건조,맑음,교차로 - 교차로안,승용,남,45세,상해없음,승용,남,55세,중상
2017011500100212,2017년 1월 15일 13시,일요일,경상북도 영천시 대창면,경상사고,0,0,2,0,차대차 - 측면충돌,안전운전불이행,건조,맑음,교차로 - 교차로안,승용,여,65세,상해없음,화물,남,58세,상해없음
2017011500100231,2017년 1월 15일 14시,일요일,경상북도 김천시 양천동,경상사고,0,0,1,0,차대차 - 추돌,안전운전불이행,건조,맑음,교차로 - 교차로부근,승용,여,40세,상해없음,승용,남,45세,경상
2017011500100232,2017년 1월 15일 14시,일요일,경상북도 영주시 이산면,중상사고,0,1,0,0,차량단독 - 전도전복,안전운전불이행,건조,맑음,단일로 - 기타,승용,남,64세,중상,미분류,미분류,미분류,미분류
2017011500100258,2017년 1월 15일 15시,일요일,경상북도 김천시 덕곡동,경상사고,0,0,1,0,차대차 - 측면충돌,안전운전불이행,건조,맑음,교차로 - 교차로부근,승용,남,51세,상해없음,이륜,남,20세,경상
2017011500100259,2017년 1월 15일 15시,일요일,경상북도 영덕군 병곡면,경상사고,0,0,1,0,차대차 - 측면충돌,중앙선침범,건조,맑음,단일로 - 기타,원동기,남,80세,경상,승용,남,55세,상해없음
2017011500100343,2017년 1월 15일 18시,일요일,경상북도 포항시 북구 양덕동,경상사고,0,0,1,0,차대차 - 측면충돌,안전운전불이행,건조,맑음,교차로 - 교차로안,승용,남,42세,상해없음,이륜,남,34세,경상
2017011500100344,2017년 1월 15일 18시,일요일,경상북도 포항시 북구 흥해읍,중상사고,0,1,0,0,차대사람 - 차도통행중,안전운전불이행,건조,맑음,단일로 - 기타,승용,남,29세,상해없음,보행자,여,79세,중상
2017011500100345,2017년 1월 15일 18시,일요일,경상북도 예천군 예천읍,중상사고,0,1,0,0,차대차 - 측면충돌,불법유턴,건조,맑음,교차로 - 교차로안,승용,여,45세,상해없음,이륜,남,49세,중상
2017011500100380,2017년 1월 15일 19시,일요일,경상북도 김천시 아포읍,사망사고,1,0,0,0,차대사람 - 기타,안전운전불이행,건조,맑음,단일로 - 기타,특수,남,35세,상해없음,보행자,남,68세,사망
2017011500100414,2017년 1월 15일 20시,일요일,경상북도 경산시 압량면,사망사고,1,0,1,0,차대차 - 측면충돌,중앙선침범,건조,맑음,교차로 - 교차로부근,이륜,남,72세,사망,이륜,남,22세,경상
2017011500100439,2017년 1월 15일 21시,일요일,경상북도 상주시 신봉동,중상사고,0,2,3,0,차대차 - 추돌,안전운전불이행,건조,맑음,교차로 - 교차로부근,승용,남,76세,상해없음,승용,남,58세,중상
2017011500100457,2017년 1월 15일 22시,일요일,경상북도 칠곡군 석적읍,경상사고,0,0,1,0,차대차 - 추돌,안전운전불이행,건조,맑음,교차로 - 교차로부근,이륜,남,17세,경상,승용,기타불명,미분류,기타불명
2017011500100480,2017년 1월 15일 23시,일요일,경상북도 경산시 정평동,경상사고,0,0,1,0,차대사람 - 횡단중,안전운전불이행,건조,맑음,단일로 - 기타,승용,남,61세,상해없음,보행자,남,29세,경상
2017011600100028,2017년 1월 16일 00시,월요일,경상북도 구미시 원평동,경상사고,0,0,1,0,차대차 - 기타,교차로운행방법위반,건조,맑음,교차로 - 교차로안,승용,남,46세,상해없음,이륜,남,20세,경상
2017011600100107,2017년 1월 16일 07시,월요일,경상북도 경주시 천북면,경상사고,0,0,1,0,차량단독 - 공작물충돌,안전운전불이행,건조,맑음,단일로 - 기타,승용,남,21세,경상,,,,
2017011600100108,2017년 1월 16일 07시,월요일,경상북도 구미시 공단동,경상사고,0,0,1,0,차대차 - 정면충돌,신호위반,건조,맑음,교차로 - 교차로안,화물,남,52세,상해없음,승용,남,37세,경상
2017011600100109,2017년 1월 16일 07시,월요일,경상북도 포항시 남구 동촌동,중상사고,0,1,0,0,차대차 - 측면충돌,신호위반,건조,맑음,교차로 - 교차로부근,승용,여,21세,상해없음,이륜,남,43세,중상
2017011600100151,2017년 1월 16일 08시,월요일,경상북도 포항시 북구 동빈1가,경상사고,0,0,2,0,차대차 - 측면충돌,신호위반,건조,맑음,교차로 - 교차로안,승용,남,79세,상해없음,승용,여,26세,경상
2017011600100152,2017년 1월 16일 08시,월요일,경상북도 경산시 압량면,경상사고,0,0,1,0,차대차 - 기타,안전운전불이행,건조,맑음,기타 - 기타,자전거,남,74세,경상,화물,남,61세,기타불명
2017011600100153,2017년 1월 16일 08시,월요일,경상북도 울진군 후포면,중상사고,0,1,0,0,차대사람 - 길가장자리구역통행중,안전운전불이행,건조,맑음,단일로 - 기타,승용,남,42세,상해없음,보행자,여,87세,중상
2017011600100154,2017년 1월 16일 08시,월요일,경상북도 구미시 옥계동,경상사고,0,0,1,0,차대사람 - 기타,신호위반,건조,맑음,교차로 - 교차로횡단보도내,승용,남,55세,상해없음,보행자,여,33세,경상
2017011600100155,2017년 1월 16일 08시,월요일,경상북도 구미시 해평면,경상사고,0,0,2,0,차대차 - 측면충돌,안전운전불이행,건조,맑음,교차로 - 교차로안,승용,여,43세,경상,승용,남,37세,경상
2017011600100156,2017년 1월 16일 08시,월요일,경상북도 칠곡군 왜관읍,경상사고,0,0,2,0,차대차 - 추돌,안전운전불이행,건조,맑음,기타 - 기타,승용,남,56세,상해없음,승용,남,47세,경상
2017011600100193,2017년 1월 16일 09시,월요일,경상북도 포항시 북구 죽도동,경상사고,0,0,1,0,차대사람 - 차도통행중,안전운전불이행,건조,맑음,단일로 - 기타,승합,남,49세,상해없음,보행자,남,26세,경상
2017011600100194,2017년 1월 16일 09시,월요일,경상북도 문경시 점촌동,중상사고,0,1,0,0,차대사람 - 횡단중,보행자보호의무위반,건조,맑음,교차로 - 교차로횡단보도내,승용,남,73세,상해없음,보행자,남,74세,중상
2017011600100195,2017년 1월 16일 09시,월요일,경상북도 예천군 예천읍,중상사고,0,1,0,0,차대차 - 측면충돌,안전운전불이행,건조,맑음,기타 - 기타,승용,남,68세,상해없음,자전거,여,80세,중상
2017011600100196,2017년 1월 16일 09시,월요일,경상북도 구미시 고아읍,중상사고,0,1,1,0,차대차 - 측면충돌,직진우회전진행방해,건조,맑음,교차로 - 교차로안,승용,여,25세,상해없음,승용,여,47세,경상
2017011600100197,2017년 1월 16일 09시,월요일,경상북도 포항시 남구 이동,중상사고,0,1,2,0,차대차 - 기타,안전운전불이행,건조,맑음,단일로 - 기타,승용,남,73세,상해없음,승용,여,31세,경상
2017011600100232,2017년 1월 16일 10시,월요일,경상북도 의성군 금성면,중상사고,0,2,0,0,차량단독 - 전도전복,안전운전불이행,건조,맑음,단일로 - 기타,화물,남,76세,상해없음,미분류,미분류,미분류,미분류
2017011600100233,2017년 1월 16일 10시,월요일,경상북도 경산시 진량읍,경상사고,0,0,1,0,차대사람 - 기타,안전운전불이행,건조,맑음,단일로 - 기타,승용,여,58세,상해없음,보행자,여,54세,경상
2017011600100265,2017년 1월 16일 11시,월요일,경상북도 포항시 북구 죽도동,경상사고,0,0,1,0,차대차 - 측면충돌,안전운전불이행,건조,맑음,단일로 - 기타,화물,남,31세,상해없음,승용,여,48세,경상
2017011600100266,2017년 1월 16일 11시,월요일,경상북도 영천시 청통면,중상사고,0,2,0,0,차량단독 - 전도전복 - 전도,안전운전불이행,건조,맑음,기타 - 기타,승용,남,65세,중상,,,,
2017011600100292,2017년 1월 16일 12시,월요일,경상북도 경주시 성건동,중상사고,0,1,0,1,차대차 - 측면충돌,안전운전불이행,건조,맑음,단일로 - 기타,승용,남,46세,상해없음,승합,남,49세,상해없음
2017011600100293,2017년 1월 16일 12시,월요일,경상북도 김천시 황금동,중상사고,0,1,0,0,차대사람 - 횡단중,보행자보호의무위반,건조,맑음,교차로 - 교차로횡단보도내,화물,남,66세,상해없음,보행자,여,73세,중상
2017011600100294,2017년 1월 16일 12시,월요일,경상북도 문경시 모전동,중상사고,0,1,0,0,차대차 - 기타,안전운전불이행,건조,맑음,교차로 - 교차로안,원동기,남,84세,중상,승용,남,40세,상해없음
2017011600100323,2017년 1월 16일 13시,월요일,경상북도 영덕군 영해면,경상사고,0,0,1,0,차대차 - 기타,기타,건조,맑음,교차로 - 교차로안,승용,남,71세,경상,승용,여,37세,상해없음
2017011600100324,2017년 1월 16일 13시,월요일,경상북도 구미시 공단동,경상사고,0,0,1,0,차대차 - 측면충돌,직진우회전진행방해,건조,맑음,교차로 - 교차로안,승용,남,42세,상해없음,승용,여,42세,경상
2017011600100358,2017년 1월 16일 14시,월요일,경상북도 문경시 동로면,경상사고,0,0,2,0,차대차 - 기타,중앙선침범,건조,맑음,단일로 - 기타,승용,남,73세,경상,승용,남,45세,경상
2017011600100359,2017년 1월 16일 14시,월요일,경상북도 성주군 선남면,경상사고,0,0,1,0,차대차 - 정면충돌,안전운전불이행,건조,맑음,기타 - 기타,이륜,남,75세,경상,승용,여,24세,상해없음
2017011600100398,2017년 1월 16일 15시,월요일,경상북도 포항시 북구 기계면,중상사고,0,1,0,0,차대차 - 측면충돌,안전운전불이행,건조,맑음,단일로 - 기타,승용,남,33세,상해없음,원동기,남,68세,중상
2017011600100399,2017년 1월 16일 15시,월요일,경상북도 포항시 북구 죽도동,경상사고,0,0,1,0,차대사람 - 횡단중,신호위반,건조,맑음,교차로 - 교차로횡단보도내,승용,남,66세,상해없음,보행자,여,64세,경상
2017011600100432,2017년 1월 16일 16시,월요일,경상북도 상주시 신봉동,중상사고,0,1,0,0,차대차 - 기타,안전거리미확보,건조,맑음,단일로 - 기타,승용,여,53세,상해없음,승합,남,56세,상해없음
2017011600100433,2017년 1월 16일 16시,월요일,경상북도 구미시 인의동,경상사고,0,0,1,0,차대차 - 추돌,안전운전불이행,건조,맑음,교차로 - 교차로안,승용,남,31세,상해없음,승용,여,44세,경상
2017011600100463,2017년 1월 16일 17시,월요일,경상북도 김천시 대광동,중상사고,0,1,3,0,차대차 - 정면충돌,신호위반,건조,맑음,교차로 - 교차로안,승용,여,42세,경상,화물,남,68세,경상
2017011600100508,2017년 1월 16일 18시,월요일,경상북도 포항시 북구 기계면,사망사고,1,0,0,0,차대사람 - 기타,안전운전불이행,건조,맑음,단일로 - 기타,승용,남,34세,상해없음,보행자,남,71세,사망
2017011600100509,2017년 1월 16일 18시,월요일,경상북도 안동시 송현동,중상사고,0,2,3,0,차대차 - 추돌,안전거리미확보,건조,맑음,단일로 - 기타,승용,여,43세,경상,승용,여,58세,상해없음
2017011600100510,2017년 1월 16일 18시,월요일,경상북도 김천시 성내동,중상사고,0,1,1,0,차대차 - 측면충돌,신호위반,건조,맑음,교차로 - 교차로안,화물,남,53세,상해없음,승용,남,34세,중상
2017011600100511,2017년 1월 16일 18시,월요일,경상북도 경산시 진량읍,부상신고사고,0,0,0,1,차대차 - 측면충돌,안전운전불이행,건조,맑음,단일로 - 기타,승용,남,59세,상해없음,승용,여,30세,부상신고
2017011600100512,2017년 1월 16일 18시,월요일,경상북도 구미시 형곡동,경상사고,0,0,1,0,차대차 - 기타,안전운전불이행,건조,맑음,단일로 - 기타,승용,남,60세,상해없음,승용,남,53세,경상
2017011600100513,2017년 1월 16일 18시,월요일,경상북도 구미시 송정동,경상사고,0,0,1,0,차대차 - 측면충돌,안전운전불이행,건조,맑음,기타 - 기타,승용,여,48세,상해없음,승용,여,50세,경상
2017011600100564,2017년 1월 16일 19시,월요일,경상북도 의성군 봉양면,중상사고,0,1,0,0,차대차 - 추돌,안전운전불이행,건조,맑음,단일로 - 기타,승용,남,66세,상해없음,승합,남,43세,중상
2017011600100607,2017년 1월 16일 20시,월요일,경상북도 상주시 죽전동,경상사고,0,0,1,0,차량단독 - 전도전복,안전운전불이행,건조,맑음,단일로 - 기타,화물,남,47세,상해없음,미분류,미분류,미분류,미분류
2017011600100608,2017년 1월 16일 20시,월요일,경상북도 구미시 송정동,경상사고,0,0,1,0,차대차 - 추돌,안전운전불이행,건조,맑음,교차로 - 교차로부근,승용,여,30세,상해없음,이륜,남,16세,경상
2017011600100635,2017년 1월 16일 21시,월요일,경상북도 경주시 성건동,부상신고사고,0,0,0,1,차대차 - 측면충돌,안전운전불이행,건조,맑음,교차로 - 교차로안,이륜,남,17세,부상신고,승용,남,57세,상해없음
2017011600100636,2017년 1월 16일 21시,월요일,경상북도 구미시 공단동,경상사고,0,0,2,0,차대차 - 추돌,안전운전불이행,건조,맑음,교차로 - 교차로부근,승용,남,31세,상해없음,승용,남,32세,경상
2017011600100660,2017년 1월 16일 22시,월요일,경상북도 포항시 북구 양덕동,중상사고,0,1,2,0,차대차 - 측면충돌,직진우회전진행방해,건조,맑음,교차로 - 교차로안,승용,여,54세,상해없음,승용,남,54세,경상
2017011700100017,2017년 1월 17일 00시,화요일,경상북도 칠곡군 약목면,사망사고,1,0,0,0,차량단독 - 전도전복,안전운전불이행,건조,맑음,단일로 - 기타,승용,남,40세,사망,미분류,미분류,미분류,미분류
2017011700100032,2017년 1월 17일 02시,화요일,경상북도 경주시 사정동,중상사고,0,1,0,0,차대사람 - 횡단중,신호위반,건조,맑음,교차로 - 교차로부근,화물,남,62세,상해없음,보행자,여,56세,중상
2017011700100075,2017년 1월 17일 06시,화요일,경상북도 경산시 남산면,경상사고,0,0,1,0,차대차 - 기타,교차로운행방법위반,건조,맑음,교차로 - 교차로안,승용,남,60세,기타불명,승용,여,21세,경상
2017011700100097,2017년 1월 17일 07시,화요일,경상북도 영천시 금호읍,중상사고,0,1,1,0,차대차 - 추돌,안전운전불이행,건조,맑음,단일로 - 기타,화물,남,71세,중상,건설기계,남,37세,경상
2017011700100098,2017년 1월 17일 07시,화요일,경상북도 고령군 다산면,중상사고,0,1,2,0,차대차 - 추돌,안전운전불이행,젖음/습기,맑음,단일로 - 고가도로위,승용,남,46세,상해없음,승용,남,39세,경상
2017011700100131,2017년 1월 17일 08시,화요일,경상북도 포항시 북구 용흥동,경상사고,0,0,2,0,차대차 - 추돌,안전거리미확보,건조,맑음,단일로 - 교량,승합,남,35세,상해없음,승용,남,53세,경상
2017011700100132,2017년 1월 17일 08시,화요일,경상북도 포항시 북구 죽도동,경상사고,0,0,2,0,차대차 - 측면충돌,교차로운행방법위반,건조,맑음,교차로 - 교차로안,화물,남,53세,상해없음,승용,여,62세,경상
2017011700100154,2017년 1월 17일 09시,화요일,경상북도 울진군 북면,경상사고,0,0,1,0,차대차 - 측면충돌,안전운전불이행,건조,맑음,단일로 - 기타,승용,남,23세,상해없음,승용,남,58세,경상