사고번호,사고일시,요일,시군구,사고내용,사망자수,중상자수,경상자수,부상신고자수,사고유형,법규위반,노면상태,기상상태,도로형태,가해운전자 차종,가해운전자 성별,가해운전자 연령,가해운전자 상해정도,피해운전자 차종,피해운전자 성별,피해운전자 연령,피해운전자 상해정도
2017011700100199,2017년 1월 17일 11시,화요일,경상북도 김천시 아포읍,경상사고,0,0,3,0,차대차 - 후진중충돌,안전운전불이행,건조,맑음,단일로 - 기타,화물,남,55세,상해없음,화물,남,60세,경상
2017011700100200,2017년 1월 17일 11시,화요일,경상북도 영천시 오수동,경상사고,0,0,2,0,차대차 - 측면충돌,신호위반,건조,맑음,교차로 - 교차로안,승용,남,79세,상해없음,승용,남,76세,경상
2017011700100201,2017년 1월 17일 11시,화요일,경상북도 구미시 공단동,경상사고,0,0,1,0,차대차 - 측면충돌,교차로운행방법위반,건조,맑음,교차로 - 교차로부근,승용,여,46세,상해없음,승용,여,36세,경상
2017011700100228,2017년 1월 17일 12시,화요일,경상북도 포항시 남구 동해면,부상신고사고,0,0,0,1,차대차 - 추돌,안전운전불이행,건조,맑음,교차로 - 교차로부근,승용,남,49세,상해없음,승용,여,56세,부상신고
2017011700100279,2017년 1월 17일 14시,화요일,경상북도 경주시 안강읍,중상사고,0,1,0,0,차대사람 - 기타,안전운전불이행,건조,맑음,단일로 - 기타,승용,여,71세,상해없음,보행자,여,83세,중상
2017011700100280,2017년 1월 17일 14시,화요일,경상북도 안동시 상아동,중상사고,0,2,0,0,차량단독 - 전도전복,안전운전불이행,건조,맑음,단일로 - 기타,화물,남,31세,중상,미분류,미분류,미분류,미분류
2017011700100281,2017년 1월 17일 14시,화요일,경상북도 경산시 삼풍동,경상사고,0,0,1,0,차대차 - 정면충돌,안전운전불이행,건조,맑음,단일로 - 기타,기타불명,기타불명,미분류,기타불명,이륜,남,53세,경상
2017011700100315,2017년 1월 17일 15시,화요일,경상북도 경산시 대동,경상사고,0,0,1,0,차대차 - 측면충돌,안전운전불이행,건조,맑음,주차장 - 주차장,승용,남,37세,상해없음,승용,여,39세,경상
2017011700100316,2017년 1월 17일 15시,화요일,경상북도 경산시 계양동,경상사고,0,0,1,0,차대차 - 추돌,안전거리미확보,건조,맑음,단일로 - 기타,승용,남,28세,상해없음,승용,남,43세,경상
2017011700100343,2017년 1월 17일 16시,화요일,경상북도 포항시 북구 우현동,경상사고,0,0,1,0,차대차 - 측면충돌,기타,건조,맑음,단일로 - 기타,승용,남,73세,상해없음,화물,남,43세,상해없음
2017011700100344,2017년 1월 17일 16시,화요일,경상북도 포항시 북구 죽도동,경상사고,0,0,1,0,차대차 - 측면충돌,직진우회전진행방해,건조,맑음,교차로 - 교차로안,승용,여,55세,상해없음,승용,여,58세,경상
2017011700100376,2017년 1월 17일 17시,화요일,경상북도 경주시 황성동,경상사고,0,0,1,0,차대사람 - 횡단중,기타,건조,맑음,교차로 - 교차로안,이륜,남,21세,상해없음,보행자,남,45세,경상
2017011700100377,2017년 1월 17일 17시,화요일,경상북도 포항시 북구 흥해읍,경상사고,0,0,1,0,차대차 - 추돌,안전거리미확보,건조,맑음,교차로 - 교차로부근,승용,남,45세,상해없음,승용,여,52세,상해없음
2017011700100411,2017년 1월 17일 18시,화요일,경상북도 경주시 율동,사망사고,1,1,1,0,차대차 - 측면충돌,안전운전불이행,건조,맑음,단일로 - 기타,승용,남,63세,사망,승합,남,42세,상해없음
2017011700100412,2017년 1월 17일 18시,화요일,경상북도 영주시 가흥동,경상사고,0,0,5,0,차대차 - 추돌,안전운전불이행,건조,맑음,단일로 - 기타,승용,남,55세,상해없음,승용,여,57세,경상
2017011700100413,2017년 1월 17일 18시,화요일,경상북도 영주시 가흥동,중상사고,0,2,3,0,차대차 - 추돌,안전운전불이행,건조,맑음,단일로 - 기타,승용,남,37세,경상,승용,남,30세,경상
2017011700100414,2017년 1월 17일 18시,화요일,경상북도 칠곡군 왜관읍,중상사고,0,1,0,0,차대차 - 추돌,안전운전불이행,건조,맑음,단일로 - 기타,승용,남,59세,상해없음,승용,여,53세,중상
2017011700100415,2017년 1월 17일 18시,화요일,경상북도 경산시 사동,경상사고,0,0,1,0,차대사람 - 기타,안전운전불이행,건조,맑음,교차로 - 교차로안,승용,남,53세,상해없음,보행자,여,49세,경상
2017011700100416,2017년 1월 17일 18시,화요일,경상북도 구미시 형곡동,중상사고,0,1,0,0,차대차 - 기타,신호위반,건조,맑음,교차로 - 교차로안,원동기,남,17세,상해없음,승용,남,62세,중상
2017011700100467,2017년 1월 17일 19시,화요일,경상북도 경주시 성건동,경상사고,0,0,1,0,차대사람 - 횡단중,안전운전불이행,건조,맑음,단일로 - 기타,승용,남,68세,상해없음,보행자,남,39세,경상
2017011700100468,2017년 1월 17일 19시,화요일,경상북도 김천시 황금동,경상사고,0,0,2,0,차대차 - 추돌,안전운전불이행,건조,맑음,교차로 - 교차로부근,화물,남,42세,상해없음,승용,여,46세,경상
2017011700100469,2017년 1월 17일 19시,화요일,경상북도 경산시 계양동,중상사고,0,3,0,0,차대차 - 기타,안전거리미확보,건조,맑음,단일로 - 기타,승용,여,20세,상해없음,승용,여,29세,중상
2017011700100470,2017년 1월 17일 19시,화요일,경상북도 봉화군 재산면,경상사고,0,0,1,0,차대차 - 정면충돌,안전운전불이행,건조,맑음,단일로 - 기타,화물,남,51세,경상,화물,남,67세,기타불명
2017011700100471,2017년 1월 17일 19시,화요일,경상북도 청도군 청도읍,경상사고,0,0,1,0,차량단독 - 공작물충돌,안전운전불이행,건조,맑음,단일로 - 기타,승용,남,59세,경상,,,,
2017011700100502,2017년 1월 17일 20시,화요일,경상북도 영천시 야사동,중상사고,0,1,3,4,차대차 - 측면충돌,직진우회전진행방해,건조,맑음,교차로 - 교차로부근,승용,여,48세,상해없음,화물,남,22세,중상
2017011700100503,2017년 1월 17일 20시,화요일,경상북도 경산시 중방동,경상사고,0,0,1,0,차대차 - 정면충돌,안전운전불이행,건조,맑음,단일로 - 기타,승용,남,46세,상해없음,승용,남,43세,경상
2017011700100504,2017년 1월 17일 20시,화요일,경상북도 경산시 진량읍,경상사고,0,0,2,0,차대차 - 추돌,안전운전불이행,건조,맑음,교차로 - 교차로부근,승용,여,40세,경상,화물,남,63세,경상
2017011700100532,2017년 1월 17일 21시,화요일,경상북도 포항시 북구 우현동,경상사고,0,0,1,0,차대차 - 측면충돌,안전운전불이행,건조,맑음,단일로 - 기타,승용,남,21세,상해없음,이륜,남,27세,경상
2017011700100533,2017년 1월 17일 21시,화요일,경상북도 고령군 우곡면,중상사고,0,1,0,0,차량단독 - 공작물충돌,안전운전불이행,건조,맑음,단일로 - 기타,화물,남,59세,중상,,,,
2017011700100534,2017년 1월 17일 21시,화요일,경상북도 포항시 남구 오천읍,경상사고,0,0,2,0,차대차 - 기타,안전운전불이행,건조,맑음,교차로 - 교차로안,원동기,남,17세,경상,승용,남,28세,상해없음
2017011700100584,2017년 1월 17일 23시,화요일,경상북도 구미시 비산동,경상사고,0,0,2,0,차대차 - 후진중충돌,중앙선침범,건조,맑음,단일로 - 기타,승용,남,30세,상해없음,승용,남,41세,경상
2017011800100023,2017년 1월 18일 00시,수요일,경상북도 안동시 송현동,경상사고,0,0,1,0,차대차 - 측면충돌,안전거리미확보,건조,맑음,단일로 - 기타,원동기,남,16세,상해없음,원동기,남,50세,경상
2017011800100038,2017년 1월 18일 01시,수요일,경상북도 포항시 북구 양덕동,중상사고,0,1,0,1,차대차 - 측면충돌,신호위반,건조,맑음,교차로 - 교차로안,승용,남,24세,부상신고,승용,남,56세,상해없음
2017011800100084,2017년 1월 18일 06시,수요일,경상북도 포항시 남구 괴동동,중상사고,0,1,1,0,차대차 - 기타,안전운전불이행,건조,맑음,교차로 - 교차로안,승용,남,56세,경상,승용,여,54세,중상
2017011800100132,2017년 1월 18일 08시,수요일,경상북도 청송군 진보면,중상사고,0,1,0,0,차대차 - 측면충돌,교차로운행방법위반,건조,맑음,교차로 - 교차로안,승용,남,61세,상해없음,원동기,남,83세,중상
2017011800100169,2017년 1월 18일 09시,수요일,경상북도 김천시 덕곡동,중상사고,0,1,0,0,차대차 - 측면충돌,신호위반,건조,맑음,교차로 - 교차로안,건설기계,남,68세,상해없음,승용,여,56세,중상
2017011800100184,2017년 1월 18일 10시,수요일,경상북도 경주시 외동읍,경상사고,0,0,2,0,차대차 - 추돌,안전운전불이행,건조,맑음,교차로 - 교차로안,화물,남,45세,경상,화물,남,53세,경상
2017011800100185,2017년 1월 18일 10시,수요일,경상북도 김천시 교동,경상사고,0,0,1,0,차대사람 - 횡단중,안전운전불이행,건조,맑음,주차장 - 주차장,승합,여,43세,상해없음,보행자,남,2세,경상
2017011800100186,2017년 1월 18일 10시,수요일,경상북도 영천시 대창면,경상사고,0,0,1,0,차대사람 - 길가장자리구역통행중,안전운전불이행,건조,맑음,단일로 - 기타,화물,여,69세,상해없음,보행자,여,47세,경상
2017011800100187,2017년 1월 18일 10시,수요일,경상북도 성주군 선남면,중상사고,0,1,1,0,차대차 - 추돌,안전거리미확보,건조,맑음,기타 - 기타,화물,남,42세,중상,화물,남,36세,경상
2017011800100216,2017년 1월 18일 11시,수요일,경상북도 상주시 청리면,경상사고,0,0,3,0,차대차 - 측면충돌,교차로운행방법위반,건조,맑음,교차로 - 교차로안,승합,남,45세,경상,화물,여,50세,경상
2017011800100217,2017년 1월 18일 11시,수요일,경상북도 성주군 초전면,사망사고,1,0,0,0,차대차 - 측면충돌,안전운전불이행,건조,맑음,미분류 - 미분류,이륜,남,69세,사망,화물,남,75세,상해없음
2017011800100252,2017년 1월 18일 12시,수요일,경상북도 김천시 봉산면,중상사고,0,1,0,0,차량단독 - 전도전복,안전운전불이행,건조,맑음,단일로 - 기타,화물,남,69세,중상,미분류,미분류,미분류,미분류
2017011800100253,2017년 1월 18일 12시,수요일,경상북도 포항시 남구 대송면,경상사고,0,0,1,0,차대차 - 측면충돌,안전운전불이행,건조,맑음,교차로 - 교차로안,승용,남,32세,경상,화물,남,39세,상해없음
2017011800100283,2017년 1월 18일 13시,수요일,경상북도 포항시 북구 장성동,경상사고,0,0,1,0,차대사람 - 차도통행중,안전운전불이행,건조,맑음,단일로 - 기타,승용,남,68세,기타불명,보행자,여,52세,경상
2017011800100284,2017년 1월 18일 13시,수요일,경상북도 김천시 개령면,경상사고,0,0,2,0,차대차 - 측면충돌,교차로운행방법위반,건조,맑음,단일로 - 기타,화물,여,59세,경상,승용,남,52세,경상
2017011800100285,2017년 1월 18일 13시,수요일,경상북도 문경시 산양면,중상사고,0,1,0,0,차대차 - 측면충돌,안전운전불이행,건조,맑음,단일로 - 기타,원동기,남,80세,중상,승용,여,49세,상해없음
2017011800100352,2017년 1월 18일 16시,수요일,경상북도 안동시 옥동,경상사고,0,0,1,0,차대차 - 정면충돌,기타,건조,맑음,교차로 - 교차로안,원동기,남,58세,경상,승용,여,31세,상해없음
2017011800100353,2017년 1월 18일 16시,수요일,경상북도 예천군 용문면,중상사고,0,2,0,0,차대차 - 측면충돌,불법유턴,건조,맑음,단일로 - 기타,화물,남,69세,중상,화물,남,27세,중상
2017011800100354,2017년 1월 18일 16시,수요일,경상북도 포항시 남구 대잠동,경상사고,0,0,1,0,차대차 - 기타,직진우회전진행방해,건조,맑음,교차로 - 교차로안,승용,여,53세,상해없음,승용,여,26세,경상
2017011800100383,2017년 1월 18일 17시,수요일,경상북도 상주시 남성동,중상사고,0,1,0,0,차대차 - 추돌,안전거리미확보,건조,흐림,단일로 - 기타,승용,남,55세,상해없음,화물,남,36세,중상
2017011800100384,2017년 1월 18일 17시,수요일,경상북도 영주시 휴천동,경상사고,0,0,1,0,차대차 - 측면충돌,교차로운행방법위반,건조,맑음,교차로 - 교차로안,승용,남,30세,기타불명,화물,남,66세,경상
2017011800100385,2017년 1월 18일 17시,수요일,경상북도 포항시 남구 오천읍,경상사고,0,0,1,0,차대차 - 기타,직진우회전진행방해,건조,맑음,교차로 - 교차로안,승용,남,23세,상해없음,승용,여,38세,경상
2017011800100437,2017년 1월 18일 18시,수요일,경상북도 김천시 농소면,경상사고,0,0,3,0,차대차 - 측면충돌,안전운전불이행,건조,맑음,단일로 - 기타,화물,남,70세,상해없음,승용,여,27세,경상
2017011800100438,2017년 1월 18일 18시,수요일,경상북도 울진군 죽변면,경상사고,0,0,1,0,차대사람 - 횡단중,안전운전불이행,건조,맑음,단일로 - 기타,승용,여,46세,상해없음,보행자,여,56세,경상
2017011800100439,2017년 1월 18일 18시,수요일,경상북도 구미시 선산읍,중상사고,0,1,0,0,차대사람 - 길가장자리구역통행중,안전운전불이행,건조,흐림,교차로 - 교차로부근,승용,남,71세,상해없음,보행자,여,74세,중상
2017011800100481,2017년 1월 18일 19시,수요일,경상북도 포항시 남구 해도동,경상사고,0,0,1,0,차대차 - 측면충돌,중앙선침범,건조,맑음,단일로 - 기타,자전거,남,65세,상해없음,승용,남,66세,경상
2017011800100546,2017년 1월 18일 21시,수요일,경상북도 구미시 형곡동,경상사고,0,0,1,0,차대차 - 후진중충돌,안전운전불이행,건조,맑음,단일로 - 기타,승용,남,28세,상해없음,이륜,남,17세,경상
2017011800100588,2017년 1월 18일 22시,수요일,경상북도 구미시 선산읍,중상사고,0,1,1,0,차대차 - 정면충돌,중앙선침범,건조,맑음,단일로 - 기타,승용,여,52세,중상,승용,남,64세,경상
2017011800100589,2017년 1월 18일 22시,수요일,경상북도 포항시 남구 대잠동,경상사고,0,0,2,0,차대차 - 측면충돌,신호위반,건조,맑음,교차로 - 교차로안,승용,남,54세,상해없음,승용,여,57세,경상
2017011800100610,2017년 1월 18일 23시,수요일,경상북도 칠곡군 석적읍,경상사고,0,0,1,0,차대차 - 측면충돌,안전운전불이행,건조,맑음,교차로 - 교차로안,승용,남,54세,상해없음,이륜,남,36세,경상
2017011900100036,2017년 1월 19일 01시,목요일,경상북도 경산시 중방동,경상사고,0,0,4,0,차대차 - 정면충돌,안전운전불이행,건조,맑음,교차로 - 교차로부근,화물,남,32세,상해없음,화물,남,24세,경상
2017011900100060,2017년 1월 19일 04시,목요일,경상북도 상주시 헌신동,사망사고,2,0,0,0,차량단독 - 공작물충돌,안전운전불이행,건조,맑음,단일로 - 기타,승용,여,47세,사망,,,,
2017011900100111,2017년 1월 19일 07시,목요일,경상북도 상주시 가장동,경상사고,0,0,1,0,차대차 - 추돌,안전운전불이행,건조,맑음,단일로 - 기타,화물,남,70세,상해없음,화물,여,52세,경상
2017011900100112,2017년 1월 19일 07시,목요일,경상북도 문경시 호계면,중상사고,0,1,0,0,차대차 - 측면충돌,안전운전불이행,적설,흐림,단일로 - 기타,화물,남,58세,상해없음,화물,남,49세,중상
2017011900100113,2017년 1월 19일 07시,목요일,경상북도 경산시 사동,중상사고,0,1,0,0,차대사람 - 횡단중,보행자보호의무위반,건조,맑음,교차로 - 교차로횡단보도내,승용,여,22세,상해없음,보행자,남,75세,중상
2017011900100142,2017년 1월 19일 08시,목요일,경상북도 포항시 북구 우현동,경상사고,0,0,1,0,차대사람 - 횡단중,신호위반,건조,맑음,교차로 - 교차로횡단보도내,승용,여,45세,상해없음,보행자,여,25세,경상
2017011900100143,2017년 1월 19일 08시,목요일,경상북도 영양군 영양읍,중상사고,0,2,3,0,차대차 - 측면충돌,교차로운행방법위반,건조,맑음,교차로 - 교차로안,승용,남,20세,기타불명,승용,여,40세,경상
2017011900100214,2017년 1월 19일 11시,목요일,경상북도 구미시 공단동,경상사고,0,0,1,0,차대차 - 기타,신호위반,건조,맑음,교차로 - 교차로안,승용,남,53세,상해없음,이륜,남,36세,경상
2017011900100234,2017년 1월 19일 12시,목요일,경상북도 영천시 문외동,경상사고,0,0,1,0,차대차 - 측면충돌,안전운전불이행,건조,맑음,교차로 - 교차로안,승용,남,26세,상해없음,자전거,여,67세,경상
2017011900100235,2017년 1월 19일 12시,목요일,경상북도 포항시 남구 대도동,경상사고,0,0,1,0,차대차 - 측면충돌,안전운전불이행,건조,맑음,단일로 - 기타,승합,남,70세,상해없음,승용,남,41세,경상
2017011900100264,2017년 1월 19일 13시,목요일,경상북도 의성군 안계면,중상사고,0,1,0,0,차대차 - 측면충돌,안전운전불이행,건조,맑음,단일로 - 기타,이륜,여,72세,중상,승용,남,53세,상해없음
2017011900100265,2017년 1월 19일 13시,목요일,경상북도 성주군 용암면,경상사고,0,0,1,0,차대차 - 추돌,안전운전불이행,건조,맑음,기타 - 기타,화물,남,58세,상해없음,이륜,남,79세,경상
2017011900100289,2017년 1월 19일 14시,목요일,경상북도 안동시 옥야동,경상사고,0,0,2,0,차대차 - 측면충돌,안전운전불이행,건조,맑음,교차로 - 교차로부근,화물,남,40세,상해없음,승용,남,71세,경상
2017011900100290,2017년 1월 19일 14시,목요일,경상북도 영주시 하망동,중상사고,0,2,1,0,차대차 - 측면충돌,안전운전불이행,건조,맑음,단일로 - 기타,건설기계,남,57세,상해없음,승용,남,76세,경상
2017011900100327,2017년 1월 19일 15시,목요일,경상북도 경주시 성건동,경상사고,0,0,1,0,차량단독 - 전도전복,안전운전불이행,건조,맑음,단일로 - 기타,이륜,남,53세,경상,미분류,미분류,미분류,미분류
2017011900100363,2017년 1월 19일 16시,목요일,경상북도 포항시 남구 장기면,경상사고,0,0,2,0,차대차 - 추돌,안전거리미확보,건조,맑음,교차로 - 교차로안,승용,남,73세,상해없음,승용,여,55세,경상
2017011900100381,2017년 1월 19일 17시,목요일,경상북도 의성군 의성읍,경상사고,0,0,1,0,차대차 - 측면충돌,안전운전불이행,건조,맑음,단일로 - 기타,승합,남,53세,상해없음,승용,여,31세,경상
2017011900100382,2017년 1월 19일 17시,목요일,경상북도 칠곡군 북삼읍,중상사고,0,1,0,1,차대차 - 측면충돌,안전운전불이행,건조,맑음,교차로 - 교차로안,승용,남,61세,부상신고,승용,여,50세,중상
2017011900100383,2017년 1월 19일 17시,목요일,경상북도 포항시 남구 오천읍,중상사고,0,1,0,0,차대사람 - 횡단중,안전운전불이행,건조,맑음,교차로 - 교차로안,승용,남,54세,상해없음,보행자,여,77세,중상
2017011900100427,2017년 1월 19일 18시,목요일,경상북도 경주시 성건동,경상사고,0,0,1,0,차대차 - 측면충돌,안전운전불이행,건조,맑음,교차로 - 교차로안,승용,남,67세,상해없음,승용,남,68세,경상
2017011900100428,2017년 1월 19일 18시,목요일,경상북도 안동시 당북동,경상사고,0,0,1,0,차대사람 - 횡단중,안전운전불이행,건조,맑음,교차로 - 교차로안,승용,남,40세,상해없음,보행자,여,69세,경상
2017011900100429,2017년 1월 19일 18시,목요일,경상북도 경산시 대평동,경상사고,0,0,1,0,차대차 - 추돌,안전운전불이행,건조,맑음,단일로 - 기타,승용,남,37세,상해없음,승용,남,25세,경상
2017011900100430,2017년 1월 19일 18시,목요일,경상북도 영덕군 남정면,경상사고,0,0,2,0,차대차 - 추돌,안전거리미확보,건조,맑음,교차로 - 교차로안,화물,남,74세,상해없음,승용,여,52세,경상
2017011900100431,2017년 1월 19일 18시,목요일,경상북도 청도군 매전면,경상사고,0,0,1,0,차대차 - 측면충돌,안전운전불이행,건조,맑음,단일로 - 기타,승용,여,36세,상해없음,화물,여,50세,경상
2017011900100466,2017년 1월 19일 19시,목요일,경상북도 구미시 오태동,중상사고,0,1,0,0,차대사람 - 차도통행중,안전운전불이행,건조,맑음,교차로 - 교차로부근,화물,남,31세,기타불명,보행자,여,49세,중상
2017011900100491,2017년 1월 19일 20시,목요일,경상북도 김천시 율곡동,중상사고,0,1,2,0,차대차 - 측면충돌,교차로운행방법위반,건조,맑음,교차로 - 교차로안,승용,남,22세,상해없음,승용,여,44세,중상
2017011900100492,2017년 1월 19일 20시,목요일,경상북도 울진군 후포면,경상사고,0,0,1,0,차대사람 - 횡단중,안전운전불이행,건조,맑음,주차장 - 주차장,승용,여,33세,상해없음,보행자,남,28세,경상
2017011900100513,2017년 1월 19일 21시,목요일,경상북도 포항시 북구 청하면,경상사고,0,0,1,0,차대차 - 측면충돌,차로위반,건조,맑음,단일로 - 기타,승용,남,66세,경상,승합,남,69세,상해없음
2017011900100514,2017년 1월 19일 21시,목요일,경상북도 포항시 남구 대잠동,경상사고,0,0,2,0,차대차 - 측면충돌,직진우회전진행방해,건조,맑음,교차로 - 교차로안,승용,여,47세,경상,화물,남,55세,경상
2017011900100538,2017년 1월 19일 22시,목요일,경상북도 포항시 북구 장성동,중상사고,0,1,0,0,차대사람 - 횡단중,보행자보호의무위반,건조,맑음,단일로 - 기타,승용,여,49세,상해없음,보행자,여,33세,중상
2017012000100024,2017년 1월 20일 00시,금요일,경상북도 구미시 형곡동,경상사고,0,0,2,0,차대차 - 측면충돌,신호위반,건조,맑음,교차로 - 교차로안,화물,남,59세,상해없음,승용,여,63세,경상
2017012000100045,2017년 1월 20일 02시,금요일,경상북도 구미시 지산동,사망사고,1,0,0,0,차량단독 - 전도전복,안전운전불이행,건조,맑음,단일로 - 기타,승용,남,36세,사망,미분류,미분류,미분류,미분류
2017012000100076,2017년 1월 20일 04시,금요일,경상북도 구미시 인의동,경상사고,0,0,3,0,차대차 - 측면충돌,안전운전불이행,건조,맑음,교차로 - 교차로부근,승용,남,24세,상해없음,승용,남,46세,경상
2017012000100131,2017년 1월 20일 07시,금요일,경상북도 경주시 건천읍,중상사고,0,1,0,0,차대차 - 추돌,안전운전불이행,건조,맑음,단일로 - 기타,승용,남,65세,중상,화물,남,56세,상해없음
2017012000100132,2017년 1월 20일 07시,금요일,경상북도 안동시 정하동,경상사고,0,0,1,0,차대사람 - 기타,안전운전불이행,적설,흐림,단일로 - 기타,화물,남,38세,상해없음,보행자,남,69세,경상
2017012000100133,2017년 1월 20일 07시,금요일,경상북도 안동시 임하면,경상사고,0,0,1,0,차대사람 - 차도통행중,안전운전불이행,적설,눈,단일로 - 기타,승용,남,61세,상해없음,보행자,여,71세,경상
2017012000100174,2017년 1월 20일 08시,금요일,경상북도 상주시 외서면,경상사고,0,0,1,0,차대차 - 측면충돌,안전운전불이행,서리/결빙,눈,단일로 - 기타,화물,남,63세,상해없음,승용,남,61세,경상
2017012000100175,2017년 1월 20일 08시,금요일,경상북도 칠곡군 약목면,경상사고,0,0,1,1,차대차 - 측면충돌,안전운전불이행,적설,눈,교차로 - 교차로안,승용,여,50세,부상신고,승용,여,49세,경상
2017012000100176,2017년 1월 20일 08시,금요일,경상북도 봉화군 봉화읍,경상사고,0,0,2,0,차대차 - 정면충돌,안전운전불이행,적설,눈,교차로 - 교차로부근,승용,남,55세,경상,승용,남,53세,경상
2017012000100177,2017년 1월 20일 08시,금요일,경상북도 포항시 남구 호동,부상신고사고,0,0,0,1,차대차 - 측면충돌,안전운전불이행,건조,맑음,단일로 - 기타,화물,남,50세,상해없음,승용,남,72세,부상신고
2017012000100211,2017년 1월 20일 09시,금요일,경상북도 영천시 화룡동,사망사고,1,1,1,0,차대차 - 정면충돌,중앙선침범,적설,눈,단일로 - 기타,화물,남,73세,사망,승용,남,48세,경상
2017012000100212,2017년 1월 20일 09시,금요일,경상북도 구미시 선산읍,경상사고,0,0,1,0,차대차 - 기타,안전운전불이행,적설,눈,단일로 - 기타,특수,남,29세,상해없음,승용,남,72세,경상
2017012000100213,2017년 1월 20일 09시,금요일,경상북도 구미시 옥성면,중상사고,0,1,0,0,차대차 - 추돌,안전운전불이행,서리/결빙,눈,단일로 - 기타,승용,남,59세,중상,화물,남,54세,상해없음
2017012000100238,2017년 1월 20일 10시,금요일,경상북도 칠곡군 동명면,경상사고,0,0,2,0,차대차 - 추돌,안전거리미확보,젖음/습기,흐림,단일로 - 기타,건설기계,남,57세,상해없음,승용,남,55세,경상
2017012000100239,2017년 1월 20일 10시,금요일,경상북도 영천시 화산면,경상사고,0,0,2,0,차대차 - 추돌,안전운전불이행,서리/결빙,눈,단일로 - 기타,승용,남,54세,경상,승용,남,63세,경상
2017012000100264,2017년 1월 20일 11시,금요일,경상북도 경주시 성건동,경상사고,0,0,1,0,차대차 - 추돌,안전운전불이행,젖음/습기,눈,단일로 - 기타,승합,남,52세,상해없음,이륜,남,53세,경상
2017012000100265,2017년 1월 20일 11시,금요일,경상북도 포항시 북구 죽도동,중상사고,0,1,1,0,차대차 - 추돌,안전거리미확보,건조,맑음,단일로 - 기타,승용,남,35세,상해없음,승용,남,39세,중상
2017012000100266,2017년 1월 20일 11시,금요일,경상북도 칠곡군 동명면,부상신고사고,0,0,0,1,차대사람 - 횡단중,안전운전불이행,젖음/습기,맑음,단일로 - 기타,승용,남,62세,상해없음,보행자,여,50세,부상신고
2017012000100267,2017년 1월 20일 11시,금요일,경상북도 영천시 교촌동,경상사고,0,0,1,0,차대사람 - 차도통행중,안전운전불이행,서리/결빙,눈,단일로 - 기타,승용,여,34세,상해없음,보행자,여,65세,경상
2017012000100286,2017년 1월 20일 12시,금요일,경상북도 예천군 예천읍,중상사고,0,1,0,0,차대사람 - 기타,안전운전불이행,건조,맑음,교차로 - 교차로부근,승용,여,61세,상해없음,보행자,여,54세,중상
2017012000100304,2017년 1월 20일 13시,금요일,경상북도 포항시 북구 동빈1가,경상사고,0,0,1,0,차대차 - 추돌,안전거리미확보,건조,맑음,단일로 - 기타,승용,남,37세,상해없음,승용,여,37세,경상
2017012000100305,2017년 1월 20일 13시,금요일,경상북도 영덕군 영해면,중상사고,0,1,0,0,차대차 - 측면충돌,중앙선침범,건조,맑음,단일로 - 기타,이륜,남,79세,중상,승용,여,55세,상해없음
2017012000100327,2017년 1월 20일 14시,금요일,경상북도 김천시 감문면,중상사고,0,1,1,0,차대차 - 추돌,안전운전불이행,건조,맑음,단일로 - 기타,화물,남,45세,상해없음,승용,남,57세,경상
2017012000100328,2017년 1월 20일 14시,금요일,경상북도 영덕군 병곡면,경상사고,0,0,2,0,차대차 - 정면충돌,교차로운행방법위반,건조,맑음,교차로 - 교차로안,승용,여,47세,상해없음,승용,남,39세,경상
2017012000100360,2017년 1월 20일 15시,금요일,경상북도 경주시 황오동,중상사고,0,1,0,0,차대사람 - 길가장자리구역통행중,안전운전불이행,건조,맑음,단일로 - 기타,승용,여,24세,상해없음,보행자,남,82세,중상
2017012000100361,2017년 1월 20일 15시,금요일,경상북도 경주시 현곡면,경상사고,0,0,1,0,차대차 - 측면충돌,안전운전불이행,건조,맑음,교차로 - 교차로부근,승용,남,69세,상해없음,승용,여,39세,상해없음
2017012000100381,2017년 1월 20일 16시,금요일,경상북도 칠곡군 약목면,부상신고사고,0,0,0,1,차대차 - 추돌,안전운전불이행,건조,맑음,단일로 - 기타,승용,남,58세,부상신고,승용,남,43세,상해없음
2017012000100382,2017년 1월 20일 16시,금요일,경상북도 예천군 호명면,중상사고,0,1,0,0,차대차 - 측면충돌,안전운전불이행,건조,맑음,교차로 - 교차로안,승용,남,62세,상해없음,이륜,남,34세,중상
2017012000100410,2017년 1월 20일 17시,금요일,경상북도 포항시 북구 두호동,중상사고,0,1,0,0,차대사람 - 횡단중,보행자보호의무위반,건조,맑음,단일로 - 기타,승용,여,47세,상해없음,보행자,여,54세,중상
2017012000100445,2017년 1월 20일 18시,금요일,경상북도 경주시 용강동,경상사고,0,0,1,0,차대차 - 측면충돌,안전운전불이행,건조,맑음,단일로 - 기타,화물,남,58세,상해없음,화물,남,56세,상해없음
2017012000100446,2017년 1월 20일 18시,금요일,경상북도 청송군 청송읍,중상사고,0,1,0,0,차대사람 - 길가장자리구역통행중,교차로운행방법위반,건조,맑음,교차로 - 교차로부근,승용,여,52세,상해없음,보행자,여,61세,중상
2017012000100476,2017년 1월 20일 19시,금요일,경상북도 포항시 북구 용흥동,중상사고,0,1,0,0,차대사람 - 횡단중,안전운전불이행,건조,맑음,단일로 - 기타,승용,여,35세,상해없음,보행자,남,70세,중상