사고번호,사고일시,요일,시군구,사고내용,사망자수,중상자수,경상자수,부상신고자수,사고유형,법규위반,노면상태,기상상태,도로형태,가해운전자 차종,가해운전자 성별,가해운전자 연령,가해운전자 상해정도,피해운전자 차종,피해운전자 성별,피해운전자 연령,피해운전자 상해정도
2017012000100477,2017년 1월 20일 19시,금요일,경상북도 포항시 북구 여천동,경상사고,0,0,1,0,차대차 - 정면충돌,신호위반,건조,맑음,교차로 - 교차로안,승용,남,23세,상해없음,승용,남,31세,경상
2017012000100478,2017년 1월 20일 19시,금요일,경상북도 영천시 완산동,경상사고,0,0,1,0,차대차 - 측면충돌,신호위반,건조,맑음,교차로 - 교차로안,승용,남,28세,상해없음,승용,남,46세,경상
2017012000100479,2017년 1월 20일 19시,금요일,경상북도 영천시 야사동,부상신고사고,0,0,0,1,차대차 - 추돌,안전운전불이행,건조,맑음,단일로 - 기타,승용,남,40세,상해없음,승용,여,27세,부상신고
2017012000100497,2017년 1월 20일 20시,금요일,경상북도 경주시 황남동,경상사고,0,0,1,0,차대차 - 측면충돌,안전거리미확보,건조,맑음,단일로 - 기타,승용,남,41세,상해없음,승용,남,39세,경상
2017012000100498,2017년 1월 20일 20시,금요일,경상북도 경산시 진량읍,중상사고,0,1,0,0,차대사람 - 횡단중,신호위반,건조,맑음,교차로 - 교차로안,승용,남,51세,상해없음,보행자,여,20세,중상
2017012000100518,2017년 1월 20일 21시,금요일,경상북도 경주시 성건동,중상사고,0,1,0,0,차대사람 - 횡단중,안전운전불이행,건조,맑음,교차로 - 교차로안,승용,여,27세,상해없음,보행자,남,49세,중상
2017012000100546,2017년 1월 20일 22시,금요일,경상북도 영천시 성내동,경상사고,0,0,1,0,차대차 - 측면충돌,교차로운행방법위반,건조,맑음,교차로 - 교차로안,승용,여,48세,상해없음,원동기,남,39세,경상
2017012000100565,2017년 1월 20일 23시,금요일,경상북도 구미시 황상동,경상사고,0,0,1,0,차대차 - 추돌,안전운전불이행,건조,맑음,교차로 - 교차로안,승용,남,23세,상해없음,승용,남,37세,경상
2017012100100050,2017년 1월 21일 01시,토요일,경상북도 구미시 형곡동,중상사고,0,1,0,0,차대차 - 기타,중앙선침범,건조,맑음,교차로 - 교차로부근,승용,여,59세,상해없음,승용,여,41세,중상
2017012100100121,2017년 1월 21일 06시,토요일,경상북도 경산시 조영동,경상사고,0,0,1,0,차대차 - 측면충돌,안전운전불이행,건조,맑음,교차로 - 교차로부근,승용,여,64세,상해없음,승용,여,52세,경상
2017012100100132,2017년 1월 21일 07시,토요일,경상북도 구미시 상모동,경상사고,0,0,1,0,차대차 - 기타,안전운전불이행,건조,맑음,교차로 - 교차로부근,화물,남,37세,상해없음,승용,여,42세,경상
2017012100100133,2017년 1월 21일 07시,토요일,경상북도 포항시 남구 동촌동,사망사고,1,0,0,0,차대차 - 기타,신호위반,건조,맑음,교차로 - 교차로안,승용,남,40세,상해없음,자전거,남,51세,사망
2017012100100164,2017년 1월 21일 09시,토요일,경상북도 김천시 성내동,중상사고,0,1,0,0,차대사람 - 차도통행중,안전운전불이행,건조,맑음,교차로 - 교차로부근,승용,남,39세,상해없음,보행자,여,74세,중상
2017012100100214,2017년 1월 21일 11시,토요일,경상북도 포항시 북구 학잠동,경상사고,0,0,1,0,차대차 - 기타,안전운전불이행,건조,맑음,교차로 - 교차로부근,승용,남,71세,상해없음,승합,여,55세,경상
2017012100100215,2017년 1월 21일 11시,토요일,경상북도 포항시 북구 중앙동,중상사고,0,1,0,0,차대사람 - 기타,보행자보호의무위반,건조,맑음,교차로 - 교차로횡단보도내,승용,남,62세,상해없음,보행자,여,81세,중상
2017012100100241,2017년 1월 21일 12시,토요일,경상북도 포항시 북구 송라면,경상사고,0,0,3,0,차대차 - 기타,안전거리미확보,건조,맑음,단일로 - 기타,승용,남,55세,경상,승용,남,37세,상해없음
2017012100100242,2017년 1월 21일 12시,토요일,경상북도 김천시 성내동,경상사고,0,0,2,0,차대차 - 측면충돌,교차로운행방법위반,건조,맑음,교차로 - 교차로안,승용,여,45세,경상,이륜,남,22세,경상
2017012100100259,2017년 1월 21일 13시,토요일,경상북도 포항시 북구 죽도동,경상사고,0,0,1,0,차대차 - 기타,안전운전불이행,건조,맑음,단일로 - 기타,승용,여,42세,상해없음,승용,남,59세,경상
2017012100100332,2017년 1월 21일 16시,토요일,경상북도 포항시 북구 죽도동,경상사고,0,0,1,0,차대사람 - 기타,안전운전불이행,건조,맑음,단일로 - 기타,승용,남,56세,상해없음,보행자,남,25세,경상
2017012100100333,2017년 1월 21일 16시,토요일,경상북도 칠곡군 약목면,경상사고,0,0,1,0,차대차 - 기타,안전운전불이행,건조,맑음,단일로 - 기타,승용,남,37세,상해없음,화물,남,57세,경상
2017012100100354,2017년 1월 21일 17시,토요일,경상북도 칠곡군 석적읍,경상사고,0,0,1,0,차대차 - 기타,안전운전불이행,건조,맑음,교차로 - 교차로안,원동기,남,18세,상해없음,자전거,남,11세,경상
2017012100100355,2017년 1월 21일 17시,토요일,경상북도 경산시 서상동,경상사고,0,0,1,0,차대차 - 기타,안전운전불이행,건조,맑음,교차로 - 교차로부근,승용,여,62세,상해없음,승용,남,31세,경상
2017012100100356,2017년 1월 21일 17시,토요일,경상북도 포항시 남구 연일읍,중상사고,0,1,0,0,차대차 - 측면충돌,차로위반,건조,흐림,교차로 - 교차로횡단보도내,화물,남,50세,상해없음,이륜,남,62세,중상
2017012100100426,2017년 1월 21일 19시,토요일,경상북도 경산시 중방동,경상사고,0,0,2,0,차대차 - 측면충돌,신호위반,건조,맑음,교차로 - 교차로안,승용,여,65세,상해없음,승용,남,20세,경상
2017012100100492,2017년 1월 21일 22시,토요일,경상북도 안동시 옥동,경상사고,0,0,1,0,차대차 - 기타,안전운전불이행,건조,맑음,교차로 - 교차로부근,승용,남,60세,상해없음,화물,남,46세,상해없음
2017012100100525,2017년 1월 21일 23시,토요일,경상북도 포항시 북구 장성동,중상사고,0,1,0,0,차량단독 - 전도전복,안전운전불이행,건조,맑음,교차로 - 교차로부근,승용,여,46세,상해없음,미분류,미분류,미분류,미분류
2017012200100018,2017년 1월 22일 00시,일요일,경상북도 안동시 법상동,경상사고,0,0,1,0,차대차 - 추돌,안전거리미확보,적설,눈,단일로 - 기타,승용,남,26세,상해없음,이륜,남,33세,경상
2017012200100044,2017년 1월 22일 02시,일요일,경상북도 구미시 봉곡동,경상사고,0,0,2,0,차대차 - 기타,중앙선침범,건조,맑음,교차로 - 교차로부근,승용,남,42세,상해없음,승용,여,32세,경상
2017012200100069,2017년 1월 22일 04시,일요일,경상북도 경주시 강동면,경상사고,0,0,1,0,차량단독 - 전도전복,안전운전불이행,서리/결빙,눈,단일로 - 기타,승용,남,57세,상해없음,미분류,미분류,미분류,미분류
2017012200100070,2017년 1월 22일 04시,일요일,경상북도 구미시 구포동,중상사고,0,1,0,0,차대차 - 기타,안전운전불이행,서리/결빙,눈,단일로 - 기타,승용,남,33세,상해없음,승용,남,67세,중상
2017012200100103,2017년 1월 22일 07시,일요일,경상북도 칠곡군 왜관읍,중상사고,0,5,1,0,차대차 - 기타,안전운전불이행,적설,눈,단일로 - 기타,승합,남,59세,경상,화물,남,48세,기타불명
2017012200100115,2017년 1월 22일 08시,일요일,경상북도 구미시 지산동,부상신고사고,0,0,0,1,차량단독 - 공작물충돌,안전운전불이행,서리/결빙,맑음,단일로 - 교량,승용,여,51세,부상신고,,,,
2017012200100128,2017년 1월 22일 09시,일요일,경상북도 영천시 고경면,경상사고,0,0,5,0,차대차 - 측면충돌,안전운전불이행,서리/결빙,맑음,단일로 - 기타,승용,남,66세,경상,승합,남,39세,경상
2017012200100129,2017년 1월 22일 09시,일요일,경상북도 고령군 덕곡면,경상사고,0,0,1,0,차량단독 - 기타,안전운전불이행,적설,맑음,단일로 - 기타,농기계,남,77세,경상,,,,
2017012200100146,2017년 1월 22일 10시,일요일,경상북도 청도군 화양읍,경상사고,0,0,1,0,차대차 - 측면충돌,직진우회전진행방해,건조,맑음,교차로 - 교차로안,화물,남,55세,상해없음,승용,남,57세,경상
2017012200100159,2017년 1월 22일 11시,일요일,경상북도 김천시 양천동,부상신고사고,0,0,0,1,차대차 - 기타,안전운전불이행,건조,맑음,단일로 - 기타,기타불명,기타불명,미분류,기타불명,승합,남,42세,부상신고
2017012200100182,2017년 1월 22일 12시,일요일,경상북도 경산시 자인면,사망사고,1,0,0,0,차량단독 - 공작물충돌,안전운전불이행,기타,맑음,단일로 - 기타,승용,남,49세,사망,,,,
2017012200100225,2017년 1월 22일 14시,일요일,경상북도 문경시 가은읍,경상사고,0,0,4,1,차대차 - 정면충돌,안전운전불이행,서리/결빙,눈,단일로 - 기타,승용,남,49세,경상,승용,남,65세,경상
2017012200100283,2017년 1월 22일 16시,일요일,경상북도 포항시 남구 구룡포읍,경상사고,0,0,4,0,차대차 - 추돌,안전운전불이행,건조,맑음,단일로 - 기타,승용,남,44세,상해없음,승용,남,48세,경상
2017012200100300,2017년 1월 22일 17시,일요일,경상북도 영천시 화남면,사망사고,1,0,0,0,차량단독 - 전도전복,안전운전불이행,건조,맑음,단일로 - 기타,승용,남,65세,사망,미분류,미분류,미분류,미분류
2017012200100363,2017년 1월 22일 19시,일요일,경상북도 포항시 북구 장성동,경상사고,0,0,3,0,차대차 - 기타,안전운전불이행,건조,맑음,교차로 - 교차로안,승용,남,37세,상해없음,승용,남,55세,경상
2017012200100384,2017년 1월 22일 20시,일요일,경상북도 경주시 외동읍,중상사고,0,1,0,0,차대사람 - 기타,안전운전불이행,건조,맑음,기타 - 기타,승합,남,54세,기타불명,보행자,여,40세,중상
2017012200100385,2017년 1월 22일 20시,일요일,경상북도 포항시 남구 상도동,경상사고,0,0,1,0,차대차 - 추돌,안전운전불이행,건조,맑음,단일로 - 기타,화물,남,41세,상해없음,승합,남,49세,경상
2017012200100410,2017년 1월 22일 21시,일요일,경상북도 경주시 구정동,중상사고,0,1,0,0,차대사람 - 차도통행중,안전운전불이행,건조,맑음,단일로 - 기타,승용,남,33세,상해없음,보행자,여,46세,중상
2017012200100411,2017년 1월 22일 21시,일요일,경상북도 안동시 옥동,경상사고,0,0,1,0,차대차 - 기타,안전운전불이행,건조,맑음,교차로 - 교차로부근,승용,여,40세,상해없음,승용,여,48세,경상
2017012200100412,2017년 1월 22일 21시,일요일,경상북도 경산시 하양읍,중상사고,0,1,0,0,차대차 - 측면충돌,신호위반,건조,맑음,교차로 - 교차로안,승합,남,62세,상해없음,승용,남,34세,중상
2017012200100434,2017년 1월 22일 22시,일요일,경상북도 포항시 남구 오천읍,중상사고,0,1,1,0,차대차 - 측면충돌,안전운전불이행,건조,맑음,단일로 - 기타,이륜,남,17세,중상,이륜,남,22세,경상
2017012300100030,2017년 1월 23일 01시,월요일,경상북도 안동시 태화동,경상사고,0,0,1,0,차대차 - 기타,안전운전불이행,건조,맑음,단일로 - 기타,승용,남,58세,상해없음,이륜,남,39세,경상
2017012300100031,2017년 1월 23일 01시,월요일,경상북도 칠곡군 석적읍,부상신고사고,0,0,0,2,차대차 - 측면충돌,교차로운행방법위반,건조,맑음,교차로 - 교차로안,승용,남,50세,부상신고,화물,남,21세,부상신고
2017012300100095,2017년 1월 23일 07시,월요일,경상북도 영주시 봉현면,경상사고,0,0,1,0,차대차 - 측면충돌,안전운전불이행,건조,맑음,교차로 - 교차로안,승용,남,69세,경상,특수,남,54세,상해없음
2017012300100096,2017년 1월 23일 07시,월요일,경상북도 포항시 남구 대잠동,경상사고,0,0,2,0,차대차 - 추돌,안전운전불이행,건조,맑음,교차로 - 교차로부근,승용,남,28세,상해없음,승용,여,51세,경상
2017012300100122,2017년 1월 23일 08시,월요일,경상북도 포항시 북구 흥해읍,중상사고,0,1,0,0,차대차 - 측면충돌,직진우회전진행방해,건조,맑음,교차로 - 교차로안,승용,남,31세,상해없음,화물,남,36세,중상
2017012300100123,2017년 1월 23일 08시,월요일,경상북도 김천시 신음동,경상사고,0,0,1,0,차대차 - 측면충돌,안전운전불이행,건조,맑음,단일로 - 기타,승용,여,40세,상해없음,자전거,여,52세,경상
2017012300100124,2017년 1월 23일 08시,월요일,경상북도 영주시 영주동,경상사고,0,0,2,0,차대차 - 측면충돌,교차로운행방법위반,건조,맑음,교차로 - 교차로안,승용,남,63세,상해없음,승용,남,49세,경상
2017012300100125,2017년 1월 23일 08시,월요일,경상북도 영주시 영주동,경상사고,0,0,1,0,차대차 - 추돌,신호위반,건조,맑음,교차로 - 교차로안,승용,남,56세,경상,승용,남,25세,상해없음
2017012300100126,2017년 1월 23일 08시,월요일,경상북도 경산시 진량읍,경상사고,0,0,2,0,차대차 - 기타,중앙선침범,건조,맑음,단일로 - 기타,승용,남,29세,경상,승합,여,47세,경상
2017012300100127,2017년 1월 23일 08시,월요일,경상북도 구미시 공단동,중상사고,0,1,0,0,차대차 - 기타,교차로운행방법위반,건조,맑음,교차로 - 교차로안,승용,남,61세,상해없음,승용,여,36세,중상
2017012300100128,2017년 1월 23일 08시,월요일,경상북도 포항시 남구 오천읍,중상사고,0,1,0,0,차대차 - 측면충돌,안전운전불이행,건조,맑음,단일로 - 기타,승용,남,31세,상해없음,이륜,남,39세,중상
2017012300100161,2017년 1월 23일 09시,월요일,경상북도 문경시 흥덕동,경상사고,0,0,2,0,차대차 - 측면충돌,안전운전불이행,건조,맑음,교차로 - 교차로안,승용,남,65세,경상,승용,여,52세,경상
2017012300100162,2017년 1월 23일 09시,월요일,경상북도 구미시 고아읍,중상사고,0,1,0,0,차대사람 - 횡단중,안전운전불이행,건조,맑음,교차로 - 교차로부근,승용,남,53세,상해없음,보행자,남,78세,중상
2017012300100263,2017년 1월 23일 12시,월요일,경상북도 칠곡군 지천면,경상사고,0,0,2,0,차대차 - 정면충돌,중앙선침범,서리/결빙,맑음,단일로 - 기타,화물,여,51세,기타불명,승용,남,60세,경상
2017012300100264,2017년 1월 23일 12시,월요일,경상북도 청도군 청도읍,경상사고,0,0,3,1,차대차 - 측면충돌,교차로운행방법위반,건조,맑음,교차로 - 교차로안,승용,남,36세,경상,승용,남,56세,경상
2017012300100265,2017년 1월 23일 12시,월요일,경상북도 포항시 남구 호동,경상사고,0,0,2,0,차대차 - 추돌,안전운전불이행,건조,맑음,교차로 - 교차로부근,승용,여,49세,경상,승용,여,52세,경상
2017012300100300,2017년 1월 23일 13시,월요일,경상북도 영천시 임고면,경상사고,0,0,2,0,차대차 - 정면충돌,중앙선침범,건조,맑음,단일로 - 기타,승용,남,73세,상해없음,승용,여,40세,경상
2017012300100348,2017년 1월 23일 14시,월요일,경상북도 경주시 동방동,중상사고,0,1,0,0,차대사람 - 횡단중,신호위반,건조,맑음,단일로 - 기타,승용,여,73세,상해없음,보행자,남,76세,중상
2017012300100390,2017년 1월 23일 15시,월요일,경상북도 포항시 북구 득량동,경상사고,0,0,1,0,차대사람 - 횡단중,보행자보호의무위반,건조,맑음,단일로 - 기타,승용,여,36세,상해없음,보행자,여,54세,경상
2017012300100391,2017년 1월 23일 15시,월요일,경상북도 포항시 북구 죽도동,경상사고,0,0,1,0,차대차 - 정면충돌,교차로운행방법위반,건조,맑음,교차로 - 교차로안,원동기,남,32세,경상,승용,여,27세,상해없음
2017012300100392,2017년 1월 23일 15시,월요일,경상북도 안동시 용상동,경상사고,0,0,1,0,차대차 - 측면충돌,직진우회전진행방해,건조,맑음,교차로 - 교차로안,화물,남,43세,상해없음,승합,남,41세,경상
2017012300100393,2017년 1월 23일 15시,월요일,경상북도 영주시 휴천동,중상사고,0,1,0,0,차대사람 - 횡단중,안전운전불이행,건조,맑음,교차로 - 교차로부근,승용,여,51세,상해없음,보행자,여,64세,중상
2017012300100394,2017년 1월 23일 15시,월요일,경상북도 구미시 고아읍,중상사고,0,1,1,0,차대차 - 정면충돌,신호위반,건조,맑음,교차로 - 교차로안,승용,남,49세,상해없음,승용,여,43세,경상
2017012300100395,2017년 1월 23일 15시,월요일,경상북도 포항시 남구 대잠동,경상사고,0,0,1,0,차대차 - 기타,안전운전불이행,건조,맑음,단일로 - 기타,승용,남,58세,상해없음,승용,남,30세,상해없음
2017012300100442,2017년 1월 23일 16시,월요일,경상북도 칠곡군 왜관읍,경상사고,0,0,1,0,차대사람 - 횡단중,안전운전불이행,건조,맑음,단일로 - 기타,화물,남,58세,기타불명,보행자,남,19세,경상
2017012300100443,2017년 1월 23일 16시,월요일,경상북도 경산시 사정동,경상사고,0,0,1,0,차대사람 - 횡단중,보행자보호의무위반,건조,맑음,단일로 - 기타,승용,여,46세,상해없음,보행자,여,17세,경상
2017012300100444,2017년 1월 23일 16시,월요일,경상북도 구미시 지산동,중상사고,0,1,0,0,차대차 - 측면충돌,안전운전불이행,건조,맑음,단일로 - 지하차도(도로)내,건설기계,남,28세,상해없음,승용,여,31세,중상
2017012300100525,2017년 1월 23일 18시,월요일,경상북도 경주시 외동읍,경상사고,0,0,1,0,차대차 - 추돌,안전운전불이행,건조,맑음,교차로 - 교차로부근,승용,기타불명,미분류,기타불명,승용,남,46세,경상
2017012300100526,2017년 1월 23일 18시,월요일,경상북도 포항시 북구 환호동,경상사고,0,0,2,0,차대차 - 측면충돌,안전운전불이행,건조,맑음,교차로 - 교차로안,승용,남,33세,경상,승용,남,60세,경상
2017012300100527,2017년 1월 23일 18시,월요일,경상북도 안동시 태화동,경상사고,0,0,3,0,차대차 - 추돌,안전운전불이행,건조,맑음,단일로 - 기타,화물,남,56세,상해없음,승용,남,53세,경상
2017012300100528,2017년 1월 23일 18시,월요일,경상북도 포항시 남구 지곡동,중상사고,0,1,0,0,차대사람 - 차도통행중,안전운전불이행,건조,맑음,단일로 - 기타,승용,남,52세,상해없음,보행자,여,28세,중상
2017012300100562,2017년 1월 23일 19시,월요일,경상북도 포항시 북구 득량동,경상사고,0,0,1,0,차대차 - 측면충돌,차로위반,젖음/습기,맑음,단일로 - 기타,승용,여,53세,상해없음,이륜,남,58세,경상
2017012300100626,2017년 1월 23일 21시,월요일,경상북도 경산시 삼북동,경상사고,0,0,1,0,차대차 - 기타,안전운전불이행,건조,맑음,단일로 - 기타,화물,남,54세,상해없음,승용,여,32세,경상
2017012300100654,2017년 1월 23일 22시,월요일,경상북도 경산시 사동,중상사고,0,1,0,0,차대차 - 측면충돌,안전운전불이행,건조,맑음,단일로 - 기타,승용,여,26세,상해없음,이륜,남,36세,중상
2017012300100680,2017년 1월 23일 23시,월요일,경상북도 안동시 풍산읍,중상사고,0,2,1,0,차대차 - 추돌,안전운전불이행,건조,맑음,단일로 - 기타,승용,남,50세,경상,승용,남,34세,중상
2017012400100035,2017년 1월 24일 00시,화요일,경상북도 구미시 원평동,경상사고,0,0,1,0,차대차 - 측면충돌,신호위반,건조,맑음,교차로 - 교차로안,승용,남,23세,상해없음,승용,남,28세,상해없음
2017012400100036,2017년 1월 24일 00시,화요일,경상북도 포항시 남구 장기면,경상사고,0,0,1,0,차량단독 - 도로외이탈 - 기타,안전운전불이행,젖음/습기,맑음,단일로 - 기타,승용,남,45세,상해없음,,,,
2017012400100069,2017년 1월 24일 04시,화요일,경상북도 포항시 북구 죽도동,중상사고,0,1,2,0,차대차 - 측면충돌,차로위반,건조,맑음,단일로 - 기타,승용,남,64세,상해없음,승용,남,63세,경상
2017012400100143,2017년 1월 24일 08시,화요일,경상북도 안동시 풍산읍,경상사고,0,0,1,0,차대차 - 추돌,안전거리미확보,건조,맑음,단일로 - 기타,승용,남,57세,상해없음,승용,남,58세,상해없음
2017012400100144,2017년 1월 24일 08시,화요일,경상북도 안동시 풍산읍,경상사고,0,0,2,0,차대차 - 추돌,안전거리미확보,건조,맑음,단일로 - 기타,승용,여,30세,경상,승용,여,53세,경상
2017012400100145,2017년 1월 24일 08시,화요일,경상북도 문경시 모전동,경상사고,0,0,1,0,차대차 - 측면충돌,교차로운행방법위반,건조,맑음,교차로 - 교차로안,승용,남,51세,상해없음,승용,여,34세,경상
2017012400100178,2017년 1월 24일 09시,화요일,경상북도 구미시 도량동,중상사고,0,1,0,0,차대차 - 측면충돌,안전운전불이행,건조,맑음,단일로 - 기타,화물,남,60세,상해없음,원동기,남,76세,중상
2017012400100179,2017년 1월 24일 09시,화요일,경상북도 구미시 진평동,경상사고,0,0,1,0,차대차 - 추돌,안전거리미확보,건조,맑음,교차로 - 교차로부근,승용,남,35세,상해없음,승용,여,44세,경상
2017012400100212,2017년 1월 24일 10시,화요일,경상북도 청도군 금천면,경상사고,0,0,1,0,차대차 - 측면충돌,안전운전불이행,건조,맑음,교차로 - 교차로안,사륜오토바이(ATV),남,79세,경상,승용,남,64세,상해없음
2017012400100259,2017년 1월 24일 11시,화요일,경상북도 의성군 의성읍,중상사고,0,2,5,0,차대차 - 측면충돌,안전운전불이행,건조,맑음,교차로 - 교차로안,화물,여,66세,경상,승용,남,29세,경상
2017012400100293,2017년 1월 24일 12시,화요일,경상북도 상주시 내서면,경상사고,0,0,1,0,차량단독 - 전도전복,안전운전불이행,건조,맑음,단일로 - 기타,승용,여,66세,경상,미분류,미분류,미분류,미분류
2017012400100294,2017년 1월 24일 12시,화요일,경상북도 경산시 와촌면,중상사고,0,1,2,0,차대차 - 정면충돌,신호위반,건조,맑음,교차로 - 교차로안,화물,남,42세,상해없음,승합,남,48세,상해없음
2017012400100335,2017년 1월 24일 13시,화요일,경상북도 경주시 사정동,경상사고,0,0,1,0,차대사람 - 횡단중,안전운전불이행,건조,맑음,교차로 - 교차로안,승용,남,64세,상해없음,보행자,여,82세,경상
2017012400100336,2017년 1월 24일 13시,화요일,경상북도 의성군 사곡면,사망사고,1,0,0,0,차대차 - 측면충돌,과속,건조,맑음,단일로 - 기타,승용,남,69세,상해없음,이륜,남,77세,사망
2017012400100337,2017년 1월 24일 13시,화요일,경상북도 경산시 진량읍,중상사고,0,1,0,0,차대사람 - 횡단중,보행자보호의무위반,건조,맑음,교차로 - 교차로부근,승용,여,43세,상해없음,보행자,남,9세,중상
2017012400100338,2017년 1월 24일 13시,화요일,경상북도 구미시 해평면,중상사고,0,1,0,0,차량단독 - 전도전복,안전운전불이행,건조,맑음,단일로 - 기타,화물,남,55세,상해없음,미분류,미분류,미분류,미분류
2017012400100367,2017년 1월 24일 14시,화요일,경상북도 김천시 평화동,부상신고사고,0,0,0,1,차대차 - 측면충돌,안전운전불이행,건조,맑음,단일로 - 기타,기타불명,기타불명,미분류,기타불명,자전거,남,77세,부상신고
2017012400100368,2017년 1월 24일 14시,화요일,경상북도 문경시 문경읍,중상사고,0,2,1,0,차대차 - 측면충돌,안전운전불이행,건조,맑음,교차로 - 교차로안,승용,여,62세,중상,화물,남,20세,경상
2017012400100369,2017년 1월 24일 14시,화요일,경상북도 포항시 남구 구룡포읍,경상사고,0,0,1,0,차대차 - 기타,중앙선침범,건조,맑음,단일로 - 기타,승용,남,54세,상해없음,승용,남,28세,경상
2017012400100409,2017년 1월 24일 15시,화요일,경상북도 안동시 태화동,경상사고,0,0,1,0,차대차 - 측면충돌,차로위반,건조,맑음,교차로 - 교차로안,승용,남,61세,상해없음,승용,남,47세,경상
2017012400100410,2017년 1월 24일 15시,화요일,경상북도 김천시 평화동,경상사고,0,0,1,0,차대차 - 측면충돌,안전운전불이행,건조,맑음,교차로 - 교차로부근,화물,남,50세,상해없음,승용,여,51세,경상
2017012400100411,2017년 1월 24일 15시,화요일,경상북도 문경시 점촌동,경상사고,0,0,1,0,차대사람 - 길가장자리구역통행중,보행자보호의무위반,건조,맑음,단일로 - 기타,승용,여,54세,상해없음,보행자,여,39세,경상
2017012400100412,2017년 1월 24일 15시,화요일,경상북도 영덕군 축산면,중상사고,0,1,0,0,차대차 - 측면충돌,안전운전불이행,건조,맑음,단일로 - 기타,건설기계,남,57세,상해없음,승용,남,63세,중상
2017012400100494,2017년 1월 24일 17시,화요일,경상북도 경주시 남산동,중상사고,0,1,0,0,차대차 - 정면충돌,중앙선침범,건조,맑음,단일로 - 기타,승용,남,67세,상해없음,화물,남,28세,중상
2017012400100495,2017년 1월 24일 17시,화요일,경상북도 포항시 북구 대흥동,경상사고,0,0,1,0,차대사람 - 기타,안전운전불이행,건조,맑음,단일로 - 기타,승용,여,28세,상해없음,보행자,여,26세,경상
2017012400100496,2017년 1월 24일 17시,화요일,경상북도 안동시 정하동,중상사고,0,1,1,0,차대차 - 정면충돌,중앙선침범,건조,맑음,단일로 - 기타,화물,남,69세,상해없음,승용,여,59세,경상
2017012400100497,2017년 1월 24일 17시,화요일,경상북도 영천시 성내동,경상사고,0,0,1,0,차대차 - 기타,안전운전불이행,건조,맑음,단일로 - 기타,승용,남,72세,상해없음,승합,남,45세,상해없음
2017012400100498,2017년 1월 24일 17시,화요일,경상북도 예천군 지보면,중상사고,0,3,0,0,차량단독 - 공작물충돌,안전운전불이행,건조,맑음,단일로 - 기타,승용,여,49세,상해없음,,,,
2017012400100499,2017년 1월 24일 17시,화요일,경상북도 예천군 용궁면,중상사고,0,1,0,0,차대차 - 측면충돌,안전운전불이행,건조,맑음,단일로 - 기타,화물,남,44세,상해없음,사륜오토바이(ATV),남,82세,중상
2017012400100549,2017년 1월 24일 18시,화요일,경상북도 경산시 신천동,중상사고,0,1,0,0,차대차 - 추돌,안전운전불이행,건조,맑음,단일로 - 기타,승용,여,51세,상해없음,승용,여,53세,중상
2017012400100550,2017년 1월 24일 18시,화요일,경상북도 고령군 쌍림면,중상사고,0,1,0,0,차대사람 - 횡단중,안전운전불이행,건조,맑음,교차로 - 교차로부근,원동기,여,53세,상해없음,보행자,여,77세,중상
2017012400100551,2017년 1월 24일 18시,화요일,경상북도 포항시 남구 구룡포읍,중상사고,0,1,0,0,차대사람 - 횡단중,보행자보호의무위반,건조,맑음,교차로 - 교차로횡단보도내,승용,남,52세,상해없음,보행자,여,73세,중상
2017012400100597,2017년 1월 24일 19시,화요일,경상북도 경주시 안강읍,중상사고,0,1,1,1,차대차 - 추돌,안전운전불이행,건조,맑음,교차로 - 교차로부근,승용,남,48세,부상신고,승용,남,38세,중상
2017012400100598,2017년 1월 24일 19시,화요일,경상북도 상주시 헌신동,경상사고,0,0,1,0,차대차 - 추돌,안전거리미확보,건조,맑음,단일로 - 기타,화물,남,35세,상해없음,화물,남,48세,경상
2017012400100599,2017년 1월 24일 19시,화요일,경상북도 영주시 하망동,중상사고,0,1,0,0,차대차 - 추돌,안전운전불이행,건조,맑음,교차로 - 교차로안,승합,남,46세,상해없음,승용,여,44세,중상
2017012400100600,2017년 1월 24일 19시,화요일,경상북도 칠곡군 북삼읍,경상사고,0,0,2,0,차대차 - 측면충돌,교차로운행방법위반,건조,맑음,교차로 - 교차로안,승용,여,37세,상해없음,이륜,남,22세,경상
2017012400100647,2017년 1월 24일 20시,화요일,경상북도 구미시 고아읍,경상사고,0,0,1,0,차대차 - 측면충돌,안전운전불이행,건조,맑음,단일로 - 기타,승용,남,50세,상해없음,이륜,남,18세,경상
2017012400100648,2017년 1월 24일 20시,화요일,경상북도 포항시 남구 효자동,경상사고,0,0,1,0,차대차 - 측면충돌,불법유턴,건조,맑음,교차로 - 교차로안,승용,남,38세,상해없음,승용,남,27세,경상
2017012400100709,2017년 1월 24일 22시,화요일,경상북도 경산시 신교동,경상사고,0,0,1,0,차대차 - 추돌,안전운전불이행,건조,맑음,교차로 - 교차로부근,화물,남,46세,상해없음,승용,남,47세,경상
2017012400100710,2017년 1월 24일 22시,화요일,경상북도 구미시 비산동,경상사고,0,0,4,0,차대차 - 정면충돌,안전운전불이행,건조,맑음,교차로 - 교차로부근,승용,남,58세,상해없음,승용,여,41세,경상