사고번호,사고일시,요일,시군구,사고내용,사망자수,중상자수,경상자수,부상신고자수,사고유형,법규위반,노면상태,기상상태,도로형태,가해운전자 차종,가해운전자 성별,가해운전자 연령,가해운전자 상해정도,피해운전자 차종,피해운전자 성별,피해운전자 연령,피해운전자 상해정도
2017012700100419,2017년 1월 27일 20시,금요일,경상북도 영주시 하망동,중상사고,0,1,0,0,차대차 - 추돌,안전운전불이행,건조,맑음,교차로 - 교차로안,화물,남,55세,상해없음,승용,여,45세,중상
2017012700100420,2017년 1월 27일 20시,금요일,경상북도 구미시 광평동,경상사고,0,0,1,0,차대차 - 추돌,안전거리미확보,건조,맑음,교차로 - 교차로부근,승용,남,58세,상해없음,승용,여,23세,경상
2017012800100019,2017년 1월 28일 00시,토요일,경상북도 경산시 하양읍,중상사고,0,1,2,0,차대차 - 기타,안전운전불이행,건조,맑음,단일로 - 기타,승용,남,36세,상해없음,승용,남,48세,상해없음
2017012800100033,2017년 1월 28일 02시,토요일,경상북도 경산시 중산동,중상사고,0,1,0,0,차대차 - 정면충돌,교차로운행방법위반,건조,맑음,단일로 - 기타,승용,남,23세,상해없음,승용,남,47세,중상
2017012800100039,2017년 1월 28일 03시,토요일,경상북도 경주시 황오동,경상사고,0,0,1,0,차대사람 - 횡단중,안전운전불이행,건조,맑음,단일로 - 기타,승용,기타불명,미분류,기타불명,보행자,남,24세,경상
2017012800100066,2017년 1월 28일 07시,토요일,경상북도 포항시 북구 장성동,중상사고,0,1,0,0,차량단독 - 전도전복,안전운전불이행,건조,맑음,단일로 - 기타,승용,남,69세,상해없음,미분류,미분류,미분류,미분류
2017012800100078,2017년 1월 28일 08시,토요일,경상북도 상주시 남적동,경상사고,0,0,1,0,차대차 - 측면충돌,교차로운행방법위반,건조,맑음,교차로 - 교차로안,승용,남,36세,상해없음,승용,남,50세,경상
2017012800100091,2017년 1월 28일 09시,토요일,경상북도 문경시 마성면,경상사고,0,0,2,0,차대차 - 측면충돌,직진우회전진행방해,건조,맑음,교차로 - 교차로안,승합,남,49세,경상,승용,여,57세,경상
2017012800100098,2017년 1월 28일 10시,토요일,경상북도 김천시 신음동,중상사고,0,1,0,0,차대차 - 측면충돌,안전운전불이행,건조,맑음,교차로 - 교차로안,승용,남,50세,상해없음,이륜,남,69세,중상
2017012800100114,2017년 1월 28일 11시,토요일,경상북도 김천시 율곡동,경상사고,0,0,1,0,차대차 - 측면충돌,교차로운행방법위반,건조,맑음,교차로 - 교차로안,화물,남,24세,상해없음,승용,여,53세,경상
2017012800100115,2017년 1월 28일 11시,토요일,경상북도 영주시 가흥동,경상사고,0,0,3,0,차대차 - 측면충돌,안전운전불이행,건조,맑음,교차로 - 교차로부근,승용,남,54세,상해없음,승용,남,42세,경상
2017012800100151,2017년 1월 28일 13시,토요일,경상북도 상주시 함창읍,경상사고,0,0,4,0,차대차 - 추돌,안전운전불이행,건조,맑음,교차로 - 교차로안,승용,남,56세,상해없음,승용,여,37세,경상
2017012800100152,2017년 1월 28일 13시,토요일,경상북도 의성군 단북면,중상사고,0,1,0,0,차대차 - 측면충돌,직진우회전진행방해,건조,맑음,교차로 - 교차로안,승용,남,48세,상해없음,이륜,남,17세,중상
2017012800100153,2017년 1월 28일 13시,토요일,경상북도 포항시 남구 구룡포읍,중상사고,0,1,0,0,차대사람 - 기타,안전운전불이행,건조,맑음,단일로 - 기타,승용,여,33세,상해없음,보행자,여,48세,중상
2017012800100172,2017년 1월 28일 14시,토요일,경상북도 포항시 북구 송라면,중상사고,0,2,2,0,차대차 - 추돌,안전운전불이행,건조,맑음,교차로 - 교차로부근,승용,여,50세,상해없음,승용,남,40세,중상
2017012800100173,2017년 1월 28일 14시,토요일,경상북도 포항시 북구 용흥동,중상사고,0,1,0,0,차대차 - 정면충돌,중앙선침범,건조,맑음,교차로 - 교차로부근,승용,여,41세,상해없음,승용,여,26세,중상
2017012800100174,2017년 1월 28일 14시,토요일,경상북도 칠곡군 동명면,경상사고,0,0,11,0,차대차 - 추돌,안전운전불이행,건조,맑음,단일로 - 기타,승합,여,61세,상해없음,승용,남,46세,경상
2017012800100175,2017년 1월 28일 14시,토요일,경상북도 구미시 원평동,경상사고,0,0,1,0,차대차 - 기타,안전운전불이행,건조,맑음,단일로 - 기타,승용,남,54세,상해없음,승용,여,41세,상해없음
2017012800100213,2017년 1월 28일 16시,토요일,경상북도 포항시 북구 흥해읍,중상사고,0,1,0,1,차대차 - 측면충돌,직진우회전진행방해,건조,맑음,교차로 - 교차로안,승용,여,23세,부상신고,원동기,남,77세,중상
2017012800100246,2017년 1월 28일 18시,토요일,경상북도 포항시 남구 대도동,경상사고,0,0,4,1,차대차 - 기타,안전운전불이행,건조,맑음,단일로 - 기타,승용,남,55세,상해없음,승용,남,52세,경상
2017012800100269,2017년 1월 28일 19시,토요일,경상북도 포항시 북구 청하면,중상사고,0,1,0,0,차대사람 - 차도통행중,안전운전불이행,건조,맑음,단일로 - 기타,승용,남,26세,상해없음,보행자,남,74세,중상
2017012800100270,2017년 1월 28일 19시,토요일,경상북도 구미시 진평동,중상사고,0,1,0,0,차대사람 - 차도통행중,보행자보호의무위반,건조,맑음,교차로 - 교차로횡단보도내,기타불명,기타불명,미분류,기타불명,보행자,남,45세,중상
2017012800100271,2017년 1월 28일 19시,토요일,경상북도 포항시 남구 오천읍,경상사고,0,0,4,0,차대차 - 기타,신호위반,건조,맑음,교차로 - 교차로안,승용,남,67세,상해없음,승용,여,53세,경상
2017012800100310,2017년 1월 28일 21시,토요일,경상북도 안동시 광석동,경상사고,0,0,1,0,차대사람 - 횡단중,안전운전불이행,건조,맑음,단일로 - 기타,승용,남,48세,상해없음,보행자,여,57세,경상
2017012800100311,2017년 1월 28일 21시,토요일,경상북도 김천시 지좌동,경상사고,0,0,3,0,차대차 - 측면충돌,교차로운행방법위반,건조,맑음,교차로 - 교차로안,승용,남,32세,상해없음,승용,남,42세,경상
2017012900100012,2017년 1월 29일 00시,일요일,경상북도 안동시 당북동,경상사고,0,0,1,0,차대차 - 기타,안전운전불이행,건조,맑음,단일로 - 기타,승용,남,40세,상해없음,승용,남,58세,상해없음
2017012900100013,2017년 1월 29일 00시,일요일,경상북도 구미시 진평동,경상사고,0,0,1,0,차대차 - 측면충돌,안전운전불이행,건조,맑음,교차로 - 교차로안,승용,남,47세,상해없음,승용,남,52세,경상
2017012900100041,2017년 1월 29일 03시,일요일,경상북도 김천시 신음동,중상사고,0,1,0,0,차량단독 - 전도전복,안전운전불이행,건조,맑음,단일로 - 기타,승용,남,25세,상해없음,미분류,미분류,미분류,미분류
2017012900100086,2017년 1월 29일 07시,일요일,경상북도 포항시 북구 득량동,경상사고,0,0,2,0,차대차 - 측면충돌,중앙선침범,건조,맑음,단일로 - 기타,승용,남,25세,상해없음,승용,남,36세,경상
2017012900100130,2017년 1월 29일 11시,일요일,경상북도 경주시 마동,경상사고,0,0,1,0,차대차 - 측면충돌,안전운전불이행,젖음/습기,비,교차로 - 교차로부근,승용,남,24세,상해없음,승합,남,42세,상해없음
2017012900100141,2017년 1월 29일 12시,일요일,경상북도 경주시 황성동,경상사고,0,0,2,0,차대차 - 추돌,안전운전불이행,건조,맑음,교차로 - 교차로부근,승용,남,54세,상해없음,승용,여,48세,경상
2017012900100151,2017년 1월 29일 13시,일요일,경상북도 군위군 군위읍,경상사고,0,0,2,0,차대차 - 추돌,안전운전불이행,젖음/습기,비,단일로 - 기타,승용,남,41세,상해없음,승용,남,41세,상해없음
2017012900100165,2017년 1월 29일 14시,일요일,경상북도 경주시 동천동,경상사고,0,0,2,0,차대차 - 측면충돌,신호위반,젖음/습기,흐림,교차로 - 교차로안,승용,여,55세,상해없음,승용,남,39세,경상
2017012900100166,2017년 1월 29일 14시,일요일,경상북도 포항시 북구 양덕동,경상사고,0,0,6,0,차대차 - 측면충돌,교차로운행방법위반,건조,맑음,교차로 - 교차로안,승용,여,39세,경상,승용,여,43세,경상
2017012900100167,2017년 1월 29일 14시,일요일,경상북도 포항시 남구 상도동,중상사고,0,1,0,0,차대사람 - 차도통행중,안전운전불이행,건조,맑음,단일로 - 기타,승용,남,66세,상해없음,보행자,남,13세,중상
2017012900100176,2017년 1월 29일 15시,일요일,경상북도 상주시 헌신동,중상사고,0,1,1,1,차대차 - 추돌,안전운전불이행,건조,맑음,단일로 - 기타,화물,남,49세,상해없음,승용,남,40세,경상
2017012900100217,2017년 1월 29일 17시,일요일,경상북도 포항시 북구 죽도동,중상사고,0,1,0,0,차대사람 - 길가장자리구역통행중,안전운전불이행,건조,맑음,단일로 - 기타,승용,여,53세,상해없음,보행자,남,72세,중상
2017012900100218,2017년 1월 29일 17시,일요일,경상북도 영주시 휴천동,경상사고,0,0,6,0,차대차 - 후진중충돌,안전운전불이행,건조,맑음,단일로 - 기타,화물,남,55세,상해없음,승용,남,72세,경상
2017012900100219,2017년 1월 29일 17시,일요일,경상북도 경산시 진량읍,경상사고,0,0,1,0,차대차 - 측면충돌,신호위반,건조,맑음,교차로 - 교차로안,승용,남,55세,상해없음,승용,남,38세,경상
2017012900100247,2017년 1월 29일 18시,일요일,경상북도 청송군 청송읍,경상사고,0,0,1,0,차대차 - 측면충돌,교차로운행방법위반,건조,맑음,교차로 - 교차로안,화물,남,59세,상해없음,자전거,남,13세,경상
2017012900100248,2017년 1월 29일 18시,일요일,경상북도 구미시 구평동,경상사고,0,0,1,0,차대차 - 추돌,안전운전불이행,건조,맑음,교차로 - 교차로부근,승용,남,55세,상해없음,승용,여,28세,경상
2017012900100266,2017년 1월 29일 19시,일요일,경상북도 포항시 남구 오천읍,중상사고,0,1,0,0,차대차 - 측면충돌,중앙선침범,젖음/습기,흐림,단일로 - 기타,승용,남,29세,상해없음,이륜,남,24세,중상
2017012900100311,2017년 1월 29일 21시,일요일,경상북도 김천시 신음동,경상사고,0,0,2,0,차대차 - 측면충돌,신호위반,건조,맑음,교차로 - 교차로안,승용,남,21세,경상,승용,남,40세,경상
2017012900100336,2017년 1월 29일 22시,일요일,경상북도 안동시 안막동,경상사고,0,0,4,0,차대차 - 정면충돌,신호위반,건조,맑음,교차로 - 교차로안,승용,여,50세,경상,승용,남,24세,경상
2017012900100350,2017년 1월 29일 23시,일요일,경상북도 포항시 남구 해도동,중상사고,0,1,0,0,차대사람 - 횡단중,안전운전불이행,젖음/습기,비,단일로 - 기타,승용,여,54세,상해없음,보행자,남,52세,중상
2017013000100020,2017년 1월 30일 00시,월요일,경상북도 구미시 임수동,경상사고,0,0,2,0,차대차 - 추돌,안전운전불이행,건조,맑음,교차로 - 교차로안,승용,남,36세,상해없음,승용,남,45세,경상
2017013000100054,2017년 1월 30일 03시,월요일,경상북도 포항시 남구 상도동,경상사고,0,0,2,0,차대차 - 기타,교차로운행방법위반,건조,맑음,단일로 - 기타,승용,남,54세,상해없음,승용,여,51세,경상
2017013000100063,2017년 1월 30일 04시,월요일,경상북도 문경시 산양면,경상사고,0,0,2,0,차대차 - 추돌,안전운전불이행,젖음/습기,흐림,단일로 - 기타,승용,남,42세,경상,건설기계,남,35세,경상
2017013000100128,2017년 1월 30일 11시,월요일,경상북도 영주시 하망동,경상사고,0,0,1,0,차대차 - 측면충돌,안전운전불이행,건조,맑음,교차로 - 교차로안,승용,남,33세,상해없음,승용,여,48세,경상
2017013000100150,2017년 1월 30일 12시,월요일,경상북도 구미시 구평동,경상사고,0,0,2,0,차대차 - 추돌,안전운전불이행,건조,맑음,교차로 - 교차로안,승용,남,32세,상해없음,승용,여,32세,경상
2017013000100172,2017년 1월 30일 13시,월요일,경상북도 경주시 동천동,중상사고,0,1,0,0,차대차 - 측면충돌,안전운전불이행,건조,맑음,교차로 - 교차로안,화물,남,67세,상해없음,승용,남,42세,중상
2017013000100173,2017년 1월 30일 13시,월요일,경상북도 경주시 황오동,중상사고,0,3,1,0,차대차 - 추돌,안전운전불이행,건조,맑음,교차로 - 교차로부근,승용,남,58세,상해없음,승용,여,61세,중상
2017013000100174,2017년 1월 30일 13시,월요일,경상북도 포항시 북구 흥해읍,중상사고,0,1,4,0,차대차 - 추돌,안전운전불이행,건조,맑음,단일로 - 기타,승용,남,34세,중상,승용,여,51세,경상
2017013000100196,2017년 1월 30일 14시,월요일,경상북도 상주시 서성동,경상사고,0,0,1,0,차대차 - 측면충돌,안전운전불이행,건조,맑음,교차로 - 교차로안,승용,여,24세,상해없음,자전거,남,66세,경상
2017013000100197,2017년 1월 30일 14시,월요일,경상북도 구미시 임은동,경상사고,0,0,2,0,차대차 - 측면충돌,신호위반,건조,맑음,교차로 - 교차로안,승용,남,46세,상해없음,화물,남,33세,경상
2017013000100218,2017년 1월 30일 15시,월요일,경상북도 경주시 사정동,경상사고,0,0,1,0,차대차 - 측면충돌,안전운전불이행,건조,맑음,단일로 - 기타,승합,남,47세,상해없음,원동기,남,45세,경상
2017013000100219,2017년 1월 30일 15시,월요일,경상북도 경주시 노동동,경상사고,0,0,1,0,차대사람 - 길가장자리구역통행중,안전운전불이행,건조,맑음,단일로 - 기타,승용,남,56세,상해없음,보행자,남,11세,경상
2017013000100247,2017년 1월 30일 16시,월요일,경상북도 경주시 천군동,경상사고,0,0,1,0,차대차 - 측면충돌,안전운전불이행,건조,맑음,단일로 - 기타,승용,남,37세,상해없음,승용,여,43세,경상
2017013000100248,2017년 1월 30일 16시,월요일,경상북도 구미시 무을면,중상사고,0,1,0,0,차대차 - 측면충돌,안전운전불이행,건조,맑음,단일로 - 기타,화물,남,42세,상해없음,화물,남,67세,중상
2017013000100302,2017년 1월 30일 19시,월요일,경상북도 안동시 풍산읍,경상사고,0,0,1,0,차량단독 - 전도전복,안전운전불이행,건조,맑음,단일로 - 기타,승용,여,39세,경상,미분류,미분류,미분류,미분류
2017013000100303,2017년 1월 30일 19시,월요일,경상북도 포항시 남구 해도동,중상사고,0,1,0,0,차대사람 - 기타,안전운전불이행,건조,맑음,단일로 - 기타,승용,남,25세,상해없음,보행자,남,35세,중상
2017013000100342,2017년 1월 30일 21시,월요일,경상북도 구미시 인의동,부상신고사고,0,0,0,1,차대차 - 측면충돌,안전운전불이행,건조,맑음,교차로 - 교차로안,이륜,남,20세,부상신고,승용,남,30세,상해없음
2017013000100343,2017년 1월 30일 21시,월요일,경상북도 김천시 아포읍,사망사고,1,1,0,0,차대차 - 추돌,안전운전불이행,건조,맑음,단일로 - 기타,화물,남,47세,중상,화물,남,42세,사망
2017013000100379,2017년 1월 30일 23시,월요일,경상북도 경산시 하양읍,경상사고,0,0,1,0,차대차 - 정면충돌,안전운전불이행,건조,맑음,단일로 - 기타,승용,남,33세,경상,승용,남,34세,상해없음
2017013100100023,2017년 1월 31일 00시,화요일,경상북도 포항시 북구 죽도동,중상사고,0,1,1,0,차대차 - 측면충돌,중앙선침범,건조,맑음,단일로 - 기타,승용,남,61세,상해없음,승용,남,63세,경상
2017013100100024,2017년 1월 31일 00시,화요일,경상북도 칠곡군 석적읍,경상사고,0,0,1,0,차대차 - 측면충돌,안전운전불이행,건조,맑음,단일로 - 기타,승용,여,32세,상해없음,이륜,남,18세,경상
2017013100100077,2017년 1월 31일 07시,화요일,경상북도 경산시 자인면,경상사고,0,0,1,0,차대차 - 기타,교차로운행방법위반,건조,맑음,교차로 - 교차로부근,승용,남,29세,상해없음,이륜,남,44세,경상
2017013100100078,2017년 1월 31일 07시,화요일,경상북도 경산시 대동,경상사고,0,0,2,0,차대차 - 기타,안전운전불이행,건조,맑음,단일로 - 기타,화물,남,49세,경상,승용,남,29세,경상
2017013100100095,2017년 1월 31일 08시,화요일,경상북도 울진군 근남면,경상사고,0,0,1,0,차량단독 - 공작물충돌,안전운전불이행,젖음/습기,흐림,주차장 - 주차장,화물,남,56세,경상,,,,
2017013100100096,2017년 1월 31일 08시,화요일,경상북도 구미시 사곡동,중상사고,0,1,0,0,차대차 - 기타,안전거리미확보,건조,맑음,단일로 - 기타,승합,남,44세,상해없음,승용,남,42세,상해없음
2017013100100111,2017년 1월 31일 09시,화요일,경상북도 구미시 황상동,경상사고,0,0,4,0,차대차 - 기타,안전거리미확보,건조,맑음,단일로 - 기타,승용,남,38세,상해없음,승용,여,44세,경상
2017013100100112,2017년 1월 31일 09시,화요일,경상북도 포항시 남구 동촌동,경상사고,0,0,1,0,차대차 - 추돌,안전운전불이행,건조,맑음,교차로 - 교차로부근,승용,남,22세,상해없음,승용,여,36세,경상
2017013100100131,2017년 1월 31일 10시,화요일,경상북도 경주시 서악동,경상사고,0,0,1,0,차대차 - 측면충돌,안전운전불이행,건조,맑음,단일로 - 기타,승용,여,44세,상해없음,승용,남,37세,경상
2017013100100132,2017년 1월 31일 10시,화요일,경상북도 고령군 다산면,경상사고,0,0,1,0,차대차 - 측면충돌,안전운전불이행,건조,맑음,교차로 - 교차로안,승용,여,35세,경상,화물,남,39세,상해없음
2017013100100151,2017년 1월 31일 11시,화요일,경상북도 경주시 강동면,중상사고,0,1,0,0,차량단독 - 전도전복,안전운전불이행,건조,맑음,단일로 - 기타,승용,남,68세,중상,미분류,미분류,미분류,미분류
2017013100100152,2017년 1월 31일 11시,화요일,경상북도 영양군 영양읍,경상사고,0,0,1,0,차대차 - 정면충돌,안전운전불이행,건조,맑음,교차로 - 교차로횡단보도내,승용,남,66세,상해없음,자전거,여,7세,경상
2017013100100153,2017년 1월 31일 11시,화요일,경상북도 구미시 옥성면,경상사고,0,0,5,0,차대차 - 추돌,안전거리미확보,건조,맑음,단일로 - 기타,승용,남,32세,경상,승용,남,45세,상해없음
2017013100100185,2017년 1월 31일 12시,화요일,경상북도 안동시 태화동,경상사고,0,0,1,0,차대차 - 측면충돌,직진우회전진행방해,건조,맑음,교차로 - 교차로안,승용,남,74세,기타불명,승용,남,33세,경상
2017013100100206,2017년 1월 31일 13시,화요일,경상북도 포항시 북구 죽도동,경상사고,0,0,1,0,차대차 - 측면충돌,안전운전불이행,건조,맑음,교차로 - 교차로부근,승용,남,57세,상해없음,원동기,남,68세,경상
2017013100100207,2017년 1월 31일 13시,화요일,경상북도 구미시 도량동,경상사고,0,0,1,0,차대차 - 추돌,안전운전불이행,건조,맑음,교차로 - 교차로부근,승용,남,61세,상해없음,승용,여,57세,경상
2017013100100208,2017년 1월 31일 13시,화요일,경상북도 포항시 남구 해도동,경상사고,0,0,1,0,차대차 - 측면충돌,직진우회전진행방해,건조,맑음,교차로 - 교차로안,자전거,여,56세,경상,승용,남,29세,상해없음
2017013100100233,2017년 1월 31일 14시,화요일,경상북도 영천시 금노동,중상사고,0,1,0,0,차대사람 - 횡단중,신호위반,건조,맑음,단일로 - 기타,승용,여,49세,상해없음,보행자,여,67세,중상
2017013100100234,2017년 1월 31일 14시,화요일,경상북도 경산시 옥산동,경상사고,0,0,1,0,차대차 - 측면충돌,직진우회전진행방해,건조,맑음,교차로 - 교차로안,승용,남,44세,상해없음,승용,남,59세,경상
2017013100100308,2017년 1월 31일 16시,화요일,경상북도 구미시 도량동,중상사고,0,2,0,0,차대차 - 측면충돌,신호위반,건조,맑음,교차로 - 교차로안,이륜,남,75세,중상,승용,남,27세,상해없음
2017013100100334,2017년 1월 31일 17시,화요일,경상북도 경주시 천군동,경상사고,0,0,5,0,차대차 - 측면충돌,중앙선침범,건조,맑음,교차로 - 교차로부근,승용,여,30세,경상,승합,남,49세,경상
2017013100100335,2017년 1월 31일 17시,화요일,경상북도 구미시 선산읍,경상사고,0,0,4,0,차대차 - 측면충돌,안전운전불이행,건조,맑음,단일로 - 기타,화물,남,61세,상해없음,승용,여,46세,경상
2017013100100359,2017년 1월 31일 18시,화요일,경상북도 포항시 북구 흥해읍,경상사고,0,0,2,0,차대차 - 추돌,안전운전불이행,건조,맑음,단일로 - 기타,승용,여,33세,경상,승용,여,56세,경상
2017013100100360,2017년 1월 31일 18시,화요일,경상북도 영주시 휴천동,중상사고,0,1,0,0,차대사람 - 횡단중,안전운전불이행,건조,맑음,기타 - 기타,승용,남,48세,상해없음,보행자,여,64세,중상
2017013100100361,2017년 1월 31일 18시,화요일,경상북도 포항시 남구 오천읍,중상사고,0,1,1,0,차대차 - 추돌,안전운전불이행,건조,맑음,교차로 - 교차로부근,화물,남,55세,상해없음,승용,여,28세,경상
2017013100100405,2017년 1월 31일 20시,화요일,경상북도 경주시 현곡면,경상사고,0,0,2,0,차대사람 - 횡단중,신호위반,건조,맑음,교차로 - 교차로횡단보도내,승합,여,35세,상해없음,보행자,남,54세,경상
2017013100100406,2017년 1월 31일 20시,화요일,경상북도 상주시 무양동,경상사고,0,0,1,0,차대차 - 측면충돌,교차로운행방법위반,건조,맑음,교차로 - 교차로안,승용,남,40세,상해없음,이륜,남,42세,경상
2017013100100430,2017년 1월 31일 21시,화요일,경상북도 포항시 북구 장성동,경상사고,0,0,1,0,차대차 - 측면충돌,안전운전불이행,건조,맑음,단일로 - 기타,이륜,남,17세,경상,화물,남,47세,상해없음
2017013100100431,2017년 1월 31일 21시,화요일,경상북도 구미시 원평동,경상사고,0,0,1,0,차대사람 - 길가장자리구역통행중,안전운전불이행,건조,맑음,교차로 - 교차로부근,승용,남,57세,상해없음,보행자,남,53세,경상
2017013100100432,2017년 1월 31일 21시,화요일,경상북도 구미시 구평동,경상사고,0,0,1,0,차대사람 - 차도통행중,안전운전불이행,건조,맑음,기타 - 기타,승용,남,45세,상해없음,보행자,여,54세,경상
2017020100100092,2017년 2월 1일 07시,수요일,경상북도 김천시 다수동,경상사고,0,0,2,0,차대차 - 추돌,안전운전불이행,건조,맑음,교차로 - 교차로부근,승용,남,21세,상해없음,승용,여,39세,경상
2017020100100093,2017년 2월 1일 07시,수요일,경상북도 경산시 진량읍,중상사고,0,1,0,0,차대차 - 기타,안전운전불이행,건조,맑음,교차로 - 교차로안,승용,여,53세,상해없음,자전거,여,56세,중상
2017020100100094,2017년 2월 1일 07시,수요일,경상북도 청도군 화양읍,경상사고,0,0,2,0,차대차 - 기타,교차로운행방법위반,건조,맑음,교차로 - 교차로안,승용,여,23세,상해없음,승용,남,51세,경상
2017020100100116,2017년 2월 1일 08시,수요일,경상북도 포항시 북구 양덕동,경상사고,0,0,1,0,차대차 - 측면충돌,신호위반,건조,맑음,교차로 - 교차로안,승용,여,54세,상해없음,승용,남,64세,경상
2017020100100146,2017년 2월 1일 10시,수요일,경상북도 경산시 압량면,경상사고,0,0,1,0,차대차 - 측면충돌,안전운전불이행,건조,맑음,교차로 - 교차로부근,자전거,남,76세,경상,화물,남,61세,상해없음
2017020100100166,2017년 2월 1일 11시,수요일,경상북도 상주시 이안면,중상사고,0,1,0,0,차량단독 - 전도전복,안전운전불이행,건조,맑음,단일로 - 기타,화물,남,67세,중상,미분류,미분류,미분류,미분류
2017020100100167,2017년 2월 1일 11시,수요일,경상북도 포항시 남구 청림동,경상사고,0,0,2,0,차대차 - 추돌,안전운전불이행,건조,맑음,교차로 - 교차로부근,승용,여,35세,기타불명,화물,남,55세,경상
2017020100100205,2017년 2월 1일 13시,수요일,경상북도 고령군 대가야읍,중상사고,0,1,0,0,차대차 - 측면충돌,교차로운행방법위반,건조,맑음,교차로 - 교차로안,승용,여,41세,상해없음,이륜,여,77세,중상
2017020100100206,2017년 2월 1일 13시,수요일,경상북도 포항시 남구 대도동,중상사고,0,1,0,0,차대차 - 기타,교차로운행방법위반,건조,맑음,교차로 - 교차로안,승용,여,34세,상해없음,이륜,남,40세,중상
2017020100100207,2017년 2월 1일 13시,수요일,경상북도 포항시 남구 대도동,경상사고,0,0,1,0,차대차 - 기타,안전운전불이행,건조,맑음,단일로 - 기타,승용,남,71세,상해없음,화물,남,42세,기타불명
2017020100100243,2017년 2월 1일 14시,수요일,경상북도 영덕군 강구면,중상사고,0,1,0,0,차대사람 - 횡단중,안전운전불이행,건조,맑음,단일로 - 기타,승용,남,27세,상해없음,보행자,여,8세,중상
2017020100100244,2017년 2월 1일 14시,수요일,경상북도 포항시 남구 오천읍,경상사고,0,0,1,0,차대차 - 측면충돌,차로위반,건조,흐림,단일로 - 기타,승용,남,65세,상해없음,승용,남,25세,경상
2017020100100269,2017년 2월 1일 15시,수요일,경상북도 경산시 와촌면,중상사고,0,1,0,0,차대차 - 기타,교차로운행방법위반,건조,맑음,교차로 - 교차로안,화물,남,45세,상해없음,이륜,남,78세,중상
2017020100100270,2017년 2월 1일 15시,수요일,경상북도 청도군 화양읍,경상사고,0,0,2,0,차대차 - 측면충돌,교차로운행방법위반,건조,맑음,교차로 - 교차로안,승용,남,59세,상해없음,승용,여,47세,경상
2017020100100299,2017년 2월 1일 16시,수요일,경상북도 경주시 석장동,경상사고,0,0,1,0,차대차 - 측면충돌,안전운전불이행,건조,맑음,교차로 - 교차로안,승용,남,57세,상해없음,승용,여,22세,경상
2017020100100300,2017년 2월 1일 16시,수요일,경상북도 포항시 북구 학잠동,경상사고,0,0,1,0,차대차 - 정면충돌,안전운전불이행,건조,맑음,단일로 - 기타,자전거,남,13세,경상,승용,여,32세,상해없음
2017020100100301,2017년 2월 1일 16시,수요일,경상북도 상주시 외남면,경상사고,0,0,1,0,차량단독 - 전도전복,안전운전불이행,건조,맑음,단일로 - 기타,화물,남,52세,경상,미분류,미분류,미분류,미분류
2017020100100302,2017년 2월 1일 16시,수요일,경상북도 경산시 정평동,경상사고,0,0,2,0,차대차 - 정면충돌,안전운전불이행,건조,맑음,단일로 - 기타,승용,남,66세,상해없음,승용,여,36세,경상
2017020100100303,2017년 2월 1일 16시,수요일,경상북도 예천군 예천읍,경상사고,0,0,1,0,차대차 - 측면충돌,신호위반,건조,맑음,교차로 - 교차로안,화물,남,65세,상해없음,화물,남,62세,경상
2017020100100304,2017년 2월 1일 16시,수요일,경상북도 구미시 원평동,경상사고,0,0,1,0,차대차 - 측면충돌,안전운전불이행,건조,맑음,교차로 - 교차로부근,화물,남,57세,상해없음,이륜,남,30세,경상
2017020100100332,2017년 2월 1일 17시,수요일,경상북도 경주시 현곡면,경상사고,0,0,2,0,차대차 - 측면충돌,중앙선침범,건조,맑음,단일로 - 기타,승용,여,27세,경상,승용,여,41세,경상
2017020100100333,2017년 2월 1일 17시,수요일,경상북도 영천시 금호읍,경상사고,0,0,1,0,차대차 - 측면충돌,안전운전불이행,건조,맑음,교차로 - 교차로안,승용,여,66세,상해없음,승용,남,38세,경상
2017020100100334,2017년 2월 1일 17시,수요일,경상북도 예천군 풍양면,경상사고,0,0,1,0,차량단독 - 전도전복,안전운전불이행,건조,맑음,단일로 - 기타,승용,남,41세,경상,미분류,미분류,미분류,미분류
2017020100100335,2017년 2월 1일 17시,수요일,경상북도 구미시 공단동,경상사고,0,0,1,0,차대차 - 추돌,안전운전불이행,건조,맑음,단일로 - 기타,승용,남,43세,상해없음,승용,남,35세,경상
2017020100100367,2017년 2월 1일 18시,수요일,경상북도 경주시 동부동,중상사고,0,1,4,0,차대차 - 추돌,안전운전불이행,건조,맑음,단일로 - 기타,승합,남,60세,상해없음,승용,남,64세,경상
2017020100100368,2017년 2월 1일 18시,수요일,경상북도 포항시 북구 항구동,경상사고,0,0,1,0,차대차 - 측면충돌,안전운전불이행,건조,맑음,단일로 - 기타,화물,남,54세,상해없음,승용,여,64세,경상
2017020100100369,2017년 2월 1일 18시,수요일,경상북도 포항시 북구 동빈2가,경상사고,0,0,1,0,차대차 - 측면충돌,안전거리미확보,건조,맑음,단일로 - 기타,승용,남,51세,상해없음,승용,여,39세,상해없음
2017020100100370,2017년 2월 1일 18시,수요일,경상북도 문경시 모전동,경상사고,0,0,1,0,차대차 - 측면충돌,중앙선침범,건조,맑음,교차로 - 교차로부근,승용,남,57세,상해없음,승용,여,44세,경상
2017020100100399,2017년 2월 1일 19시,수요일,경상북도 상주시 공검면,경상사고,0,0,1,0,차대차 - 추돌,안전운전불이행,건조,맑음,단일로 - 기타,화물,남,37세,상해없음,화물,남,50세,상해없음