사고번호,사고일시,요일,시군구,사고내용,사망자수,중상자수,경상자수,부상신고자수,사고유형,법규위반,노면상태,기상상태,도로형태,가해운전자 차종,가해운전자 성별,가해운전자 연령,가해운전자 상해정도,피해운전자 차종,피해운전자 성별,피해운전자 연령,피해운전자 상해정도
2017020100100400,2017년 2월 1일 19시,수요일,경상북도 구미시 형곡동,부상신고사고,0,0,0,1,차대사람 - 횡단중,기타,건조,맑음,단일로 - 기타,기타불명,기타불명,미분류,기타불명,보행자,남,65세,부상신고
2017020100100443,2017년 2월 1일 21시,수요일,경상북도 포항시 남구 대도동,경상사고,0,0,1,0,차대차 - 기타,직진우회전진행방해,건조,맑음,교차로 - 교차로안,승용,남,25세,상해없음,이륜,남,48세,경상
2017020100100475,2017년 2월 1일 23시,수요일,경상북도 구미시 공단동,경상사고,0,0,1,0,차대차 - 추돌,안전운전불이행,건조,맑음,교차로 - 교차로부근,승용,남,44세,상해없음,승용,여,41세,경상
2017020200100028,2017년 2월 2일 01시,목요일,경상북도 칠곡군 왜관읍,경상사고,0,0,1,0,차대차 - 측면충돌,교차로운행방법위반,건조,맑음,교차로 - 교차로안,승용,남,41세,상해없음,승용,남,51세,경상
2017020200100033,2017년 2월 2일 02시,목요일,경상북도 경주시 외동읍,중상사고,0,1,1,0,차대차 - 정면충돌,중앙선침범,건조,맑음,단일로 - 기타,화물,남,37세,중상,화물,남,54세,경상
2017020200100038,2017년 2월 2일 03시,목요일,경상북도 포항시 북구 용흥동,중상사고,0,2,0,0,차대차 - 측면충돌,신호위반,건조,맑음,교차로 - 교차로안,승용,남,33세,상해없음,승용,남,57세,중상
2017020200100053,2017년 2월 2일 05시,목요일,경상북도 울진군 울진읍,중상사고,0,1,0,0,차대차 - 기타,안전운전불이행,건조,맑음,단일로 - 기타,승합,남,37세,중상,승용,남,57세,기타불명
2017020200100076,2017년 2월 2일 07시,목요일,경상북도 경주시 황성동,경상사고,0,0,2,0,차대차 - 측면충돌,중앙선침범,건조,맑음,단일로 - 기타,이륜,남,28세,경상,승용,남,60세,경상
2017020200100113,2017년 2월 2일 08시,목요일,경상북도 안동시 용상동,경상사고,0,0,1,0,차대차 - 정면충돌,신호위반,건조,맑음,교차로 - 교차로안,승용,남,21세,상해없음,화물,남,53세,상해없음
2017020200100114,2017년 2월 2일 08시,목요일,경상북도 김천시 평화동,중상사고,0,1,0,0,차대차 - 측면충돌,교차로운행방법위반,건조,맑음,교차로 - 교차로안,승용,남,60세,상해없음,이륜,남,74세,중상
2017020200100133,2017년 2월 2일 09시,목요일,경상북도 경산시 자인면,경상사고,0,0,1,0,차대사람 - 보도통행중,기타,건조,맑음,교차로 - 교차로부근,화물,남,61세,상해없음,보행자,여,15세,경상
2017020200100134,2017년 2월 2일 09시,목요일,경상북도 경산시 중방동,부상신고사고,0,0,0,1,차대차 - 측면충돌,안전운전불이행,건조,맑음,교차로 - 교차로안,승용,남,50세,상해없음,승용,남,35세,부상신고
2017020200100135,2017년 2월 2일 09시,목요일,경상북도 구미시 공단동,경상사고,0,0,1,1,차대차 - 기타,안전운전불이행,건조,맑음,교차로 - 교차로안,승용,남,23세,부상신고,특수,남,54세,경상
2017020200100151,2017년 2월 2일 10시,목요일,경상북도 경주시 황오동,중상사고,0,1,1,1,차대차 - 측면충돌,안전운전불이행,건조,맑음,교차로 - 교차로안,승용,남,62세,상해없음,승용,남,56세,경상
2017020200100152,2017년 2월 2일 10시,목요일,경상북도 경산시 남천면,경상사고,0,0,2,0,차대차 - 정면충돌,중앙선침범,건조,맑음,단일로 - 기타,화물,남,31세,상해없음,승용,남,63세,경상
2017020200100153,2017년 2월 2일 10시,목요일,경상북도 영덕군 강구면,경상사고,0,0,3,1,차대차 - 추돌,안전운전불이행,건조,맑음,교차로 - 교차로부근,승합,남,62세,상해없음,화물,남,60세,경상
2017020200100214,2017년 2월 2일 13시,목요일,경상북도 영천시 금호읍,부상신고사고,0,0,0,1,차대차 - 추돌,안전운전불이행,건조,맑음,교차로 - 교차로부근,화물,남,26세,부상신고,화물,남,54세,상해없음
2017020200100215,2017년 2월 2일 13시,목요일,경상북도 군위군 군위읍,경상사고,0,0,2,0,차대차 - 측면충돌,직진우회전진행방해,건조,맑음,교차로 - 교차로안,승용,여,48세,상해없음,승용,여,34세,경상
2017020200100242,2017년 2월 2일 14시,목요일,경상북도 경주시 동천동,중상사고,0,1,0,0,차대사람 - 횡단중,보행자보호의무위반,건조,맑음,단일로 - 기타,승용,여,55세,상해없음,보행자,여,14세,중상
2017020200100243,2017년 2월 2일 14시,목요일,경상북도 포항시 북구 죽도동,경상사고,0,0,2,0,차대차 - 측면충돌,안전운전불이행,건조,맑음,주차장 - 주차장,승용,여,40세,경상,승용,여,44세,경상
2017020200100263,2017년 2월 2일 15시,목요일,경상북도 경주시 성건동,중상사고,0,1,0,0,차대차 - 추돌,안전운전불이행,건조,맑음,교차로 - 교차로부근,승용,남,42세,상해없음,승용,남,69세,상해없음
2017020200100264,2017년 2월 2일 15시,목요일,경상북도 경산시 압량면,중상사고,0,1,0,0,차대사람 - 기타,안전운전불이행,건조,맑음,단일로 - 기타,승합,남,44세,상해없음,보행자,여,70세,중상
2017020200100290,2017년 2월 2일 16시,목요일,경상북도 경주시 성건동,경상사고,0,0,1,0,차대사람 - 횡단중,안전운전불이행,건조,맑음,교차로 - 교차로안,승용,남,19세,상해없음,보행자,여,60세,경상
2017020200100291,2017년 2월 2일 16시,목요일,경상북도 상주시 남성동,경상사고,0,0,2,0,차대차 - 측면충돌,교차로운행방법위반,건조,맑음,교차로 - 교차로안,승용,여,28세,경상,화물,남,64세,경상
2017020200100292,2017년 2월 2일 16시,목요일,경상북도 의성군 다인면,경상사고,0,0,1,0,차대차 - 측면충돌,교차로운행방법위반,건조,맑음,교차로 - 교차로안,건설기계,남,60세,상해없음,승용,여,54세,경상
2017020200100293,2017년 2월 2일 16시,목요일,경상북도 영천시 화북면,경상사고,0,0,4,0,차대차 - 측면충돌,안전운전불이행,건조,맑음,단일로 - 기타,화물,남,78세,경상,승용,남,58세,경상
2017020200100294,2017년 2월 2일 16시,목요일,경상북도 구미시 봉곡동,경상사고,0,0,1,1,차대차 - 기타,안전운전불이행,건조,맑음,교차로 - 교차로안,승용,남,61세,부상신고,승용,여,50세,경상
2017020200100326,2017년 2월 2일 17시,목요일,경상북도 봉화군 봉화읍,중상사고,0,1,0,0,차대차 - 기타,교차로운행방법위반,건조,맑음,교차로 - 교차로안,승합,여,39세,상해없음,자전거,남,77세,중상
2017020200100327,2017년 2월 2일 17시,목요일,경상북도 포항시 남구 동촌동,경상사고,0,0,1,0,차대차 - 측면충돌,안전운전불이행,건조,맑음,교차로 - 교차로안,승용,남,39세,경상,화물,남,62세,상해없음
2017020200100368,2017년 2월 2일 18시,목요일,경상북도 경산시 사동,중상사고,0,1,0,0,차대사람 - 횡단중,중앙선침범,건조,맑음,단일로 - 기타,승용,여,36세,상해없음,보행자,여,31세,중상
2017020200100369,2017년 2월 2일 18시,목요일,경상북도 경산시 압량면,중상사고,0,1,0,0,차대차 - 측면충돌,신호위반,건조,맑음,교차로 - 교차로안,이륜,남,54세,중상,승용,여,53세,상해없음
2017020200100370,2017년 2월 2일 18시,목요일,경상북도 고령군 다산면,중상사고,0,1,0,0,차대사람 - 길가장자리구역통행중,안전운전불이행,건조,맑음,기타 - 기타,승용,여,48세,상해없음,보행자,여,77세,중상
2017020200100404,2017년 2월 2일 19시,목요일,경상북도 성주군 성주읍,중상사고,0,1,1,0,차대차 - 추돌,과속,건조,맑음,단일로 - 기타,승용,남,65세,상해없음,승용,남,37세,경상
2017020200100432,2017년 2월 2일 20시,목요일,경상북도 상주시 공성면,중상사고,0,1,0,0,차량단독 - 도로외이탈 - 추락,안전운전불이행,건조,맑음,단일로 - 기타,화물,남,63세,상해없음,,,,
2017020200100485,2017년 2월 2일 22시,목요일,경상북도 영양군 영양읍,경상사고,0,0,1,0,차대차 - 측면충돌,기타,건조,맑음,교차로 - 교차로안,승용,남,26세,상해없음,승용,남,44세,상해없음
2017020300100030,2017년 2월 3일 00시,금요일,경상북도 경주시 성건동,경상사고,0,0,2,0,차대차 - 측면충돌,안전운전불이행,건조,맑음,교차로 - 교차로안,승용,남,35세,경상,승용,남,26세,경상
2017020300100031,2017년 2월 3일 00시,금요일,경상북도 구미시 옥계동,중상사고,0,1,0,0,차대차 - 측면충돌,안전운전불이행,건조,맑음,교차로 - 교차로안,승용,남,37세,상해없음,승용,남,42세,중상
2017020300100032,2017년 2월 3일 00시,금요일,경상북도 구미시 고아읍,경상사고,0,0,6,0,차대차 - 측면충돌,기타,건조,맑음,교차로 - 교차로안,승용,여,52세,상해없음,승용,여,42세,경상
2017020300100053,2017년 2월 3일 02시,금요일,경상북도 안동시 풍산읍,사망사고,1,0,1,0,차대차 - 추돌,안전운전불이행,건조,맑음,단일로 - 교량,승합,남,51세,경상,승용,남,34세,사망
2017020300100063,2017년 2월 3일 03시,금요일,경상북도 안동시 풍산읍,중상사고,0,1,0,0,차량단독 - 공작물충돌,안전운전불이행,젖음/습기,맑음,단일로 - 기타,승용,남,44세,상해없음,,,,
2017020300100111,2017년 2월 3일 07시,금요일,경상북도 구미시 진평동,중상사고,0,1,0,1,차대차 - 기타,안전거리미확보,건조,맑음,단일로 - 기타,승용,남,19세,부상신고,승용,여,43세,중상
2017020300100112,2017년 2월 3일 07시,금요일,경상북도 구미시 도량동,경상사고,0,0,1,0,차대차 - 측면충돌,중앙선침범,건조,맑음,교차로 - 교차로부근,승용,남,23세,상해없음,승용,남,28세,경상
2017020300100137,2017년 2월 3일 08시,금요일,경상북도 포항시 북구 용흥동,경상사고,0,0,1,0,차대차 - 추돌,안전운전불이행,건조,맑음,교차로 - 교차로부근,승용,남,64세,상해없음,승용,남,46세,경상
2017020300100138,2017년 2월 3일 08시,금요일,경상북도 고령군 운수면,중상사고,0,1,0,0,차대차 - 측면충돌,직진우회전진행방해,건조,맑음,교차로 - 교차로안,승용,여,34세,상해없음,이륜,남,32세,중상
2017020300100196,2017년 2월 3일 10시,금요일,경상북도 영주시 안정면,경상사고,0,0,2,0,차대차 - 측면충돌,안전운전불이행,건조,맑음,교차로 - 교차로부근,승용,남,50세,경상,승용,남,54세,경상
2017020300100197,2017년 2월 3일 10시,금요일,경상북도 울진군 근남면,중상사고,0,1,0,0,차량단독 - 전도전복,안전운전불이행,건조,맑음,단일로 - 기타,이륜,남,79세,중상,미분류,미분류,미분류,미분류
2017020300100231,2017년 2월 3일 12시,금요일,경상북도 영천시 화북면,경상사고,0,0,1,0,차대차 - 측면충돌,신호위반,건조,맑음,교차로 - 교차로안,승용,남,62세,상해없음,화물,남,40세,경상
2017020300100253,2017년 2월 3일 13시,금요일,경상북도 경주시 강동면,중상사고,0,2,3,0,차대차 - 추돌,안전운전불이행,건조,맑음,단일로 - 기타,승용,여,29세,상해없음,승용,남,43세,경상
2017020300100254,2017년 2월 3일 13시,금요일,경상북도 구미시 공단동,경상사고,0,0,1,0,차대차 - 추돌,안전운전불이행,건조,맑음,교차로 - 교차로부근,화물,남,58세,상해없음,승용,남,61세,상해없음
2017020300100255,2017년 2월 3일 13시,금요일,경상북도 포항시 남구 효자동,중상사고,0,1,4,0,차대차 - 추돌,안전운전불이행,건조,맑음,단일로 - 기타,승용,여,34세,상해없음,승용,남,54세,상해없음
2017020300100278,2017년 2월 3일 14시,금요일,경상북도 영양군 입암면,부상신고사고,0,0,0,1,차대차 - 측면충돌,교차로운행방법위반,건조,맑음,교차로 - 교차로안,승용,여,54세,부상신고,승용,남,29세,상해없음
2017020300100279,2017년 2월 3일 14시,금요일,경상북도 구미시 임은동,중상사고,0,1,0,0,차대차 - 정면충돌,신호위반,건조,맑음,교차로 - 교차로안,승용,남,58세,상해없음,승용,여,44세,중상
2017020300100304,2017년 2월 3일 15시,금요일,경상북도 영주시 평은면,경상사고,0,0,2,0,차대차 - 추돌,안전운전불이행,건조,맑음,단일로 - 기타,화물,남,40세,기타불명,화물,남,79세,경상
2017020300100305,2017년 2월 3일 15시,금요일,경상북도 문경시 모전동,중상사고,0,1,1,0,차대차 - 측면충돌,교차로운행방법위반,건조,맑음,교차로 - 교차로부근,승용,남,59세,경상,승용,남,32세,중상
2017020300100306,2017년 2월 3일 15시,금요일,경상북도 문경시 모전동,경상사고,0,0,1,1,차대차 - 추돌,안전거리미확보,건조,맑음,교차로 - 교차로안,승합,남,59세,상해없음,화물,남,41세,경상
2017020300100307,2017년 2월 3일 15시,금요일,경상북도 예천군 풍양면,중상사고,0,1,0,0,차대차 - 측면충돌,교차로운행방법위반,건조,맑음,교차로 - 교차로안,승용,남,68세,상해없음,이륜,여,55세,중상
2017020300100308,2017년 2월 3일 15시,금요일,경상북도 구미시 송정동,중상사고,0,1,0,0,차량단독 - 전도전복 - 전도,안전운전불이행,건조,맑음,교차로 - 교차로부근,사륜오토바이(ATV),남,57세,중상,,,,
2017020300100309,2017년 2월 3일 15시,금요일,경상북도 구미시 송정동,중상사고,0,1,0,0,차대사람 - 횡단중,보행자보호의무위반,건조,맑음,단일로 - 기타,승용,남,28세,상해없음,보행자,남,9세,중상
2017020300100367,2017년 2월 3일 17시,금요일,경상북도 포항시 북구 장성동,경상사고,0,0,1,0,차대차 - 측면충돌,교차로운행방법위반,건조,맑음,교차로 - 교차로안,승합,남,40세,경상,승용,여,53세,상해없음
2017020300100368,2017년 2월 3일 17시,금요일,경상북도 포항시 남구 오천읍,경상사고,0,0,1,0,차대차 - 측면충돌,안전운전불이행,건조,맑음,교차로 - 교차로안,승용,남,61세,기타불명,승용,여,49세,경상
2017020300100392,2017년 2월 3일 18시,금요일,경상북도 포항시 북구 죽도동,경상사고,0,0,2,0,차대차 - 측면충돌,차로위반,건조,맑음,단일로 - 기타,승용,여,65세,상해없음,승용,남,49세,상해없음
2017020300100393,2017년 2월 3일 18시,금요일,경상북도 안동시 당북동,경상사고,0,0,1,0,차대사람 - 길가장자리구역통행중,안전운전불이행,건조,맑음,단일로 - 기타,승용,여,51세,상해없음,보행자,남,62세,경상
2017020300100394,2017년 2월 3일 18시,금요일,경상북도 영주시 하망동,경상사고,0,0,1,0,차대차 - 추돌,안전운전불이행,건조,맑음,단일로 - 기타,승합,남,60세,상해없음,승용,여,58세,경상
2017020300100395,2017년 2월 3일 18시,금요일,경상북도 포항시 남구 연일읍,경상사고,0,0,1,0,차대차 - 추돌,안전운전불이행,건조,맑음,단일로 - 기타,승합,남,20세,상해없음,승용,남,47세,경상
2017020300100442,2017년 2월 3일 19시,금요일,경상북도 영주시 가흥동,경상사고,0,0,1,0,차대차 - 기타,중앙선침범,건조,맑음,교차로 - 교차로부근,승용,남,24세,상해없음,이륜,남,45세,경상
2017020300100474,2017년 2월 3일 20시,금요일,경상북도 영덕군 축산면,중상사고,0,2,0,0,차대차 - 추돌,안전운전불이행,건조,맑음,단일로 - 기타,화물,남,52세,중상,화물,남,58세,중상
2017020300100475,2017년 2월 3일 20시,금요일,경상북도 구미시 원평동,경상사고,0,0,1,0,차대사람 - 횡단중,안전운전불이행,건조,맑음,단일로 - 기타,승합,남,32세,상해없음,보행자,여,29세,경상
2017020300100532,2017년 2월 3일 22시,금요일,경상북도 포항시 북구 죽도동,경상사고,0,0,1,0,차대사람 - 차도통행중,안전운전불이행,건조,맑음,단일로 - 기타,승용,여,43세,상해없음,보행자,남,58세,경상
2017020300100533,2017년 2월 3일 22시,금요일,경상북도 경산시 옥산동,경상사고,0,0,1,0,차대사람 - 횡단중,안전운전불이행,건조,맑음,단일로 - 기타,승용,남,52세,상해없음,보행자,남,36세,경상
2017020300100534,2017년 2월 3일 22시,금요일,경상북도 포항시 남구 상도동,경상사고,0,0,2,2,차대차 - 측면충돌,안전운전불이행,건조,맑음,단일로 - 기타,승용,남,52세,상해없음,승용,남,18세,부상신고
2017020300100565,2017년 2월 3일 23시,금요일,경상북도 포항시 북구 죽도동,중상사고,0,1,0,0,차대차 - 측면충돌,신호위반,건조,맑음,교차로 - 교차로안,승용,남,67세,상해없음,승용,남,47세,중상
2017020400100024,2017년 2월 4일 00시,토요일,경상북도 경산시 임당동,중상사고,0,1,1,0,차대차 - 기타,교차로운행방법위반,건조,맑음,교차로 - 교차로안,승용,남,54세,상해없음,승용,여,49세,중상
2017020400100025,2017년 2월 4일 00시,토요일,경상북도 울진군 근남면,중상사고,0,1,0,1,차대차 - 측면충돌,안전운전불이행,건조,맑음,교차로 - 교차로안,화물,남,63세,부상신고,승용,남,22세,중상
2017020400100039,2017년 2월 4일 01시,토요일,경상북도 경주시 성건동,경상사고,0,0,2,0,차대차 - 측면충돌,신호위반,건조,맑음,교차로 - 교차로안,승용,남,62세,상해없음,승용,남,31세,경상
2017020400100056,2017년 2월 4일 02시,토요일,경상북도 구미시 공단동,부상신고사고,0,0,0,1,차량단독 - 전도전복,안전운전불이행,건조,맑음,기타 - 기타,승용,여,21세,부상신고,미분류,미분류,미분류,미분류
2017020400100105,2017년 2월 4일 06시,토요일,경상북도 구미시 시미동,경상사고,0,0,2,0,차대사람 - 횡단중,신호위반,건조,맑음,교차로 - 교차로횡단보도내,승용,여,49세,상해없음,보행자,여,23세,경상
2017020400100123,2017년 2월 4일 07시,토요일,경상북도 포항시 북구 흥해읍,중상사고,0,1,0,0,차대차 - 기타,안전운전불이행,건조,맑음,교차로 - 교차로횡단보도내,승용,남,54세,상해없음,자전거,여,57세,중상
2017020400100124,2017년 2월 4일 07시,토요일,경상북도 김천시 교동,중상사고,0,1,0,0,차대차 - 측면충돌,신호위반,건조,맑음,교차로 - 교차로횡단보도내,화물,남,64세,상해없음,자전거,여,75세,중상
2017020400100141,2017년 2월 4일 08시,토요일,경상북도 경주시 황성동,경상사고,0,0,1,0,차대차 - 추돌,안전운전불이행,건조,맑음,단일로 - 기타,승용,여,41세,상해없음,승용,여,31세,경상
2017020400100142,2017년 2월 4일 08시,토요일,경상북도 칠곡군 약목면,경상사고,0,0,2,2,차대차 - 측면충돌,안전운전불이행,건조,맑음,단일로 - 기타,승용,남,19세,상해없음,승합,남,46세,상해없음
2017020400100143,2017년 2월 4일 08시,토요일,경상북도 영천시 녹전동,경상사고,0,0,2,0,차대차 - 추돌,안전운전불이행,건조,맑음,단일로 - 기타,승용,남,35세,상해없음,승용,여,51세,경상
2017020400100207,2017년 2월 4일 11시,토요일,경상북도 구미시 산동면,부상신고사고,0,0,0,1,차량단독 - 공작물충돌,안전운전불이행,건조,맑음,교차로 - 교차로안,승용,남,26세,부상신고,,,,
2017020400100208,2017년 2월 4일 11시,토요일,경상북도 구미시 송정동,경상사고,0,0,1,0,차대차 - 기타,안전운전불이행,건조,맑음,주차장 - 주차장,승용,여,49세,상해없음,승용,여,57세,경상
2017020400100279,2017년 2월 4일 14시,토요일,경상북도 포항시 북구 대흥동,경상사고,0,0,3,0,차대차 - 측면충돌,교차로운행방법위반,건조,맑음,교차로 - 교차로부근,승용,남,52세,상해없음,승용,여,24세,경상
2017020400100298,2017년 2월 4일 15시,토요일,경상북도 포항시 남구 구룡포읍,경상사고,0,0,1,1,차대차 - 추돌,교차로운행방법위반,건조,맑음,교차로 - 교차로안,승용,남,46세,상해없음,승용,남,39세,경상
2017020400100332,2017년 2월 4일 17시,토요일,경상북도 경주시 배반동,중상사고,0,1,0,0,차대차 - 추돌,안전운전불이행,건조,맑음,단일로 - 기타,승합,남,53세,상해없음,승용,여,59세,중상
2017020400100333,2017년 2월 4일 17시,토요일,경상북도 구미시 황상동,경상사고,0,0,1,0,차대사람 - 횡단중,안전운전불이행,건조,맑음,단일로 - 기타,승용,여,30세,상해없음,보행자,여,32세,경상
2017020400100358,2017년 2월 4일 18시,토요일,경상북도 경주시 황오동,경상사고,0,0,3,0,차대차 - 추돌,안전운전불이행,건조,맑음,단일로 - 기타,승용,남,53세,상해없음,승용,남,60세,상해없음
2017020400100399,2017년 2월 4일 19시,토요일,경상북도 포항시 북구 용흥동,중상사고,0,3,0,0,차대차 - 측면충돌,신호위반,건조,맑음,교차로 - 교차로안,승용,여,56세,중상,승용,여,34세,중상
2017020400100418,2017년 2월 4일 20시,토요일,경상북도 포항시 북구 우현동,중상사고,0,1,0,0,차대사람 - 보도통행중,안전운전불이행,건조,맑음,단일로 - 기타,승용,남,68세,상해없음,보행자,여,80세,중상
2017020400100419,2017년 2월 4일 20시,토요일,경상북도 영천시 오수동,경상사고,0,0,2,0,차대차 - 측면충돌,신호위반,건조,맑음,교차로 - 교차로안,승용,여,60세,상해없음,승용,남,28세,경상
2017020400100420,2017년 2월 4일 20시,토요일,경상북도 포항시 남구 지곡동,부상신고사고,0,0,0,1,차대사람 - 횡단중,안전운전불이행,건조,맑음,교차로 - 교차로부근,승용,남,53세,상해없음,보행자,남,19세,부상신고
2017020400100445,2017년 2월 4일 21시,토요일,경상북도 안동시 안막동,중상사고,0,1,0,0,차량단독 - 전도전복,안전운전불이행,건조,맑음,단일로 - 기타,승용,남,47세,중상,미분류,미분류,미분류,미분류
2017020400100446,2017년 2월 4일 21시,토요일,경상북도 포항시 남구 대도동,중상사고,0,1,0,0,차대사람 - 횡단중,안전운전불이행,건조,맑음,단일로 - 기타,승용,여,56세,상해없음,보행자,남,59세,중상
2017020400100495,2017년 2월 4일 23시,토요일,경상북도 포항시 북구 장성동,중상사고,0,1,0,0,차대사람 - 횡단중,보행자보호의무위반,건조,맑음,단일로 - 기타,화물,남,32세,상해없음,보행자,남,52세,중상
2017020500100039,2017년 2월 5일 01시,일요일,경상북도 영주시 하망동,중상사고,0,1,1,0,차대차 - 측면충돌,교차로운행방법위반,건조,흐림,교차로 - 교차로안,승용,남,27세,상해없음,승합,남,25세,중상
2017020500100104,2017년 2월 5일 07시,일요일,경상북도 구미시 지산동,경상사고,0,0,1,0,차대차 - 추돌,안전운전불이행,건조,맑음,단일로 - 기타,승용,남,28세,상해없음,승용,남,41세,경상
2017020500100118,2017년 2월 5일 09시,일요일,경상북도 영양군 영양읍,경상사고,0,0,2,0,차대차 - 기타,교차로운행방법위반,건조,맑음,교차로 - 교차로안,화물,남,57세,경상,승용,남,58세,경상
2017020500100119,2017년 2월 5일 09시,일요일,경상북도 포항시 남구 인덕동,경상사고,0,0,3,0,차대차 - 추돌,안전거리미확보,건조,맑음,교차로 - 교차로부근,화물,남,47세,상해없음,승용,남,33세,경상
2017020500100135,2017년 2월 5일 10시,일요일,경상북도 영덕군 영해면,경상사고,0,0,1,0,차대사람 - 횡단중,안전운전불이행,건조,맑음,단일로 - 기타,화물,여,59세,상해없음,보행자,남,72세,경상
2017020500100169,2017년 2월 5일 12시,일요일,경상북도 경주시 외동읍,중상사고,0,2,1,0,차대차 - 정면충돌,불법유턴,건조,맑음,교차로 - 교차로부근,승용,남,45세,상해없음,승용,남,36세,중상
2017020500100170,2017년 2월 5일 12시,일요일,경상북도 포항시 북구 죽도동,경상사고,0,0,4,0,차대차 - 측면충돌,교차로운행방법위반,건조,맑음,교차로 - 교차로안,승용,여,32세,경상,승용,남,68세,경상
2017020500100196,2017년 2월 5일 14시,일요일,경상북도 포항시 남구 대잠동,경상사고,0,0,2,0,차대차 - 추돌,직진우회전진행방해,건조,맑음,교차로 - 교차로안,승용,여,59세,경상,승용,남,65세,경상
2017020500100220,2017년 2월 5일 15시,일요일,경상북도 포항시 북구 송라면,경상사고,0,0,1,0,차대차 - 추돌,안전운전불이행,건조,맑음,교차로 - 교차로안,승용,남,54세,상해없음,승용,여,54세,경상
2017020500100221,2017년 2월 5일 15시,일요일,경상북도 안동시 풍산읍,경상사고,0,0,1,0,차대차 - 추돌,안전거리미확보,건조,맑음,단일로 - 기타,승용,남,46세,상해없음,승용,남,69세,경상
2017020500100222,2017년 2월 5일 15시,일요일,경상북도 봉화군 소천면,경상사고,0,0,3,0,차량단독 - 공작물충돌,안전운전불이행,서리/결빙,맑음,단일로 - 기타,승용,여,60세,경상,,,,
2017020500100241,2017년 2월 5일 16시,일요일,경상북도 포항시 북구 우현동,경상사고,0,0,1,0,차량단독 - 공작물충돌,안전운전불이행,건조,맑음,단일로 - 기타,승용,여,46세,상해없음,,,,
2017020500100242,2017년 2월 5일 16시,일요일,경상북도 포항시 북구 장성동,경상사고,0,0,1,0,차대차 - 정면충돌,안전운전불이행,건조,맑음,단일로 - 기타,승용,여,32세,상해없음,승용,여,52세,경상
2017020500100243,2017년 2월 5일 16시,일요일,경상북도 포항시 북구 남빈동,경상사고,0,0,2,0,차대차 - 기타,안전운전불이행,건조,맑음,교차로 - 교차로부근,승합,남,57세,상해없음,승합,남,52세,경상
2017020500100244,2017년 2월 5일 16시,일요일,경상북도 안동시 태화동,경상사고,0,0,1,0,차대차 - 측면충돌,안전운전불이행,건조,맑음,교차로 - 교차로안,화물,남,56세,상해없음,이륜,남,18세,경상
2017020500100262,2017년 2월 5일 17시,일요일,경상북도 영주시 풍기읍,중상사고,0,1,0,0,차대차 - 측면충돌,교차로운행방법위반,건조,맑음,교차로 - 교차로안,승용,여,56세,상해없음,화물,여,51세,중상
2017020500100263,2017년 2월 5일 17시,일요일,경상북도 청도군 이서면,경상사고,0,0,1,0,차대차 - 추돌,안전운전불이행,건조,맑음,단일로 - 기타,화물,남,60세,상해없음,승용,남,53세,경상
2017020500100264,2017년 2월 5일 17시,일요일,경상북도 구미시 사곡동,경상사고,0,0,1,0,차대차 - 측면충돌,차로위반,건조,맑음,단일로 - 기타,승용,남,48세,상해없음,이륜,남,21세,경상
2017020500100290,2017년 2월 5일 18시,일요일,경상북도 경주시 충효동,경상사고,0,0,1,0,차대차 - 측면충돌,안전운전불이행,건조,맑음,단일로 - 기타,승용,남,51세,상해없음,승용,남,38세,경상
2017020500100291,2017년 2월 5일 18시,일요일,경상북도 포항시 북구 양덕동,경상사고,0,0,4,0,차대차 - 측면충돌,안전운전불이행,건조,맑음,교차로 - 교차로안,승용,남,21세,경상,승용,남,49세,경상
2017020500100292,2017년 2월 5일 18시,일요일,경상북도 의성군 단북면,중상사고,0,1,0,0,차대차 - 정면충돌,중앙선침범,건조,맑음,단일로 - 기타,승용,남,56세,상해없음,화물,남,60세,중상
2017020500100293,2017년 2월 5일 18시,일요일,경상북도 영덕군 남정면,경상사고,0,0,2,0,차대차 - 추돌,안전거리미확보,건조,맑음,교차로 - 교차로부근,승용,남,47세,상해없음,승용,남,36세,경상
2017020500100315,2017년 2월 5일 19시,일요일,경상북도 안동시 와룡면,중상사고,0,1,0,0,차대사람 - 길가장자리구역통행중,중앙선침범,건조,맑음,단일로 - 기타,승용,남,77세,상해없음,보행자,여,76세,중상
2017020500100316,2017년 2월 5일 19시,일요일,경상북도 안동시 송현동,경상사고,0,0,1,0,차대차 - 추돌,안전거리미확보,건조,맑음,단일로 - 기타,승용,남,56세,상해없음,승용,여,45세,경상
2017020500100317,2017년 2월 5일 19시,일요일,경상북도 문경시 모전동,경상사고,0,0,2,0,차대차 - 측면충돌,직진우회전진행방해,건조,맑음,교차로 - 교차로안,승합,남,20세,상해없음,원동기,남,26세,경상
2017020500100346,2017년 2월 5일 20시,일요일,경상북도 성주군 성주읍,경상사고,0,0,1,0,차대사람 - 기타,안전운전불이행,건조,맑음,교차로 - 교차로부근,승용,남,46세,상해없음,보행자,여,37세,경상
2017020500100347,2017년 2월 5일 20시,일요일,경상북도 구미시 옥계동,경상사고,0,0,2,0,차대차 - 추돌,안전운전불이행,건조,맑음,교차로 - 교차로부근,화물,남,49세,상해없음,승용,남,47세,경상
2017020500100363,2017년 2월 5일 21시,일요일,경상북도 구미시 신평동,경상사고,0,0,3,0,차대차 - 정면충돌,중앙선침범,건조,맑음,교차로 - 교차로부근,승용,남,50세,상해없음,승용,남,48세,경상
2017020500100381,2017년 2월 5일 22시,일요일,경상북도 경주시 서부동,중상사고,0,2,0,0,차대차 - 측면충돌,안전운전불이행,건조,맑음,단일로 - 기타,승용,남,63세,상해없음,원동기,남,21세,중상