사고번호,사고일시,요일,시군구,사고내용,사망자수,중상자수,경상자수,부상신고자수,사고유형,법규위반,노면상태,기상상태,도로형태,가해운전자 차종,가해운전자 성별,가해운전자 연령,가해운전자 상해정도,피해운전자 차종,피해운전자 성별,피해운전자 연령,피해운전자 상해정도
2017020600100041,2017년 2월 6일 04시,월요일,경상북도 김천시 아포읍,경상사고,0,0,1,0,차대차 - 기타,안전운전불이행,건조,맑음,단일로 - 기타,승용,남,26세,기타불명,화물,남,49세,경상
2017020600100066,2017년 2월 6일 06시,월요일,경상북도 포항시 남구 대잠동,경상사고,0,0,1,0,차대차 - 측면충돌,안전운전불이행,건조,맑음,단일로 - 기타,건설기계,남,54세,상해없음,승용,남,56세,경상
2017020600100114,2017년 2월 6일 08시,월요일,경상북도 안동시 풍산읍,중상사고,0,2,2,0,차대차 - 추돌,안전거리미확보,건조,맑음,단일로 - 기타,승합,남,38세,상해없음,승용,남,43세,경상
2017020600100115,2017년 2월 6일 08시,월요일,경상북도 구미시 선산읍,경상사고,0,0,2,0,차대차 - 측면충돌,직진우회전진행방해,건조,맑음,교차로 - 교차로안,화물,남,50세,경상,승용,남,44세,경상
2017020600100116,2017년 2월 6일 08시,월요일,경상북도 구미시 금전동,경상사고,0,0,1,0,차대차 - 측면충돌,안전운전불이행,서리/결빙,맑음,단일로 - 기타,승용,여,29세,상해없음,승용,여,55세,경상
2017020600100157,2017년 2월 6일 10시,월요일,경상북도 경주시 안강읍,경상사고,0,0,1,0,차대차 - 추돌,안전운전불이행,건조,맑음,단일로 - 기타,승용,남,73세,상해없음,농기계,남,60세,경상
2017020600100158,2017년 2월 6일 10시,월요일,경상북도 상주시 화남면,경상사고,0,0,1,0,차량단독 - 전도전복,안전운전불이행,건조,맑음,단일로 - 기타,승용,남,50세,경상,미분류,미분류,미분류,미분류
2017020600100179,2017년 2월 6일 11시,월요일,경상북도 구미시 진평동,경상사고,0,0,1,0,차대차 - 측면충돌,교차로운행방법위반,건조,맑음,교차로 - 교차로안,승용,여,42세,상해없음,승용,남,55세,경상
2017020600100215,2017년 2월 6일 12시,월요일,경상북도 경산시 진량읍,중상사고,0,1,0,0,차대차 - 추돌,신호위반,건조,맑음,교차로 - 교차로안,이륜,남,22세,중상,화물,남,34세,상해없음
2017020600100234,2017년 2월 6일 13시,월요일,경상북도 경주시 외동읍,경상사고,0,0,1,0,차대차 - 측면충돌,안전운전불이행,건조,맑음,교차로 - 교차로안,화물,남,54세,상해없음,승용,남,32세,경상
2017020600100235,2017년 2월 6일 13시,월요일,경상북도 포항시 북구 죽도동,경상사고,0,0,1,0,차대사람 - 길가장자리구역통행중,안전운전불이행,건조,맑음,단일로 - 기타,승용,여,51세,상해없음,보행자,남,27세,경상
2017020600100236,2017년 2월 6일 13시,월요일,경상북도 상주시 초산동,중상사고,0,2,0,0,차대차 - 추돌,안전거리미확보,건조,맑음,단일로 - 기타,승용,남,31세,상해없음,승용,여,43세,중상
2017020600100292,2017년 2월 6일 15시,월요일,경상북도 포항시 북구 죽도동,경상사고,0,0,1,0,차대차 - 측면충돌,차로위반,건조,맑음,단일로 - 기타,승용,여,54세,상해없음,이륜,남,44세,경상
2017020600100293,2017년 2월 6일 15시,월요일,경상북도 김천시 덕곡동,경상사고,0,0,2,0,차대차 - 측면충돌,안전운전불이행,건조,맑음,교차로 - 교차로안,화물,남,59세,경상,화물,남,64세,경상
2017020600100294,2017년 2월 6일 15시,월요일,경상북도 영천시 완산동,중상사고,0,1,1,0,차대차 - 정면충돌,교차로운행방법위반,건조,맑음,교차로 - 교차로안,승용,여,60세,상해없음,원동기,남,72세,중상
2017020600100295,2017년 2월 6일 15시,월요일,경상북도 고령군 성산면,경상사고,0,0,2,0,차대차 - 측면충돌,안전운전불이행,건조,맑음,단일로 - 기타,승용,여,62세,상해없음,승용,남,54세,경상
2017020600100325,2017년 2월 6일 16시,월요일,경상북도 포항시 남구 해도동,경상사고,0,0,2,0,차대차 - 기타,교차로운행방법위반,건조,맑음,단일로 - 기타,승용,여,52세,상해없음,이륜,남,17세,경상
2017020600100351,2017년 2월 6일 17시,월요일,경상북도 경주시 석장동,중상사고,0,1,0,0,차대차 - 측면충돌,신호위반,건조,맑음,교차로 - 교차로횡단보도내,승용,남,83세,상해없음,자전거,여,56세,중상
2017020600100352,2017년 2월 6일 17시,월요일,경상북도 예천군 감천면,중상사고,0,1,0,0,차량단독 - 공작물충돌,안전운전불이행,건조,맑음,단일로 - 기타,화물,남,36세,중상,,,,
2017020600100382,2017년 2월 6일 18시,월요일,경상북도 경주시 용강동,경상사고,0,0,1,1,차대차 - 측면충돌,안전운전불이행,건조,맑음,단일로 - 기타,승용,여,26세,부상신고,승합,남,57세,경상
2017020600100383,2017년 2월 6일 18시,월요일,경상북도 포항시 북구 죽도동,경상사고,0,0,1,0,차대사람 - 길가장자리구역통행중,안전운전불이행,건조,맑음,단일로 - 기타,승용,남,24세,상해없음,보행자,여,56세,경상
2017020600100384,2017년 2월 6일 18시,월요일,경상북도 울진군 매화면,중상사고,0,1,1,1,차대차 - 추돌,안전운전불이행,건조,맑음,단일로 - 기타,승용,남,57세,부상신고,승용,여,50세,중상
2017020600100418,2017년 2월 6일 19시,월요일,경상북도 상주시 서성동,경상사고,0,0,1,0,차대차 - 측면충돌,차로위반,건조,맑음,단일로 - 기타,승용,남,60세,상해없음,원동기,남,16세,경상
2017020600100419,2017년 2월 6일 19시,월요일,경상북도 고령군 대가야읍,중상사고,0,1,2,0,차대차 - 기타,차로위반,건조,맑음,단일로 - 터널,승용,여,54세,경상,승용,여,22세,중상
2017020600100444,2017년 2월 6일 20시,월요일,경상북도 상주시 외서면,중상사고,0,1,0,0,차대차 - 추돌,안전운전불이행,건조,맑음,단일로 - 기타,승용,남,35세,상해없음,승용,여,45세,중상
2017020600100465,2017년 2월 6일 21시,월요일,경상북도 경주시 외동읍,중상사고,0,2,0,0,차대차 - 측면충돌,안전운전불이행,건조,맑음,단일로 - 기타,승용,남,57세,중상,승용,남,40세,중상
2017020600100466,2017년 2월 6일 21시,월요일,경상북도 영주시 풍기읍,중상사고,0,2,0,0,차대차 - 정면충돌,중앙선침범,건조,맑음,단일로 - 기타,승용,여,64세,상해없음,승용,남,49세,중상
2017020600100512,2017년 2월 6일 23시,월요일,경상북도 문경시 모전동,경상사고,0,0,1,0,차대차 - 정면충돌,안전운전불이행,건조,맑음,교차로 - 교차로안,승용,남,53세,상해없음,이륜,남,21세,경상
2017020600100513,2017년 2월 6일 23시,월요일,경상북도 구미시 송정동,부상신고사고,0,0,0,1,차대차 - 기타,안전운전불이행,건조,맑음,단일로 - 기타,이륜,남,50세,부상신고,승용,남,36세,상해없음
2017020700100022,2017년 2월 7일 00시,화요일,경상북도 구미시 상모동,경상사고,0,0,1,0,차대사람 - 횡단중,안전운전불이행,건조,맑음,교차로 - 교차로안,승용,여,34세,상해없음,보행자,남,49세,경상
2017020700100029,2017년 2월 7일 01시,화요일,경상북도 포항시 북구 두호동,경상사고,0,0,1,0,차대차 - 기타,안전운전불이행,건조,맑음,단일로 - 기타,승용,남,60세,상해없음,승용,남,67세,상해없음
2017020700100044,2017년 2월 7일 03시,화요일,경상북도 구미시 시미동,경상사고,0,0,1,0,차대차 - 기타,교차로운행방법위반,건조,맑음,교차로 - 교차로안,승용,여,22세,상해없음,승용,여,28세,경상
2017020700100049,2017년 2월 7일 04시,화요일,경상북도 김천시 평화동,경상사고,0,0,2,0,차대차 - 측면충돌,신호위반,건조,맑음,교차로 - 교차로안,승용,여,52세,경상,승용,여,38세,경상
2017020700100095,2017년 2월 7일 07시,화요일,경상북도 경산시 압량면,경상사고,0,0,1,0,차대사람 - 길가장자리구역통행중,안전운전불이행,건조,맑음,기타 - 기타,승용,남,37세,상해없음,보행자,남,26세,경상
2017020700100096,2017년 2월 7일 07시,화요일,경상북도 포항시 남구 송도동,중상사고,0,1,0,0,차대차 - 측면충돌,중앙선침범,건조,맑음,교차로 - 교차로부근,자전거,남,50세,중상,화물,남,76세,상해없음
2017020700100125,2017년 2월 7일 08시,화요일,경상북도 경산시 삼풍동,경상사고,0,0,1,0,차대차 - 기타,안전운전불이행,건조,맑음,단일로 - 기타,승용,여,40세,상해없음,승용,여,44세,경상
2017020700100204,2017년 2월 7일 11시,화요일,경상북도 칠곡군 석적읍,경상사고,0,0,3,0,차대차 - 추돌,안전운전불이행,건조,맑음,단일로 - 교량,화물,남,37세,상해없음,승용,남,32세,경상
2017020700100243,2017년 2월 7일 13시,화요일,경상북도 칠곡군 왜관읍,경상사고,0,0,1,0,차대차 - 측면충돌,교차로운행방법위반,건조,맑음,교차로 - 교차로안,승용,남,56세,상해없음,승용,여,35세,경상
2017020700100262,2017년 2월 7일 14시,화요일,경상북도 구미시 원평동,부상신고사고,0,0,0,1,차대차 - 추돌,안전운전불이행,건조,맑음,단일로 - 기타,화물,남,29세,부상신고,화물,남,52세,상해없음
2017020700100291,2017년 2월 7일 15시,화요일,경상북도 영양군 영양읍,경상사고,0,0,1,0,차대사람 - 횡단중,안전운전불이행,건조,맑음,단일로 - 기타,승용,여,35세,상해없음,보행자,남,7세,경상
2017020700100316,2017년 2월 7일 16시,화요일,경상북도 포항시 북구 득량동,중상사고,0,1,0,0,차대차 - 정면충돌,안전운전불이행,건조,맑음,교차로 - 교차로안,승용,여,57세,상해없음,승용,남,31세,중상
2017020700100317,2017년 2월 7일 16시,화요일,경상북도 안동시 용상동,중상사고,0,1,0,0,차대차 - 측면충돌,안전운전불이행,건조,맑음,교차로 - 교차로횡단보도내,화물,남,25세,상해없음,화물,여,52세,중상
2017020700100318,2017년 2월 7일 16시,화요일,경상북도 안동시 옥동,경상사고,0,0,1,0,차대차 - 정면충돌,안전운전불이행,건조,맑음,교차로 - 교차로안,승용,남,72세,상해없음,승용,남,30세,경상
2017020700100319,2017년 2월 7일 16시,화요일,경상북도 영덕군 강구면,경상사고,0,0,1,0,차대사람 - 기타,안전운전불이행,건조,맑음,단일로 - 기타,승용,여,45세,기타불명,보행자,남,57세,경상
2017020700100343,2017년 2월 7일 17시,화요일,경상북도 경산시 진량읍,중상사고,0,1,1,0,차대차 - 측면충돌,불법유턴,건조,맑음,단일로 - 기타,승용,남,23세,경상,승용,여,44세,중상
2017020700100344,2017년 2월 7일 17시,화요일,경상북도 성주군 벽진면,경상사고,0,0,1,0,차대차 - 측면충돌,안전운전불이행,건조,맑음,교차로 - 교차로부근,승용,남,61세,경상,화물,남,59세,상해없음
2017020700100370,2017년 2월 7일 18시,화요일,경상북도 경주시 석장동,중상사고,0,1,1,0,차대차 - 측면충돌,신호위반,건조,맑음,교차로 - 교차로안,원동기,남,24세,중상,승용,여,45세,상해없음
2017020700100371,2017년 2월 7일 18시,화요일,경상북도 경주시 감포읍,중상사고,0,1,0,0,차대사람 - 차도통행중,안전운전불이행,건조,맑음,단일로 - 기타,화물,남,33세,상해없음,보행자,여,63세,중상
2017020700100372,2017년 2월 7일 18시,화요일,경상북도 포항시 북구 죽도동,경상사고,0,0,1,0,차대차 - 측면충돌,교차로운행방법위반,건조,맑음,단일로 - 기타,화물,남,47세,상해없음,이륜,여,29세,경상
2017020700100373,2017년 2월 7일 18시,화요일,경상북도 포항시 북구 장성동,중상사고,0,1,0,0,차대차 - 추돌,안전운전불이행,건조,맑음,교차로 - 교차로부근,승용,여,51세,상해없음,승용,남,54세,중상
2017020700100374,2017년 2월 7일 18시,화요일,경상북도 영천시 망정동,부상신고사고,0,0,0,1,차량단독 - 전도전복 - 전도,안전운전불이행,젖음/습기,맑음,교차로 - 교차로안,이륜,남,35세,부상신고,,,,
2017020700100407,2017년 2월 7일 19시,화요일,경상북도 경주시 성동동,중상사고,0,1,0,0,차대사람 - 횡단중,안전운전불이행,건조,맑음,단일로 - 기타,이륜,남,19세,상해없음,보행자,여,75세,중상
2017020700100408,2017년 2월 7일 19시,화요일,경상북도 구미시 해평면,경상사고,0,0,1,0,차대차 - 정면충돌,안전운전불이행,건조,맑음,단일로 - 기타,화물,남,65세,상해없음,승용,여,61세,경상
2017020700100429,2017년 2월 7일 20시,화요일,경상북도 포항시 북구 용흥동,중상사고,0,1,0,0,차대차 - 정면충돌,안전운전불이행,건조,맑음,단일로 - 기타,원동기,남,17세,중상,승용,남,70세,상해없음
2017020700100430,2017년 2월 7일 20시,화요일,경상북도 안동시 임하면,경상사고,0,0,1,0,차량단독 - 전도전복,안전운전불이행,건조,맑음,기타 - 기타,화물,남,66세,상해없음,미분류,미분류,미분류,미분류
2017020700100431,2017년 2월 7일 20시,화요일,경상북도 안동시 옥동,경상사고,0,0,1,0,차대차 - 추돌,기타,건조,맑음,단일로 - 기타,승용,여,30세,상해없음,승용,남,41세,상해없음
2017020700100432,2017년 2월 7일 20시,화요일,경상북도 포항시 남구 인덕동,경상사고,0,0,2,0,차대차 - 측면충돌,직진우회전진행방해,건조,맑음,교차로 - 교차로안,승용,남,27세,경상,승용,남,51세,경상
2017020800100018,2017년 2월 8일 00시,수요일,경상북도 구미시 고아읍,경상사고,0,0,2,0,차대차 - 측면충돌,안전거리미확보,건조,맑음,교차로 - 교차로안,승용,남,41세,상해없음,승용,남,42세,경상
2017020800100050,2017년 2월 8일 04시,수요일,경상북도 포항시 북구 죽도동,경상사고,0,0,1,0,차대차 - 추돌,직진우회전진행방해,건조,맑음,단일로 - 기타,승용,남,53세,상해없음,승용,여,36세,경상
2017020800100082,2017년 2월 8일 07시,수요일,경상북도 영천시 완산동,중상사고,0,1,0,0,차대차 - 측면충돌,신호위반,건조,맑음,교차로 - 교차로안,승용,남,55세,상해없음,원동기,여,71세,중상
2017020800100083,2017년 2월 8일 07시,수요일,경상북도 고령군 다산면,경상사고,0,0,1,0,차대차 - 측면충돌,차로위반,건조,맑음,단일로 - 기타,승용,남,30세,상해없음,이륜,남,27세,경상
2017020800100084,2017년 2월 8일 07시,수요일,경상북도 포항시 남구 연일읍,중상사고,0,1,0,0,차대차 - 정면충돌,중앙선침범,건조,맑음,단일로 - 기타,승용,남,27세,상해없음,화물,남,66세,중상
2017020800100085,2017년 2월 8일 07시,수요일,경상북도 포항시 남구 대송면,중상사고,0,1,0,0,차대차 - 측면충돌,안전운전불이행,건조,맑음,단일로 - 기타,기타불명,기타불명,미분류,기타불명,승용,여,43세,중상
2017020800100112,2017년 2월 8일 08시,수요일,경상북도 포항시 북구 용흥동,경상사고,0,0,1,0,차대차 - 추돌,안전거리미확보,건조,맑음,단일로 - 기타,승용,여,23세,상해없음,승용,여,47세,경상
2017020800100113,2017년 2월 8일 08시,수요일,경상북도 영천시 망정동,중상사고,0,1,0,0,차대사람 - 기타,중앙선침범,건조,맑음,단일로 - 기타,승용,여,38세,상해없음,보행자,여,82세,중상
2017020800100114,2017년 2월 8일 08시,수요일,경상북도 경산시 평산동,중상사고,0,1,0,0,차대차 - 기타,교차로운행방법위반,건조,맑음,교차로 - 교차로안,화물,남,72세,상해없음,화물,남,54세,중상
2017020800100115,2017년 2월 8일 08시,수요일,경상북도 구미시 고아읍,중상사고,0,1,0,0,차대사람 - 차도통행중,안전운전불이행,건조,맑음,단일로 - 기타,승용,남,24세,기타불명,보행자,여,47세,중상
2017020800100140,2017년 2월 8일 09시,수요일,경상북도 성주군 선남면,중상사고,0,1,0,0,차대차 - 측면충돌,안전운전불이행,건조,맑음,기타 - 기타,화물,남,37세,상해없음,이륜,남,73세,중상
2017020800100185,2017년 2월 8일 11시,수요일,경상북도 안동시 풍산읍,경상사고,0,0,1,0,차대차 - 추돌,안전운전불이행,건조,맑음,단일로 - 기타,화물,남,74세,상해없음,승용,여,63세,경상
2017020800100186,2017년 2월 8일 11시,수요일,경상북도 경산시 중방동,중상사고,0,1,1,0,차대차 - 기타,안전운전불이행,건조,맑음,단일로 - 기타,화물,남,68세,상해없음,승용,남,21세,경상
2017020800100232,2017년 2월 8일 13시,수요일,경상북도 경주시 내남면,중상사고,0,1,0,0,차대차 - 측면충돌,신호위반,건조,맑음,교차로 - 교차로안,자전거,남,53세,중상,승용,여,57세,상해없음
2017020800100233,2017년 2월 8일 13시,수요일,경상북도 의성군 다인면,중상사고,0,1,0,0,차대차 - 추돌,기타,건조,맑음,교차로 - 교차로안,건설기계,남,46세,상해없음,이륜,남,70세,중상
2017020800100234,2017년 2월 8일 13시,수요일,경상북도 영주시 가흥동,경상사고,0,0,1,0,차대차 - 측면충돌,교차로운행방법위반,건조,맑음,교차로 - 교차로안,화물,남,65세,상해없음,승용,남,45세,경상
2017020800100235,2017년 2월 8일 13시,수요일,경상북도 예천군 호명면,중상사고,0,1,1,0,차대차 - 측면충돌,신호위반,건조,맑음,교차로 - 교차로안,건설기계,남,54세,경상,화물,남,59세,중상
2017020800100260,2017년 2월 8일 14시,수요일,경상북도 포항시 북구 죽도동,중상사고,0,1,0,0,차대사람 - 횡단중,보행자보호의무위반,건조,맑음,단일로 - 기타,승용,여,54세,상해없음,보행자,여,74세,중상
2017020800100261,2017년 2월 8일 14시,수요일,경상북도 포항시 북구 죽도동,경상사고,0,0,1,0,차대사람 - 횡단중,보행자보호의무위반,건조,맑음,단일로 - 기타,승용,남,64세,상해없음,보행자,남,28세,경상
2017020800100262,2017년 2월 8일 14시,수요일,경상북도 문경시 가은읍,중상사고,0,1,0,0,차대차 - 측면충돌,중앙선침범,건조,맑음,단일로 - 기타,농기계,남,52세,상해없음,승용,여,52세,중상
2017020800100295,2017년 2월 8일 15시,수요일,경상북도 영주시 휴천동,경상사고,0,0,2,0,차대차 - 측면충돌,안전운전불이행,건조,맑음,교차로 - 교차로안,승용,여,54세,상해없음,승용,남,51세,상해없음
2017020800100323,2017년 2월 8일 16시,수요일,경상북도 의성군 안계면,중상사고,0,1,0,0,차대차 - 측면충돌,직진우회전진행방해,건조,맑음,교차로 - 교차로안,승용,여,60세,상해없음,이륜,남,79세,중상
2017020800100324,2017년 2월 8일 16시,수요일,경상북도 성주군 성주읍,부상신고사고,0,0,0,1,차대사람 - 차도통행중,보행자보호의무위반,건조,맑음,교차로 - 교차로부근,기타불명,기타불명,미분류,기타불명,보행자,여,5세,부상신고
2017020800100325,2017년 2월 8일 16시,수요일,경상북도 포항시 남구 대도동,경상사고,0,0,1,0,차대차 - 기타,불법유턴,건조,맑음,교차로 - 교차로안,승용,남,70세,상해없음,이륜,남,17세,경상
2017020800100351,2017년 2월 8일 17시,수요일,경상북도 의성군 점곡면,중상사고,0,1,0,0,차량단독 - 전도전복,안전운전불이행,건조,맑음,단일로 - 기타,자전거,남,56세,중상,미분류,미분류,미분류,미분류
2017020800100352,2017년 2월 8일 17시,수요일,경상북도 성주군 성주읍,중상사고,0,1,0,0,차대차 - 측면충돌,교차로운행방법위반,건조,맑음,교차로 - 교차로안,승용,여,29세,상해없음,승용,여,57세,중상
2017020800100353,2017년 2월 8일 17시,수요일,경상북도 구미시 원평동,중상사고,0,1,0,0,차대차 - 기타,안전거리미확보,건조,맑음,단일로 - 기타,승용,여,44세,상해없음,원동기,남,40세,중상
2017020800100354,2017년 2월 8일 17시,수요일,경상북도 구미시 광평동,경상사고,0,0,2,0,차대차 - 측면충돌,신호위반,건조,맑음,교차로 - 교차로안,승용,여,43세,상해없음,승용,남,45세,경상
2017020800100355,2017년 2월 8일 17시,수요일,경상북도 구미시 도량동,경상사고,0,0,1,0,차대차 - 추돌,안전운전불이행,건조,맑음,교차로 - 교차로부근,화물,여,44세,상해없음,승용,남,42세,경상
2017020800100390,2017년 2월 8일 18시,수요일,경상북도 상주시 신봉동,사망사고,1,0,0,0,차대차 - 추돌,안전거리미확보,건조,맑음,단일로 - 기타,이륜,남,54세,사망,화물,남,74세,상해없음
2017020800100429,2017년 2월 8일 19시,수요일,경상북도 칠곡군 가산면,경상사고,0,0,1,0,차대차 - 측면충돌,안전운전불이행,건조,맑음,단일로 - 기타,승용,남,52세,상해없음,화물,남,70세,경상
2017020800100430,2017년 2월 8일 19시,수요일,경상북도 칠곡군 왜관읍,중상사고,0,1,2,0,차대차 - 측면충돌,교차로운행방법위반,건조,맑음,교차로 - 교차로안,승용,남,61세,상해없음,승용,여,43세,경상
2017020800100481,2017년 2월 8일 21시,수요일,경상북도 경주시 안강읍,중상사고,0,1,0,0,차대사람 - 횡단중,보행자보호의무위반,건조,맑음,교차로 - 교차로부근,이륜,남,19세,상해없음,보행자,여,49세,중상
2017020800100482,2017년 2월 8일 21시,수요일,경상북도 구미시 임은동,경상사고,0,0,1,0,차대차 - 측면충돌,안전운전불이행,건조,맑음,단일로 - 기타,승합,남,56세,상해없음,승용,여,48세,경상
2017020800100525,2017년 2월 8일 23시,수요일,경상북도 포항시 북구 두호동,경상사고,0,0,1,0,차대사람 - 횡단중,보행자보호의무위반,건조,맑음,교차로 - 교차로횡단보도내,승용,남,57세,상해없음,보행자,남,34세,경상
2017020900100014,2017년 2월 9일 00시,목요일,경상북도 포항시 북구 죽도동,경상사고,0,0,1,0,차대사람 - 차도통행중,교차로운행방법위반,건조,맑음,교차로 - 교차로안,승용,남,54세,상해없음,보행자,남,43세,경상
2017020900100060,2017년 2월 9일 06시,목요일,경상북도 구미시 진평동,중상사고,0,1,0,0,차대사람 - 횡단중,신호위반,건조,맑음,단일로 - 기타,승용,남,59세,상해없음,보행자,여,43세,중상
2017020900100074,2017년 2월 9일 07시,목요일,경상북도 안동시 수상동,중상사고,0,1,1,0,차대차 - 측면충돌,교차로운행방법위반,건조,맑음,단일로 - 기타,화물,여,57세,경상,승용,남,47세,중상
2017020900100099,2017년 2월 9일 08시,목요일,경상북도 상주시 화서면,경상사고,0,0,1,0,차량단독 - 전도전복,안전운전불이행,건조,맑음,단일로 - 기타,건설기계,남,60세,경상,미분류,미분류,미분류,미분류
2017020900100100,2017년 2월 9일 08시,목요일,경상북도 구미시 임수동,경상사고,0,0,1,0,차대차 - 기타,직진우회전진행방해,건조,맑음,교차로 - 교차로안,승용,남,50세,상해없음,승용,남,35세,경상
2017020900100158,2017년 2월 9일 10시,목요일,경상북도 구미시 시미동,중상사고,0,1,0,0,차대차 - 추돌,안전운전불이행,건조,맑음,단일로 - 기타,화물,남,66세,상해없음,화물,남,40세,상해없음
2017020900100159,2017년 2월 9일 10시,목요일,경상북도 포항시 남구 연일읍,중상사고,0,1,0,0,차대차 - 추돌,안전운전불이행,건조,맑음,교차로 - 교차로안,승용,남,64세,상해없음,자전거,남,67세,중상
2017020900100180,2017년 2월 9일 11시,목요일,경상북도 예천군 예천읍,중상사고,0,1,1,0,차대차 - 측면충돌,직진우회전진행방해,건조,맑음,교차로 - 교차로안,승용,남,61세,중상,승용,남,56세,경상
2017020900100205,2017년 2월 9일 12시,목요일,경상북도 영주시 장수면,중상사고,0,1,0,0,차대차 - 추돌,안전운전불이행,건조,맑음,단일로 - 기타,승용,여,66세,상해없음,화물,남,77세,중상
2017020900100206,2017년 2월 9일 12시,목요일,경상북도 구미시 도량동,부상신고사고,0,0,0,1,차대차 - 측면충돌,안전거리미확보,건조,맑음,교차로 - 교차로안,이륜,남,22세,부상신고,화물,남,35세,상해없음
2017020900100236,2017년 2월 9일 13시,목요일,경상북도 김천시 율곡동,경상사고,0,0,1,0,차대차 - 측면충돌,안전운전불이행,건조,맑음,교차로 - 교차로안,승용,여,35세,상해없음,승용,남,65세,경상
2017020900100237,2017년 2월 9일 13시,목요일,경상북도 영천시 완산동,경상사고,0,0,1,0,차대차 - 측면충돌,직진우회전진행방해,건조,맑음,교차로 - 교차로안,화물,남,57세,상해없음,승용,남,26세,경상
2017020900100262,2017년 2월 9일 14시,목요일,경상북도 의성군 의성읍,사망사고,1,0,0,0,차대사람 - 횡단중,안전운전불이행,건조,맑음,교차로 - 교차로횡단보도내,승합,남,56세,상해없음,보행자,남,87세,사망
2017020900100263,2017년 2월 9일 14시,목요일,경상북도 구미시 황상동,중상사고,0,1,0,0,차대차 - 기타,안전운전불이행,건조,맑음,기타 - 기타,이륜,남,49세,상해없음,승용,남,53세,상해없음
2017020900100292,2017년 2월 9일 15시,목요일,경상북도 경주시 황성동,경상사고,0,0,3,0,차대차 - 추돌,안전운전불이행,건조,맑음,교차로 - 교차로부근,화물,남,52세,상해없음,승용,남,27세,경상
2017020900100293,2017년 2월 9일 15시,목요일,경상북도 구미시 신평동,경상사고,0,0,1,0,차대차 - 추돌,안전운전불이행,건조,맑음,단일로 - 기타,화물,남,46세,상해없음,승용,여,43세,경상
2017020900100319,2017년 2월 9일 16시,목요일,경상북도 김천시 아포읍,경상사고,0,0,2,0,차대차 - 추돌,안전운전불이행,건조,맑음,단일로 - 기타,특수,남,60세,상해없음,승용,남,45세,경상
2017020900100320,2017년 2월 9일 16시,목요일,경상북도 청도군 청도읍,경상사고,0,0,1,0,차대사람 - 차도통행중,안전운전불이행,건조,맑음,기타 - 기타,승용,여,54세,상해없음,보행자,여,67세,경상
2017020900100321,2017년 2월 9일 16시,목요일,경상북도 포항시 남구 오천읍,경상사고,0,0,1,0,차대사람 - 횡단중,안전운전불이행,건조,맑음,단일로 - 기타,승용,남,38세,상해없음,보행자,남,59세,경상
2017020900100342,2017년 2월 9일 17시,목요일,경상북도 문경시 영순면,경상사고,0,0,1,0,차량단독 - 전도전복,안전운전불이행,건조,맑음,교차로 - 교차로안,원동기,남,72세,경상,미분류,미분류,미분류,미분류
2017020900100376,2017년 2월 9일 18시,목요일,경상북도 경주시 천군동,경상사고,0,0,1,0,차대차 - 추돌,안전운전불이행,건조,맑음,단일로 - 기타,이륜,남,20세,상해없음,승용,여,46세,경상
2017020900100377,2017년 2월 9일 18시,목요일,경상북도 안동시 송현동,중상사고,0,1,0,0,차량단독 - 기타,안전운전불이행,건조,맑음,단일로 - 기타,승합,남,55세,상해없음,,,,
2017020900100378,2017년 2월 9일 18시,목요일,경상북도 안동시 길안면,중상사고,0,1,0,0,차대차 - 측면충돌,안전운전불이행,건조,맑음,교차로 - 교차로안,화물,남,60세,상해없음,화물,남,61세,중상
2017020900100379,2017년 2월 9일 18시,목요일,경상북도 안동시 송천동,경상사고,0,0,1,0,차대사람 - 횡단중,안전운전불이행,건조,맑음,단일로 - 기타,승용,남,23세,상해없음,보행자,남,24세,경상
2017020900100380,2017년 2월 9일 18시,목요일,경상북도 칠곡군 가산면,경상사고,0,0,1,1,차대차 - 측면충돌,안전운전불이행,건조,맑음,교차로 - 교차로안,승용,남,77세,부상신고,승용,남,42세,경상
2017020900100381,2017년 2월 9일 18시,목요일,경상북도 경산시 평산동,경상사고,0,0,1,0,차대차 - 기타,안전운전불이행,건조,맑음,단일로 - 기타,승용,남,45세,상해없음,승용,여,34세,상해없음
2017020900100382,2017년 2월 9일 18시,목요일,경상북도 구미시 구평동,경상사고,0,0,2,0,차대사람 - 횡단중,보행자보호의무위반,건조,맑음,교차로 - 교차로횡단보도내,화물,남,31세,상해없음,보행자,여,27세,경상
2017020900100426,2017년 2월 9일 19시,목요일,경상북도 경주시 노서동,경상사고,0,0,1,0,차대사람 - 횡단중,안전운전불이행,건조,맑음,단일로 - 기타,승용,남,48세,상해없음,보행자,남,61세,경상
2017020900100427,2017년 2월 9일 19시,목요일,경상북도 안동시 당북동,경상사고,0,0,1,0,차대사람 - 횡단중,보행자보호의무위반,건조,맑음,교차로 - 교차로횡단보도내,승용,남,45세,상해없음,보행자,남,17세,경상
2017020900100456,2017년 2월 9일 20시,목요일,경상북도 경주시 건천읍,중상사고,0,1,0,0,차량단독 - 전도전복,안전운전불이행,건조,맑음,단일로 - 기타,승용,남,48세,중상,미분류,미분류,미분류,미분류
2017020900100457,2017년 2월 9일 20시,목요일,경상북도 구미시 옥계동,경상사고,0,0,2,0,차대차 - 기타,안전운전불이행,건조,맑음,단일로 - 기타,승용,여,21세,상해없음,승용,남,26세,경상