사고번호,사고일시,요일,시군구,사고내용,사망자수,중상자수,경상자수,부상신고자수,사고유형,법규위반,노면상태,기상상태,도로형태,가해운전자 차종,가해운전자 성별,가해운전자 연령,가해운전자 상해정도,피해운전자 차종,피해운전자 성별,피해운전자 연령,피해운전자 상해정도
2017020900100504,2017년 2월 9일 22시,목요일,경상북도 경주시 황성동,경상사고,0,0,1,0,차대사람 - 길가장자리구역통행중,안전운전불이행,건조,맑음,단일로 - 기타,기타불명,기타불명,미분류,기타불명,보행자,여,14세,경상
2017020900100505,2017년 2월 9일 22시,목요일,경상북도 구미시 인의동,중상사고,0,1,0,0,차대차 - 측면충돌,신호위반,건조,맑음,교차로 - 교차로안,승용,남,31세,상해없음,이륜,남,37세,중상
2017020900100506,2017년 2월 9일 22시,목요일,경상북도 구미시 구포동,경상사고,0,0,1,0,차대사람 - 횡단중,안전운전불이행,건조,맑음,교차로 - 교차로안,승용,남,46세,상해없음,보행자,여,20세,경상
2017020900100507,2017년 2월 9일 22시,목요일,경상북도 포항시 남구 인덕동,경상사고,0,0,1,0,차량단독 - 전도전복,안전운전불이행,건조,맑음,단일로 - 기타,이륜,남,44세,경상,미분류,미분류,미분류,미분류
2017021000100030,2017년 2월 10일 01시,금요일,경상북도 영천시 문외동,경상사고,0,0,4,0,차대차 - 추돌,안전운전불이행,건조,맑음,단일로 - 기타,승용,남,54세,상해없음,화물,남,23세,경상
2017021000100094,2017년 2월 10일 07시,금요일,경상북도 포항시 북구 죽도동,경상사고,0,0,3,0,차대차 - 측면충돌,직진우회전진행방해,건조,맑음,교차로 - 교차로안,승용,여,32세,경상,승용,여,55세,경상
2017021000100095,2017년 2월 10일 07시,금요일,경상북도 의성군 금성면,사망사고,1,3,0,0,차량단독 - 공작물충돌,안전운전불이행,건조,맑음,단일로 - 기타,화물,남,52세,중상,,,,
2017021000100096,2017년 2월 10일 07시,금요일,경상북도 칠곡군 석적읍,경상사고,0,0,1,0,차대차 - 측면충돌,신호위반,건조,맑음,교차로 - 교차로부근,승용,남,35세,상해없음,승용,여,26세,경상
2017021000100097,2017년 2월 10일 07시,금요일,경상북도 구미시 임수동,경상사고,0,0,2,0,차대차 - 측면충돌,신호위반,건조,맑음,교차로 - 교차로안,승용,여,66세,상해없음,승용,남,29세,경상
2017021000100134,2017년 2월 10일 08시,금요일,경상북도 경주시 동천동,경상사고,0,0,1,0,차대차 - 측면충돌,교차로운행방법위반,건조,맑음,교차로 - 교차로안,승합,남,42세,상해없음,승용,여,41세,경상
2017021000100135,2017년 2월 10일 08시,금요일,경상북도 영주시 영주동,경상사고,0,0,1,0,차대차 - 추돌,안전운전불이행,건조,맑음,단일로 - 기타,화물,남,58세,상해없음,승용,남,29세,경상
2017021000100136,2017년 2월 10일 08시,금요일,경상북도 구미시 송정동,중상사고,0,1,0,0,차대차 - 측면충돌,안전운전불이행,건조,맑음,단일로 - 기타,승합,남,56세,상해없음,원동기,남,65세,중상
2017021000100137,2017년 2월 10일 08시,금요일,경상북도 구미시 임수동,경상사고,0,0,1,0,차대차 - 측면충돌,안전운전불이행,건조,맑음,단일로 - 기타,승용,남,32세,기타불명,이륜,남,24세,경상
2017021000100165,2017년 2월 10일 09시,금요일,경상북도 경주시 성동동,경상사고,0,0,1,0,차대차 - 측면충돌,안전운전불이행,건조,맑음,단일로 - 기타,원동기,남,53세,경상,승용,여,38세,상해없음
2017021000100166,2017년 2월 10일 09시,금요일,경상북도 구미시 광평동,경상사고,0,0,1,0,차대차 - 추돌,안전운전불이행,건조,맑음,교차로 - 교차로부근,화물,남,43세,상해없음,승용,남,54세,경상
2017021000100167,2017년 2월 10일 09시,금요일,경상북도 포항시 남구 연일읍,경상사고,0,0,1,0,차대차 - 측면충돌,교차로운행방법위반,건조,맑음,단일로 - 기타,화물,남,62세,상해없음,승용,여,62세,경상
2017021000100212,2017년 2월 10일 11시,금요일,경상북도 칠곡군 석적읍,사망사고,1,4,0,0,차대차 - 정면충돌,중앙선침범,건조,맑음,단일로 - 기타,승용,남,69세,사망,승용,남,60세,중상
2017021000100213,2017년 2월 10일 11시,금요일,경상북도 영천시 금호읍,중상사고,0,1,0,0,차대차 - 기타,안전운전불이행,건조,맑음,단일로 - 기타,화물,남,74세,상해없음,원동기,남,53세,중상
2017021000100214,2017년 2월 10일 11시,금요일,경상북도 경산시 중방동,경상사고,0,0,1,0,차대차 - 정면충돌,신호위반,건조,맑음,교차로 - 교차로안,승용,남,36세,상해없음,승용,남,43세,경상
2017021000100233,2017년 2월 10일 12시,금요일,경상북도 상주시 서성동,중상사고,0,1,0,0,차대사람 - 횡단중,보행자보호의무위반,건조,맑음,교차로 - 교차로횡단보도내,이륜,남,32세,상해없음,보행자,남,미분류,중상
2017021000100250,2017년 2월 10일 13시,금요일,경상북도 안동시 안기동,경상사고,0,0,2,0,차대차 - 추돌,안전거리미확보,건조,맑음,단일로 - 기타,승용,남,60세,상해없음,승용,남,52세,경상
2017021000100251,2017년 2월 10일 13시,금요일,경상북도 문경시 흥덕동,경상사고,0,0,1,0,차대차 - 추돌,안전운전불이행,건조,맑음,단일로 - 기타,승용,여,76세,상해없음,승용,여,47세,경상
2017021000100309,2017년 2월 10일 15시,금요일,경상북도 영주시 영주동,경상사고,0,0,1,0,차대사람 - 횡단중,안전운전불이행,건조,맑음,단일로 - 기타,승용,남,34세,상해없음,보행자,여,81세,경상
2017021000100330,2017년 2월 10일 16시,금요일,경상북도 영주시 가흥동,중상사고,0,1,0,0,차대차 - 측면충돌,신호위반,건조,맑음,교차로 - 교차로안,화물,남,74세,상해없음,화물,남,68세,중상
2017021000100331,2017년 2월 10일 16시,금요일,경상북도 구미시 도량동,경상사고,0,0,1,0,차대차 - 기타,교차로운행방법위반,건조,맑음,교차로 - 교차로안,승용,여,52세,상해없음,승용,남,25세,경상
2017021000100361,2017년 2월 10일 17시,금요일,경상북도 영천시 망정동,중상사고,0,1,0,0,차대사람 - 횡단중,보행자보호의무위반,건조,맑음,교차로 - 교차로안,승용,여,67세,상해없음,보행자,남,7세,중상
2017021000100362,2017년 2월 10일 17시,금요일,경상북도 구미시 진평동,경상사고,0,0,2,0,차대차 - 추돌,안전거리미확보,건조,맑음,단일로 - 기타,승용,남,29세,상해없음,승용,여,28세,경상
2017021000100390,2017년 2월 10일 18시,금요일,경상북도 김천시 대덕면,경상사고,0,0,3,0,차대차 - 측면충돌,중앙선침범,건조,맑음,단일로 - 기타,승용,남,55세,상해없음,화물,남,53세,경상
2017021000100391,2017년 2월 10일 18시,금요일,경상북도 경산시 대평동,경상사고,0,0,2,0,차대차 - 기타,안전거리미확보,건조,맑음,단일로 - 기타,화물,남,43세,경상,승용,남,37세,경상
2017021000100392,2017년 2월 10일 18시,금요일,경상북도 경산시 하양읍,중상사고,0,1,0,0,차대사람 - 횡단중,안전운전불이행,건조,맑음,단일로 - 기타,원동기,남,33세,상해없음,보행자,남,33세,중상
2017021000100393,2017년 2월 10일 18시,금요일,경상북도 포항시 남구 지곡동,경상사고,0,0,2,0,차대차 - 정면충돌,신호위반,건조,맑음,교차로 - 교차로안,승용,여,54세,상해없음,승용,남,66세,경상
2017021000100394,2017년 2월 10일 18시,금요일,경상북도 포항시 남구 연일읍,사망사고,1,0,0,0,차대사람 - 횡단중,안전운전불이행,건조,맑음,교차로 - 교차로횡단보도내,승용,여,56세,상해없음,보행자,여,85세,사망
2017021000100442,2017년 2월 10일 19시,금요일,경상북도 경산시 옥산동,중상사고,0,1,0,0,차대차 - 정면충돌,안전운전불이행,건조,맑음,단일로 - 기타,이륜,남,62세,중상,승용,남,21세,상해없음
2017021000100443,2017년 2월 10일 19시,금요일,경상북도 경산시 와촌면,경상사고,0,0,1,0,차량단독 - 전도전복,안전운전불이행,건조,맑음,단일로 - 기타,자전거,남,29세,경상,미분류,미분류,미분류,미분류
2017021000100493,2017년 2월 10일 20시,금요일,경상북도 영주시 가흥동,경상사고,0,0,1,0,차대차 - 측면충돌,안전운전불이행,건조,맑음,교차로 - 교차로부근,화물,여,65세,상해없음,자전거,남,14세,경상
2017021000100494,2017년 2월 10일 20시,금요일,경상북도 영천시 망정동,중상사고,0,1,0,0,차대차 - 측면충돌,안전거리미확보,건조,맑음,단일로 - 기타,승용,남,24세,상해없음,이륜,남,36세,중상
2017021000100495,2017년 2월 10일 20시,금요일,경상북도 구미시 송정동,경상사고,0,0,1,0,차대차 - 측면충돌,중앙선침범,건조,맑음,단일로 - 기타,승용,남,55세,상해없음,승용,남,48세,경상
2017021000100496,2017년 2월 10일 20시,금요일,경상북도 구미시 구평동,경상사고,0,0,6,0,차대차 - 기타,안전운전불이행,건조,맑음,단일로 - 기타,승용,남,29세,상해없음,승합,남,49세,경상
2017021000100497,2017년 2월 10일 20시,금요일,경상북도 구미시 옥계동,경상사고,0,0,1,0,차대차 - 측면충돌,안전운전불이행,건조,맑음,단일로 - 기타,승용,남,34세,상해없음,승용,남,42세,경상
2017021000100557,2017년 2월 10일 22시,금요일,경상북도 경주시 동천동,경상사고,0,0,1,0,차대차 - 측면충돌,안전운전불이행,건조,맑음,교차로 - 교차로안,승용,남,43세,상해없음,이륜,남,19세,경상
2017021000100558,2017년 2월 10일 22시,금요일,경상북도 안동시 태화동,중상사고,0,1,1,0,차대차 - 측면충돌,교차로운행방법위반,건조,맑음,교차로 - 교차로안,승용,여,49세,경상,승용,남,41세,중상
2017021000100559,2017년 2월 10일 22시,금요일,경상북도 경산시 중방동,중상사고,0,1,0,0,차대차 - 측면충돌,교차로운행방법위반,건조,맑음,교차로 - 교차로안,화물,남,25세,상해없음,승용,여,47세,중상
2017021100100050,2017년 2월 11일 01시,토요일,경상북도 포항시 북구 창포동,경상사고,0,0,2,0,차대차 - 정면충돌,신호위반,건조,맑음,교차로 - 교차로부근,승용,남,56세,상해없음,원동기,남,17세,경상
2017021100100051,2017년 2월 11일 01시,토요일,경상북도 구미시 공단동,중상사고,0,1,0,0,차대차 - 정면충돌,안전운전불이행,건조,맑음,단일로 - 교량,승용,남,22세,상해없음,승용,남,57세,중상
2017021100100076,2017년 2월 11일 03시,토요일,경상북도 포항시 북구 두호동,경상사고,0,0,1,0,차대차 - 측면충돌,안전거리미확보,건조,맑음,단일로 - 기타,승용,남,57세,상해없음,승용,남,73세,상해없음
2017021100100089,2017년 2월 11일 04시,토요일,경상북도 포항시 북구 죽도동,경상사고,0,0,1,0,차대차 - 정면충돌,안전운전불이행,건조,맑음,단일로 - 기타,승용,남,30세,경상,승용,남,39세,상해없음
2017021100100102,2017년 2월 11일 05시,토요일,경상북도 포항시 북구 용흥동,경상사고,0,0,1,0,차대차 - 추돌,안전운전불이행,건조,맑음,교차로 - 교차로부근,승용,남,59세,상해없음,승용,여,50세,경상
2017021100100124,2017년 2월 11일 07시,토요일,경상북도 경산시 하양읍,중상사고,0,1,0,0,차대사람 - 기타,안전운전불이행,건조,맑음,단일로 - 기타,화물,남,60세,상해없음,보행자,남,20세,중상
2017021100100139,2017년 2월 11일 08시,토요일,경상북도 구미시 공단동,중상사고,0,1,1,0,차대차 - 추돌,안전운전불이행,건조,맑음,단일로 - 고가도로위,승용,남,27세,상해없음,승용,남,58세,중상
2017021100100161,2017년 2월 11일 09시,토요일,경상북도 경산시 하양읍,중상사고,0,1,0,0,차대사람 - 횡단중,안전운전불이행,건조,맑음,단일로 - 기타,승용,남,65세,상해없음,보행자,여,20세,중상
2017021100100162,2017년 2월 11일 09시,토요일,경상북도 울진군 근남면,중상사고,0,1,0,0,차량단독 - 전도전복,안전운전불이행,건조,맑음,단일로 - 기타,원동기,남,42세,중상,미분류,미분류,미분류,미분류
2017021100100163,2017년 2월 11일 09시,토요일,경상북도 구미시 송정동,부상신고사고,0,0,0,1,차대차 - 기타,안전운전불이행,건조,맑음,교차로 - 교차로부근,자전거,남,26세,부상신고,승용,남,25세,상해없음
2017021100100185,2017년 2월 11일 10시,토요일,경상북도 영주시 하망동,경상사고,0,0,1,0,차대차 - 측면충돌,안전운전불이행,건조,맑음,교차로 - 교차로안,승용,남,50세,상해없음,승용,남,50세,경상
2017021100100186,2017년 2월 11일 10시,토요일,경상북도 칠곡군 석적읍,경상사고,0,0,4,0,차대차 - 측면충돌,안전운전불이행,건조,맑음,교차로 - 교차로안,승용,여,55세,상해없음,승용,남,32세,경상
2017021100100208,2017년 2월 11일 11시,토요일,경상북도 상주시 낙양동,중상사고,0,2,0,0,차대차 - 추돌,안전거리미확보,건조,맑음,교차로 - 교차로부근,화물,남,62세,상해없음,승용,남,72세,상해없음
2017021100100209,2017년 2월 11일 11시,토요일,경상북도 포항시 남구 오천읍,중상사고,0,1,0,0,차대차 - 측면충돌,안전운전불이행,건조,맑음,단일로 - 기타,승용,남,61세,상해없음,이륜,남,48세,중상
2017021100100210,2017년 2월 11일 11시,토요일,경상북도 포항시 남구 송도동,부상신고사고,0,0,0,1,차대차 - 측면충돌,안전운전불이행,건조,맑음,단일로 - 기타,자전거,여,51세,부상신고,승용,남,40세,상해없음
2017021100100270,2017년 2월 11일 13시,토요일,경상북도 경주시 외동읍,경상사고,0,0,2,1,차대차 - 정면충돌,신호위반,건조,맑음,교차로 - 교차로안,승용,여,42세,상해없음,승용,남,68세,경상
2017021100100271,2017년 2월 11일 13시,토요일,경상북도 경주시 양남면,경상사고,0,0,1,0,차대차 - 측면충돌,중앙선침범,건조,맑음,단일로 - 기타,승용,남,44세,상해없음,이륜,남,44세,경상
2017021100100272,2017년 2월 11일 13시,토요일,경상북도 구미시 구평동,경상사고,0,0,1,0,차대차 - 측면충돌,안전운전불이행,건조,맑음,단일로 - 기타,승용,남,22세,상해없음,승용,남,30세,경상
2017021100100273,2017년 2월 11일 13시,토요일,경상북도 포항시 남구 해도동,중상사고,0,2,1,0,차대차 - 기타,안전운전불이행,건조,맑음,교차로 - 교차로안,화물,남,60세,상해없음,승용,여,58세,경상
2017021100100342,2017년 2월 11일 15시,토요일,경상북도 문경시 모전동,중상사고,0,1,0,0,차대차 - 측면충돌,안전운전불이행,건조,맑음,단일로 - 기타,자전거,남,62세,중상,승용,여,51세,상해없음
2017021100100396,2017년 2월 11일 17시,토요일,경상북도 김천시 농소면,중상사고,0,1,0,0,차대차 - 정면충돌,신호위반,건조,맑음,교차로 - 교차로안,승용,남,68세,상해없음,승용,남,35세,중상
2017021100100397,2017년 2월 11일 17시,토요일,경상북도 군위군 효령면,중상사고,0,1,2,0,차대차 - 정면충돌,안전운전불이행,건조,맑음,단일로 - 기타,승용,남,78세,경상,건설기계,남,34세,경상
2017021100100398,2017년 2월 11일 17시,토요일,경상북도 구미시 임은동,부상신고사고,0,0,0,1,차대차 - 기타,안전운전불이행,건조,맑음,교차로 - 교차로안,이륜,남,27세,부상신고,승용,남,26세,기타불명
2017021100100421,2017년 2월 11일 18시,토요일,경상북도 포항시 북구 장성동,경상사고,0,0,1,0,차대차 - 측면충돌,직진우회전진행방해,건조,맑음,교차로 - 교차로안,승용,남,53세,상해없음,이륜,남,44세,경상
2017021100100422,2017년 2월 11일 18시,토요일,경상북도 문경시 가은읍,중상사고,0,2,0,0,차대차 - 측면충돌,안전운전불이행,건조,맑음,교차로 - 교차로안,승용,남,69세,중상,승용,남,50세,중상
2017021100100460,2017년 2월 11일 19시,토요일,경상북도 안동시 삼산동,경상사고,0,0,1,0,차대사람 - 횡단중,보행자보호의무위반,건조,맑음,단일로 - 기타,승용,여,52세,상해없음,보행자,여,52세,경상
2017021100100490,2017년 2월 11일 20시,토요일,경상북도 경주시 서부동,중상사고,0,2,0,0,차대차 - 측면충돌,중앙선침범,건조,맑음,단일로 - 기타,이륜,여,31세,중상,이륜,남,17세,중상
2017021100100491,2017년 2월 11일 20시,토요일,경상북도 포항시 북구 학산동,경상사고,0,0,1,0,차대사람 - 차도통행중,신호위반,건조,맑음,단일로 - 기타,이륜,남,56세,기타불명,보행자,남,65세,경상
2017021100100492,2017년 2월 11일 20시,토요일,경상북도 안동시 남선면,경상사고,0,0,1,0,차대차 - 측면충돌,신호위반,건조,맑음,교차로 - 교차로안,승용,남,28세,상해없음,승용,여,57세,경상
2017021100100493,2017년 2월 11일 20시,토요일,경상북도 안동시 금곡동,경상사고,0,0,2,0,차대차 - 추돌,안전거리미확보,건조,맑음,단일로 - 기타,승용,남,38세,상해없음,화물,남,33세,경상
2017021100100494,2017년 2월 11일 20시,토요일,경상북도 포항시 남구 오천읍,중상사고,0,1,2,0,차대차 - 기타,신호위반,건조,맑음,교차로 - 교차로안,승용,여,36세,경상,화물,남,65세,경상
2017021100100495,2017년 2월 11일 20시,토요일,경상북도 포항시 남구 상도동,경상사고,0,0,2,0,차대차 - 기타,안전운전불이행,건조,맑음,단일로 - 기타,승용,남,67세,상해없음,승용,남,21세,경상
2017021100100519,2017년 2월 11일 21시,토요일,경상북도 포항시 남구 동촌동,경상사고,0,0,1,0,차대차 - 추돌,안전운전불이행,건조,맑음,교차로 - 교차로부근,화물,남,38세,상해없음,승용,남,60세,경상
2017021100100542,2017년 2월 11일 22시,토요일,경상북도 구미시 송정동,중상사고,0,1,0,0,차대차 - 측면충돌,안전운전불이행,건조,맑음,단일로 - 기타,승용,여,43세,상해없음,원동기,남,23세,중상
2017021100100543,2017년 2월 11일 22시,토요일,경상북도 포항시 남구 구룡포읍,중상사고,0,1,2,0,차대차 - 기타,안전운전불이행,건조,맑음,단일로 - 기타,승용,남,30세,상해없음,화물,남,58세,경상
2017021100100570,2017년 2월 11일 23시,토요일,경상북도 경주시 배반동,경상사고,0,0,2,0,차대차 - 추돌,안전운전불이행,건조,맑음,교차로 - 교차로부근,승용,남,22세,상해없음,승용,남,26세,경상
2017021200100048,2017년 2월 12일 02시,일요일,경상북도 포항시 남구 대송면,중상사고,0,1,0,0,차대차 - 추돌,안전운전불이행,건조,맑음,단일로 - 기타,승용,남,45세,상해없음,승용,남,47세,중상
2017021200100049,2017년 2월 12일 02시,일요일,경상북도 포항시 남구 오천읍,중상사고,0,1,0,0,차대사람 - 횡단중,안전운전불이행,건조,맑음,단일로 - 기타,승용,남,34세,상해없음,보행자,남,41세,중상
2017021200100070,2017년 2월 12일 04시,일요일,경상북도 성주군 성주읍,경상사고,0,0,1,0,차량단독 - 기타,안전운전불이행,건조,맑음,기타 - 기타,승용,남,19세,경상,,,,
2017021200100081,2017년 2월 12일 05시,일요일,경상북도 경산시 중방동,경상사고,0,0,1,0,차대차 - 추돌,안전운전불이행,건조,맑음,교차로 - 교차로부근,승용,남,33세,상해없음,승용,남,69세,경상
2017021200100082,2017년 2월 12일 05시,일요일,경상북도 경산시 중방동,중상사고,0,1,0,0,차대사람 - 차도통행중,중앙선침범,건조,맑음,기타 - 기타,승용,남,56세,상해없음,보행자,여,78세,중상
2017021200100138,2017년 2월 12일 09시,일요일,경상북도 영천시 금호읍,경상사고,0,0,1,0,차대차 - 추돌,안전운전불이행,건조,맑음,교차로 - 교차로부근,화물,남,60세,상해없음,이륜,남,55세,경상
2017021200100194,2017년 2월 12일 12시,일요일,경상북도 안동시 풍천면,경상사고,0,0,1,0,차대차 - 측면충돌,교차로운행방법위반,건조,맑음,교차로 - 교차로안,승용,여,59세,상해없음,화물,남,63세,경상
2017021200100231,2017년 2월 12일 14시,일요일,경상북도 경산시 옥산동,중상사고,0,1,0,0,차대차 - 정면충돌,신호위반,건조,맑음,교차로 - 교차로안,이륜,남,21세,상해없음,이륜,남,40세,중상
2017021200100288,2017년 2월 12일 17시,일요일,경상북도 안동시 용상동,경상사고,0,0,1,0,차대사람 - 횡단중,안전운전불이행,건조,맑음,교차로 - 교차로부근,승용,여,45세,상해없음,보행자,여,23세,경상
2017021200100289,2017년 2월 12일 17시,일요일,경상북도 구미시 공단동,부상신고사고,0,0,0,1,차대차 - 정면충돌,안전운전불이행,건조,맑음,단일로 - 기타,승용,남,55세,부상신고,승합,남,43세,상해없음
2017021200100308,2017년 2월 12일 18시,일요일,경상북도 포항시 북구 죽도동,중상사고,0,1,1,0,차대차 - 측면충돌,차로위반,건조,맑음,단일로 - 기타,자전거,남,67세,중상,승용,남,68세,상해없음
2017021200100309,2017년 2월 12일 18시,일요일,경상북도 포항시 남구 상도동,경상사고,0,0,1,0,차대차 - 기타,안전운전불이행,건조,맑음,교차로 - 교차로안,승용,남,25세,경상,승용,남,63세,상해없음
2017021200100340,2017년 2월 12일 19시,일요일,경상북도 안동시 신안동,중상사고,0,1,0,0,차대차 - 측면충돌,중앙선침범,건조,맑음,교차로 - 교차로부근,승합,여,49세,상해없음,승용,남,51세,중상
2017021200100341,2017년 2월 12일 19시,일요일,경상북도 경산시 진량읍,중상사고,0,1,0,0,차대사람 - 횡단중,안전운전불이행,건조,맑음,교차로 - 교차로부근,승용,남,52세,상해없음,보행자,여,69세,중상
2017021200100397,2017년 2월 12일 21시,일요일,경상북도 포항시 남구 대잠동,경상사고,0,0,1,0,차대차 - 측면충돌,교차로운행방법위반,건조,맑음,교차로 - 교차로안,승용,남,38세,상해없음,승용,여,44세,경상
2017021300100068,2017년 2월 13일 06시,월요일,경상북도 칠곡군 가산면,경상사고,0,0,1,0,차대차 - 추돌,안전운전불이행,건조,맑음,교차로 - 교차로안,이륜,남,52세,경상,화물,남,47세,상해없음
2017021300100069,2017년 2월 13일 06시,월요일,경상북도 경산시 자인면,중상사고,0,3,0,0,차대차 - 정면충돌,안전운전불이행,건조,맑음,단일로 - 기타,승용,남,64세,중상,건설기계,남,58세,중상
2017021300100121,2017년 2월 13일 08시,월요일,경상북도 칠곡군 동명면,중상사고,0,1,0,0,차대차 - 측면충돌,안전운전불이행,건조,맑음,단일로 - 기타,화물,남,53세,상해없음,승용,남,34세,중상
2017021300100122,2017년 2월 13일 08시,월요일,경상북도 포항시 남구 연일읍,경상사고,0,0,1,1,차대차 - 기타,안전운전불이행,건조,맑음,교차로 - 교차로안,승용,남,21세,부상신고,승용,여,55세,경상
2017021300100140,2017년 2월 13일 09시,월요일,경상북도 경주시 성건동,중상사고,0,1,0,0,차대차 - 측면충돌,안전운전불이행,건조,맑음,교차로 - 교차로안,승용,여,47세,상해없음,승용,여,29세,중상
2017021300100141,2017년 2월 13일 09시,월요일,경상북도 경산시 중방동,중상사고,0,1,0,0,차대사람 - 횡단중,보행자보호의무위반,건조,맑음,교차로 - 교차로부근,승용,여,50세,상해없음,보행자,여,67세,중상
2017021300100168,2017년 2월 13일 10시,월요일,경상북도 청도군 이서면,경상사고,0,0,1,0,차대차 - 측면충돌,차로위반,건조,맑음,단일로 - 기타,이륜,남,81세,경상,건설기계,남,52세,상해없음
2017021300100195,2017년 2월 13일 11시,월요일,경상북도 문경시 점촌동,경상사고,0,0,1,0,차대사람 - 횡단중,안전운전불이행,건조,맑음,단일로 - 기타,승용,남,60세,상해없음,보행자,남,75세,경상
2017021300100196,2017년 2월 13일 11시,월요일,경상북도 고령군 개진면,경상사고,0,0,1,0,차대차 - 측면충돌,안전운전불이행,건조,맑음,단일로 - 기타,화물,남,40세,상해없음,농기계,남,81세,경상
2017021300100229,2017년 2월 13일 12시,월요일,경상북도 경주시 안강읍,경상사고,0,0,2,0,차대차 - 추돌,안전거리미확보,건조,맑음,교차로 - 교차로부근,승용,남,55세,상해없음,화물,남,77세,경상
2017021300100230,2017년 2월 13일 12시,월요일,경상북도 안동시 풍산읍,경상사고,0,0,1,0,차량단독 - 전도전복,안전운전불이행,건조,맑음,단일로 - 기타,화물,여,50세,경상,미분류,미분류,미분류,미분류
2017021300100231,2017년 2월 13일 12시,월요일,경상북도 청도군 각남면,경상사고,0,0,1,0,차대차 - 측면충돌,교차로운행방법위반,건조,맑음,단일로 - 기타,화물,남,61세,상해없음,승용,남,28세,경상
2017021300100249,2017년 2월 13일 13시,월요일,경상북도 경산시 용성면,사망사고,1,0,1,0,차대차 - 측면충돌,중앙선침범,건조,맑음,단일로 - 기타,사륜오토바이(ATV),남,85세,사망,이륜,남,39세,경상
2017021300100250,2017년 2월 13일 13시,월요일,경상북도 포항시 남구 연일읍,경상사고,0,0,1,0,차대차 - 추돌,안전운전불이행,건조,맑음,단일로 - 기타,승용,남,20세,상해없음,화물,남,43세,경상
2017021300100283,2017년 2월 13일 14시,월요일,경상북도 경주시 안강읍,경상사고,0,0,1,1,차대차 - 측면충돌,안전운전불이행,건조,맑음,단일로 - 기타,승용,남,62세,부상신고,승용,남,32세,경상
2017021300100284,2017년 2월 13일 14시,월요일,경상북도 안동시 신안동,중상사고,0,1,0,0,차대차 - 측면충돌,교차로운행방법위반,건조,맑음,교차로 - 교차로안,화물,남,62세,상해없음,이륜,남,76세,중상
2017021300100285,2017년 2월 13일 14시,월요일,경상북도 상주시 낙양동,중상사고,0,1,0,0,차대차 - 측면충돌,신호위반,건조,맑음,교차로 - 교차로안,이륜,남,72세,중상,승용,여,48세,상해없음
2017021300100286,2017년 2월 13일 14시,월요일,경상북도 구미시 공단동,경상사고,0,0,1,0,차대차 - 측면충돌,안전운전불이행,기타,맑음,주차장 - 주차장,승용,여,50세,상해없음,승용,여,24세,경상
2017021300100311,2017년 2월 13일 15시,월요일,경상북도 문경시 점촌동,경상사고,0,0,1,0,차대사람 - 횡단중,보행자보호의무위반,건조,맑음,교차로 - 교차로부근,승용,남,57세,상해없음,보행자,여,74세,경상
2017021300100338,2017년 2월 13일 16시,월요일,경상북도 경주시 천군동,경상사고,0,0,2,0,차대차 - 측면충돌,안전운전불이행,건조,맑음,교차로 - 교차로안,원동기,여,19세,상해없음,원동기,여,25세,경상
2017021300100365,2017년 2월 13일 17시,월요일,경상북도 칠곡군 왜관읍,경상사고,0,0,1,1,차대차 - 측면충돌,직진우회전진행방해,건조,맑음,교차로 - 교차로안,승용,남,26세,부상신고,승용,남,58세,경상
2017021300100366,2017년 2월 13일 17시,월요일,경상북도 청송군 진보면,경상사고,0,0,2,0,차대차 - 측면충돌,교차로운행방법위반,건조,맑음,단일로 - 기타,승용,남,74세,상해없음,승용,남,41세,경상
2017021300100397,2017년 2월 13일 18시,월요일,경상북도 상주시 남성동,중상사고,0,1,0,0,차대사람 - 횡단중,안전운전불이행,건조,맑음,단일로 - 기타,승용,남,73세,상해없음,보행자,여,71세,중상
2017021300100398,2017년 2월 13일 18시,월요일,경상북도 구미시 도량동,경상사고,0,0,2,1,차대차 - 기타,안전운전불이행,건조,맑음,교차로 - 교차로안,승용,여,53세,부상신고,승용,남,37세,경상
2017021300100399,2017년 2월 13일 18시,월요일,경상북도 포항시 남구 오천읍,경상사고,0,0,1,0,차대차 - 기타,안전거리미확보,건조,맑음,교차로 - 교차로안,승용,남,38세,상해없음,승합,남,51세,상해없음
2017021300100440,2017년 2월 13일 19시,월요일,경상북도 영천시 금호읍,경상사고,0,0,1,0,차대차 - 추돌,안전운전불이행,건조,맑음,교차로 - 교차로부근,승용,남,46세,상해없음,승용,남,57세,경상
2017021300100441,2017년 2월 13일 19시,월요일,경상북도 구미시 봉곡동,부상신고사고,0,0,0,1,차대차 - 정면충돌,안전운전불이행,건조,맑음,기타 - 기타,이륜,남,18세,부상신고,화물,남,57세,상해없음
2017021300100510,2017년 2월 13일 21시,월요일,경상북도 경산시 사동,경상사고,0,0,1,0,차대차 - 기타,신호위반,건조,맑음,교차로 - 교차로안,승합,여,45세,상해없음,승용,남,34세,경상
2017021300100511,2017년 2월 13일 21시,월요일,경상북도 성주군 성주읍,중상사고,0,1,0,0,차대차 - 측면충돌,안전운전불이행,젖음/습기,비,기타 - 기타,승용,남,55세,중상,승용,남,38세,기타불명
2017021300100512,2017년 2월 13일 21시,월요일,경상북도 울진군 울진읍,경상사고,0,0,1,0,차대사람 - 횡단중,보행자보호의무위반,건조,맑음,교차로 - 교차로횡단보도내,승용,남,21세,상해없음,보행자,남,41세,경상