사고번호,사고일시,요일,시군구,사고내용,사망자수,중상자수,경상자수,부상신고자수,사고유형,법규위반,노면상태,기상상태,도로형태,가해운전자 차종,가해운전자 성별,가해운전자 연령,가해운전자 상해정도,피해운전자 차종,피해운전자 성별,피해운전자 연령,피해운전자 상해정도
2017022300100555,2017년 2월 23일 23시,목요일,경상북도 구미시 임은동,경상사고,0,0,1,0,차대차 - 정면충돌,안전운전불이행,건조,맑음,교차로 - 교차로부근,승용,남,50세,상해없음,승용,여,62세,경상
2017022400100056,2017년 2월 24일 03시,금요일,경상북도 구미시 공단동,경상사고,0,0,2,0,차대차 - 측면충돌,신호위반,건조,맑음,교차로 - 교차로안,승용,남,36세,상해없음,승용,남,31세,경상
2017022400100067,2017년 2월 24일 04시,금요일,경상북도 경산시 진량읍,경상사고,0,0,1,0,차량단독 - 전도전복,안전운전불이행,건조,맑음,주차장 - 주차장,개인형이동수단(PM),남,66세,경상,미분류,미분류,미분류,미분류
2017022400100070,2017년 2월 24일 05시,금요일,경상북도 김천시 평화동,경상사고,0,0,1,0,차대차 - 추돌,안전운전불이행,건조,맑음,교차로 - 교차로부근,승용,남,31세,상해없음,화물,남,49세,경상
2017022400100101,2017년 2월 24일 07시,금요일,경상북도 영천시 북안면,경상사고,0,0,1,0,차량단독 - 공작물충돌,안전운전불이행,건조,맑음,단일로 - 기타,승용,남,30세,경상,,,,
2017022400100144,2017년 2월 24일 09시,금요일,경상북도 김천시 봉산면,경상사고,0,0,1,0,차대차 - 측면충돌,불법유턴,건조,맑음,교차로 - 교차로부근,승용,남,77세,상해없음,승용,남,56세,경상
2017022400100145,2017년 2월 24일 09시,금요일,경상북도 경산시 압량면,중상사고,0,1,0,0,차대차 - 측면충돌,안전운전불이행,건조,맑음,단일로 - 기타,화물,남,61세,상해없음,자전거,남,79세,중상
2017022400100146,2017년 2월 24일 09시,금요일,경상북도 울진군 평해읍,경상사고,0,0,1,0,차대차 - 측면충돌,교차로운행방법위반,건조,맑음,교차로 - 교차로안,농기계,여,76세,경상,화물,남,60세,상해없음
2017022400100175,2017년 2월 24일 10시,금요일,경상북도 상주시 은척면,중상사고,0,1,0,0,차대차 - 기타,안전운전불이행,건조,맑음,교차로 - 교차로안,화물,남,63세,상해없음,원동기,남,74세,중상
2017022400100176,2017년 2월 24일 10시,금요일,경상북도 구미시 거의동,경상사고,0,0,3,0,차대차 - 후진중충돌,안전운전불이행,건조,맑음,교차로 - 교차로부근,승용,남,30세,상해없음,승용,여,34세,경상
2017022400100207,2017년 2월 24일 11시,금요일,경상북도 칠곡군 가산면,경상사고,0,0,1,0,차대차 - 기타,안전운전불이행,건조,맑음,단일로 - 기타,화물,남,58세,상해없음,승용,남,47세,상해없음
2017022400100240,2017년 2월 24일 12시,금요일,경상북도 영천시 신령면,경상사고,0,0,1,0,차대사람 - 횡단중,안전운전불이행,건조,맑음,교차로 - 교차로부근,승용,여,49세,상해없음,보행자,남,6세,경상
2017022400100241,2017년 2월 24일 12시,금요일,경상북도 포항시 남구 구룡포읍,경상사고,0,0,1,0,차대사람 - 횡단중,보행자보호의무위반,건조,맑음,교차로 - 교차로안,승용,남,54세,상해없음,보행자,여,51세,경상
2017022400100268,2017년 2월 24일 13시,금요일,경상북도 김천시 감문면,중상사고,0,1,0,0,차대차 - 측면충돌,교차로운행방법위반,건조,맑음,교차로 - 교차로부근,화물,남,76세,상해없음,이륜,남,88세,중상
2017022400100296,2017년 2월 24일 14시,금요일,경상북도 포항시 북구 용흥동,경상사고,0,0,1,0,차대차 - 정면충돌,안전운전불이행,건조,맑음,기타 - 기타,승용,여,43세,상해없음,이륜,남,35세,경상
2017022400100297,2017년 2월 24일 14시,금요일,경상북도 상주시 복룡동,중상사고,0,1,0,0,차대차 - 측면충돌,교차로운행방법위반,건조,맑음,교차로 - 교차로안,자전거,여,71세,중상,승합,남,59세,상해없음
2017022400100298,2017년 2월 24일 14시,금요일,경상북도 문경시 점촌동,경상사고,0,0,1,0,차대사람 - 길가장자리구역통행중,보행자보호의무위반,건조,맑음,교차로 - 교차로안,승용,남,53세,상해없음,보행자,여,75세,경상
2017022400100299,2017년 2월 24일 14시,금요일,경상북도 경산시 계양동,부상신고사고,0,0,0,1,차대사람 - 기타,안전거리미확보,건조,맑음,단일로 - 기타,자전거,남,13세,상해없음,보행자,여,51세,부상신고
2017022400100300,2017년 2월 24일 14시,금요일,경상북도 청도군 화양읍,중상사고,0,1,0,0,차대차 - 추돌,안전운전불이행,건조,맑음,단일로 - 터널,화물,남,68세,상해없음,승용,여,49세,중상
2017022400100329,2017년 2월 24일 15시,금요일,경상북도 포항시 북구 중앙동,경상사고,0,0,1,0,차대사람 - 길가장자리구역통행중,안전운전불이행,건조,맑음,단일로 - 기타,승용,남,56세,상해없음,보행자,남,72세,경상
2017022400100330,2017년 2월 24일 15시,금요일,경상북도 상주시 중덕동,경상사고,0,0,1,0,차대차 - 측면충돌,교차로운행방법위반,건조,맑음,교차로 - 교차로안,화물,남,56세,상해없음,자전거,남,74세,경상
2017022400100331,2017년 2월 24일 15시,금요일,경상북도 문경시 산북면,경상사고,0,0,1,0,차대차 - 기타,안전운전불이행,건조,맑음,교차로 - 교차로안,화물,남,57세,상해없음,화물,남,51세,상해없음
2017022400100332,2017년 2월 24일 15시,금요일,경상북도 고령군 다산면,경상사고,0,0,1,0,차대차 - 추돌,안전운전불이행,건조,맑음,교차로 - 교차로부근,승용,남,49세,상해없음,승용,남,51세,경상
2017022400100362,2017년 2월 24일 16시,금요일,경상북도 포항시 남구 괴동동,경상사고,0,0,1,0,차대차 - 측면충돌,차로위반,건조,맑음,교차로 - 교차로부근,건설기계,남,47세,상해없음,승용,남,42세,경상
2017022400100426,2017년 2월 24일 18시,금요일,경상북도 경주시 외동읍,경상사고,0,0,1,0,차대차 - 추돌,안전운전불이행,건조,맑음,단일로 - 기타,승용,남,29세,상해없음,승용,남,33세,경상
2017022400100427,2017년 2월 24일 18시,금요일,경상북도 경산시 신교동,중상사고,0,1,0,0,차대차 - 정면충돌,교차로운행방법위반,건조,맑음,교차로 - 교차로안,화물,남,74세,상해없음,이륜,남,21세,중상
2017022400100428,2017년 2월 24일 18시,금요일,경상북도 구미시 인의동,중상사고,0,1,0,0,차대사람 - 횡단중,보행자보호의무위반,건조,맑음,교차로 - 교차로횡단보도내,승용,남,40세,상해없음,보행자,여,42세,중상
2017022400100429,2017년 2월 24일 18시,금요일,경상북도 구미시 공단동,경상사고,0,0,3,0,차대차 - 추돌,안전거리미확보,건조,맑음,단일로 - 기타,승용,여,59세,경상,승용,남,58세,상해없음
2017022400100430,2017년 2월 24일 18시,금요일,경상북도 구미시 공단동,중상사고,0,1,1,0,차대차 - 추돌,안전운전불이행,건조,맑음,단일로 - 기타,승용,남,44세,상해없음,승용,여,38세,중상
2017022400100476,2017년 2월 24일 19시,금요일,경상북도 안동시 삼산동,경상사고,0,0,1,0,차대사람 - 길가장자리구역통행중,안전운전불이행,건조,맑음,단일로 - 기타,승용,여,58세,상해없음,보행자,남,49세,경상
2017022400100477,2017년 2월 24일 19시,금요일,경상북도 안동시 용상동,경상사고,0,0,1,0,차대차 - 측면충돌,안전운전불이행,건조,맑음,단일로 - 기타,승용,남,60세,상해없음,승용,여,30세,경상
2017022400100478,2017년 2월 24일 19시,금요일,경상북도 상주시 서성동,중상사고,0,1,0,0,차대사람 - 횡단중,보행자보호의무위반,건조,맑음,교차로 - 교차로횡단보도내,화물,남,41세,상해없음,보행자,여,45세,중상
2017022400100479,2017년 2월 24일 19시,금요일,경상북도 칠곡군 가산면,경상사고,0,0,2,0,차대차 - 측면충돌,안전운전불이행,건조,맑음,단일로 - 기타,화물,여,52세,상해없음,화물,남,50세,경상
2017022400100480,2017년 2월 24일 19시,금요일,경상북도 성주군 대가면,중상사고,0,2,1,0,차대차 - 추돌,안전운전불이행,건조,맑음,기타 - 기타,승용,여,56세,경상,화물,남,58세,중상
2017022400100481,2017년 2월 24일 19시,금요일,경상북도 구미시 진평동,경상사고,0,0,1,0,차대차 - 정면충돌,교차로운행방법위반,건조,맑음,교차로 - 교차로안,승용,남,53세,상해없음,이륜,남,50세,경상
2017022400100482,2017년 2월 24일 19시,금요일,경상북도 포항시 남구 오천읍,경상사고,0,0,1,0,차대사람 - 기타,안전운전불이행,건조,맑음,단일로 - 기타,승용,남,37세,상해없음,보행자,여,39세,경상
2017022400100506,2017년 2월 24일 20시,금요일,경상북도 포항시 북구 대흥동,경상사고,0,0,1,0,차대차 - 정면충돌,안전운전불이행,건조,맑음,단일로 - 기타,승용,남,20세,상해없음,이륜,남,31세,경상
2017022400100541,2017년 2월 24일 21시,금요일,경상북도 구미시 임수동,경상사고,0,0,1,0,차대차 - 측면충돌,신호위반,건조,맑음,교차로 - 교차로안,승용,남,72세,상해없음,승용,여,37세,경상
2017022400100593,2017년 2월 24일 23시,금요일,경상북도 구미시 진평동,경상사고,0,0,1,0,차대차 - 측면충돌,안전운전불이행,건조,맑음,교차로 - 교차로안,승용,남,25세,상해없음,승용,남,26세,경상
2017022500100025,2017년 2월 25일 00시,토요일,경상북도 포항시 남구 효자동,중상사고,0,1,0,0,차대사람 - 기타,안전운전불이행,건조,맑음,단일로 - 기타,승용,남,33세,상해없음,보행자,남,47세,중상
2017022500100064,2017년 2월 25일 02시,토요일,경상북도 경산시 압량면,경상사고,0,0,1,0,차대차 - 정면충돌,안전운전불이행,건조,맑음,단일로 - 기타,승용,남,32세,상해없음,승용,남,56세,상해없음
2017022500100065,2017년 2월 25일 02시,토요일,경상북도 경산시 임당동,경상사고,0,0,2,0,차대차 - 측면충돌,교차로운행방법위반,건조,맑음,교차로 - 교차로안,승용,남,28세,상해없음,승용,남,24세,경상
2017022500100077,2017년 2월 25일 03시,토요일,경상북도 구미시 황상동,경상사고,0,0,1,0,차대사람 - 차도통행중,안전운전불이행,건조,맑음,단일로 - 기타,승용,남,24세,상해없음,보행자,남,24세,경상
2017022500100101,2017년 2월 25일 05시,토요일,경상북도 구미시 광평동,경상사고,0,0,2,0,차대차 - 추돌,안전운전불이행,건조,맑음,교차로 - 교차로부근,승용,남,34세,상해없음,승용,남,47세,경상
2017022500100141,2017년 2월 25일 07시,토요일,경상북도 경산시 하양읍,경상사고,0,0,4,0,차대차 - 측면충돌,신호위반,건조,맑음,교차로 - 교차로안,승용,남,38세,경상,승용,남,25세,경상
2017022500100185,2017년 2월 25일 09시,토요일,경상북도 의성군 다인면,중상사고,0,1,0,0,차대차 - 측면충돌,안전운전불이행,건조,맑음,단일로 - 기타,승용,남,30세,상해없음,이륜,남,75세,중상
2017022500100186,2017년 2월 25일 09시,토요일,경상북도 의성군 의성읍,경상사고,0,0,1,0,차대차 - 측면충돌,안전운전불이행,건조,맑음,교차로 - 교차로안,자전거,남,9세,경상,승용,남,59세,상해없음
2017022500100187,2017년 2월 25일 09시,토요일,경상북도 구미시 원평동,경상사고,0,0,1,0,차대차 - 추돌,안전운전불이행,건조,맑음,교차로 - 교차로안,승용,남,18세,상해없음,승용,여,33세,경상
2017022500100209,2017년 2월 25일 10시,토요일,경상북도 포항시 북구 양덕동,중상사고,0,1,0,0,차대사람 - 횡단중,보행자보호의무위반,건조,맑음,단일로 - 기타,승용,여,30세,상해없음,보행자,여,28세,중상
2017022500100210,2017년 2월 25일 10시,토요일,경상북도 영주시 문정동,중상사고,0,1,0,0,차대차 - 측면충돌,안전운전불이행,건조,맑음,단일로 - 기타,원동기,남,74세,중상,화물,남,49세,상해없음
2017022500100211,2017년 2월 25일 10시,토요일,경상북도 구미시 상모동,경상사고,0,0,3,0,차대차 - 측면충돌,안전운전불이행,건조,맑음,단일로 - 기타,승용,여,42세,경상,승용,남,29세,경상
2017022500100270,2017년 2월 25일 12시,토요일,경상북도 경주시 동천동,경상사고,0,0,1,0,차대차 - 측면충돌,안전운전불이행,건조,맑음,교차로 - 교차로안,화물,남,49세,상해없음,이륜,남,22세,경상
2017022500100271,2017년 2월 25일 12시,토요일,경상북도 경주시 황오동,중상사고,0,2,0,0,차대차 - 측면충돌,안전운전불이행,건조,맑음,교차로 - 교차로안,승용,남,56세,상해없음,승용,여,28세,중상
2017022500100272,2017년 2월 25일 12시,토요일,경상북도 포항시 북구 장성동,경상사고,0,0,2,0,차대차 - 측면충돌,안전운전불이행,건조,맑음,교차로 - 교차로안,승용,여,53세,경상,승용,여,37세,경상
2017022500100273,2017년 2월 25일 12시,토요일,경상북도 상주시 함창읍,중상사고,0,1,0,0,차대차 - 측면충돌,교차로운행방법위반,건조,맑음,교차로 - 교차로안,화물,남,66세,상해없음,이륜,남,77세,중상
2017022500100303,2017년 2월 25일 13시,토요일,경상북도 포항시 북구 동빈1가,중상사고,0,1,0,0,차대사람 - 횡단중,안전운전불이행,건조,맑음,단일로 - 기타,승용,여,43세,상해없음,보행자,여,73세,중상
2017022500100322,2017년 2월 25일 14시,토요일,경상북도 포항시 북구 흥해읍,경상사고,0,0,1,0,차대차 - 추돌,안전운전불이행,건조,맑음,단일로 - 기타,승용,남,26세,상해없음,승용,남,22세,경상
2017022500100323,2017년 2월 25일 14시,토요일,경상북도 구미시 공단동,경상사고,0,0,1,0,차대차 - 측면충돌,교차로운행방법위반,건조,맑음,교차로 - 교차로안,승용,남,26세,기타불명,승용,남,33세,경상
2017022500100353,2017년 2월 25일 15시,토요일,경상북도 경산시 사동,경상사고,0,0,1,0,차대차 - 측면충돌,직진우회전진행방해,건조,맑음,교차로 - 교차로안,원동기,남,24세,경상,승용,남,47세,상해없음
2017022500100354,2017년 2월 25일 15시,토요일,경상북도 경산시 사동,경상사고,0,0,1,0,차대사람 - 차도통행중,안전운전불이행,건조,맑음,단일로 - 기타,기타불명,기타불명,미분류,기타불명,보행자,남,21세,경상
2017022500100355,2017년 2월 25일 15시,토요일,경상북도 청송군 안덕면,중상사고,0,1,0,0,차대사람 - 횡단중,안전운전불이행,건조,맑음,단일로 - 기타,승용,남,29세,상해없음,보행자,남,79세,중상
2017022500100396,2017년 2월 25일 16시,토요일,경상북도 구미시 원평동,경상사고,0,0,1,0,차대사람 - 길가장자리구역통행중,안전운전불이행,건조,맑음,교차로 - 교차로부근,승용,여,49세,상해없음,보행자,남,82세,경상
2017022500100426,2017년 2월 25일 17시,토요일,경상북도 포항시 북구 두호동,경상사고,0,0,1,0,차대차 - 측면충돌,안전운전불이행,건조,맑음,단일로 - 기타,승용,여,57세,상해없음,이륜,남,18세,경상
2017022500100427,2017년 2월 25일 17시,토요일,경상북도 김천시 감천면,사망사고,1,0,1,0,차량단독 - 전도전복 - 전도,안전운전불이행,건조,맑음,단일로 - 기타,승용,남,35세,경상,,,,
2017022500100463,2017년 2월 25일 18시,토요일,경상북도 포항시 북구 흥해읍,경상사고,0,0,2,0,차대차 - 추돌,안전거리미확보,건조,맑음,단일로 - 기타,승용,남,58세,상해없음,승용,남,55세,경상
2017022500100494,2017년 2월 25일 19시,토요일,경상북도 안동시 일직면,중상사고,0,1,3,0,차대차 - 추돌,안전운전불이행,건조,맑음,단일로 - 기타,승용,남,61세,경상,농기계,남,58세,중상
2017022500100495,2017년 2월 25일 19시,토요일,경상북도 구미시 원평동,중상사고,0,1,0,0,차대사람 - 횡단중,보행자보호의무위반,건조,맑음,기타 - 기타,승용,남,50세,상해없음,보행자,여,42세,중상
2017022500100517,2017년 2월 25일 20시,토요일,경상북도 포항시 북구 두호동,경상사고,0,0,1,0,차대사람 - 차도통행중,안전운전불이행,건조,맑음,교차로 - 교차로부근,승용,남,28세,상해없음,보행자,남,37세,경상
2017022500100537,2017년 2월 25일 21시,토요일,경상북도 포항시 남구 상도동,경상사고,0,0,1,0,차대차 - 추돌,안전거리미확보,건조,맑음,교차로 - 교차로부근,승용,남,53세,상해없음,승용,남,57세,상해없음
2017022500100557,2017년 2월 25일 22시,토요일,경상북도 포항시 남구 대도동,경상사고,0,0,2,0,차대차 - 측면충돌,차로위반,건조,맑음,단일로 - 기타,승용,남,36세,상해없음,승용,남,63세,경상
2017022500100587,2017년 2월 25일 23시,토요일,경상북도 김천시 농소면,중상사고,0,1,0,0,차대차 - 추돌,안전운전불이행,건조,맑음,단일로 - 기타,승용,남,35세,상해없음,승용,남,57세,중상
2017022600100021,2017년 2월 26일 00시,일요일,경상북도 포항시 북구 죽도동,경상사고,0,0,1,0,차대사람 - 횡단중,안전운전불이행,건조,맑음,단일로 - 기타,승용,남,52세,상해없음,보행자,여,63세,경상
2017022600100022,2017년 2월 26일 00시,일요일,경상북도 안동시 금곡동,경상사고,0,0,3,0,차대차 - 추돌,직진우회전진행방해,건조,맑음,교차로 - 교차로안,승용,남,59세,상해없음,승용,여,21세,상해없음
2017022600100023,2017년 2월 26일 00시,일요일,경상북도 의성군 의성읍,중상사고,0,1,1,0,차대차 - 측면충돌,안전운전불이행,건조,맑음,교차로 - 교차로안,승용,남,37세,상해없음,승용,남,62세,경상
2017022600100024,2017년 2월 26일 00시,일요일,경상북도 의성군 의성읍,중상사고,0,1,0,0,차량단독 - 전도전복,안전운전불이행,건조,맑음,단일로 - 기타,승용,남,51세,중상,미분류,미분류,미분류,미분류
2017022600100025,2017년 2월 26일 00시,일요일,경상북도 포항시 남구 대도동,경상사고,0,0,2,0,차대사람 - 횡단중,안전운전불이행,건조,맑음,교차로 - 교차로안,승용,여,40세,상해없음,보행자,남,26세,경상
2017022600100026,2017년 2월 26일 00시,일요일,경상북도 포항시 남구 호동,경상사고,0,0,1,0,차대차 - 측면충돌,신호위반,건조,맑음,교차로 - 교차로안,승용,남,45세,상해없음,승용,남,30세,경상
2017022600100042,2017년 2월 26일 01시,일요일,경상북도 김천시 양천동,중상사고,0,1,0,0,차량단독 - 전도전복,안전운전불이행,건조,맑음,교차로 - 교차로안,승용,남,49세,중상,미분류,미분류,미분류,미분류
2017022600100043,2017년 2월 26일 01시,일요일,경상북도 구미시 원평동,경상사고,0,0,1,0,차대차 - 측면충돌,안전운전불이행,건조,맑음,교차로 - 교차로안,승용,남,31세,상해없음,승용,남,39세,경상
2017022600100055,2017년 2월 26일 02시,일요일,경상북도 경주시 시래동,중상사고,0,2,1,0,차대차 - 측면충돌,신호위반,건조,맑음,교차로 - 교차로안,승용,남,54세,상해없음,승용,남,46세,중상
2017022600100070,2017년 2월 26일 03시,일요일,경상북도 영덕군 영덕읍,중상사고,0,1,0,0,차량단독 - 기타,안전운전불이행,건조,맑음,단일로 - 기타,이륜,남,14세,중상,,,,
2017022600100095,2017년 2월 26일 05시,일요일,경상북도 김천시 평화동,경상사고,0,0,1,0,차대차 - 추돌,안전운전불이행,건조,맑음,교차로 - 교차로부근,승용,남,24세,상해없음,승용,남,24세,경상
2017022600100096,2017년 2월 26일 05시,일요일,경상북도 구미시 오태동,중상사고,0,1,0,0,차량단독 - 공작물충돌,안전운전불이행,건조,맑음,교차로 - 교차로부근,승용,남,33세,중상,,,,
2017022600100106,2017년 2월 26일 06시,일요일,경상북도 경주시 성동동,경상사고,0,0,1,0,차대차 - 측면충돌,안전운전불이행,건조,맑음,교차로 - 교차로안,승용,남,72세,상해없음,자전거,남,74세,경상
2017022600100116,2017년 2월 26일 07시,일요일,경상북도 경주시 황오동,경상사고,0,0,1,0,차대차 - 측면충돌,안전운전불이행,건조,맑음,단일로 - 기타,화물,남,65세,상해없음,승용,남,71세,경상
2017022600100143,2017년 2월 26일 09시,일요일,경상북도 포항시 북구 남빈동,경상사고,0,0,1,0,차대사람 - 차도통행중,안전운전불이행,건조,맑음,단일로 - 기타,승용,남,71세,상해없음,보행자,남,53세,경상
2017022600100144,2017년 2월 26일 09시,일요일,경상북도 영주시 영주동,경상사고,0,0,1,0,차대차 - 측면충돌,직진우회전진행방해,건조,맑음,교차로 - 교차로안,승용,여,52세,상해없음,승용,여,53세,경상
2017022600100154,2017년 2월 26일 10시,일요일,경상북도 포항시 북구 양덕동,경상사고,0,0,3,0,차대차 - 측면충돌,직진우회전진행방해,건조,맑음,교차로 - 교차로안,승용,여,55세,경상,승용,남,27세,경상
2017022600100155,2017년 2월 26일 10시,일요일,경상북도 상주시 내서면,중상사고,0,2,0,0,차대차 - 측면충돌,안전운전불이행,서리/결빙,흐림,단일로 - 기타,화물,남,26세,중상,승용,남,79세,중상
2017022600100165,2017년 2월 26일 11시,일요일,경상북도 안동시 송현동,경상사고,0,0,2,0,차대차 - 측면충돌,신호위반,건조,맑음,교차로 - 교차로안,화물,남,47세,상해없음,승용,여,44세,경상
2017022600100166,2017년 2월 26일 11시,일요일,경상북도 포항시 남구 대잠동,중상사고,0,1,0,0,차대차 - 기타,안전운전불이행,건조,맑음,교차로 - 교차로안,승용,남,34세,상해없음,이륜,남,21세,중상
2017022600100212,2017년 2월 26일 13시,일요일,경상북도 김천시 아포읍,중상사고,0,2,1,0,차대차 - 정면충돌,신호위반,건조,맑음,교차로 - 교차로안,승용,여,46세,상해없음,승용,남,63세,중상
2017022600100213,2017년 2월 26일 13시,일요일,경상북도 구미시 원평동,경상사고,0,0,1,0,차대차 - 측면충돌,안전운전불이행,건조,맑음,교차로 - 교차로안,기타불명,기타불명,미분류,기타불명,자전거,남,12세,경상
2017022600100214,2017년 2월 26일 13시,일요일,경상북도 포항시 남구 동해면,경상사고,0,0,1,0,차량단독 - 전도전복,안전운전불이행,건조,맑음,단일로 - 기타,승용,여,43세,경상,미분류,미분류,미분류,미분류
2017022600100227,2017년 2월 26일 14시,일요일,경상북도 포항시 북구 양덕동,경상사고,0,0,3,0,차대차 - 측면충돌,신호위반,건조,맑음,교차로 - 교차로안,승용,여,32세,경상,승용,남,74세,경상
2017022600100228,2017년 2월 26일 14시,일요일,경상북도 고령군 대가야읍,경상사고,0,0,1,0,차대차 - 측면충돌,교차로운행방법위반,건조,맑음,교차로 - 교차로안,승용,여,54세,상해없음,이륜,남,32세,경상
2017022600100250,2017년 2월 26일 15시,일요일,경상북도 경주시 성건동,경상사고,0,0,1,0,차대사람 - 길가장자리구역통행중,안전운전불이행,건조,맑음,교차로 - 교차로안,승용,여,62세,상해없음,보행자,남,52세,경상
2017022600100251,2017년 2월 26일 15시,일요일,경상북도 구미시 고아읍,경상사고,0,0,1,0,차대차 - 측면충돌,안전운전불이행,건조,맑음,단일로 - 기타,원동기,남,71세,경상,승용,여,62세,상해없음
2017022600100270,2017년 2월 26일 16시,일요일,경상북도 경주시 율동,중상사고,0,1,0,0,차대차 - 측면충돌,안전운전불이행,건조,맑음,단일로 - 기타,승용,남,55세,상해없음,승합,남,59세,상해없음
2017022600100271,2017년 2월 26일 16시,일요일,경상북도 김천시 부곡동,경상사고,0,0,1,0,차대차 - 측면충돌,안전운전불이행,건조,맑음,단일로 - 기타,승용,남,52세,상해없음,자전거,여,48세,경상
2017022600100272,2017년 2월 26일 16시,일요일,경상북도 영천시 오미동,경상사고,0,0,2,0,차대차 - 측면충돌,안전운전불이행,건조,맑음,단일로 - 기타,승용,여,46세,경상,승용,남,54세,경상
2017022600100273,2017년 2월 26일 16시,일요일,경상북도 경산시 남천면,중상사고,0,1,0,0,차대사람 - 차도통행중,안전운전불이행,건조,맑음,단일로 - 기타,화물,남,51세,상해없음,보행자,여,82세,중상
2017022600100274,2017년 2월 26일 16시,일요일,경상북도 고령군 쌍림면,중상사고,0,1,0,0,차대차 - 측면충돌,안전운전불이행,건조,맑음,교차로 - 교차로부근,원동기,남,49세,중상,승용,여,38세,상해없음
2017022600100301,2017년 2월 26일 17시,일요일,경상북도 경주시 천북면,중상사고,0,2,3,0,차대차 - 측면충돌,안전운전불이행,건조,맑음,단일로 - 기타,승합,남,18세,경상,승용,남,54세,상해없음
2017022600100302,2017년 2월 26일 17시,일요일,경상북도 청도군 화양읍,경상사고,0,0,1,0,차량단독 - 전도전복 - 전도,안전운전불이행,건조,맑음,기타 - 기타,자전거,남,73세,경상,,,,
2017022600100327,2017년 2월 26일 18시,일요일,경상북도 경주시 천군동,경상사고,0,0,1,0,차대차 - 측면충돌,안전운전불이행,건조,맑음,교차로 - 교차로안,승용,여,57세,상해없음,승용,여,63세,경상
2017022600100328,2017년 2월 26일 18시,일요일,경상북도 김천시 대광동,경상사고,0,0,1,0,차대차 - 측면충돌,안전운전불이행,건조,맑음,교차로 - 교차로안,농기계,남,77세,경상,승용,여,46세,상해없음
2017022600100329,2017년 2월 26일 18시,일요일,경상북도 의성군 안계면,중상사고,0,1,0,0,차대사람 - 길가장자리구역통행중,안전운전불이행,건조,맑음,단일로 - 기타,기타불명,기타불명,미분류,기타불명,보행자,여,64세,중상
2017022600100330,2017년 2월 26일 18시,일요일,경상북도 구미시 공단동,경상사고,0,0,1,0,차대사람 - 기타,안전운전불이행,건조,맑음,기타 - 기타,승용,여,46세,상해없음,보행자,여,62세,경상
2017022600100354,2017년 2월 26일 19시,일요일,경상북도 영천시 대전동,경상사고,0,0,1,0,차대차 - 기타,기타,건조,맑음,단일로 - 기타,화물,남,65세,상해없음,승용,남,49세,경상
2017022600100355,2017년 2월 26일 19시,일요일,경상북도 문경시 동로면,경상사고,0,0,3,0,차대차 - 추돌,중앙선침범,건조,흐림,단일로 - 기타,승용,여,58세,경상,승용,남,53세,경상
2017022600100377,2017년 2월 26일 20시,일요일,경상북도 포항시 북구 대신동,중상사고,0,1,3,0,차대차 - 측면충돌,안전운전불이행,건조,맑음,교차로 - 교차로안,승용,남,60세,상해없음,승용,남,50세,경상
2017022600100378,2017년 2월 26일 20시,일요일,경상북도 구미시 공단동,경상사고,0,0,2,1,차대차 - 추돌,안전운전불이행,건조,맑음,단일로 - 기타,승용,여,33세,부상신고,승용,남,44세,경상
2017022600100407,2017년 2월 26일 21시,일요일,경상북도 안동시 풍산읍,중상사고,0,1,0,0,차대차 - 추돌,안전운전불이행,건조,맑음,단일로 - 기타,승용,남,42세,상해없음,승용,여,29세,상해없음
2017022600100438,2017년 2월 26일 23시,일요일,경상북도 구미시 신평동,중상사고,0,1,2,0,차대차 - 정면충돌,신호위반,건조,맑음,교차로 - 교차로안,승용,남,64세,상해없음,승용,남,50세,중상
2017022700100025,2017년 2월 27일 00시,월요일,경상북도 경산시 하양읍,경상사고,0,0,2,0,차대차 - 정면충돌,안전운전불이행,건조,맑음,단일로 - 기타,승용,남,50세,상해없음,승용,남,38세,경상
2017022700100033,2017년 2월 27일 01시,월요일,경상북도 안동시 천리동,중상사고,0,1,0,0,차대차 - 추돌,안전운전불이행,건조,맑음,교차로 - 교차로부근,승용,남,40세,상해없음,승용,여,41세,중상
2017022700100054,2017년 2월 27일 04시,월요일,경상북도 포항시 남구 동해면,경상사고,0,0,1,0,차대차 - 기타,안전운전불이행,젖음/습기,비,교차로 - 교차로부근,승용,남,55세,상해없음,승용,남,22세,경상
2017022700100092,2017년 2월 27일 07시,월요일,경상북도 경주시 천북면,중상사고,0,1,0,0,차대차 - 측면충돌,중앙선침범,건조,맑음,단일로 - 기타,승합,남,44세,상해없음,승합,남,58세,중상
2017022700100093,2017년 2월 27일 07시,월요일,경상북도 의성군 단촌면,중상사고,0,1,1,0,차대차 - 측면충돌,중앙선침범,건조,맑음,단일로 - 기타,승합,남,69세,상해없음,승용,남,73세,상해없음
2017022700100149,2017년 2월 27일 09시,월요일,경상북도 포항시 북구 흥해읍,경상사고,0,0,1,0,차대차 - 측면충돌,신호위반,건조,맑음,교차로 - 교차로안,농기계,남,84세,경상,승용,남,39세,상해없음
2017022700100150,2017년 2월 27일 09시,월요일,경상북도 안동시 용상동,경상사고,0,0,1,0,차대차 - 추돌,안전운전불이행,건조,맑음,교차로 - 교차로부근,승용,남,67세,상해없음,이륜,여,30세,경상
2017022700100151,2017년 2월 27일 09시,월요일,경상북도 김천시 모암동,경상사고,0,0,1,0,차대사람 - 횡단중,보행자보호의무위반,건조,맑음,교차로 - 교차로부근,승용,남,57세,상해없음,보행자,여,63세,경상