사고번호,사고일시,요일,시군구,사고내용,사망자수,중상자수,경상자수,부상신고자수,사고유형,법규위반,노면상태,기상상태,도로형태,가해운전자 차종,가해운전자 성별,가해운전자 연령,가해운전자 상해정도,피해운전자 차종,피해운전자 성별,피해운전자 연령,피해운전자 상해정도
2017030900100358,2017년 3월 9일 16시,목요일,경상북도 칠곡군 왜관읍,부상신고사고,0,0,0,1,차대사람 - 길가장자리구역통행중,안전운전불이행,건조,맑음,단일로 - 기타,승용,여,59세,상해없음,보행자,여,13세,부상신고
2017030900100393,2017년 3월 9일 17시,목요일,경상북도 문경시 흥덕동,중상사고,0,1,0,0,차대차 - 측면충돌,직진우회전진행방해,건조,맑음,교차로 - 교차로안,이륜,남,68세,중상,화물,남,62세,상해없음
2017030900100431,2017년 3월 9일 18시,목요일,경상북도 안동시 옥동,중상사고,0,1,0,0,차대차 - 측면충돌,안전운전불이행,건조,맑음,기타 - 기타,승용,남,52세,상해없음,자전거,남,40세,중상
2017030900100432,2017년 3월 9일 18시,목요일,경상북도 구미시 형곡동,경상사고,0,0,1,0,차대차 - 측면충돌,안전운전불이행,건조,맑음,교차로 - 교차로안,이륜,남,50세,상해없음,이륜,남,17세,경상
2017030900100433,2017년 3월 9일 18시,목요일,경상북도 구미시 형곡동,경상사고,0,0,1,0,차대차 - 기타,안전운전불이행,건조,맑음,단일로 - 기타,승용,여,47세,상해없음,승합,남,58세,상해없음
2017030900100465,2017년 3월 9일 19시,목요일,경상북도 구미시 인의동,경상사고,0,0,1,0,차대사람 - 길가장자리구역통행중,안전운전불이행,건조,맑음,기타 - 기타,승용,여,25세,상해없음,보행자,남,39세,경상
2017030900100466,2017년 3월 9일 19시,목요일,경상북도 포항시 남구 대도동,경상사고,0,0,1,0,차대차 - 기타,직진우회전진행방해,건조,맑음,교차로 - 교차로안,이륜,남,19세,상해없음,자전거,남,13세,경상
2017030900100488,2017년 3월 9일 20시,목요일,경상북도 포항시 북구 장성동,중상사고,0,1,1,0,차대차 - 측면충돌,안전운전불이행,건조,맑음,교차로 - 교차로안,승용,여,45세,경상,승용,여,66세,중상
2017030900100489,2017년 3월 9일 20시,목요일,경상북도 문경시 모전동,경상사고,0,0,1,0,차대사람 - 차도통행중,보행자보호의무위반,건조,맑음,교차로 - 교차로안,승용,남,51세,상해없음,보행자,남,49세,경상
2017030900100490,2017년 3월 9일 20시,목요일,경상북도 영덕군 영해면,경상사고,0,0,2,0,차대차 - 측면충돌,교차로운행방법위반,건조,맑음,교차로 - 교차로안,승용,여,57세,경상,승용,여,47세,경상
2017030900100513,2017년 3월 9일 21시,목요일,경상북도 영천시 오수동,경상사고,0,0,2,0,차대차 - 측면충돌,안전운전불이행,건조,맑음,단일로 - 기타,승용,남,54세,상해없음,승용,남,65세,경상
2017030900100514,2017년 3월 9일 21시,목요일,경상북도 울진군 울진읍,경상사고,0,0,1,0,차대차 - 추돌,기타,건조,맑음,교차로 - 교차로부근,기타불명,기타불명,미분류,기타불명,승용,여,23세,경상
2017030900100538,2017년 3월 9일 22시,목요일,경상북도 구미시 봉곡동,경상사고,0,0,1,0,차대차 - 기타,안전운전불이행,건조,맑음,교차로 - 교차로안,승용,여,38세,상해없음,승용,남,51세,경상
2017030900100562,2017년 3월 9일 23시,목요일,경상북도 구미시 송정동,경상사고,0,0,2,0,차대차 - 측면충돌,안전운전불이행,건조,맑음,주차장 - 주차장,승용,남,64세,상해없음,승용,남,30세,경상
2017031000100025,2017년 3월 10일 00시,금요일,경상북도 포항시 북구 양덕동,중상사고,0,1,1,0,차대차 - 추돌,안전운전불이행,건조,맑음,단일로 - 기타,승용,여,31세,경상,화물,남,41세,상해없음
2017031000100092,2017년 3월 10일 07시,금요일,경상북도 경주시 도지동,경상사고,0,0,2,0,차대차 - 추돌,안전운전불이행,건조,맑음,교차로 - 교차로부근,승합,남,46세,상해없음,승용,남,33세,경상
2017031000100093,2017년 3월 10일 07시,금요일,경상북도 포항시 북구 흥해읍,중상사고,0,1,3,0,차대차 - 추돌,안전운전불이행,건조,맑음,단일로 - 기타,승용,남,34세,상해없음,승용,남,61세,중상
2017031000100132,2017년 3월 10일 08시,금요일,경상북도 칠곡군 북삼읍,경상사고,0,0,4,2,차대차 - 추돌,안전운전불이행,건조,맑음,단일로 - 기타,승용,여,29세,부상신고,승합,남,40세,경상
2017031000100133,2017년 3월 10일 08시,금요일,경상북도 예천군 예천읍,중상사고,0,1,0,0,차대차 - 측면충돌,신호위반,건조,맑음,교차로 - 교차로안,원동기,여,44세,중상,승용,여,29세,상해없음
2017031000100134,2017년 3월 10일 08시,금요일,경상북도 성주군 선남면,경상사고,0,0,1,0,차대차 - 추돌,안전거리미확보,건조,맑음,기타 - 기타,화물,남,63세,상해없음,특수,남,49세,경상
2017031000100135,2017년 3월 10일 08시,금요일,경상북도 구미시 구포동,중상사고,0,1,2,0,차대차 - 추돌,안전운전불이행,건조,맑음,교차로 - 교차로부근,화물,남,30세,상해없음,승용,남,56세,중상
2017031000100175,2017년 3월 10일 09시,금요일,경상북도 구미시 구평동,경상사고,0,0,5,0,차대차 - 추돌,안전운전불이행,건조,맑음,단일로 - 기타,승용,여,43세,경상,승용,여,56세,경상
2017031000100227,2017년 3월 10일 11시,금요일,경상북도 김천시 다수동,중상사고,0,1,0,0,차대사람 - 횡단중,안전운전불이행,건조,맑음,단일로 - 기타,승용,여,51세,상해없음,보행자,여,78세,중상
2017031000100228,2017년 3월 10일 11시,금요일,경상북도 구미시 원평동,경상사고,0,0,1,0,차대사람 - 길가장자리구역통행중,안전운전불이행,건조,맑음,단일로 - 기타,승용,여,47세,상해없음,보행자,남,52세,경상
2017031000100257,2017년 3월 10일 12시,금요일,경상북도 경주시 현곡면,경상사고,0,0,6,1,차대차 - 측면충돌,안전운전불이행,건조,맑음,단일로 - 기타,승용,남,52세,상해없음,승합,남,58세,경상
2017031000100258,2017년 3월 10일 12시,금요일,경상북도 포항시 북구 용흥동,경상사고,0,0,1,0,차대차 - 측면충돌,교차로운행방법위반,건조,맑음,교차로 - 교차로안,승용,남,77세,상해없음,승용,여,47세,경상
2017031000100287,2017년 3월 10일 13시,금요일,경상북도 안동시 태화동,중상사고,0,1,0,0,차대차 - 측면충돌,안전운전불이행,건조,맑음,교차로 - 교차로안,승용,남,62세,상해없음,이륜,남,61세,중상
2017031000100288,2017년 3월 10일 13시,금요일,경상북도 김천시 양천동,경상사고,0,0,1,0,차대차 - 추돌,안전운전불이행,건조,맑음,단일로 - 기타,승용,남,69세,상해없음,화물,남,64세,경상
2017031000100289,2017년 3월 10일 13시,금요일,경상북도 문경시 모전동,경상사고,0,0,1,0,차대차 - 측면충돌,신호위반,건조,맑음,교차로 - 교차로안,사륜오토바이(ATV),여,74세,경상,승용,남,48세,상해없음
2017031000100290,2017년 3월 10일 13시,금요일,경상북도 구미시 원평동,경상사고,0,0,1,0,차대차 - 기타,안전운전불이행,건조,맑음,교차로 - 교차로부근,이륜,남,18세,경상,승용,여,28세,상해없음
2017031000100307,2017년 3월 10일 14시,금요일,경상북도 영덕군 영덕읍,경상사고,0,0,4,0,차대차 - 측면충돌,차로위반,건조,맑음,단일로 - 기타,건설기계,남,63세,상해없음,승용,남,26세,경상
2017031000100338,2017년 3월 10일 15시,금요일,경상북도 포항시 북구 용흥동,경상사고,0,0,2,0,차대차 - 측면충돌,안전거리미확보,건조,맑음,단일로 - 기타,화물,남,47세,상해없음,승합,남,58세,경상
2017031000100339,2017년 3월 10일 15시,금요일,경상북도 영양군 청기면,중상사고,0,1,1,0,차대차 - 측면충돌,중앙선침범,건조,맑음,단일로 - 기타,농기계,남,62세,경상,화물,남,42세,중상
2017031000100340,2017년 3월 10일 15시,금요일,경상북도 구미시 공단동,경상사고,0,0,3,0,차대차 - 추돌,안전운전불이행,건조,맑음,단일로 - 기타,승용,남,51세,상해없음,화물,남,40세,경상
2017031000100341,2017년 3월 10일 15시,금요일,경상북도 포항시 남구 대송면,중상사고,0,1,0,0,차대차 - 측면충돌,안전운전불이행,건조,맑음,단일로 - 기타,화물,남,63세,상해없음,자전거,남,11세,중상
2017031000100376,2017년 3월 10일 16시,금요일,경상북도 포항시 북구 대신동,중상사고,0,3,1,0,차대차 - 측면충돌,신호위반,건조,맑음,교차로 - 교차로안,승용,남,33세,상해없음,승용,남,30세,경상
2017031000100377,2017년 3월 10일 16시,금요일,경상북도 경산시 하양읍,경상사고,0,0,1,0,차대차 - 정면충돌,안전운전불이행,건조,맑음,교차로 - 교차로안,화물,남,51세,상해없음,승용,여,28세,경상
2017031000100378,2017년 3월 10일 16시,금요일,경상북도 구미시 남통동,경상사고,0,0,1,0,차대사람 - 보도통행중,기타,건조,맑음,교차로 - 교차로부근,승용,남,31세,상해없음,보행자,남,15세,경상
2017031000100410,2017년 3월 10일 17시,금요일,경상북도 영천시 금호읍,경상사고,0,0,1,0,차대차 - 추돌,안전운전불이행,건조,맑음,교차로 - 교차로안,승용,남,64세,상해없음,승용,남,47세,경상
2017031000100411,2017년 3월 10일 17시,금요일,경상북도 경산시 진량읍,경상사고,0,0,1,0,차대사람 - 횡단중,신호위반,건조,맑음,교차로 - 교차로횡단보도내,자전거,남,41세,상해없음,보행자,여,24세,경상
2017031000100454,2017년 3월 10일 18시,금요일,경상북도 안동시 서부동,경상사고,0,0,2,0,차대차 - 측면충돌,안전운전불이행,건조,맑음,단일로 - 기타,승용,남,63세,상해없음,승용,남,48세,경상
2017031000100455,2017년 3월 10일 18시,금요일,경상북도 봉화군 봉화읍,경상사고,0,0,1,0,차대사람 - 횡단중,보행자보호의무위반,건조,맑음,교차로 - 교차로부근,승용,여,50세,상해없음,보행자,여,9세,경상
2017031000100492,2017년 3월 10일 19시,금요일,경상북도 포항시 북구 장성동,경상사고,0,0,3,0,차대차 - 측면충돌,직진우회전진행방해,건조,맑음,교차로 - 교차로안,승합,남,29세,상해없음,승용,남,46세,경상
2017031000100493,2017년 3월 10일 19시,금요일,경상북도 포항시 북구 청하면,경상사고,0,0,1,0,차대사람 - 횡단중,안전운전불이행,건조,맑음,단일로 - 기타,화물,남,68세,상해없음,보행자,남,66세,경상
2017031000100494,2017년 3월 10일 19시,금요일,경상북도 안동시 옥동,경상사고,0,0,1,0,차대사람 - 길가장자리구역통행중,안전운전불이행,건조,맑음,교차로 - 교차로부근,승용,남,41세,상해없음,보행자,남,33세,경상
2017031000100495,2017년 3월 10일 19시,금요일,경상북도 칠곡군 석적읍,경상사고,0,0,1,0,차대사람 - 횡단중,보행자보호의무위반,건조,맑음,단일로 - 기타,이륜,남,38세,상해없음,보행자,여,30세,경상
2017031000100496,2017년 3월 10일 19시,금요일,경상북도 경산시 옥산동,중상사고,0,1,0,0,차대사람 - 횡단중,보행자보호의무위반,건조,맑음,교차로 - 교차로횡단보도내,승용,남,54세,상해없음,보행자,남,57세,중상
2017031000100497,2017년 3월 10일 19시,금요일,경상북도 울진군 후포면,중상사고,0,1,1,0,차대차 - 추돌,안전운전불이행,건조,맑음,단일로 - 기타,승용,남,57세,상해없음,승용,남,37세,중상
2017031000100498,2017년 3월 10일 19시,금요일,경상북도 구미시 원평동,중상사고,0,1,0,0,차대차 - 측면충돌,중앙선침범,건조,맑음,단일로 - 기타,화물,남,60세,상해없음,이륜,남,44세,중상
2017031000100525,2017년 3월 10일 20시,금요일,경상북도 안동시 송천동,사망사고,1,0,0,0,차대사람 - 길가장자리구역통행중,안전운전불이행,건조,맑음,단일로 - 기타,승용,남,32세,상해없음,보행자,여,2세,사망
2017031000100526,2017년 3월 10일 20시,금요일,경상북도 문경시 점촌동,중상사고,0,1,0,0,차대사람 - 횡단중,안전운전불이행,건조,맑음,단일로 - 기타,승용,여,44세,상해없음,보행자,남,49세,중상
2017031000100527,2017년 3월 10일 20시,금요일,경상북도 경산시 중산동,중상사고,0,1,0,0,차대사람 - 횡단중,안전운전불이행,건조,맑음,단일로 - 기타,화물,남,64세,상해없음,보행자,남,76세,중상
2017031000100556,2017년 3월 10일 21시,금요일,경상북도 경주시 시래동,사망사고,1,0,0,0,차대사람 - 차도통행중,안전운전불이행,건조,맑음,단일로 - 기타,화물,남,49세,상해없음,보행자,남,64세,사망
2017031000100589,2017년 3월 10일 22시,금요일,경상북도 경주시 동방동,경상사고,0,0,1,0,차대차 - 측면충돌,안전운전불이행,건조,맑음,단일로 - 기타,승용,남,41세,경상,화물,남,49세,기타불명
2017031000100590,2017년 3월 10일 22시,금요일,경상북도 구미시 진평동,중상사고,0,2,0,0,차대차 - 측면충돌,직진우회전진행방해,건조,맑음,교차로 - 교차로안,승용,남,34세,상해없음,이륜,남,22세,중상
2017031000100619,2017년 3월 10일 23시,금요일,경상북도 칠곡군 왜관읍,중상사고,0,1,0,0,차대차 - 추돌,안전운전불이행,건조,맑음,교차로 - 교차로안,승용,남,47세,상해없음,이륜,남,39세,중상
2017031100100029,2017년 3월 11일 00시,토요일,경상북도 구미시 도량동,경상사고,0,0,2,1,차대차 - 측면충돌,중앙선침범,건조,맑음,단일로 - 기타,이륜,남,73세,부상신고,승용,여,25세,경상
2017031100100049,2017년 3월 11일 01시,토요일,경상북도 영주시 영주동,경상사고,0,0,2,0,차대차 - 측면충돌,교차로운행방법위반,건조,맑음,교차로 - 교차로안,승용,남,55세,상해없음,승용,여,37세,경상
2017031100100089,2017년 3월 11일 05시,토요일,경상북도 경산시 하양읍,중상사고,0,2,0,0,차대차 - 측면충돌,신호위반,건조,맑음,교차로 - 교차로안,화물,남,56세,상해없음,건설기계,남,43세,중상
2017031100100090,2017년 3월 11일 05시,토요일,경상북도 구미시 봉곡동,경상사고,0,0,1,0,차대차 - 측면충돌,안전운전불이행,건조,맑음,교차로 - 교차로부근,승용,남,48세,상해없음,승용,남,35세,경상
2017031100100103,2017년 3월 11일 06시,토요일,경상북도 김천시 응명동,경상사고,0,0,1,0,차대차 - 측면충돌,교차로운행방법위반,건조,맑음,교차로 - 교차로안,승용,남,24세,상해없음,승용,남,39세,경상
2017031100100111,2017년 3월 11일 07시,토요일,경상북도 포항시 북구 용흥동,경상사고,0,0,1,0,차대차 - 측면충돌,안전운전불이행,건조,맑음,교차로 - 교차로안,승용,남,63세,상해없음,승합,남,43세,상해없음
2017031100100130,2017년 3월 11일 08시,토요일,경상북도 포항시 북구 흥해읍,중상사고,0,1,0,0,차대차 - 기타,안전운전불이행,건조,맑음,교차로 - 교차로안,승용,남,67세,상해없음,승합,여,51세,중상
2017031100100131,2017년 3월 11일 08시,토요일,경상북도 구미시 황상동,경상사고,0,0,4,0,차대차 - 추돌,안전거리미확보,건조,맑음,교차로 - 교차로부근,승용,남,41세,경상,승용,남,25세,경상
2017031100100156,2017년 3월 11일 09시,토요일,경상북도 예천군 지보면,중상사고,0,3,0,0,차대차 - 측면충돌,안전운전불이행,건조,맑음,단일로 - 기타,건설기계,남,63세,상해없음,화물,여,71세,중상
2017031100100208,2017년 3월 11일 11시,토요일,경상북도 상주시 이안면,경상사고,0,0,1,0,차량단독 - 전도전복,안전운전불이행,건조,맑음,단일로 - 기타,화물,남,46세,경상,미분류,미분류,미분류,미분류
2017031100100234,2017년 3월 11일 12시,토요일,경상북도 포항시 남구 오천읍,경상사고,0,0,2,0,차대차 - 측면충돌,신호위반,건조,맑음,교차로 - 교차로안,이륜,남,36세,경상,승용,남,76세,경상
2017031100100263,2017년 3월 11일 13시,토요일,경상북도 경주시 현곡면,경상사고,0,0,3,0,차대차 - 추돌,안전운전불이행,건조,맑음,단일로 - 기타,원동기,남,21세,상해없음,승용,남,59세,상해없음
2017031100100264,2017년 3월 11일 13시,토요일,경상북도 김천시 평화동,경상사고,0,0,1,0,차대차 - 측면충돌,차로위반,건조,맑음,교차로 - 교차로부근,이륜,남,75세,경상,승용,여,48세,상해없음
2017031100100265,2017년 3월 11일 13시,토요일,경상북도 김천시 삼락동,경상사고,0,0,1,0,차대사람 - 횡단중,안전운전불이행,건조,맑음,단일로 - 기타,승용,여,58세,상해없음,보행자,남,42세,경상
2017031100100266,2017년 3월 11일 13시,토요일,경상북도 경산시 대평동,중상사고,0,1,0,0,차대차 - 기타,안전운전불이행,건조,맑음,단일로 - 기타,자전거,남,57세,중상,자전거,여,16세,상해없음
2017031100100267,2017년 3월 11일 13시,토요일,경상북도 포항시 남구 구룡포읍,경상사고,0,0,5,0,차대차 - 측면충돌,안전운전불이행,건조,맑음,단일로 - 기타,승용,남,56세,상해없음,승용,남,51세,경상
2017031100100307,2017년 3월 11일 14시,토요일,경상북도 경주시 황성동,경상사고,0,0,1,0,차대사람 - 횡단중,보행자보호의무위반,건조,맑음,교차로 - 교차로횡단보도내,승용,여,49세,상해없음,보행자,남,35세,경상
2017031100100308,2017년 3월 11일 14시,토요일,경상북도 상주시 남성동,중상사고,0,1,0,0,차대차 - 측면충돌,안전운전불이행,건조,맑음,단일로 - 기타,승용,남,62세,상해없음,자전거,남,16세,중상
2017031100100309,2017년 3월 11일 14시,토요일,경상북도 칠곡군 동명면,경상사고,0,0,2,0,차대차 - 추돌,안전운전불이행,건조,맑음,교차로 - 교차로부근,승용,남,36세,상해없음,승용,여,45세,경상
2017031100100310,2017년 3월 11일 14시,토요일,경상북도 문경시 산북면,중상사고,0,1,0,0,차량단독 - 전도전복,안전운전불이행,건조,맑음,단일로 - 기타,사륜오토바이(ATV),남,74세,중상,미분류,미분류,미분류,미분류
2017031100100311,2017년 3월 11일 14시,토요일,경상북도 포항시 남구 오천읍,경상사고,0,0,1,0,차대차 - 측면충돌,직진우회전진행방해,건조,맑음,교차로 - 교차로안,승용,여,34세,상해없음,승용,여,33세,경상
2017031100100350,2017년 3월 11일 15시,토요일,경상북도 경산시 하양읍,경상사고,0,0,1,0,차대차 - 측면충돌,안전운전불이행,건조,맑음,교차로 - 교차로안,자전거,남,87세,경상,승용,남,69세,상해없음
2017031100100351,2017년 3월 11일 15시,토요일,경상북도 김천시 아포읍,경상사고,0,0,3,0,차대차 - 추돌,안전운전불이행,건조,맑음,단일로 - 기타,승용,남,51세,상해없음,승용,남,38세,경상
2017031100100392,2017년 3월 11일 16시,토요일,경상북도 경주시 성건동,경상사고,0,0,3,0,차대차 - 측면충돌,신호위반,건조,맑음,교차로 - 교차로안,승용,여,68세,상해없음,승용,남,37세,경상
2017031100100393,2017년 3월 11일 16시,토요일,경상북도 경주시 천북면,경상사고,0,0,1,1,차량단독 - 전도전복,안전운전불이행,건조,맑음,단일로 - 기타,승용,남,23세,부상신고,미분류,미분류,미분류,미분류
2017031100100394,2017년 3월 11일 16시,토요일,경상북도 청도군 청도읍,경상사고,0,0,1,0,차대차 - 측면충돌,안전운전불이행,건조,맑음,단일로 - 기타,승용,남,64세,상해없음,승용,여,58세,경상
2017031100100411,2017년 3월 11일 17시,토요일,경상북도 영천시 화북면,중상사고,0,1,0,0,차대차 - 측면충돌,안전운전불이행,건조,맑음,단일로 - 기타,화물,남,56세,상해없음,원동기,남,75세,중상
2017031100100412,2017년 3월 11일 17시,토요일,경상북도 영천시 망정동,경상사고,0,0,1,0,차대차 - 기타,안전운전불이행,건조,맑음,단일로 - 기타,이륜,남,80세,경상,승용,남,36세,상해없음
2017031100100413,2017년 3월 11일 17시,토요일,경상북도 포항시 남구 연일읍,중상사고,0,1,0,0,차대차 - 측면충돌,안전운전불이행,건조,맑음,교차로 - 교차로안,승용,남,67세,상해없음,이륜,남,59세,중상
2017031100100434,2017년 3월 11일 18시,토요일,경상북도 상주시 남성동,경상사고,0,0,1,0,차대차 - 추돌,안전운전불이행,건조,맑음,단일로 - 기타,이륜,남,52세,상해없음,자전거,여,78세,경상
2017031100100435,2017년 3월 11일 18시,토요일,경상북도 경산시 압량면,중상사고,0,1,0,0,차대차 - 측면충돌,교차로운행방법위반,건조,맑음,교차로 - 교차로안,승용,남,38세,상해없음,이륜,남,51세,중상
2017031100100436,2017년 3월 11일 18시,토요일,경상북도 경산시 진량읍,중상사고,0,1,0,0,차대차 - 측면충돌,안전운전불이행,건조,맑음,교차로 - 교차로안,승용,남,36세,상해없음,이륜,남,35세,중상
2017031100100474,2017년 3월 11일 19시,토요일,경상북도 경산시 상방동,경상사고,0,0,1,0,차대차 - 기타,신호위반,건조,맑음,교차로 - 교차로안,승용,남,30세,상해없음,이륜,남,22세,경상
2017031100100475,2017년 3월 11일 19시,토요일,경상북도 울진군 기성면,경상사고,0,0,1,0,차량단독 - 전도전복,안전운전불이행,건조,맑음,단일로 - 기타,이륜,남,29세,경상,미분류,미분류,미분류,미분류
2017031100100476,2017년 3월 11일 19시,토요일,경상북도 포항시 남구 동해면,사망사고,1,3,6,0,차대차 - 측면충돌,직진우회전진행방해,건조,맑음,교차로 - 교차로안,화물,남,67세,사망,승합,남,47세,중상
2017031100100551,2017년 3월 11일 22시,토요일,경상북도 포항시 북구 양덕동,경상사고,0,0,6,0,차대차 - 측면충돌,안전운전불이행,건조,맑음,단일로 - 기타,승용,남,64세,상해없음,승용,남,55세,경상
2017031100100552,2017년 3월 11일 22시,토요일,경상북도 구미시 고아읍,경상사고,0,0,1,0,차대차 - 정면충돌,안전운전불이행,건조,맑음,교차로 - 교차로부근,승용,여,54세,상해없음,승용,여,54세,경상
2017031100100569,2017년 3월 11일 23시,토요일,경상북도 경산시 옥산동,중상사고,0,1,0,0,차대차 - 정면충돌,안전운전불이행,건조,맑음,단일로 - 기타,승용,남,54세,상해없음,승용,여,44세,중상
2017031200100032,2017년 3월 12일 01시,일요일,경상북도 칠곡군 왜관읍,경상사고,0,0,2,0,차대차 - 기타,교차로운행방법위반,건조,맑음,교차로 - 교차로안,승용,남,26세,상해없음,승용,남,55세,경상
2017031200100063,2017년 3월 12일 04시,일요일,경상북도 구미시 형곡동,경상사고,0,0,1,0,차대차 - 측면충돌,안전운전불이행,건조,맑음,교차로 - 교차로안,이륜,남,16세,경상,승용,남,25세,상해없음
2017031200100064,2017년 3월 12일 04시,일요일,경상북도 구미시 옥계동,중상사고,0,1,0,0,차대차 - 기타,신호위반,건조,맑음,교차로 - 교차로안,승용,남,22세,상해없음,화물,남,33세,중상
2017031200100120,2017년 3월 12일 09시,일요일,경상북도 영주시 하망동,경상사고,0,0,1,0,차대차 - 측면충돌,교차로운행방법위반,건조,맑음,교차로 - 교차로안,화물,남,52세,상해없음,승용,남,63세,상해없음
2017031200100134,2017년 3월 12일 10시,일요일,경상북도 포항시 남구 연일읍,경상사고,0,0,2,0,차대차 - 추돌,안전거리미확보,건조,맑음,단일로 - 기타,승용,여,32세,상해없음,화물,남,73세,경상
2017031200100171,2017년 3월 12일 12시,일요일,경상북도 포항시 북구 남빈동,중상사고,0,1,1,0,차대차 - 측면충돌,안전운전불이행,건조,맑음,단일로 - 기타,승용,여,41세,경상,승합,남,41세,상해없음
2017031200100172,2017년 3월 12일 12시,일요일,경상북도 상주시 함창읍,경상사고,0,0,1,0,차대사람 - 보도통행중,안전운전불이행,건조,맑음,단일로 - 기타,농기계,남,81세,상해없음,보행자,여,37세,경상
2017031200100173,2017년 3월 12일 12시,일요일,경상북도 청도군 청도읍,중상사고,0,1,0,0,차대사람 - 길가장자리구역통행중,안전운전불이행,건조,맑음,주차장 - 주차장,승용,여,56세,상해없음,보행자,여,84세,중상
2017031200100174,2017년 3월 12일 12시,일요일,경상북도 포항시 남구 대송면,경상사고,0,0,1,0,차대차 - 측면충돌,안전운전불이행,건조,맑음,단일로 - 기타,승용,여,52세,경상,특수,남,53세,상해없음
2017031200100214,2017년 3월 12일 14시,일요일,경상북도 경주시 신평동,경상사고,0,0,1,0,차대사람 - 차도통행중,안전운전불이행,건조,맑음,기타 - 기타,원동기,남,10세,상해없음,보행자,여,1세,경상
2017031200100215,2017년 3월 12일 14시,일요일,경상북도 상주시 외서면,중상사고,0,1,0,0,차량단독 - 전도전복,안전운전불이행,건조,맑음,단일로 - 기타,이륜,남,41세,중상,미분류,미분류,미분류,미분류
2017031200100239,2017년 3월 12일 15시,일요일,경상북도 문경시 문경읍,경상사고,0,0,2,0,차대차 - 측면충돌,안전운전불이행,건조,맑음,교차로 - 교차로안,승용,남,69세,경상,승용,여,49세,경상
2017031200100240,2017년 3월 12일 15시,일요일,경상북도 예천군 감천면,중상사고,0,1,0,0,차대사람 - 차도통행중,안전운전불이행,건조,맑음,교차로 - 교차로안,승합,남,51세,상해없음,보행자,여,89세,중상
2017031200100267,2017년 3월 12일 16시,일요일,경상북도 경산시 대평동,중상사고,0,1,1,0,차대차 - 기타,신호위반,건조,맑음,교차로 - 교차로안,승용,여,51세,상해없음,승용,남,47세,중상
2017031200100291,2017년 3월 12일 17시,일요일,경상북도 구미시 선산읍,경상사고,0,0,1,0,차대사람 - 차도통행중,안전운전불이행,건조,맑음,단일로 - 기타,승용,남,45세,상해없음,보행자,여,70세,경상
2017031200100325,2017년 3월 12일 18시,일요일,경상북도 구미시 봉곡동,경상사고,0,0,1,0,차대차 - 기타,차로위반,건조,맑음,교차로 - 교차로안,승용,여,47세,상해없음,원동기,남,37세,경상
2017031200100326,2017년 3월 12일 18시,일요일,경상북도 구미시 봉곡동,경상사고,0,0,1,0,차대차 - 측면충돌,신호위반,건조,맑음,교차로 - 교차로안,원동기,남,68세,경상,원동기,남,46세,상해없음
2017031200100327,2017년 3월 12일 18시,일요일,경상북도 포항시 남구 오천읍,경상사고,0,0,2,0,차대차 - 측면충돌,교차로운행방법위반,건조,맑음,교차로 - 교차로부근,승용,남,45세,경상,이륜,남,40세,경상
2017031200100328,2017년 3월 12일 18시,일요일,경상북도 포항시 남구 오천읍,경상사고,0,0,1,0,차대차 - 기타,안전운전불이행,건조,맑음,단일로 - 기타,승용,여,31세,상해없음,승용,남,35세,상해없음
2017031200100364,2017년 3월 12일 19시,일요일,경상북도 칠곡군 왜관읍,경상사고,0,0,1,0,차대차 - 측면충돌,신호위반,건조,맑음,교차로 - 교차로안,승용,남,76세,상해없음,승용,남,18세,경상
2017031200100365,2017년 3월 12일 19시,일요일,경상북도 구미시 임수동,경상사고,0,0,5,0,차대차 - 측면충돌,안전운전불이행,건조,맑음,교차로 - 교차로부근,승용,남,35세,상해없음,승용,남,43세,경상
2017031200100385,2017년 3월 12일 20시,일요일,경상북도 경주시 동천동,경상사고,0,0,5,0,차대차 - 추돌,안전운전불이행,건조,맑음,교차로 - 교차로부근,승용,남,62세,상해없음,승용,남,36세,경상
2017031200100386,2017년 3월 12일 20시,일요일,경상북도 경산시 대동,경상사고,0,0,1,0,차대차 - 기타,안전운전불이행,건조,맑음,단일로 - 기타,승용,남,43세,상해없음,승용,남,26세,경상
2017031200100430,2017년 3월 12일 22시,일요일,경상북도 구미시 봉곡동,경상사고,0,0,1,0,차대차 - 측면충돌,안전운전불이행,건조,맑음,단일로 - 기타,승용,남,19세,상해없음,이륜,남,18세,경상
2017031200100431,2017년 3월 12일 22시,일요일,경상북도 칠곡군 석적읍,경상사고,0,0,1,0,차대차 - 측면충돌,안전운전불이행,건조,맑음,단일로 - 기타,승용,남,28세,상해없음,승용,여,29세,경상
2017031200100448,2017년 3월 12일 23시,일요일,경상북도 구미시 진평동,중상사고,0,1,0,0,차대차 - 정면충돌,신호위반,건조,맑음,교차로 - 교차로안,승용,남,60세,상해없음,이륜,남,25세,중상
2017031300100019,2017년 3월 13일 00시,월요일,경상북도 경산시 압량면,경상사고,0,0,1,0,차대차 - 측면충돌,중앙선침범,건조,맑음,단일로 - 기타,승용,남,46세,상해없음,승용,여,55세,경상
2017031300100081,2017년 3월 13일 07시,월요일,경상북도 구미시 봉곡동,중상사고,0,1,0,0,차대차 - 기타,신호위반,건조,맑음,교차로 - 교차로안,승용,남,48세,상해없음,승용,여,69세,중상