사고번호,사고일시,요일,시군구,사고내용,사망자수,중상자수,경상자수,부상신고자수,사고유형,법규위반,노면상태,기상상태,도로형태,가해운전자 차종,가해운전자 성별,가해운전자 연령,가해운전자 상해정도,피해운전자 차종,피해운전자 성별,피해운전자 연령,피해운전자 상해정도
2017031300100120,2017년 3월 13일 08시,월요일,경상북도 예천군 개포면,경상사고,0,0,1,0,차대차 - 측면충돌,신호위반,건조,맑음,교차로 - 교차로안,화물,남,52세,상해없음,승용,여,35세,경상
2017031300100121,2017년 3월 13일 08시,월요일,경상북도 울진군 죽변면,경상사고,0,0,1,0,차대차 - 측면충돌,기타,건조,맑음,교차로 - 교차로안,승합,남,49세,상해없음,승용,여,57세,경상
2017031300100169,2017년 3월 13일 09시,월요일,경상북도 영주시 영주동,중상사고,0,1,0,0,차대차 - 측면충돌,신호위반,건조,맑음,교차로 - 교차로안,원동기,남,73세,중상,승용,남,77세,상해없음
2017031300100170,2017년 3월 13일 09시,월요일,경상북도 경산시 하양읍,중상사고,0,1,0,0,차대차 - 측면충돌,안전거리미확보,건조,맑음,교차로 - 교차로부근,화물,남,47세,상해없음,승용,여,49세,중상
2017031300100199,2017년 3월 13일 10시,월요일,경상북도 김천시 대항면,중상사고,0,1,0,0,차대차 - 측면충돌,안전운전불이행,건조,맑음,단일로 - 기타,화물,여,57세,상해없음,이륜,남,75세,중상
2017031300100200,2017년 3월 13일 10시,월요일,경상북도 상주시 남성동,중상사고,0,1,0,0,차대사람 - 차도통행중,안전운전불이행,건조,맑음,단일로 - 기타,승용,여,61세,상해없음,보행자,여,74세,중상
2017031300100247,2017년 3월 13일 12시,월요일,경상북도 예천군 호명면,중상사고,0,1,0,0,차대차 - 측면충돌,기타,건조,맑음,교차로 - 교차로안,승용,남,57세,상해없음,이륜,남,52세,중상
2017031300100267,2017년 3월 13일 13시,월요일,경상북도 경주시 보문동,경상사고,0,0,2,0,차대차 - 측면충돌,안전운전불이행,건조,맑음,단일로 - 기타,승용,남,59세,상해없음,화물,남,67세,경상
2017031300100268,2017년 3월 13일 13시,월요일,경상북도 상주시 남성동,중상사고,0,1,0,0,차대차 - 측면충돌,안전거리미확보,건조,맑음,단일로 - 기타,이륜,여,78세,중상,승용,남,62세,상해없음
2017031300100269,2017년 3월 13일 13시,월요일,경상북도 문경시 영순면,경상사고,0,0,1,0,차량단독 - 전도전복,안전운전불이행,건조,맑음,단일로 - 기타,원동기,남,84세,경상,미분류,미분류,미분류,미분류
2017031300100295,2017년 3월 13일 14시,월요일,경상북도 포항시 북구 우현동,경상사고,0,0,2,0,차대차 - 측면충돌,중앙선침범,건조,맑음,단일로 - 기타,건설기계,남,46세,상해없음,화물,남,44세,경상
2017031300100322,2017년 3월 13일 15시,월요일,경상북도 포항시 북구 죽도동,경상사고,0,0,2,0,차대차 - 추돌,안전운전불이행,건조,맑음,교차로 - 교차로부근,승용,남,58세,경상,승용,여,60세,경상
2017031300100323,2017년 3월 13일 15시,월요일,경상북도 영천시 금호읍,경상사고,0,0,1,0,차대차 - 측면충돌,안전운전불이행,건조,맑음,단일로 - 기타,이륜,남,80세,경상,승용,여,66세,상해없음
2017031300100360,2017년 3월 13일 16시,월요일,경상북도 의성군 구천면,사망사고,1,0,0,0,차대차 - 측면충돌,기타,건조,맑음,교차로 - 교차로부근,화물,남,28세,상해없음,농기계,남,72세,사망
2017031300100361,2017년 3월 13일 16시,월요일,경상북도 영덕군 병곡면,경상사고,0,0,1,0,차량단독 - 기타,안전운전불이행,건조,맑음,단일로 - 기타,승용,여,28세,경상,,,,
2017031300100362,2017년 3월 13일 16시,월요일,경상북도 성주군 벽진면,중상사고,0,1,0,0,차대사람 - 기타,안전운전불이행,건조,맑음,기타 - 기타,화물,남,66세,상해없음,보행자,남,83세,중상
2017031300100391,2017년 3월 13일 17시,월요일,경상북도 경주시 외동읍,경상사고,0,0,4,0,차대차 - 측면충돌,안전운전불이행,건조,맑음,교차로 - 교차로부근,승용,남,34세,상해없음,승용,남,43세,경상
2017031300100392,2017년 3월 13일 17시,월요일,경상북도 안동시 풍산읍,중상사고,0,1,0,0,차량단독 - 전도전복,안전운전불이행,건조,맑음,기타 - 기타,이륜,남,69세,상해없음,미분류,미분류,미분류,미분류
2017031300100393,2017년 3월 13일 17시,월요일,경상북도 구미시 산동면,중상사고,0,1,0,0,차대차 - 추돌,안전운전불이행,건조,맑음,단일로 - 기타,승합,남,30세,중상,건설기계,남,56세,상해없음
2017031300100416,2017년 3월 13일 18시,월요일,경상북도 군위군 효령면,경상사고,0,0,2,0,차대차 - 정면충돌,교차로운행방법위반,건조,맑음,교차로 - 교차로안,승용,남,49세,상해없음,승용,남,61세,경상
2017031300100450,2017년 3월 13일 19시,월요일,경상북도 상주시 서성동,경상사고,0,0,1,0,차대사람 - 길가장자리구역통행중,안전운전불이행,건조,맑음,단일로 - 기타,승용,남,25세,상해없음,보행자,남,46세,경상
2017031300100451,2017년 3월 13일 19시,월요일,경상북도 의성군 의성읍,중상사고,0,1,0,0,차대사람 - 횡단중,보행자보호의무위반,건조,맑음,교차로 - 교차로횡단보도내,화물,여,46세,상해없음,보행자,여,55세,중상
2017031300100474,2017년 3월 13일 20시,월요일,경상북도 포항시 남구 상도동,경상사고,0,0,1,0,차대차 - 기타,안전운전불이행,건조,맑음,단일로 - 기타,승용,남,55세,상해없음,이륜,남,19세,경상
2017031300100521,2017년 3월 13일 22시,월요일,경상북도 경주시 용강동,중상사고,0,1,2,0,차대차 - 추돌,안전운전불이행,건조,맑음,단일로 - 기타,승용,여,54세,경상,승용,남,62세,경상
2017031300100522,2017년 3월 13일 22시,월요일,경상북도 구미시 인의동,경상사고,0,0,1,0,차대차 - 측면충돌,안전운전불이행,건조,맑음,단일로 - 기타,승용,남,30세,기타불명,승용,남,29세,경상
2017031300100536,2017년 3월 13일 23시,월요일,경상북도 안동시 송천동,경상사고,0,0,1,0,차대차 - 정면충돌,안전운전불이행,건조,맑음,교차로 - 교차로부근,승용,남,25세,상해없음,승용,남,36세,경상
2017031300100537,2017년 3월 13일 23시,월요일,경상북도 경산시 조영동,경상사고,0,0,1,0,차대사람 - 횡단중,안전운전불이행,건조,맑음,단일로 - 기타,승용,여,19세,상해없음,보행자,남,21세,경상
2017031400100035,2017년 3월 14일 02시,화요일,경상북도 포항시 남구 오천읍,경상사고,0,0,2,0,차대차 - 기타,신호위반,건조,맑음,교차로 - 교차로안,승용,남,31세,경상,승용,남,58세,경상
2017031400100045,2017년 3월 14일 04시,화요일,경상북도 포항시 남구 대도동,중상사고,0,1,0,0,차대사람 - 기타,과속,건조,맑음,단일로 - 기타,승용,남,70세,상해없음,보행자,여,72세,중상
2017031400100068,2017년 3월 14일 06시,화요일,경상북도 영천시 금노동,경상사고,0,0,1,0,차대차 - 측면충돌,신호위반,건조,맑음,교차로 - 교차로안,승합,남,47세,기타불명,승용,남,43세,경상
2017031400100117,2017년 3월 14일 08시,화요일,경상북도 경주시 외동읍,중상사고,0,1,2,0,차대차 - 추돌,안전운전불이행,건조,맑음,단일로 - 기타,화물,남,56세,중상,화물,남,61세,경상
2017031400100118,2017년 3월 14일 08시,화요일,경상북도 포항시 북구 학잠동,경상사고,0,0,3,0,차대차 - 추돌,안전거리미확보,건조,맑음,단일로 - 기타,승용,남,56세,상해없음,승용,남,47세,경상
2017031400100119,2017년 3월 14일 08시,화요일,경상북도 상주시 연원동,중상사고,0,1,0,0,차대차 - 측면충돌,안전운전불이행,건조,맑음,교차로 - 교차로부근,기타불명,기타불명,미분류,기타불명,이륜,남,83세,중상
2017031400100120,2017년 3월 14일 08시,화요일,경상북도 구미시 임은동,경상사고,0,0,1,0,차대차 - 기타,안전운전불이행,건조,맑음,교차로 - 교차로안,승용,여,22세,상해없음,이륜,남,50세,경상
2017031400100121,2017년 3월 14일 08시,화요일,경상북도 포항시 남구 대잠동,경상사고,0,0,1,0,차대차 - 기타,안전운전불이행,건조,맑음,단일로 - 기타,기타불명,기타불명,미분류,기타불명,승용,여,32세,상해없음
2017031400100122,2017년 3월 14일 08시,화요일,경상북도 포항시 남구 장기면,중상사고,0,1,0,0,차대차 - 기타,안전운전불이행,건조,맑음,교차로 - 교차로안,승용,남,23세,상해없음,화물,남,39세,중상
2017031400100175,2017년 3월 14일 10시,화요일,경상북도 경산시 진량읍,중상사고,0,1,0,0,차대사람 - 횡단중,기타,건조,맑음,단일로 - 기타,승합,남,54세,상해없음,보행자,여,70세,중상
2017031400100176,2017년 3월 14일 10시,화요일,경상북도 청송군 진보면,사망사고,1,0,0,0,차량단독 - 도로외이탈 - 기타,안전운전불이행,건조,맑음,단일로 - 기타,승용,남,69세,사망,,,,
2017031400100199,2017년 3월 14일 11시,화요일,경상북도 문경시 문경읍,경상사고,0,0,1,0,차대차 - 측면충돌,안전운전불이행,건조,맑음,단일로 - 기타,사륜오토바이(ATV),여,64세,경상,농기계,남,59세,상해없음
2017031400100224,2017년 3월 14일 12시,화요일,경상북도 칠곡군 약목면,부상신고사고,0,0,0,1,차대차 - 정면충돌,교차로운행방법위반,건조,맑음,교차로 - 교차로안,이륜,남,62세,부상신고,승용,남,69세,상해없음
2017031400100285,2017년 3월 14일 14시,화요일,경상북도 칠곡군 왜관읍,경상사고,0,0,1,1,차대차 - 추돌,안전운전불이행,건조,맑음,교차로 - 교차로부근,승용,여,72세,부상신고,승용,여,62세,경상
2017031400100312,2017년 3월 14일 15시,화요일,경상북도 포항시 북구 기북면,중상사고,0,1,0,0,차대차 - 측면충돌,기타,건조,맑음,교차로 - 교차로안,화물,남,51세,상해없음,이륜,남,79세,중상
2017031400100313,2017년 3월 14일 15시,화요일,경상북도 포항시 북구 죽도동,경상사고,0,0,1,0,차대차 - 측면충돌,안전운전불이행,건조,맑음,단일로 - 기타,승용,남,65세,상해없음,자전거,남,75세,경상
2017031400100314,2017년 3월 14일 15시,화요일,경상북도 포항시 북구 죽도동,경상사고,0,0,2,0,차대차 - 측면충돌,안전운전불이행,건조,맑음,단일로 - 기타,승용,남,19세,경상,승용,남,63세,경상
2017031400100343,2017년 3월 14일 16시,화요일,경상북도 경주시 황오동,중상사고,0,1,0,0,차대차 - 측면충돌,안전운전불이행,건조,맑음,교차로 - 교차로안,승용,여,37세,상해없음,자전거,남,78세,중상
2017031400100344,2017년 3월 14일 16시,화요일,경상북도 포항시 북구 환호동,경상사고,0,0,1,0,차대차 - 기타,안전운전불이행,건조,맑음,단일로 - 기타,승용,남,63세,상해없음,자전거,남,14세,경상
2017031400100345,2017년 3월 14일 16시,화요일,경상북도 안동시 정하동,경상사고,0,0,1,0,차대차 - 측면충돌,교차로운행방법위반,건조,맑음,교차로 - 교차로안,승용,남,56세,상해없음,화물,남,36세,경상
2017031400100346,2017년 3월 14일 16시,화요일,경상북도 의성군 의성읍,경상사고,0,0,1,0,차대차 - 측면충돌,안전운전불이행,건조,맑음,단일로 - 기타,화물,남,81세,상해없음,승용,여,64세,기타불명
2017031400100347,2017년 3월 14일 16시,화요일,경상북도 포항시 남구 오천읍,중상사고,0,1,1,0,차대차 - 기타,안전운전불이행,건조,맑음,교차로 - 교차로부근,화물,남,49세,상해없음,승용,남,75세,중상
2017031400100353,2017년 3월 14일 16시,화요일,경상북도 경산시 중산동,경상사고,0,0,1,0,차대차 - 정면충돌,안전운전불이행,건조,맑음,단일로 - 기타,승용,여,37세,상해없음,승용,여,53세,경상
2017031400100381,2017년 3월 14일 17시,화요일,경상북도 안동시 남문동,중상사고,0,1,0,0,차대차 - 측면충돌,직진우회전진행방해,건조,맑음,교차로 - 교차로안,원동기,남,33세,상해없음,원동기,남,50세,중상
2017031400100382,2017년 3월 14일 17시,화요일,경상북도 경산시 압량면,경상사고,0,0,1,0,차대차 - 기타,신호위반,건조,맑음,교차로 - 교차로안,승합,남,61세,상해없음,이륜,남,26세,경상
2017031400100411,2017년 3월 14일 18시,화요일,경상북도 경산시 조영동,경상사고,0,0,1,0,차대차 - 정면충돌,안전운전불이행,건조,맑음,단일로 - 기타,승용,남,51세,상해없음,승용,남,28세,경상
2017031400100412,2017년 3월 14일 18시,화요일,경상북도 구미시 선산읍,중상사고,0,2,2,0,차대차 - 측면충돌,교차로운행방법위반,건조,맑음,교차로 - 교차로안,승용,남,68세,상해없음,승용,남,71세,중상
2017031400100413,2017년 3월 14일 18시,화요일,경상북도 포항시 남구 송내동,중상사고,0,1,0,0,차대차 - 추돌,안전운전불이행,젖음/습기,비,교차로 - 교차로부근,승용,남,71세,상해없음,승용,남,53세,중상
2017031400100444,2017년 3월 14일 19시,화요일,경상북도 안동시 운흥동,사망사고,1,0,0,0,차대사람 - 횡단중,안전운전불이행,건조,흐림,교차로 - 교차로안,화물,여,58세,상해없음,보행자,남,74세,사망
2017031400100445,2017년 3월 14일 19시,화요일,경상북도 칠곡군 지천면,중상사고,0,1,0,0,차대차 - 추돌,안전운전불이행,건조,맑음,교차로 - 교차로부근,화물,남,59세,상해없음,승용,여,52세,중상
2017031400100446,2017년 3월 14일 19시,화요일,경상북도 경산시 진량읍,경상사고,0,0,3,0,차대차 - 정면충돌,안전운전불이행,건조,맑음,교차로 - 교차로부근,승용,남,53세,상해없음,승용,남,35세,경상
2017031400100470,2017년 3월 14일 20시,화요일,경상북도 경주시 성건동,경상사고,0,0,1,0,차대사람 - 길가장자리구역통행중,안전운전불이행,건조,맑음,단일로 - 기타,원동기,남,44세,상해없음,보행자,남,23세,경상
2017031400100471,2017년 3월 14일 20시,화요일,경상북도 칠곡군 석적읍,경상사고,0,0,2,0,차대차 - 측면충돌,안전운전불이행,건조,맑음,교차로 - 교차로부근,승용,남,56세,경상,승용,남,57세,상해없음
2017031400100527,2017년 3월 14일 22시,화요일,경상북도 안동시 태화동,중상사고,0,2,0,0,차대차 - 측면충돌,신호위반,젖음/습기,비,교차로 - 교차로안,승용,남,27세,상해없음,승용,남,61세,중상
2017031400100528,2017년 3월 14일 22시,화요일,경상북도 구미시 원평동,중상사고,0,1,0,0,차대차 - 추돌,안전거리미확보,건조,맑음,교차로 - 교차로안,승용,여,41세,상해없음,승용,여,47세,중상
2017031500100028,2017년 3월 15일 00시,수요일,경상북도 경주시 구정동,중상사고,0,1,0,0,차대차 - 측면충돌,안전운전불이행,건조,맑음,교차로 - 교차로부근,승용,남,26세,상해없음,승용,남,66세,중상
2017031500100053,2017년 3월 15일 03시,수요일,경상북도 김천시 평화동,중상사고,0,1,1,0,차대차 - 정면충돌,중앙선침범,건조,맑음,단일로 - 기타,승용,여,35세,상해없음,화물,남,68세,중상
2017031500100095,2017년 3월 15일 07시,수요일,경상북도 경산시 하양읍,중상사고,0,2,3,0,차대차 - 기타,교차로운행방법위반,건조,맑음,교차로 - 교차로안,승합,남,63세,상해없음,승용,남,32세,경상
2017031500100096,2017년 3월 15일 07시,수요일,경상북도 포항시 남구 오천읍,경상사고,0,0,1,0,차대차 - 측면충돌,직진우회전진행방해,건조,맑음,교차로 - 교차로안,승용,여,39세,경상,승합,남,64세,상해없음
2017031500100132,2017년 3월 15일 08시,수요일,경상북도 경주시 현곡면,경상사고,0,0,1,0,차대차 - 측면충돌,안전운전불이행,서리/결빙,맑음,교차로 - 교차로안,승용,여,24세,상해없음,승용,남,61세,경상
2017031500100133,2017년 3월 15일 08시,수요일,경상북도 포항시 북구 장성동,경상사고,0,0,1,0,차대사람 - 보도통행중,안전운전불이행,건조,맑음,단일로 - 기타,화물,남,55세,상해없음,보행자,남,55세,경상
2017031500100134,2017년 3월 15일 08시,수요일,경상북도 구미시 광평동,경상사고,0,0,2,0,차대차 - 추돌,안전거리미확보,건조,맑음,교차로 - 교차로부근,승용,남,51세,상해없음,승용,남,33세,경상
2017031500100215,2017년 3월 15일 10시,수요일,경상북도 경주시 황성동,경상사고,0,0,1,0,차대차 - 측면충돌,안전운전불이행,건조,맑음,교차로 - 교차로안,승용,여,54세,상해없음,화물,남,55세,경상
2017031500100216,2017년 3월 15일 10시,수요일,경상북도 상주시 만산동,경상사고,0,0,1,0,차대차 - 측면충돌,신호위반,건조,맑음,교차로 - 교차로안,자전거,여,76세,경상,승용,남,59세,상해없음
2017031500100271,2017년 3월 15일 12시,수요일,경상북도 김천시 양천동,경상사고,0,0,1,0,차대차 - 측면충돌,중앙선침범,건조,맑음,단일로 - 기타,승합,여,58세,상해없음,승용,남,32세,경상
2017031500100272,2017년 3월 15일 12시,수요일,경상북도 울진군 후포면,경상사고,0,0,1,0,차대사람 - 횡단중,안전운전불이행,건조,맑음,교차로 - 교차로부근,승용,여,68세,상해없음,보행자,남,70세,경상
2017031500100302,2017년 3월 15일 13시,수요일,경상북도 김천시 부곡동,경상사고,0,0,1,0,차대차 - 추돌,교차로운행방법위반,건조,맑음,교차로 - 교차로안,화물,여,50세,경상,화물,남,70세,상해없음
2017031500100332,2017년 3월 15일 14시,수요일,경상북도 칠곡군 왜관읍,경상사고,0,0,1,0,차대차 - 추돌,안전운전불이행,건조,맑음,단일로 - 기타,승용,남,83세,상해없음,승용,남,25세,경상
2017031500100365,2017년 3월 15일 15시,수요일,경상북도 포항시 북구 상원동,경상사고,0,0,1,0,차대차 - 추돌,안전거리미확보,건조,맑음,단일로 - 기타,승용,남,48세,상해없음,승용,남,63세,상해없음
2017031500100366,2017년 3월 15일 15시,수요일,경상북도 경산시 진량읍,경상사고,0,0,1,0,차대차 - 측면충돌,중앙선침범,건조,맑음,단일로 - 기타,승합,여,60세,경상,화물,남,49세,상해없음
2017031500100367,2017년 3월 15일 15시,수요일,경상북도 예천군 은풍면,중상사고,0,2,1,0,차대차 - 측면충돌,직진우회전진행방해,건조,맑음,교차로 - 교차로안,승용,여,55세,경상,승용,남,54세,중상
2017031500100398,2017년 3월 15일 16시,수요일,경상북도 구미시 인의동,경상사고,0,0,1,0,차대차 - 측면충돌,신호위반,건조,맑음,교차로 - 교차로안,승용,여,61세,상해없음,이륜,남,28세,경상
2017031500100399,2017년 3월 15일 16시,수요일,경상북도 포항시 남구 상도동,중상사고,0,1,0,0,차대사람 - 기타,안전운전불이행,건조,맑음,단일로 - 기타,화물,남,50세,상해없음,보행자,남,65세,중상
2017031500100400,2017년 3월 15일 16시,수요일,경상북도 포항시 남구 대잠동,경상사고,0,0,1,0,차대사람 - 기타,안전운전불이행,건조,맑음,단일로 - 기타,승합,남,51세,상해없음,보행자,여,79세,경상
2017031500100425,2017년 3월 15일 17시,수요일,경상북도 경주시 현곡면,중상사고,0,1,1,0,차대차 - 측면충돌,안전운전불이행,건조,맑음,교차로 - 교차로안,화물,남,58세,경상,승용,남,34세,중상
2017031500100426,2017년 3월 15일 17시,수요일,경상북도 포항시 북구 죽도동,중상사고,0,1,0,0,차대사람 - 횡단중,보행자보호의무위반,건조,맑음,교차로 - 교차로횡단보도내,화물,남,49세,기타불명,보행자,여,61세,중상
2017031500100427,2017년 3월 15일 17시,수요일,경상북도 포항시 남구 오천읍,중상사고,0,1,2,0,차대차 - 측면충돌,안전운전불이행,건조,맑음,교차로 - 교차로부근,승용,남,53세,상해없음,승합,남,73세,중상
2017031500100470,2017년 3월 15일 18시,수요일,경상북도 경주시 충효동,경상사고,0,0,2,0,차대차 - 측면충돌,안전운전불이행,건조,맑음,교차로 - 교차로안,승용,남,50세,경상,승용,여,40세,경상
2017031500100471,2017년 3월 15일 18시,수요일,경상북도 경주시 동천동,중상사고,0,1,0,0,차대사람 - 횡단중,보행자보호의무위반,건조,맑음,교차로 - 교차로횡단보도내,승용,남,48세,상해없음,보행자,남,58세,중상
2017031500100472,2017년 3월 15일 18시,수요일,경상북도 문경시 문경읍,중상사고,0,1,1,0,차대차 - 기타,안전운전불이행,건조,맑음,단일로 - 기타,승용,남,24세,상해없음,승합,남,57세,상해없음
2017031500100473,2017년 3월 15일 18시,수요일,경상북도 경산시 옥곡동,경상사고,0,0,1,0,차대차 - 측면충돌,안전운전불이행,건조,맑음,교차로 - 교차로안,승용,여,56세,상해없음,승용,남,33세,경상
2017031500100474,2017년 3월 15일 18시,수요일,경상북도 구미시 진평동,경상사고,0,0,1,0,차대차 - 추돌,안전운전불이행,건조,맑음,단일로 - 기타,승용,남,50세,상해없음,승용,남,37세,경상
2017031500100515,2017년 3월 15일 19시,수요일,경상북도 김천시 신음동,경상사고,0,0,1,0,차대차 - 추돌,안전운전불이행,건조,맑음,단일로 - 기타,이륜,남,46세,경상,승용,남,21세,상해없음
2017031500100516,2017년 3월 15일 19시,수요일,경상북도 포항시 남구 송내동,중상사고,0,1,0,0,차대사람 - 횡단중,신호위반,건조,맑음,교차로 - 교차로횡단보도내,이륜,남,45세,상해없음,보행자,여,62세,중상
2017031500100543,2017년 3월 15일 20시,수요일,경상북도 포항시 북구 장성동,경상사고,0,0,1,0,차대차 - 측면충돌,안전운전불이행,건조,맑음,교차로 - 교차로안,승용,남,56세,상해없음,승용,여,51세,경상
2017031500100544,2017년 3월 15일 20시,수요일,경상북도 안동시 임하면,중상사고,0,1,1,0,차대차 - 정면충돌,중앙선침범,건조,맑음,단일로 - 기타,승용,여,41세,경상,승용,남,35세,중상
2017031500100569,2017년 3월 15일 21시,수요일,경상북도 포항시 북구 두호동,경상사고,0,0,4,0,차대차 - 측면충돌,중앙선침범,건조,맑음,단일로 - 기타,승용,남,67세,경상,승용,여,57세,경상
2017031500100594,2017년 3월 15일 22시,수요일,경상북도 안동시 태화동,경상사고,0,0,1,0,차대차 - 추돌,안전운전불이행,건조,맑음,교차로 - 교차로부근,승합,남,61세,상해없음,승용,남,48세,경상
2017031500100595,2017년 3월 15일 22시,수요일,경상북도 구미시 봉곡동,경상사고,0,0,1,0,차대차 - 측면충돌,안전운전불이행,건조,맑음,교차로 - 교차로부근,승용,남,19세,상해없음,원동기,남,16세,경상
2017031600100020,2017년 3월 16일 00시,목요일,경상북도 문경시 흥덕동,경상사고,0,0,1,0,차대차 - 측면충돌,안전운전불이행,건조,맑음,단일로 - 기타,승용,여,56세,경상,화물,남,55세,기타불명
2017031600100021,2017년 3월 16일 00시,목요일,경상북도 구미시 구포동,경상사고,0,0,1,0,차대차 - 추돌,안전운전불이행,건조,맑음,교차로 - 교차로부근,승용,남,38세,상해없음,승용,남,57세,경상
2017031600100034,2017년 3월 16일 01시,목요일,경상북도 의성군 단촌면,경상사고,0,0,1,0,차량단독 - 전도전복,안전운전불이행,건조,맑음,단일로 - 기타,승용,남,30세,경상,미분류,미분류,미분류,미분류
2017031600100044,2017년 3월 16일 02시,목요일,경상북도 구미시 원평동,경상사고,0,0,2,0,차대차 - 측면충돌,안전운전불이행,건조,맑음,교차로 - 교차로안,승용,남,29세,상해없음,승용,여,21세,경상
2017031600100073,2017년 3월 16일 06시,목요일,경상북도 군위군 군위읍,사망사고,1,0,2,1,차량단독 - 공작물충돌,안전운전불이행,건조,맑음,단일로 - 기타,승용,여,54세,부상신고,,,,
2017031600100126,2017년 3월 16일 08시,목요일,경상북도 포항시 북구 장성동,중상사고,0,1,4,0,차대차 - 측면충돌,직진우회전진행방해,건조,맑음,교차로 - 교차로안,승용,여,74세,상해없음,승용,여,50세,중상
2017031600100127,2017년 3월 16일 08시,목요일,경상북도 경산시 와촌면,경상사고,0,0,2,0,차대차 - 추돌,안전운전불이행,건조,맑음,단일로 - 기타,승용,남,55세,경상,승용,남,79세,경상
2017031600100153,2017년 3월 16일 09시,목요일,경상북도 포항시 북구 대흥동,경상사고,0,0,2,0,차대차 - 측면충돌,안전운전불이행,건조,맑음,단일로 - 기타,승용,남,19세,상해없음,승용,남,25세,경상
2017031600100154,2017년 3월 16일 09시,목요일,경상북도 칠곡군 가산면,경상사고,0,0,1,0,차대차 - 기타,안전운전불이행,건조,맑음,교차로 - 교차로안,승용,남,55세,상해없음,화물,남,25세,경상
2017031600100155,2017년 3월 16일 09시,목요일,경상북도 청송군 진보면,경상사고,0,0,2,0,차대차 - 추돌,안전운전불이행,건조,맑음,단일로 - 기타,화물,남,68세,상해없음,승용,남,65세,경상
2017031600100180,2017년 3월 16일 10시,목요일,경상북도 경산시 대평동,경상사고,0,0,1,0,차대차 - 측면충돌,안전운전불이행,건조,맑음,교차로 - 교차로횡단보도내,승용,남,74세,상해없음,화물,남,63세,경상
2017031600100181,2017년 3월 16일 10시,목요일,경상북도 울진군 근남면,경상사고,0,0,1,0,차대차 - 측면충돌,안전운전불이행,건조,맑음,단일로 - 기타,화물,남,51세,상해없음,승용,여,47세,경상
2017031600100238,2017년 3월 16일 12시,목요일,경상북도 영천시 야사동,경상사고,0,0,3,0,차대차 - 측면충돌,안전운전불이행,건조,맑음,단일로 - 기타,승용,여,52세,상해없음,승용,남,32세,경상
2017031600100239,2017년 3월 16일 12시,목요일,경상북도 구미시 송정동,경상사고,0,0,1,0,차대차 - 기타,안전운전불이행,건조,맑음,단일로 - 기타,승용,남,64세,상해없음,승용,남,63세,경상
2017031600100240,2017년 3월 16일 12시,목요일,경상북도 구미시 황상동,경상사고,0,0,1,0,차대사람 - 길가장자리구역통행중,안전운전불이행,건조,맑음,주차장 - 주차장,승용,남,28세,상해없음,보행자,남,24세,경상
2017031600100241,2017년 3월 16일 12시,목요일,경상북도 구미시 도량동,경상사고,0,0,1,0,차대차 - 기타,신호위반,건조,맑음,교차로 - 교차로안,승용,여,41세,상해없음,승용,여,54세,경상
2017031600100268,2017년 3월 16일 13시,목요일,경상북도 경산시 진량읍,중상사고,0,1,0,0,차대차 - 측면충돌,차로위반,건조,맑음,단일로 - 기타,승용,남,20세,상해없음,승용,남,36세,중상
2017031600100269,2017년 3월 16일 13시,목요일,경상북도 포항시 남구 대잠동,중상사고,0,1,0,0,차대차 - 측면충돌,안전운전불이행,건조,맑음,교차로 - 교차로안,승용,여,43세,상해없음,이륜,남,17세,중상
2017031600100286,2017년 3월 16일 14시,목요일,경상북도 상주시 남성동,중상사고,0,1,0,0,차대사람 - 보도통행중,보행자보호의무위반,건조,맑음,단일로 - 기타,승용,남,76세,상해없음,보행자,여,76세,중상
2017031600100287,2017년 3월 16일 14시,목요일,경상북도 구미시 선산읍,경상사고,0,0,2,0,차대차 - 측면충돌,직진우회전진행방해,건조,맑음,교차로 - 교차로안,승용,여,38세,경상,승용,남,60세,상해없음
2017031600100288,2017년 3월 16일 14시,목요일,경상북도 포항시 남구 대도동,경상사고,0,0,2,0,차대차 - 측면충돌,교차로운행방법위반,건조,맑음,교차로 - 교차로안,화물,남,51세,상해없음,이륜,남,69세,경상
2017031600100318,2017년 3월 16일 15시,목요일,경상북도 안동시 옥동,경상사고,0,0,1,0,차대차 - 추돌,안전운전불이행,건조,맑음,단일로 - 기타,승용,남,34세,상해없음,화물,남,75세,경상
2017031600100319,2017년 3월 16일 15시,목요일,경상북도 칠곡군 석적읍,경상사고,0,0,1,0,차대차 - 측면충돌,안전운전불이행,건조,맑음,교차로 - 교차로안,승용,남,64세,상해없음,승용,남,34세,경상
2017031600100320,2017년 3월 16일 15시,목요일,경상북도 포항시 남구 연일읍,경상사고,0,0,1,0,차대차 - 기타,신호위반,건조,맑음,교차로 - 교차로안,승용,여,54세,상해없음,승용,여,45세,경상
2017031600100349,2017년 3월 16일 16시,목요일,경상북도 구미시 형곡동,부상신고사고,0,0,0,1,차대차 - 정면충돌,안전운전불이행,건조,맑음,단일로 - 기타,이륜,남,38세,부상신고,승용,남,56세,상해없음
2017031600100350,2017년 3월 16일 16시,목요일,경상북도 포항시 남구 오천읍,경상사고,0,0,1,0,차대차 - 측면충돌,교차로운행방법위반,건조,맑음,교차로 - 교차로안,화물,남,65세,상해없음,승용,여,29세,경상
2017031600100384,2017년 3월 16일 17시,목요일,경상북도 경산시 와촌면,중상사고,0,1,0,0,차대사람 - 길가장자리구역통행중,안전운전불이행,건조,맑음,단일로 - 기타,화물,남,77세,상해없음,보행자,여,78세,중상