사고번호,사고일시,요일,시군구,사고내용,사망자수,중상자수,경상자수,부상신고자수,사고유형,법규위반,노면상태,기상상태,도로형태,가해운전자 차종,가해운전자 성별,가해운전자 연령,가해운전자 상해정도,피해운전자 차종,피해운전자 성별,피해운전자 연령,피해운전자 상해정도
2017031600100429,2017년 3월 16일 18시,목요일,경상북도 포항시 남구 연일읍,경상사고,0,0,1,0,차대차 - 기타,교차로운행방법위반,건조,맑음,교차로 - 교차로부근,승용,여,45세,기타불명,승합,남,56세,상해없음
2017031600100430,2017년 3월 16일 18시,목요일,경상북도 포항시 남구 대잠동,경상사고,0,0,1,0,차대차 - 측면충돌,안전운전불이행,건조,맑음,교차로 - 교차로안,승합,남,50세,상해없음,승용,여,52세,경상
2017031600100450,2017년 3월 16일 19시,목요일,경상북도 경산시 사정동,중상사고,0,1,0,0,차대차 - 측면충돌,교차로운행방법위반,건조,맑음,교차로 - 교차로안,승용,남,59세,상해없음,이륜,남,31세,중상
2017031600100451,2017년 3월 16일 19시,목요일,경상북도 포항시 남구 상도동,경상사고,0,0,1,0,차대차 - 기타,안전운전불이행,건조,맑음,단일로 - 기타,승용,남,58세,상해없음,승용,남,38세,경상
2017031600100479,2017년 3월 16일 20시,목요일,경상북도 포항시 남구 오천읍,중상사고,0,1,1,0,차대사람 - 횡단중,과속,건조,맑음,단일로 - 기타,이륜,남,61세,경상,보행자,여,69세,중상
2017031600100537,2017년 3월 16일 22시,목요일,경상북도 안동시 정하동,경상사고,0,0,3,0,차대차 - 측면충돌,교차로운행방법위반,건조,맑음,교차로 - 교차로안,승용,남,48세,경상,승용,남,23세,경상
2017031600100538,2017년 3월 16일 22시,목요일,경상북도 칠곡군 북삼읍,중상사고,0,1,1,0,차대차 - 추돌,안전운전불이행,건조,맑음,단일로 - 기타,화물,남,56세,경상,승용,남,49세,상해없음
2017031700100039,2017년 3월 17일 01시,금요일,경상북도 경산시 압량면,중상사고,0,1,2,0,차대차 - 기타,신호위반,건조,맑음,교차로 - 교차로안,이륜,남,18세,중상,승용,남,29세,경상
2017031700100067,2017년 3월 17일 04시,금요일,경상북도 울진군 평해읍,경상사고,0,0,2,0,차대차 - 추돌,안전운전불이행,건조,맑음,교차로 - 교차로부근,화물,여,66세,경상,승용,남,26세,경상
2017031700100068,2017년 3월 17일 04시,금요일,경상북도 군위군 산성면,경상사고,0,0,1,0,차대차 - 기타,중앙선침범,건조,맑음,단일로 - 기타,화물,남,37세,상해없음,화물,남,62세,경상
2017031700100079,2017년 3월 17일 05시,금요일,경상북도 경주시 동천동,중상사고,0,1,0,0,차대사람 - 길가장자리구역통행중,안전운전불이행,건조,맑음,교차로 - 교차로부근,승용,여,29세,상해없음,보행자,남,50세,중상
2017031700100103,2017년 3월 17일 07시,금요일,경상북도 경주시 황성동,중상사고,0,1,1,0,차대차 - 측면충돌,신호위반,건조,맑음,교차로 - 교차로안,승용,남,45세,상해없음,승용,여,44세,중상
2017031700100104,2017년 3월 17일 07시,금요일,경상북도 포항시 북구 양덕동,중상사고,0,1,1,0,차대차 - 측면충돌,직진우회전진행방해,건조,맑음,교차로 - 교차로안,승용,남,35세,중상,승용,여,27세,경상
2017031700100136,2017년 3월 17일 08시,금요일,경상북도 상주시 청리면,경상사고,0,0,1,0,차대차 - 추돌,교차로운행방법위반,건조,맑음,교차로 - 교차로안,승용,여,55세,상해없음,화물,남,57세,상해없음
2017031700100137,2017년 3월 17일 08시,금요일,경상북도 칠곡군 왜관읍,경상사고,0,0,2,0,차대차 - 측면충돌,안전운전불이행,건조,맑음,교차로 - 교차로안,승용,여,31세,상해없음,화물,남,44세,경상
2017031700100173,2017년 3월 17일 09시,금요일,경상북도 영주시 휴천동,경상사고,0,0,1,0,차대차 - 측면충돌,안전운전불이행,건조,맑음,교차로 - 교차로안,화물,남,59세,상해없음,화물,남,48세,경상
2017031700100174,2017년 3월 17일 09시,금요일,경상북도 경산시 대동,중상사고,0,1,0,0,차대사람 - 횡단중,안전운전불이행,건조,맑음,단일로 - 기타,승용,남,30세,상해없음,보행자,여,19세,중상
2017031700100196,2017년 3월 17일 10시,금요일,경상북도 경주시 양남면,경상사고,0,0,1,0,차대차 - 측면충돌,안전운전불이행,건조,맑음,단일로 - 기타,화물,남,73세,경상,건설기계,남,49세,상해없음
2017031700100197,2017년 3월 17일 10시,금요일,경상북도 의성군 비안면,중상사고,0,1,0,0,차대차 - 측면충돌,직진우회전진행방해,건조,맑음,교차로 - 교차로안,승용,남,52세,중상,건설기계,남,62세,상해없음
2017031700100198,2017년 3월 17일 10시,금요일,경상북도 예천군 호명면,중상사고,0,1,0,0,차대차 - 측면충돌,안전운전불이행,건조,맑음,단일로 - 기타,화물,남,57세,상해없음,이륜,남,76세,중상
2017031700100199,2017년 3월 17일 10시,금요일,경상북도 구미시 고아읍,경상사고,0,0,2,0,차대차 - 정면충돌,안전운전불이행,건조,맑음,단일로 - 기타,승용,여,34세,상해없음,승용,남,49세,경상
2017031700100224,2017년 3월 17일 11시,금요일,경상북도 영주시 풍기읍,경상사고,0,0,1,0,차대차 - 측면충돌,교차로운행방법위반,건조,맑음,교차로 - 교차로안,화물,남,67세,상해없음,이륜,남,79세,경상
2017031700100225,2017년 3월 17일 11시,금요일,경상북도 포항시 남구 오천읍,경상사고,0,0,1,0,차대차 - 기타,안전운전불이행,건조,맑음,단일로 - 기타,승용,여,56세,상해없음,승용,남,37세,경상
2017031700100281,2017년 3월 17일 13시,금요일,경상북도 고령군 대가야읍,경상사고,0,0,1,0,차량단독 - 기타,안전운전불이행,건조,맑음,단일로 - 기타,승합,남,59세,상해없음,,,,
2017031700100282,2017년 3월 17일 13시,금요일,경상북도 구미시 원평동,경상사고,0,0,4,0,차대차 - 추돌,안전운전불이행,건조,맑음,교차로 - 교차로부근,승용,여,60세,상해없음,승용,남,57세,경상
2017031700100283,2017년 3월 17일 13시,금요일,경상북도 구미시 선산읍,경상사고,0,0,2,0,차대차 - 측면충돌,교차로운행방법위반,건조,맑음,교차로 - 교차로안,승용,여,54세,경상,승용,남,49세,경상
2017031700100315,2017년 3월 17일 14시,금요일,경상북도 포항시 북구 흥해읍,경상사고,0,0,2,0,차대차 - 정면충돌,안전운전불이행,건조,맑음,단일로 - 기타,승용,남,34세,경상,승용,남,69세,경상
2017031700100316,2017년 3월 17일 14시,금요일,경상북도 포항시 북구 두호동,경상사고,0,0,1,0,차대차 - 측면충돌,교차로운행방법위반,건조,맑음,교차로 - 교차로안,승용,남,60세,상해없음,승용,남,65세,경상
2017031700100349,2017년 3월 17일 15시,금요일,경상북도 구미시 광평동,경상사고,0,0,1,0,차대차 - 측면충돌,차로위반,건조,맑음,단일로 - 기타,승용,남,28세,상해없음,승용,여,40세,경상
2017031700100380,2017년 3월 17일 16시,금요일,경상북도 경주시 석장동,경상사고,0,0,1,0,차대차 - 기타,안전운전불이행,건조,맑음,단일로 - 기타,승용,남,36세,상해없음,승용,여,32세,경상
2017031700100381,2017년 3월 17일 16시,금요일,경상북도 안동시 와룡면,중상사고,0,3,0,0,차대차 - 측면충돌,안전운전불이행,건조,맑음,단일로 - 기타,승용,남,61세,중상,승용,남,33세,중상
2017031700100382,2017년 3월 17일 16시,금요일,경상북도 안동시 일직면,중상사고,0,1,1,0,차량단독 - 공작물충돌,안전운전불이행,건조,맑음,단일로 - 기타,승합,남,60세,중상,,,,
2017031700100383,2017년 3월 17일 16시,금요일,경상북도 칠곡군 왜관읍,경상사고,0,0,1,0,차대차 - 측면충돌,안전운전불이행,건조,맑음,단일로 - 기타,이륜,남,75세,경상,승용,여,29세,상해없음
2017031700100384,2017년 3월 17일 16시,금요일,경상북도 포항시 남구 연일읍,경상사고,0,0,1,0,차대차 - 기타,기타,건조,맑음,단일로 - 기타,화물,남,55세,상해없음,승용,남,40세,경상
2017031700100447,2017년 3월 17일 18시,금요일,경상북도 경주시 양북면,중상사고,0,1,0,0,차대차 - 측면충돌,안전운전불이행,건조,맑음,교차로 - 교차로안,승용,남,39세,상해없음,이륜,남,69세,중상
2017031700100448,2017년 3월 17일 18시,금요일,경상북도 경주시 충효동,경상사고,0,0,1,0,차대차 - 정면충돌,신호위반,건조,맑음,교차로 - 교차로안,승용,남,36세,상해없음,승용,남,57세,상해없음
2017031700100449,2017년 3월 17일 18시,금요일,경상북도 안동시 송현동,경상사고,0,0,2,0,차대차 - 측면충돌,직진우회전진행방해,건조,맑음,교차로 - 교차로안,화물,남,38세,상해없음,승용,남,63세,상해없음
2017031700100450,2017년 3월 17일 18시,금요일,경상북도 고령군 다산면,경상사고,0,0,1,0,차대차 - 측면충돌,안전운전불이행,건조,맑음,교차로 - 교차로부근,승용,남,50세,상해없음,승용,여,42세,경상
2017031700100451,2017년 3월 17일 18시,금요일,경상북도 구미시 산동면,부상신고사고,0,0,0,1,차대차 - 측면충돌,교차로운행방법위반,건조,맑음,교차로 - 교차로안,승용,남,26세,부상신고,승용,남,31세,상해없음
2017031700100452,2017년 3월 17일 18시,금요일,경상북도 영덕군 지품면,중상사고,0,1,0,0,차대사람 - 횡단중,안전운전불이행,건조,맑음,단일로 - 터널,승용,남,47세,상해없음,보행자,남,48세,중상
2017031700100489,2017년 3월 17일 19시,금요일,경상북도 포항시 북구 죽도동,경상사고,0,0,1,0,차대차 - 측면충돌,안전운전불이행,건조,맑음,단일로 - 기타,화물,남,71세,상해없음,원동기,남,52세,경상
2017031700100490,2017년 3월 17일 19시,금요일,경상북도 김천시 성내동,중상사고,0,1,0,0,차대사람 - 횡단중,안전운전불이행,건조,맑음,단일로 - 기타,승용,남,57세,상해없음,보행자,남,51세,중상
2017031700100491,2017년 3월 17일 19시,금요일,경상북도 칠곡군 북삼읍,부상신고사고,0,0,0,1,차량단독 - 전도전복,안전운전불이행,건조,맑음,단일로 - 기타,원동기,남,62세,부상신고,미분류,미분류,미분류,미분류
2017031700100492,2017년 3월 17일 19시,금요일,경상북도 경산시 진량읍,중상사고,0,1,0,0,차대차 - 기타,안전운전불이행,건조,맑음,단일로 - 기타,승합,남,29세,상해없음,화물,남,52세,중상
2017031700100569,2017년 3월 17일 21시,금요일,경상북도 영주시 순흥면,중상사고,0,1,0,0,차대차 - 측면충돌,중앙선침범,건조,맑음,교차로 - 교차로안,화물,여,61세,상해없음,자전거,남,70세,중상
2017031700100570,2017년 3월 17일 21시,금요일,경상북도 예천군 예천읍,경상사고,0,0,2,0,차대차 - 기타,안전운전불이행,건조,맑음,단일로 - 교량,승합,남,31세,상해없음,승용,남,36세,경상
2017031700100571,2017년 3월 17일 21시,금요일,경상북도 포항시 남구 오천읍,경상사고,0,0,1,0,차대차 - 기타,차로위반,건조,맑음,단일로 - 기타,승용,남,34세,상해없음,이륜,남,21세,경상
2017031700100572,2017년 3월 17일 21시,금요일,경상북도 포항시 남구 송도동,중상사고,0,1,0,0,차대사람 - 횡단중,안전운전불이행,건조,맑음,단일로 - 기타,승용,남,45세,상해없음,보행자,여,65세,중상
2017031700100603,2017년 3월 17일 22시,금요일,경상북도 문경시 점촌동,경상사고,0,0,1,0,차대차 - 측면충돌,안전운전불이행,건조,맑음,교차로 - 교차로안,승용,남,43세,상해없음,원동기,남,22세,경상
2017031700100604,2017년 3월 17일 22시,금요일,경상북도 포항시 남구 오천읍,부상신고사고,0,0,0,1,차대차 - 추돌,안전운전불이행,건조,맑음,교차로 - 교차로부근,이륜,남,18세,상해없음,승용,남,62세,부상신고
2017031700100626,2017년 3월 17일 23시,금요일,경상북도 포항시 북구 두호동,경상사고,0,0,2,0,차대차 - 추돌,안전거리미확보,건조,맑음,교차로 - 교차로부근,승용,남,52세,상해없음,승용,남,50세,경상
2017031700100627,2017년 3월 17일 23시,금요일,경상북도 칠곡군 동명면,경상사고,0,0,1,0,차대차 - 측면충돌,교차로운행방법위반,건조,맑음,교차로 - 교차로안,승용,여,21세,상해없음,승용,여,25세,경상
2017031800100035,2017년 3월 18일 00시,토요일,경상북도 칠곡군 북삼읍,중상사고,0,1,2,1,차대차 - 추돌,안전운전불이행,건조,맑음,단일로 - 기타,승용,남,30세,부상신고,승용,남,28세,중상
2017031800100070,2017년 3월 18일 02시,토요일,경상북도 상주시 무양동,경상사고,0,0,3,0,차대차 - 추돌,안전운전불이행,건조,맑음,단일로 - 기타,승용,남,54세,상해없음,승용,여,52세,경상
2017031800100071,2017년 3월 18일 02시,토요일,경상북도 포항시 남구 구룡포읍,사망사고,1,0,1,0,차대사람 - 차도통행중,안전운전불이행,건조,맑음,단일로 - 기타,승용,남,30세,경상,보행자,남,47세,사망
2017031800100126,2017년 3월 18일 07시,토요일,경상북도 포항시 북구 죽도동,중상사고,0,1,0,0,차대사람 - 횡단중,안전운전불이행,건조,맑음,교차로 - 교차로안,화물,남,56세,상해없음,보행자,여,88세,중상
2017031800100145,2017년 3월 18일 08시,토요일,경상북도 경주시 외동읍,경상사고,0,0,1,0,차대차 - 측면충돌,안전운전불이행,건조,맑음,교차로 - 교차로안,승용,남,33세,상해없음,승용,남,28세,경상
2017031800100146,2017년 3월 18일 08시,토요일,경상북도 영천시 금호읍,경상사고,0,0,1,0,차대차 - 추돌,안전거리미확보,건조,맑음,교차로 - 교차로안,화물,남,59세,상해없음,승용,여,55세,경상
2017031800100170,2017년 3월 18일 09시,토요일,경상북도 경주시 노동동,중상사고,0,1,0,0,차대차 - 측면충돌,안전운전불이행,건조,맑음,교차로 - 교차로부근,원동기,남,62세,중상,승용,여,27세,상해없음
2017031800100196,2017년 3월 18일 10시,토요일,경상북도 안동시 송현동,경상사고,0,0,1,0,차대차 - 추돌,안전거리미확보,건조,맑음,교차로 - 교차로부근,승용,남,51세,상해없음,승용,여,70세,경상
2017031800100197,2017년 3월 18일 10시,토요일,경상북도 경산시 자인면,경상사고,0,0,1,0,차대차 - 측면충돌,차로위반,건조,맑음,단일로 - 기타,이륜,남,89세,경상,승용,남,48세,상해없음
2017031800100198,2017년 3월 18일 10시,토요일,경상북도 군위군 부계면,경상사고,0,0,2,0,차대차 - 추돌,안전운전불이행,건조,맑음,단일로 - 기타,승용,여,21세,상해없음,승용,남,51세,경상
2017031800100199,2017년 3월 18일 10시,토요일,경상북도 포항시 남구 송도동,중상사고,0,1,0,0,차대차 - 기타,안전운전불이행,건조,맑음,단일로 - 기타,승용,여,46세,상해없음,자전거,여,68세,중상
2017031800100231,2017년 3월 18일 11시,토요일,경상북도 안동시 풍산읍,중상사고,0,1,0,0,차대차 - 정면충돌,중앙선침범,건조,맑음,단일로 - 기타,이륜,남,77세,중상,화물,남,68세,상해없음
2017031800100232,2017년 3월 18일 11시,토요일,경상북도 구미시 상모동,경상사고,0,0,1,0,차대차 - 기타,안전운전불이행,건조,맑음,교차로 - 교차로안,승용,남,35세,상해없음,승용,여,50세,경상
2017031800100258,2017년 3월 18일 12시,토요일,경상북도 안동시 용상동,경상사고,0,0,3,0,차대차 - 측면충돌,직진우회전진행방해,건조,맑음,교차로 - 교차로안,승용,여,48세,경상,승용,남,65세,경상
2017031800100259,2017년 3월 18일 12시,토요일,경상북도 영천시 북안면,중상사고,0,1,1,0,차량단독 - 전도전복,안전운전불이행,건조,맑음,단일로 - 기타,화물,남,71세,경상,미분류,미분류,미분류,미분류
2017031800100260,2017년 3월 18일 12시,토요일,경상북도 문경시 흥덕동,경상사고,0,0,1,0,차대사람 - 횡단중,안전운전불이행,건조,맑음,단일로 - 기타,승용,남,55세,상해없음,보행자,여,3세,경상
2017031800100261,2017년 3월 18일 12시,토요일,경상북도 구미시 상모동,부상신고사고,0,0,0,1,차대차 - 기타,안전운전불이행,건조,맑음,교차로 - 교차로안,이륜,남,22세,부상신고,승용,남,60세,상해없음
2017031800100290,2017년 3월 18일 13시,토요일,경상북도 포항시 북구 장성동,경상사고,0,0,2,1,차대차 - 측면충돌,안전운전불이행,건조,맑음,교차로 - 교차로안,승용,여,27세,부상신고,승용,남,52세,경상
2017031800100291,2017년 3월 18일 13시,토요일,경상북도 문경시 점촌동,경상사고,0,0,1,0,차대사람 - 길가장자리구역통행중,안전운전불이행,건조,맑음,단일로 - 기타,승용,남,70세,상해없음,보행자,여,73세,경상
2017031800100292,2017년 3월 18일 13시,토요일,경상북도 구미시 공단동,경상사고,0,0,1,0,차대차 - 추돌,안전운전불이행,건조,맑음,교차로 - 교차로부근,승용,여,31세,상해없음,승용,여,50세,경상
2017031800100327,2017년 3월 18일 14시,토요일,경상북도 경주시 인왕동,경상사고,0,0,1,0,차대차 - 측면충돌,중앙선침범,건조,맑음,단일로 - 기타,원동기,남,19세,경상,승용,남,34세,상해없음
2017031800100328,2017년 3월 18일 14시,토요일,경상북도 경주시 노서동,경상사고,0,0,1,0,차대차 - 측면충돌,안전운전불이행,건조,맑음,단일로 - 기타,승합,남,54세,상해없음,승용,여,38세,경상
2017031800100329,2017년 3월 18일 14시,토요일,경상북도 안동시 명륜동,경상사고,0,0,1,0,차대사람 - 횡단중,안전운전불이행,건조,맑음,단일로 - 기타,승용,남,56세,상해없음,보행자,남,13세,경상
2017031800100330,2017년 3월 18일 14시,토요일,경상북도 칠곡군 북삼읍,경상사고,0,0,2,1,차대차 - 측면충돌,안전운전불이행,건조,맑음,교차로 - 교차로안,승용,여,47세,부상신고,화물,남,37세,경상
2017031800100331,2017년 3월 18일 14시,토요일,경상북도 구미시 지산동,경상사고,0,0,1,0,차대차 - 추돌,안전운전불이행,건조,맑음,교차로 - 교차로안,화물,남,58세,상해없음,승용,여,54세,경상
2017031800100332,2017년 3월 18일 14시,토요일,경상북도 구미시 사곡동,중상사고,0,1,0,0,차대차 - 측면충돌,안전운전불이행,건조,맑음,교차로 - 교차로안,승용,남,39세,상해없음,이륜,남,22세,중상
2017031800100364,2017년 3월 18일 15시,토요일,경상북도 안동시 풍산읍,경상사고,0,0,2,0,차대차 - 측면충돌,안전운전불이행,건조,맑음,단일로 - 기타,승용,여,57세,상해없음,승용,남,40세,경상
2017031800100365,2017년 3월 18일 15시,토요일,경상북도 구미시 임수동,중상사고,0,1,1,0,차대차 - 측면충돌,안전운전불이행,건조,맑음,단일로 - 기타,승용,남,39세,상해없음,승용,여,36세,중상
2017031800100396,2017년 3월 18일 16시,토요일,경상북도 구미시 고아읍,경상사고,0,0,1,0,차대차 - 측면충돌,안전운전불이행,건조,맑음,단일로 - 기타,자전거,남,69세,경상,승용,남,34세,상해없음
2017031800100397,2017년 3월 18일 16시,토요일,경상북도 포항시 남구 연일읍,경상사고,0,0,2,0,차대차 - 기타,안전운전불이행,건조,맑음,단일로 - 기타,승용,여,41세,상해없음,승용,남,34세,경상
2017031800100427,2017년 3월 18일 17시,토요일,경상북도 상주시 신봉동,경상사고,0,0,1,0,차대차 - 추돌,안전운전불이행,건조,맑음,단일로 - 기타,승용,남,58세,상해없음,승용,여,43세,경상
2017031800100428,2017년 3월 18일 17시,토요일,경상북도 경산시 진량읍,경상사고,0,0,1,0,차대차 - 측면충돌,안전운전불이행,건조,맑음,단일로 - 기타,이륜,남,31세,경상,승용,남,55세,상해없음
2017031800100429,2017년 3월 18일 17시,토요일,경상북도 구미시 옥계동,부상신고사고,0,0,0,1,차량단독 - 전도전복,안전운전불이행,건조,맑음,단일로 - 기타,자전거,남,67세,부상신고,미분류,미분류,미분류,미분류
2017031800100456,2017년 3월 18일 18시,토요일,경상북도 포항시 북구 청하면,경상사고,0,0,1,0,차대차 - 추돌,안전운전불이행,건조,맑음,단일로 - 기타,승용,남,24세,상해없음,승용,남,55세,경상
2017031800100457,2017년 3월 18일 18시,토요일,경상북도 칠곡군 석적읍,경상사고,0,0,2,1,차대차 - 측면충돌,안전운전불이행,건조,맑음,교차로 - 교차로안,승용,여,35세,부상신고,승용,남,43세,경상
2017031800100458,2017년 3월 18일 18시,토요일,경상북도 칠곡군 왜관읍,중상사고,0,1,0,0,차대차 - 측면충돌,안전운전불이행,건조,맑음,교차로 - 교차로안,승용,여,27세,상해없음,승용,여,50세,중상
2017031800100459,2017년 3월 18일 18시,토요일,경상북도 포항시 남구 대잠동,중상사고,0,1,2,0,차대차 - 기타,신호위반,건조,맑음,교차로 - 교차로안,승용,남,51세,상해없음,승용,여,49세,경상
2017031800100500,2017년 3월 18일 19시,토요일,경상북도 포항시 북구 죽도동,중상사고,0,1,1,0,차대차 - 측면충돌,교차로운행방법위반,건조,맑음,교차로 - 교차로안,승용,남,52세,상해없음,자전거,남,64세,중상
2017031800100501,2017년 3월 18일 19시,토요일,경상북도 안동시 옥동,경상사고,0,0,3,0,차대차 - 측면충돌,안전운전불이행,건조,맑음,교차로 - 교차로안,승용,남,29세,상해없음,승용,여,52세,경상
2017031800100502,2017년 3월 18일 19시,토요일,경상북도 안동시 남선면,사망사고,2,0,0,0,차대차 - 추돌,안전운전불이행,건조,맑음,단일로 - 기타,화물,남,42세,사망,건설기계,남,48세,상해없음
2017031800100503,2017년 3월 18일 19시,토요일,경상북도 김천시 평화동,중상사고,0,2,6,0,차대차 - 추돌,안전운전불이행,건조,맑음,교차로 - 교차로부근,승용,남,67세,경상,승용,남,25세,중상
2017031800100563,2017년 3월 18일 21시,토요일,경상북도 칠곡군 지천면,중상사고,0,1,0,0,차대차 - 측면충돌,안전거리미확보,건조,맑음,단일로 - 기타,승용,남,31세,상해없음,승용,남,56세,중상
2017031800100583,2017년 3월 18일 22시,토요일,경상북도 영덕군 강구면,경상사고,0,0,1,0,차대차 - 측면충돌,안전운전불이행,건조,맑음,교차로 - 교차로부근,승용,여,57세,기타불명,이륜,남,19세,경상
2017031900100034,2017년 3월 19일 00시,일요일,경상북도 경산시 사동,중상사고,0,1,0,0,차대차 - 기타,신호위반,건조,맑음,교차로 - 교차로안,승용,남,29세,상해없음,승용,남,25세,중상
2017031900100051,2017년 3월 19일 01시,일요일,경상북도 군위군 고로면,경상사고,0,0,1,0,차량단독 - 전도전복 - 전도,안전운전불이행,건조,맑음,단일로 - 기타,화물,남,63세,경상,,,,
2017031900100116,2017년 3월 19일 07시,일요일,경상북도 포항시 남구 해도동,경상사고,0,0,1,0,차대차 - 기타,안전운전불이행,건조,맑음,단일로 - 기타,승합,남,미분류,상해없음,승용,남,58세,상해없음
2017031900100161,2017년 3월 19일 10시,일요일,경상북도 경주시 현곡면,중상사고,0,1,2,0,차대차 - 정면충돌,중앙선침범,건조,맑음,단일로 - 기타,승용,남,74세,중상,승용,여,25세,경상
2017031900100182,2017년 3월 19일 11시,일요일,경상북도 포항시 북구 흥해읍,중상사고,0,1,2,0,차대차 - 측면충돌,교차로운행방법위반,건조,맑음,교차로 - 교차로안,승용,남,56세,상해없음,승용,남,57세,경상
2017031900100183,2017년 3월 19일 11시,일요일,경상북도 의성군 단북면,중상사고,0,1,0,0,차대차 - 정면충돌,안전운전불이행,건조,맑음,단일로 - 기타,화물,남,62세,중상,건설기계,남,54세,상해없음
2017031900100208,2017년 3월 19일 12시,일요일,경상북도 경주시 사정동,중상사고,0,1,0,0,차대차 - 측면충돌,안전운전불이행,건조,맑음,단일로 - 기타,승합,남,44세,상해없음,자전거,남,76세,중상
2017031900100209,2017년 3월 19일 12시,일요일,경상북도 고령군 대가야읍,중상사고,0,1,0,0,차대사람 - 기타,안전운전불이행,건조,맑음,교차로 - 교차로횡단보도내,승합,남,56세,상해없음,보행자,남,67세,중상
2017031900100260,2017년 3월 19일 14시,일요일,경상북도 경산시 상방동,경상사고,0,0,3,0,차대차 - 추돌,안전운전불이행,건조,맑음,교차로 - 교차로안,화물,남,35세,경상,승용,남,26세,경상
2017031900100261,2017년 3월 19일 14시,일요일,경상북도 청송군 파천면,경상사고,0,0,2,0,차대차 - 추돌,안전운전불이행,건조,맑음,단일로 - 기타,승용,남,27세,상해없음,승용,남,54세,경상
2017031900100289,2017년 3월 19일 15시,일요일,경상북도 경주시 외동읍,경상사고,0,0,1,0,차대차 - 측면충돌,안전운전불이행,건조,맑음,단일로 - 기타,이륜,남,43세,경상,승용,남,43세,상해없음
2017031900100290,2017년 3월 19일 15시,일요일,경상북도 구미시 봉곡동,경상사고,0,0,1,0,차대차 - 측면충돌,교차로운행방법위반,건조,맑음,교차로 - 교차로안,승용,남,19세,상해없음,승용,여,57세,경상
2017031900100310,2017년 3월 19일 16시,일요일,경상북도 김천시 봉산면,중상사고,0,1,2,0,차대차 - 측면충돌,안전운전불이행,건조,맑음,단일로 - 기타,화물,남,42세,상해없음,승용,남,48세,경상
2017031900100339,2017년 3월 19일 17시,일요일,경상북도 성주군 금수면,중상사고,0,2,2,0,차대차 - 정면충돌,중앙선침범,건조,맑음,기타 - 기타,이륜,남,40세,중상,승용,여,39세,상해없음
2017031900100340,2017년 3월 19일 17시,일요일,경상북도 포항시 남구 장기면,경상사고,0,0,1,0,차량단독 - 공작물충돌,안전운전불이행,건조,맑음,단일로 - 기타,화물,남,55세,경상,,,,
2017031900100363,2017년 3월 19일 18시,일요일,경상북도 안동시 성곡동,중상사고,0,1,1,0,차대차 - 측면충돌,직진우회전진행방해,건조,맑음,교차로 - 교차로안,승용,남,57세,경상,승용,남,56세,중상
2017031900100364,2017년 3월 19일 18시,일요일,경상북도 청도군 화양읍,경상사고,0,0,1,0,차대차 - 측면충돌,안전운전불이행,건조,맑음,단일로 - 기타,승용,여,52세,상해없음,이륜,남,79세,경상
2017031900100365,2017년 3월 19일 18시,일요일,경상북도 포항시 남구 장기면,경상사고,0,0,3,2,차대차 - 기타,안전운전불이행,건조,맑음,단일로 - 기타,화물,남,51세,경상,승용,남,40세,경상
2017031900100396,2017년 3월 19일 19시,일요일,경상북도 김천시 대항면,중상사고,0,2,0,0,차대차 - 추돌,안전운전불이행,건조,맑음,교차로 - 교차로부근,화물,남,61세,상해없음,승용,남,42세,중상
2017031900100397,2017년 3월 19일 19시,일요일,경상북도 경산시 계양동,경상사고,0,0,1,0,차대차 - 기타,안전운전불이행,건조,맑음,단일로 - 기타,승용,남,28세,상해없음,이륜,남,18세,경상
2017031900100426,2017년 3월 19일 20시,일요일,경상북도 경주시 외동읍,중상사고,0,1,1,0,차대차 - 측면충돌,신호위반,건조,맑음,교차로 - 교차로안,승용,남,27세,상해없음,승용,남,44세,경상
2017031900100427,2017년 3월 19일 20시,일요일,경상북도 영천시 망정동,경상사고,0,0,3,0,차대차 - 추돌,안전운전불이행,건조,맑음,교차로 - 교차로부근,승용,남,28세,상해없음,승용,여,43세,경상
2017031900100428,2017년 3월 19일 20시,일요일,경상북도 청도군 풍각면,경상사고,0,0,2,0,차대차 - 추돌,안전운전불이행,건조,맑음,교차로 - 교차로안,승용,남,22세,상해없음,승용,남,59세,경상
2017031900100456,2017년 3월 19일 21시,일요일,경상북도 경산시 사동,경상사고,0,0,1,0,차대차 - 정면충돌,안전운전불이행,건조,맑음,단일로 - 기타,승용,여,56세,상해없음,자전거,남,16세,경상
2017031900100457,2017년 3월 19일 21시,일요일,경상북도 경산시 대정동,경상사고,0,0,2,0,차대차 - 추돌,안전거리미확보,건조,맑음,단일로 - 기타,승용,남,28세,상해없음,승용,남,35세,경상
2017031900100473,2017년 3월 19일 22시,일요일,경상북도 안동시 운흥동,경상사고,0,0,1,0,차대차 - 측면충돌,교차로운행방법위반,건조,맑음,교차로 - 교차로안,승용,남,43세,상해없음,승용,남,59세,상해없음
2017031900100474,2017년 3월 19일 22시,일요일,경상북도 칠곡군 북삼읍,경상사고,0,0,1,0,차대차 - 측면충돌,안전운전불이행,건조,맑음,단일로 - 기타,승용,남,30세,상해없음,승용,남,42세,경상
2017031900100475,2017년 3월 19일 22시,일요일,경상북도 구미시 사곡동,부상신고사고,0,0,0,1,차대차 - 추돌,안전운전불이행,건조,맑음,교차로 - 교차로부근,이륜,남,16세,부상신고,승용,남,45세,기타불명