사고번호,사고일시,요일,시군구,사고내용,사망자수,중상자수,경상자수,부상신고자수,사고유형,법규위반,노면상태,기상상태,도로형태,가해운전자 차종,가해운전자 성별,가해운전자 연령,가해운전자 상해정도,피해운전자 차종,피해운전자 성별,피해운전자 연령,피해운전자 상해정도
2017032300100174,2017년 3월 23일 10시,목요일,경상북도 영천시 금호읍,중상사고,0,1,0,0,차대차 - 측면충돌,안전운전불이행,건조,맑음,단일로 - 기타,승용,남,77세,상해없음,원동기,남,75세,중상
2017032300100175,2017년 3월 23일 10시,목요일,경상북도 구미시 고아읍,경상사고,0,0,6,0,차대차 - 추돌,안전거리미확보,건조,맑음,단일로 - 기타,화물,남,24세,상해없음,승용,남,59세,경상
2017032300100209,2017년 3월 23일 11시,목요일,경상북도 성주군 초전면,경상사고,0,0,1,0,차대차 - 측면충돌,안전운전불이행,건조,맑음,교차로 - 교차로안,승용,남,43세,상해없음,승용,남,55세,상해없음
2017032300100229,2017년 3월 23일 12시,목요일,경상북도 경주시 성동동,부상신고사고,0,0,0,1,차대차 - 기타,기타,건조,맑음,단일로 - 기타,승용,남,62세,상해없음,승용,남,64세,상해없음
2017032300100274,2017년 3월 23일 14시,목요일,경상북도 포항시 북구 두호동,경상사고,0,0,1,0,차대사람 - 길가장자리구역통행중,안전운전불이행,건조,맑음,단일로 - 기타,승용,남,58세,상해없음,보행자,남,50세,경상
2017032300100275,2017년 3월 23일 14시,목요일,경상북도 구미시 구평동,경상사고,0,0,2,0,차대차 - 측면충돌,안전운전불이행,건조,맑음,교차로 - 교차로부근,화물,남,55세,상해없음,승용,여,52세,경상
2017032300100304,2017년 3월 23일 15시,목요일,경상북도 경주시 내남면,부상신고사고,0,0,0,1,차대사람 - 횡단중,안전운전불이행,건조,맑음,단일로 - 기타,승합,남,55세,상해없음,보행자,여,61세,부상신고
2017032300100305,2017년 3월 23일 15시,목요일,경상북도 봉화군 봉화읍,중상사고,0,1,1,0,차대차 - 측면충돌,교차로운행방법위반,건조,맑음,교차로 - 교차로안,승용,남,37세,상해없음,승용,남,77세,중상
2017032300100306,2017년 3월 23일 15시,목요일,경상북도 포항시 남구 인덕동,중상사고,0,1,0,0,차대차 - 측면충돌,안전운전불이행,건조,맑음,교차로 - 교차로부근,건설기계,남,58세,상해없음,자전거,남,73세,중상
2017032300100342,2017년 3월 23일 16시,목요일,경상북도 안동시 운흥동,경상사고,0,0,1,0,차대사람 - 보도통행중,안전운전불이행,건조,맑음,단일로 - 기타,승용,남,39세,상해없음,보행자,남,56세,경상
2017032300100380,2017년 3월 23일 17시,목요일,경상북도 김천시 대광동,경상사고,0,0,1,0,차대차 - 측면충돌,안전거리미확보,건조,맑음,교차로 - 교차로안,승용,여,55세,상해없음,승용,남,34세,경상
2017032300100414,2017년 3월 23일 18시,목요일,경상북도 성주군 성주읍,중상사고,0,1,1,0,차대차 - 측면충돌,안전운전불이행,건조,맑음,기타 - 기타,승용,여,50세,상해없음,승용,남,50세,중상
2017032300100415,2017년 3월 23일 18시,목요일,경상북도 구미시 원평동,경상사고,0,0,2,0,차대차 - 측면충돌,안전거리미확보,건조,맑음,단일로 - 기타,승용,남,58세,경상,승합,남,43세,경상
2017032300100454,2017년 3월 23일 19시,목요일,경상북도 경주시 동천동,경상사고,0,0,1,0,차대차 - 측면충돌,안전운전불이행,건조,맑음,단일로 - 기타,승합,남,46세,상해없음,승용,여,41세,경상
2017032300100455,2017년 3월 23일 19시,목요일,경상북도 포항시 북구 흥해읍,중상사고,0,1,2,0,차대차 - 추돌,안전거리미확보,건조,맑음,단일로 - 기타,승용,남,46세,상해없음,승용,여,23세,중상
2017032300100456,2017년 3월 23일 19시,목요일,경상북도 안동시 정하동,경상사고,0,0,1,0,차대차 - 측면충돌,신호위반,건조,맑음,교차로 - 교차로안,농기계,남,61세,상해없음,승용,여,35세,경상
2017032300100457,2017년 3월 23일 19시,목요일,경상북도 상주시 남성동,경상사고,0,0,1,0,차대사람 - 차도통행중,안전운전불이행,건조,맑음,교차로 - 교차로부근,승용,남,70세,상해없음,보행자,남,70세,경상
2017032300100458,2017년 3월 23일 19시,목요일,경상북도 영주시 가흥동,중상사고,0,1,0,0,차대차 - 측면충돌,안전운전불이행,건조,맑음,단일로 - 기타,승용,남,43세,상해없음,자전거,남,49세,중상
2017032300100459,2017년 3월 23일 19시,목요일,경상북도 경산시 진량읍,경상사고,0,0,1,0,차대차 - 정면충돌,신호위반,건조,맑음,교차로 - 교차로안,승용,남,47세,상해없음,승용,남,59세,경상
2017032300100460,2017년 3월 23일 19시,목요일,경상북도 구미시 황상동,경상사고,0,0,1,0,차대차 - 기타,안전운전불이행,건조,맑음,단일로 - 기타,승용,여,31세,상해없음,승용,남,44세,상해없음
2017032300100501,2017년 3월 23일 20시,목요일,경상북도 영주시 영주동,중상사고,0,1,0,0,차대차 - 기타,안전운전불이행,건조,맑음,단일로 - 기타,이륜,남,17세,상해없음,자전거,여,57세,중상
2017032300100530,2017년 3월 23일 21시,목요일,경상북도 김천시 신음동,중상사고,0,1,0,0,차대사람 - 횡단중,안전운전불이행,건조,맑음,단일로 - 기타,승용,여,27세,상해없음,보행자,여,51세,중상
2017032300100531,2017년 3월 23일 21시,목요일,경상북도 칠곡군 왜관읍,경상사고,0,0,1,0,차대사람 - 차도통행중,안전운전불이행,건조,맑음,단일로 - 기타,승용,남,63세,상해없음,보행자,남,49세,경상
2017032300100532,2017년 3월 23일 21시,목요일,경상북도 경산시 진량읍,사망사고,1,0,0,0,차량단독 - 공작물충돌,안전운전불이행,건조,맑음,교차로 - 교차로부근,이륜,남,34세,사망,,,,
2017032300100564,2017년 3월 23일 22시,목요일,경상북도 포항시 북구 항구동,중상사고,0,1,1,0,차대차 - 측면충돌,신호위반,건조,맑음,교차로 - 교차로안,승용,남,64세,상해없음,승용,여,33세,경상
2017032400100033,2017년 3월 24일 00시,금요일,경상북도 상주시 신봉동,중상사고,0,1,0,0,차대차 - 추돌,안전운전불이행,건조,맑음,단일로 - 기타,승용,남,44세,중상,건설기계,남,58세,상해없음
2017032400100084,2017년 3월 24일 04시,금요일,경상북도 고령군 다산면,경상사고,0,0,1,0,차대차 - 측면충돌,중앙선침범,건조,맑음,교차로 - 교차로안,승용,남,37세,상해없음,승용,남,60세,경상
2017032400100113,2017년 3월 24일 07시,금요일,경상북도 구미시 진평동,중상사고,0,1,0,0,차대차 - 측면충돌,교차로운행방법위반,건조,흐림,교차로 - 교차로부근,자전거,남,51세,중상,승합,여,41세,상해없음
2017032400100142,2017년 3월 24일 08시,금요일,경상북도 안동시 예안면,중상사고,0,1,2,0,차대차 - 측면충돌,교차로운행방법위반,건조,맑음,교차로 - 교차로안,화물,남,58세,상해없음,승용,남,26세,중상
2017032400100143,2017년 3월 24일 08시,금요일,경상북도 경산시 하양읍,중상사고,0,1,0,0,차대차 - 측면충돌,교차로운행방법위반,건조,맑음,교차로 - 교차로안,승용,여,42세,상해없음,자전거,남,13세,중상
2017032400100171,2017년 3월 24일 09시,금요일,경상북도 포항시 북구 흥해읍,중상사고,0,1,0,0,차대사람 - 횡단중,안전운전불이행,건조,맑음,단일로 - 기타,승용,여,60세,상해없음,보행자,남,19세,중상
2017032400100172,2017년 3월 24일 09시,금요일,경상북도 의성군 봉양면,경상사고,0,0,1,0,차대사람 - 기타,안전운전불이행,건조,맑음,단일로 - 기타,승합,여,62세,상해없음,보행자,여,81세,경상
2017032400100173,2017년 3월 24일 09시,금요일,경상북도 영양군 입암면,경상사고,0,0,2,0,차대차 - 정면충돌,신호위반,건조,맑음,교차로 - 교차로안,화물,남,64세,경상,승용,여,53세,경상
2017032400100196,2017년 3월 24일 10시,금요일,경상북도 안동시 서후면,중상사고,0,1,0,0,차대차 - 추돌,안전거리미확보,건조,맑음,교차로 - 교차로부근,승용,남,55세,상해없음,승용,여,61세,중상
2017032400100225,2017년 3월 24일 11시,금요일,경상북도 포항시 남구 인덕동,중상사고,0,1,0,0,차대사람 - 기타,안전운전불이행,건조,맑음,교차로 - 교차로부근,화물,남,48세,상해없음,보행자,여,84세,중상
2017032400100226,2017년 3월 24일 11시,금요일,경상북도 포항시 남구 대도동,경상사고,0,0,1,0,차대차 - 기타,안전운전불이행,건조,맑음,단일로 - 기타,이륜,남,64세,경상,화물,남,49세,상해없음
2017032400100255,2017년 3월 24일 12시,금요일,경상북도 경주시 외동읍,중상사고,0,1,0,0,차대사람 - 기타,안전운전불이행,건조,맑음,단일로 - 기타,승합,남,44세,상해없음,보행자,여,85세,중상
2017032400100256,2017년 3월 24일 12시,금요일,경상북도 영주시 휴천동,경상사고,0,0,1,0,차대사람 - 길가장자리구역통행중,안전운전불이행,건조,맑음,단일로 - 기타,승용,여,60세,상해없음,보행자,여,60세,경상
2017032400100257,2017년 3월 24일 12시,금요일,경상북도 포항시 남구 연일읍,중상사고,0,2,1,0,차대차 - 추돌,안전운전불이행,건조,맑음,단일로 - 터널,승용,남,62세,경상,화물,남,76세,중상
2017032400100279,2017년 3월 24일 13시,금요일,경상북도 상주시 화남면,중상사고,0,1,0,0,차대사람 - 차도통행중,안전운전불이행,건조,맑음,단일로 - 기타,이륜,남,32세,상해없음,보행자,여,76세,중상
2017032400100280,2017년 3월 24일 13시,금요일,경상북도 고령군 덕곡면,중상사고,0,2,0,0,차대차 - 측면충돌,교차로운행방법위반,건조,맑음,교차로 - 교차로안,승용,남,76세,중상,승용,남,57세,상해없음
2017032400100281,2017년 3월 24일 13시,금요일,경상북도 포항시 남구 대잠동,중상사고,0,2,1,0,차대차 - 추돌,안전운전불이행,건조,맑음,교차로 - 교차로안,승용,남,19세,중상,승용,남,31세,경상
2017032400100350,2017년 3월 24일 15시,금요일,경상북도 예천군 개포면,중상사고,0,1,0,0,차대차 - 기타,안전운전불이행,건조,맑음,단일로 - 기타,원동기,여,66세,중상,승용,남,55세,상해없음
2017032400100378,2017년 3월 24일 16시,금요일,경상북도 경주시 노서동,중상사고,0,1,0,0,차대차 - 측면충돌,안전운전불이행,건조,맑음,단일로 - 기타,승용,남,55세,상해없음,승용,남,47세,중상
2017032400100379,2017년 3월 24일 16시,금요일,경상북도 포항시 북구 창포동,경상사고,0,0,1,0,차대차 - 측면충돌,안전운전불이행,건조,맑음,단일로 - 기타,특수,남,52세,상해없음,승용,여,57세,경상
2017032400100380,2017년 3월 24일 16시,금요일,경상북도 영주시 봉현면,경상사고,0,0,1,0,차대차 - 측면충돌,안전운전불이행,건조,맑음,교차로 - 교차로안,승용,남,60세,상해없음,승용,남,29세,경상
2017032400100381,2017년 3월 24일 16시,금요일,경상북도 경산시 자인면,경상사고,0,0,1,0,차대차 - 추돌,안전운전불이행,건조,맑음,교차로 - 교차로부근,승용,남,47세,상해없음,승용,남,67세,경상
2017032400100382,2017년 3월 24일 16시,금요일,경상북도 구미시 봉곡동,중상사고,0,1,0,0,차대차 - 정면충돌,중앙선침범,건조,맑음,기타 - 기타,승용,여,40세,상해없음,승용,여,36세,중상
2017032400100412,2017년 3월 24일 17시,금요일,경상북도 경주시 외동읍,중상사고,0,1,1,0,차대차 - 추돌,안전운전불이행,건조,맑음,단일로 - 기타,승용,남,36세,상해없음,승용,남,54세,중상
2017032400100413,2017년 3월 24일 17시,금요일,경상북도 경주시 신평동,경상사고,0,0,1,0,차대차 - 측면충돌,교차로운행방법위반,건조,맑음,교차로 - 교차로안,승용,남,53세,상해없음,승용,여,25세,경상
2017032400100414,2017년 3월 24일 17시,금요일,경상북도 경산시 하양읍,중상사고,0,1,0,0,차대차 - 기타,안전운전불이행,건조,맑음,단일로 - 기타,기타불명,기타불명,미분류,기타불명,이륜,남,37세,중상
2017032400100415,2017년 3월 24일 17시,금요일,경상북도 예천군 예천읍,중상사고,0,1,0,0,차대차 - 측면충돌,직진우회전진행방해,건조,맑음,교차로 - 교차로안,승용,여,33세,상해없음,원동기,여,67세,중상
2017032400100452,2017년 3월 24일 18시,금요일,경상북도 포항시 북구 죽도동,경상사고,0,0,1,0,차대차 - 추돌,안전운전불이행,건조,맑음,단일로 - 기타,승용,여,55세,상해없음,원동기,남,22세,경상
2017032400100490,2017년 3월 24일 19시,금요일,경상북도 의성군 단촌면,중상사고,0,1,0,0,차대차 - 측면충돌,중앙선침범,건조,맑음,단일로 - 기타,이륜,남,80세,중상,승용,남,40세,상해없음
2017032400100491,2017년 3월 24일 19시,금요일,경상북도 칠곡군 가산면,중상사고,0,4,3,0,차대차 - 측면충돌,직진우회전진행방해,건조,맑음,교차로 - 교차로안,승용,남,29세,경상,승용,남,39세,중상
2017032400100492,2017년 3월 24일 19시,금요일,경상북도 영천시 고경면,부상신고사고,0,0,0,1,차대사람 - 차도통행중,안전운전불이행,건조,맑음,단일로 - 기타,승용,남,45세,상해없음,보행자,남,46세,부상신고
2017032400100533,2017년 3월 24일 20시,금요일,경상북도 상주시 무양동,경상사고,0,0,1,0,차대차 - 추돌,안전운전불이행,건조,맑음,교차로 - 교차로부근,승용,남,48세,상해없음,승용,여,46세,경상
2017032400100534,2017년 3월 24일 20시,금요일,경상북도 영천시 금노동,경상사고,0,0,2,0,차대차 - 측면충돌,신호위반,건조,맑음,교차로 - 교차로안,화물,남,49세,상해없음,승합,남,53세,경상
2017032400100535,2017년 3월 24일 20시,금요일,경상북도 봉화군 봉화읍,경상사고,0,0,1,0,차대사람 - 길가장자리구역통행중,안전운전불이행,건조,맑음,단일로 - 기타,승용,남,57세,상해없음,보행자,남,63세,경상
2017032400100570,2017년 3월 24일 21시,금요일,경상북도 포항시 북구 우현동,경상사고,0,0,1,0,차대차 - 측면충돌,안전운전불이행,건조,맑음,교차로 - 교차로안,승용,여,48세,상해없음,승용,여,63세,경상
2017032400100571,2017년 3월 24일 21시,금요일,경상북도 김천시 신음동,중상사고,0,1,0,0,차대사람 - 횡단중,안전운전불이행,건조,맑음,단일로 - 기타,승용,남,27세,상해없음,보행자,남,13세,중상
2017032400100617,2017년 3월 24일 22시,금요일,경상북도 경주시 충효동,부상신고사고,0,0,0,1,차대차 - 추돌,안전운전불이행,건조,맑음,단일로 - 기타,승용,남,56세,부상신고,승용,남,65세,상해없음
2017032400100618,2017년 3월 24일 22시,금요일,경상북도 칠곡군 동명면,중상사고,0,1,0,0,차량단독 - 기타,안전운전불이행,건조,맑음,단일로 - 기타,화물,남,58세,중상,,,,
2017032400100619,2017년 3월 24일 22시,금요일,경상북도 포항시 남구 장흥동,경상사고,0,0,1,0,차대차 - 추돌,안전운전불이행,건조,맑음,단일로 - 기타,승합,남,33세,경상,특수,남,49세,상해없음
2017032400100620,2017년 3월 24일 22시,금요일,경상북도 포항시 남구 이동,사망사고,1,0,0,0,차대사람 - 횡단중,안전운전불이행,건조,맑음,단일로 - 기타,승용,여,35세,상해없음,보행자,남,26세,사망
2017032400100646,2017년 3월 24일 23시,금요일,경상북도 구미시 인의동,경상사고,0,0,2,0,차대차 - 추돌,안전운전불이행,건조,흐림,단일로 - 기타,승용,남,29세,상해없음,승용,남,31세,경상
2017032500100033,2017년 3월 25일 00시,토요일,경상북도 김천시 농소면,중상사고,0,1,3,0,차대차 - 측면충돌,신호위반,건조,맑음,교차로 - 교차로안,승용,남,36세,중상,승용,남,56세,경상
2017032500100034,2017년 3월 25일 00시,토요일,경상북도 구미시 상모동,부상신고사고,0,0,0,1,차대사람 - 기타,기타,건조,맑음,단일로 - 기타,승용,남,62세,상해없음,보행자,남,29세,부상신고
2017032500100048,2017년 3월 25일 01시,토요일,경상북도 경주시 동방동,경상사고,0,0,1,0,차대차 - 정면충돌,중앙선침범,건조,맑음,단일로 - 기타,승용,남,49세,상해없음,승용,남,58세,경상
2017032500100049,2017년 3월 25일 01시,토요일,경상북도 포항시 남구 대송면,경상사고,0,0,1,0,차대차 - 측면충돌,신호위반,건조,맑음,교차로 - 교차로안,승용,남,36세,상해없음,승용,남,56세,경상
2017032500100110,2017년 3월 25일 06시,토요일,경상북도 안동시 금곡동,중상사고,0,2,1,0,차대차 - 정면충돌,신호위반,젖음/습기,비,교차로 - 교차로안,화물,남,56세,중상,화물,남,48세,중상
2017032500100124,2017년 3월 25일 07시,토요일,경상북도 상주시 낙상동,중상사고,0,1,1,0,차대차 - 정면충돌,중앙선침범,젖음/습기,비,단일로 - 기타,승용,남,25세,상해없음,승용,남,53세,중상
2017032500100125,2017년 3월 25일 07시,토요일,경상북도 칠곡군 북삼읍,중상사고,0,1,0,0,차대차 - 추돌,안전운전불이행,젖음/습기,비,교차로 - 교차로안,이륜,남,60세,중상,승용,남,51세,상해없음
2017032500100146,2017년 3월 25일 08시,토요일,경상북도 포항시 북구 덕산동,경상사고,0,0,1,0,차대사람 - 횡단중,보행자보호의무위반,건조,맑음,단일로 - 기타,승용,여,35세,상해없음,보행자,여,78세,경상
2017032500100147,2017년 3월 25일 08시,토요일,경상북도 포항시 북구 용흥동,중상사고,0,1,0,0,차대차 - 추돌,안전운전불이행,건조,맑음,교차로 - 교차로부근,승용,여,56세,상해없음,승용,여,43세,중상
2017032500100160,2017년 3월 25일 09시,토요일,경상북도 경주시 내남면,중상사고,0,1,0,0,차대차 - 정면충돌,중앙선침범,건조,맑음,교차로 - 교차로부근,승용,남,33세,상해없음,사륜오토바이(ATV),남,82세,중상
2017032500100161,2017년 3월 25일 09시,토요일,경상북도 안동시 운흥동,중상사고,0,1,0,0,차대차 - 기타,안전운전불이행,기타,비,단일로 - 기타,승용,남,50세,상해없음,자전거,남,84세,중상
2017032500100162,2017년 3월 25일 09시,토요일,경상북도 영천시 완산동,경상사고,0,0,1,0,차대차 - 측면충돌,신호위반,건조,맑음,교차로 - 교차로안,화물,여,66세,상해없음,승용,남,69세,경상
2017032500100186,2017년 3월 25일 10시,토요일,경상북도 상주시 남장동,사망사고,4,1,0,0,차대차 - 정면충돌,중앙선침범,젖음/습기,비,단일로 - 기타,화물,남,66세,사망,화물,남,63세,중상
2017032500100187,2017년 3월 25일 10시,토요일,경상북도 상주시 함창읍,경상사고,0,0,1,0,차대차 - 측면충돌,교차로운행방법위반,건조,맑음,교차로 - 교차로안,농기계,남,69세,상해없음,승용,여,69세,경상
2017032500100216,2017년 3월 25일 11시,토요일,경상북도 경주시 동천동,중상사고,0,1,0,0,차대차 - 기타,안전운전불이행,건조,맑음,교차로 - 교차로부근,승용,여,43세,상해없음,이륜,남,51세,중상
2017032500100217,2017년 3월 25일 11시,토요일,경상북도 안동시 송현동,경상사고,0,0,1,0,차대차 - 추돌,안전거리미확보,젖음/습기,비,교차로 - 교차로부근,승용,남,50세,상해없음,승용,여,67세,경상
2017032500100218,2017년 3월 25일 11시,토요일,경상북도 김천시 삼락동,경상사고,0,0,1,0,차대차 - 측면충돌,안전거리미확보,젖음/습기,비,단일로 - 기타,화물,남,57세,상해없음,승용,여,43세,경상
2017032500100219,2017년 3월 25일 11시,토요일,경상북도 구미시 구포동,중상사고,0,1,0,0,차량단독 - 전도전복,안전운전불이행,건조,맑음,단일로 - 기타,승용,남,42세,상해없음,미분류,미분류,미분류,미분류
2017032500100246,2017년 3월 25일 12시,토요일,경상북도 구미시 원평동,경상사고,0,0,1,0,차대차 - 추돌,안전거리미확보,젖음/습기,비,단일로 - 기타,화물,남,56세,상해없음,승용,남,58세,경상
2017032500100247,2017년 3월 25일 12시,토요일,경상북도 포항시 남구 상도동,경상사고,0,0,1,0,차대차 - 측면충돌,안전운전불이행,건조,맑음,단일로 - 기타,자전거,여,60세,경상,승용,남,53세,상해없음
2017032500100270,2017년 3월 25일 13시,토요일,경상북도 경주시 외동읍,중상사고,0,1,1,0,차대차 - 측면충돌,안전운전불이행,건조,맑음,단일로 - 터널,승용,남,57세,상해없음,승용,남,54세,상해없음
2017032500100271,2017년 3월 25일 13시,토요일,경상북도 의성군 의성읍,중상사고,0,1,0,0,차대차 - 측면충돌,직진우회전진행방해,젖음/습기,비,교차로 - 교차로안,승용,여,54세,상해없음,승용,남,52세,중상
2017032500100272,2017년 3월 25일 13시,토요일,경상북도 영주시 봉현면,경상사고,0,0,1,0,차대차 - 측면충돌,안전운전불이행,젖음/습기,비,교차로 - 교차로안,승합,남,64세,상해없음,승용,남,23세,경상
2017032500100273,2017년 3월 25일 13시,토요일,경상북도 문경시 점촌동,중상사고,0,1,0,0,차대차 - 측면충돌,안전운전불이행,건조,맑음,교차로 - 교차로안,승용,남,49세,상해없음,승합,남,73세,상해없음
2017032500100301,2017년 3월 25일 14시,토요일,경상북도 안동시 풍산읍,경상사고,0,0,1,0,차대차 - 정면충돌,중앙선침범,젖음/습기,비,단일로 - 기타,승용,여,69세,상해없음,승용,남,65세,상해없음
2017032500100302,2017년 3월 25일 14시,토요일,경상북도 칠곡군 석적읍,경상사고,0,0,1,0,차량단독 - 기타,안전운전불이행,젖음/습기,비,교차로 - 교차로부근,승용,남,43세,경상,,,,
2017032500100303,2017년 3월 25일 14시,토요일,경상북도 문경시 점촌동,경상사고,0,0,2,0,차대차 - 측면충돌,직진우회전진행방해,건조,맑음,교차로 - 교차로안,승용,남,41세,경상,승용,남,41세,경상
2017032500100304,2017년 3월 25일 14시,토요일,경상북도 군위군 효령면,경상사고,0,0,1,1,차대차 - 정면충돌,교차로운행방법위반,건조,맑음,교차로 - 교차로안,화물,남,58세,경상,승용,남,25세,부상신고
2017032500100305,2017년 3월 25일 14시,토요일,경상북도 구미시 임수동,경상사고,0,0,2,0,차대차 - 추돌,안전운전불이행,건조,맑음,교차로 - 교차로부근,승용,남,47세,상해없음,승용,남,48세,경상
2017032500100333,2017년 3월 25일 15시,토요일,경상북도 경주시 외동읍,중상사고,0,1,0,0,차대사람 - 차도통행중,안전운전불이행,건조,맑음,단일로 - 기타,건설기계,남,57세,상해없음,보행자,남,47세,중상
2017032500100352,2017년 3월 25일 16시,토요일,경상북도 봉화군 법전면,사망사고,1,3,0,0,차량단독 - 공작물충돌,안전운전불이행,젖음/습기,비,기타 - 기타,승합,남,30세,상해없음,,,,
2017032500100378,2017년 3월 25일 17시,토요일,경상북도 포항시 남구 대잠동,경상사고,0,0,3,0,차대차 - 측면충돌,직진우회전진행방해,건조,맑음,교차로 - 교차로안,승용,여,41세,경상,승용,남,63세,경상
2017032500100404,2017년 3월 25일 18시,토요일,경상북도 경주시 도지동,부상신고사고,0,0,0,1,차대차 - 측면충돌,안전운전불이행,건조,맑음,단일로 - 기타,승용,남,72세,부상신고,농기계,남,60세,상해없음
2017032500100405,2017년 3월 25일 18시,토요일,경상북도 김천시 아포읍,중상사고,0,1,0,0,차량단독 - 기타,기타,젖음/습기,비,단일로 - 기타,승용,남,37세,중상,,,,
2017032500100446,2017년 3월 25일 19시,토요일,경상북도 칠곡군 석적읍,경상사고,0,0,1,0,차대차 - 기타,불법유턴,젖음/습기,비,교차로 - 교차로안,승용,남,41세,상해없음,원동기,남,32세,경상
2017032500100447,2017년 3월 25일 19시,토요일,경상북도 성주군 성주읍,경상사고,0,0,1,0,차대차 - 기타,안전운전불이행,젖음/습기,비,기타 - 기타,승합,남,56세,상해없음,화물,남,54세,상해없음
2017032500100448,2017년 3월 25일 19시,토요일,경상북도 울진군 근남면,중상사고,0,1,0,0,차대차 - 추돌,안전운전불이행,건조,맑음,교차로 - 교차로부근,승용,남,44세,중상,특수,남,56세,상해없음
2017032500100488,2017년 3월 25일 20시,토요일,경상북도 경주시 구황동,중상사고,0,2,0,0,차대차 - 측면충돌,안전운전불이행,젖음/습기,비,교차로 - 교차로안,승용,여,19세,상해없음,승용,남,25세,중상
2017032500100489,2017년 3월 25일 20시,토요일,경상북도 경산시 진량읍,경상사고,0,0,1,0,차대차 - 추돌,안전운전불이행,젖음/습기,비,단일로 - 기타,승용,여,56세,상해없음,승합,남,30세,경상
2017032500100524,2017년 3월 25일 21시,토요일,경상북도 경주시 황오동,경상사고,0,0,1,0,차대차 - 측면충돌,신호위반,건조,맑음,교차로 - 교차로안,승용,남,21세,상해없음,승용,여,50세,경상
2017032500100525,2017년 3월 25일 21시,토요일,경상북도 칠곡군 북삼읍,경상사고,0,0,1,0,차대차 - 측면충돌,안전운전불이행,젖음/습기,비,교차로 - 교차로안,승용,남,36세,상해없음,승용,남,29세,경상
2017032500100555,2017년 3월 25일 22시,토요일,경상북도 안동시 송현동,경상사고,0,0,1,0,차대차 - 정면충돌,중앙선침범,기타,비,교차로 - 교차로부근,승용,남,54세,상해없음,승용,남,31세,경상
2017032500100556,2017년 3월 25일 22시,토요일,경상북도 영천시 문외동,경상사고,0,0,1,0,차대차 - 추돌,안전운전불이행,젖음/습기,비,교차로 - 교차로안,승용,남,33세,상해없음,승용,남,20세,경상
2017032500100591,2017년 3월 25일 23시,토요일,경상북도 경주시 현곡면,경상사고,0,0,2,0,차대차 - 측면충돌,안전운전불이행,젖음/습기,비,단일로 - 기타,승용,남,70세,상해없음,승용,여,60세,경상
2017032500100592,2017년 3월 25일 23시,토요일,경상북도 경산시 계양동,중상사고,0,1,0,0,차대사람 - 길가장자리구역통행중,안전운전불이행,젖음/습기,비,교차로 - 교차로부근,승합,남,65세,상해없음,보행자,남,46세,중상
2017032600100011,2017년 3월 26일 00시,일요일,경상북도 포항시 북구 항구동,경상사고,0,0,1,0,차대사람 - 차도통행중,안전운전불이행,건조,맑음,단일로 - 기타,승용,남,28세,상해없음,보행자,남,47세,경상
2017032600100058,2017년 3월 26일 03시,일요일,경상북도 구미시 광평동,경상사고,0,0,2,0,차대차 - 추돌,안전운전불이행,건조,맑음,교차로 - 교차로부근,승용,여,56세,상해없음,승용,남,26세,경상
2017032600100068,2017년 3월 26일 04시,일요일,경상북도 청도군 청도읍,중상사고,0,1,0,0,차대차 - 측면충돌,안전운전불이행,건조,맑음,단일로 - 기타,승용,남,53세,상해없음,승용,남,27세,상해없음
2017032600100089,2017년 3월 26일 06시,일요일,경상북도 경산시 서상동,경상사고,0,0,1,0,차대차 - 측면충돌,신호위반,젖음/습기,비,교차로 - 교차로안,승용,남,23세,상해없음,이륜,남,55세,경상
2017032600100094,2017년 3월 26일 07시,일요일,경상북도 포항시 남구 호미곶면,중상사고,0,1,0,0,차대차 - 기타,교차로운행방법위반,건조,맑음,교차로 - 교차로안,승용,남,56세,상해없음,이륜,남,78세,중상
2017032600100106,2017년 3월 26일 08시,일요일,경상북도 포항시 남구 장흥동,중상사고,0,3,0,0,차대차 - 측면충돌,신호위반,건조,맑음,교차로 - 교차로안,승용,여,28세,중상,승용,남,54세,중상
2017032600100117,2017년 3월 26일 09시,일요일,경상북도 영주시 영주동,중상사고,0,1,1,0,차대차 - 측면충돌,교차로운행방법위반,건조,흐림,교차로 - 교차로안,승용,여,48세,상해없음,화물,남,77세,경상
2017032600100130,2017년 3월 26일 10시,일요일,경상북도 영덕군 영해면,경상사고,0,0,1,0,차대차 - 추돌,안전운전불이행,건조,맑음,단일로 - 기타,이륜,여,64세,경상,화물,남,65세,상해없음
2017032600100131,2017년 3월 26일 10시,일요일,경상북도 포항시 남구 오천읍,경상사고,0,0,1,0,차대차 - 측면충돌,직진우회전진행방해,건조,맑음,교차로 - 교차로안,승용,남,53세,경상,승용,남,32세,상해없음
2017032600100152,2017년 3월 26일 11시,일요일,경상북도 김천시 부곡동,경상사고,0,0,1,0,차대차 - 추돌,안전운전불이행,건조,맑음,교차로 - 교차로부근,이륜,남,81세,경상,승용,남,62세,상해없음
2017032600100153,2017년 3월 26일 11시,일요일,경상북도 김천시 농소면,경상사고,0,0,3,0,차대차 - 측면충돌,신호위반,건조,맑음,교차로 - 교차로안,승합,남,34세,경상,화물,남,63세,경상