사고번호,사고일시,요일,시군구,사고내용,사망자수,중상자수,경상자수,부상신고자수,사고유형,법규위반,노면상태,기상상태,도로형태,가해운전자 차종,가해운전자 성별,가해운전자 연령,가해운전자 상해정도,피해운전자 차종,피해운전자 성별,피해운전자 연령,피해운전자 상해정도
2017032900100369,2017년 3월 29일 17시,수요일,경상북도 안동시 당북동,경상사고,0,0,1,0,차대차 - 기타,안전운전불이행,건조,맑음,단일로 - 기타,승용,남,48세,상해없음,승용,여,56세,경상
2017032900100394,2017년 3월 29일 18시,수요일,경상북도 경주시 외동읍,부상신고사고,0,0,0,1,차대차 - 측면충돌,안전운전불이행,건조,맑음,단일로 - 기타,승용,남,48세,상해없음,이륜,남,35세,부상신고
2017032900100395,2017년 3월 29일 18시,수요일,경상북도 구미시 선산읍,중상사고,0,1,0,0,차대차 - 정면충돌,차로위반,건조,맑음,단일로 - 기타,자전거,여,82세,중상,승용,여,30세,상해없음
2017032900100445,2017년 3월 29일 19시,수요일,경상북도 울진군 울진읍,경상사고,0,0,2,0,차대차 - 측면충돌,교차로운행방법위반,건조,맑음,교차로 - 교차로안,승용,남,54세,상해없음,승용,여,25세,상해없음
2017032900100446,2017년 3월 29일 19시,수요일,경상북도 구미시 진평동,경상사고,0,0,1,0,차대차 - 정면충돌,안전운전불이행,건조,맑음,교차로 - 교차로안,승용,여,24세,상해없음,이륜,남,35세,경상
2017032900100447,2017년 3월 29일 19시,수요일,경상북도 구미시 산동면,중상사고,0,1,0,0,차대사람 - 횡단중,신호위반,건조,흐림,교차로 - 교차로안,승용,남,24세,상해없음,보행자,여,37세,중상
2017032900100479,2017년 3월 29일 20시,수요일,경상북도 경주시 성건동,중상사고,0,1,0,0,차대차 - 측면충돌,안전운전불이행,건조,맑음,교차로 - 교차로안,승용,남,70세,상해없음,자전거,남,65세,중상
2017032900100480,2017년 3월 29일 20시,수요일,경상북도 칠곡군 석적읍,경상사고,0,0,1,0,차대차 - 측면충돌,안전운전불이행,건조,맑음,교차로 - 교차로안,승용,남,28세,상해없음,승용,남,57세,경상
2017032900100504,2017년 3월 29일 21시,수요일,경상북도 구미시 송정동,중상사고,0,1,0,0,차대차 - 정면충돌,안전운전불이행,건조,맑음,교차로 - 교차로안,승용,남,50세,상해없음,이륜,남,54세,중상
2017032900100533,2017년 3월 29일 22시,수요일,경상북도 경주시 성건동,경상사고,0,0,1,0,차대차 - 측면충돌,안전운전불이행,건조,맑음,교차로 - 교차로안,승용,남,59세,상해없음,이륜,남,18세,경상
2017032900100534,2017년 3월 29일 22시,수요일,경상북도 구미시 신평동,경상사고,0,0,1,0,차대차 - 추돌,안전운전불이행,건조,맑음,단일로 - 기타,승용,남,55세,상해없음,승용,남,36세,경상
2017033000100024,2017년 3월 30일 00시,목요일,경상북도 구미시 송정동,중상사고,0,2,0,0,차대차 - 정면충돌,안전운전불이행,건조,맑음,단일로 - 기타,승용,여,45세,상해없음,승용,남,20세,중상
2017033000100041,2017년 3월 30일 01시,목요일,경상북도 경산시 하양읍,중상사고,0,3,1,0,차대차 - 추돌,안전운전불이행,건조,맑음,단일로 - 기타,승용,남,37세,경상,화물,남,58세,중상
2017033000100059,2017년 3월 30일 03시,목요일,경상북도 포항시 북구 용흥동,경상사고,0,0,1,0,차대차 - 측면충돌,신호위반,건조,맑음,교차로 - 교차로안,승용,여,55세,상해없음,승용,남,25세,경상
2017033000100060,2017년 3월 30일 03시,목요일,경상북도 안동시 태화동,경상사고,0,0,4,0,차대차 - 측면충돌,안전운전불이행,건조,맑음,단일로 - 기타,승용,남,30세,상해없음,승용,남,22세,경상
2017033000100070,2017년 3월 30일 04시,목요일,경상북도 김천시 신음동,경상사고,0,0,2,0,차대차 - 추돌,안전운전불이행,건조,맑음,교차로 - 교차로안,승용,남,30세,경상,승용,남,55세,상해없음
2017033000100076,2017년 3월 30일 05시,목요일,경상북도 포항시 북구 우현동,중상사고,0,1,1,0,차대차 - 측면충돌,신호위반,건조,맑음,교차로 - 교차로안,화물,남,53세,경상,승용,여,66세,중상
2017033000100077,2017년 3월 30일 05시,목요일,경상북도 봉화군 상운면,중상사고,0,1,0,0,차대차 - 측면충돌,안전운전불이행,건조,맑음,단일로 - 기타,승용,여,45세,기타불명,원동기,남,71세,중상
2017033000100078,2017년 3월 30일 05시,목요일,경상북도 포항시 남구 해도동,중상사고,0,1,0,0,차대차 - 기타,안전운전불이행,건조,맑음,교차로 - 교차로횡단보도내,화물,남,50세,상해없음,자전거,여,64세,중상
2017033000100107,2017년 3월 30일 07시,목요일,경상북도 포항시 북구 죽도동,경상사고,0,0,1,0,차대차 - 추돌,안전거리미확보,건조,맑음,단일로 - 기타,화물,남,51세,상해없음,승용,여,62세,상해없음
2017033000100108,2017년 3월 30일 07시,목요일,경상북도 경산시 진량읍,경상사고,0,0,2,0,차대차 - 측면충돌,신호위반,건조,맑음,교차로 - 교차로안,승용,남,31세,상해없음,승용,남,38세,경상
2017033000100141,2017년 3월 30일 08시,목요일,경상북도 김천시 아포읍,경상사고,0,0,3,0,차대차 - 측면충돌,교차로운행방법위반,건조,맑음,교차로 - 교차로안,승용,남,25세,경상,승용,남,46세,경상
2017033000100142,2017년 3월 30일 08시,목요일,경상북도 김천시 지좌동,경상사고,0,0,1,0,차대차 - 추돌,안전운전불이행,건조,맑음,교차로 - 교차로부근,이륜,남,77세,상해없음,승용,여,43세,경상
2017033000100143,2017년 3월 30일 08시,목요일,경상북도 고령군 대가야읍,경상사고,0,0,1,0,차대차 - 측면충돌,교차로운행방법위반,건조,맑음,교차로 - 교차로안,이륜,여,75세,경상,승용,여,44세,상해없음
2017033000100168,2017년 3월 30일 09시,목요일,경상북도 포항시 북구 창포동,경상사고,0,0,6,0,차대차 - 추돌,안전운전불이행,건조,맑음,단일로 - 기타,승용,남,49세,경상,화물,남,54세,경상
2017033000100169,2017년 3월 30일 09시,목요일,경상북도 상주시 남성동,경상사고,0,0,1,0,차대차 - 측면충돌,안전운전불이행,건조,맑음,단일로 - 기타,이륜,남,85세,경상,승합,남,60세,상해없음
2017033000100192,2017년 3월 30일 10시,목요일,경상북도 칠곡군 북삼읍,중상사고,0,1,0,0,차대사람 - 기타,안전운전불이행,건조,맑음,단일로 - 기타,화물,남,66세,상해없음,보행자,남,46세,중상
2017033000100193,2017년 3월 30일 10시,목요일,경상북도 구미시 원평동,경상사고,0,0,1,0,차대차 - 정면충돌,안전운전불이행,건조,맑음,기타 - 기타,승용,남,55세,상해없음,승용,여,41세,경상
2017033000100208,2017년 3월 30일 11시,목요일,경상북도 칠곡군 왜관읍,중상사고,0,1,0,0,차대차 - 기타,안전운전불이행,건조,맑음,교차로 - 교차로안,자전거,여,64세,중상,승용,남,63세,상해없음
2017033000100209,2017년 3월 30일 11시,목요일,경상북도 문경시 유곡동,경상사고,0,0,3,0,차대차 - 추돌,안전거리미확보,건조,맑음,교차로 - 교차로부근,승용,남,65세,상해없음,화물,남,76세,경상
2017033000100210,2017년 3월 30일 11시,목요일,경상북도 울진군 평해읍,경상사고,0,0,1,0,차대차 - 추돌,안전운전불이행,건조,맑음,교차로 - 교차로안,승용,남,37세,상해없음,원동기,남,73세,경상
2017033000100288,2017년 3월 30일 14시,목요일,경상북도 경산시 옥산동,경상사고,0,0,1,0,차대차 - 측면충돌,안전운전불이행,건조,맑음,교차로 - 교차로안,승용,남,57세,상해없음,이륜,남,62세,경상
2017033000100316,2017년 3월 30일 15시,목요일,경상북도 영천시 신령면,경상사고,0,0,2,0,차대차 - 추돌,안전거리미확보,건조,맑음,단일로 - 기타,화물,남,39세,상해없음,승용,남,41세,경상
2017033000100317,2017년 3월 30일 15시,목요일,경상북도 청도군 청도읍,경상사고,0,0,2,0,차대차 - 측면충돌,안전운전불이행,건조,맑음,교차로 - 교차로안,승용,여,62세,경상,승용,여,42세,경상
2017033000100318,2017년 3월 30일 15시,목요일,경상북도 영양군 영양읍,중상사고,0,1,0,0,차량단독 - 도로외이탈 - 추락,안전운전불이행,건조,맑음,교차로 - 교차로부근,농기계,남,72세,중상,,,,
2017033000100319,2017년 3월 30일 15시,목요일,경상북도 구미시 공단동,경상사고,0,0,3,0,차대차 - 추돌,안전운전불이행,건조,맑음,교차로 - 교차로부근,승용,남,69세,상해없음,승용,여,43세,경상
2017033000100353,2017년 3월 30일 16시,목요일,경상북도 구미시 사곡동,경상사고,0,0,2,0,차대차 - 추돌,안전운전불이행,건조,흐림,단일로 - 기타,승용,여,50세,상해없음,승용,여,53세,경상
2017033000100388,2017년 3월 30일 17시,목요일,경상북도 김천시 아포읍,경상사고,0,0,2,0,차대차 - 측면충돌,중앙선침범,건조,맑음,교차로 - 교차로안,승용,남,64세,상해없음,승용,남,56세,경상
2017033000100389,2017년 3월 30일 17시,목요일,경상북도 문경시 농암면,경상사고,0,0,1,0,차대차 - 측면충돌,안전운전불이행,건조,맑음,교차로 - 교차로안,화물,남,61세,상해없음,원동기,남,81세,경상
2017033000100390,2017년 3월 30일 17시,목요일,경상북도 구미시 공단동,경상사고,0,0,1,0,차대차 - 측면충돌,교차로운행방법위반,건조,맑음,교차로 - 교차로안,화물,남,47세,상해없음,승용,남,60세,경상
2017033000100391,2017년 3월 30일 17시,목요일,경상북도 구미시 신평동,경상사고,0,0,2,0,차대차 - 기타,안전운전불이행,건조,맑음,교차로 - 교차로안,승용,여,38세,경상,승용,남,27세,경상
2017033000100392,2017년 3월 30일 17시,목요일,경상북도 포항시 남구 장흥동,경상사고,0,0,1,0,차대차 - 추돌,안전운전불이행,건조,맑음,단일로 - 기타,화물,남,66세,상해없음,승용,남,41세,경상
2017033000100393,2017년 3월 30일 17시,목요일,경상북도 포항시 남구 연일읍,중상사고,0,1,0,0,차대차 - 측면충돌,직진우회전진행방해,건조,맑음,교차로 - 교차로안,자전거,남,43세,중상,화물,남,56세,기타불명
2017033000100425,2017년 3월 30일 18시,목요일,경상북도 포항시 북구 항구동,경상사고,0,0,2,0,차대차 - 측면충돌,신호위반,건조,맑음,교차로 - 교차로안,승용,여,31세,상해없음,승합,남,54세,경상
2017033000100426,2017년 3월 30일 18시,목요일,경상북도 포항시 북구 대흥동,경상사고,0,0,1,0,차대사람 - 길가장자리구역통행중,안전운전불이행,건조,맑음,단일로 - 기타,승용,남,65세,상해없음,보행자,남,22세,경상
2017033000100454,2017년 3월 30일 19시,목요일,경상북도 영천시 금호읍,경상사고,0,0,1,0,차대차 - 측면충돌,안전운전불이행,건조,맑음,단일로 - 기타,승용,남,60세,상해없음,원동기,남,18세,경상
2017033000100455,2017년 3월 30일 19시,목요일,경상북도 문경시 모전동,중상사고,0,1,1,0,차대차 - 추돌,안전운전불이행,건조,맑음,단일로 - 기타,승용,남,31세,상해없음,승용,남,50세,중상
2017033000100546,2017년 3월 30일 22시,목요일,경상북도 김천시 덕곡동,중상사고,0,1,1,0,차대차 - 정면충돌,신호위반,젖음/습기,흐림,교차로 - 교차로안,승용,여,34세,중상,승용,남,23세,경상
2017033100100036,2017년 3월 31일 01시,금요일,경상북도 구미시 지산동,중상사고,0,1,0,0,차대사람 - 기타,안전운전불이행,건조,맑음,단일로 - 기타,화물,남,38세,상해없음,보행자,남,28세,중상
2017033100100046,2017년 3월 31일 02시,금요일,경상북도 포항시 남구 송도동,경상사고,0,0,1,0,차대차 - 정면충돌,신호위반,건조,맑음,교차로 - 교차로안,원동기,남,25세,경상,승용,남,64세,상해없음
2017033100100055,2017년 3월 31일 04시,금요일,경상북도 포항시 북구 득량동,경상사고,0,0,1,0,차대사람 - 차도통행중,안전운전불이행,건조,맑음,단일로 - 기타,승용,남,62세,상해없음,보행자,남,26세,경상
2017033100100098,2017년 3월 31일 07시,금요일,경상북도 포항시 북구 죽도동,중상사고,0,1,0,0,차대차 - 정면충돌,차로위반,건조,맑음,단일로 - 기타,원동기,남,75세,중상,승용,여,56세,상해없음
2017033100100099,2017년 3월 31일 07시,금요일,경상북도 구미시 공단동,부상신고사고,0,0,0,1,차대차 - 추돌,안전거리미확보,젖음/습기,비,교차로 - 교차로안,승용,남,24세,상해없음,승용,남,52세,부상신고
2017033100100142,2017년 3월 31일 08시,금요일,경상북도 영양군 일월면,경상사고,0,0,1,0,차대차 - 기타,안전운전불이행,젖음/습기,비,단일로 - 기타,승용,남,58세,경상,승용,남,49세,상해없음
2017033100100143,2017년 3월 31일 08시,금요일,경상북도 구미시 해평면,부상신고사고,0,0,0,1,차대차 - 기타,안전운전불이행,젖음/습기,맑음,교차로 - 교차로부근,승용,여,28세,부상신고,화물,여,59세,상해없음
2017033100100144,2017년 3월 31일 08시,금요일,경상북도 구미시 인의동,경상사고,0,0,1,0,차대차 - 추돌,안전운전불이행,건조,맑음,교차로 - 교차로부근,승용,남,19세,상해없음,승용,남,51세,경상
2017033100100191,2017년 3월 31일 09시,금요일,경상북도 영주시 휴천동,경상사고,0,0,1,0,차대사람 - 횡단중,안전운전불이행,젖음/습기,비,교차로 - 교차로횡단보도내,화물,남,70세,상해없음,보행자,남,73세,경상
2017033100100192,2017년 3월 31일 09시,금요일,경상북도 칠곡군 석적읍,경상사고,0,0,1,0,차대차 - 측면충돌,안전운전불이행,건조,맑음,교차로 - 교차로안,화물,남,55세,상해없음,승용,남,54세,경상
2017033100100193,2017년 3월 31일 09시,금요일,경상북도 영천시 금호읍,중상사고,0,1,0,0,차대차 - 기타,안전운전불이행,젖음/습기,비,단일로 - 기타,화물,남,73세,상해없음,승용,여,29세,중상
2017033100100224,2017년 3월 31일 10시,금요일,경상북도 경주시 현곡면,경상사고,0,0,2,0,차대차 - 추돌,안전운전불이행,젖음/습기,비,단일로 - 기타,화물,남,55세,상해없음,승용,남,57세,경상
2017033100100225,2017년 3월 31일 10시,금요일,경상북도 안동시 운안동,경상사고,0,0,2,0,차대차 - 측면충돌,안전운전불이행,건조,맑음,교차로 - 교차로안,화물,남,53세,경상,승용,여,51세,경상
2017033100100226,2017년 3월 31일 10시,금요일,경상북도 군위군 우보면,중상사고,0,1,0,0,차대차 - 기타,기타,젖음/습기,비,단일로 - 기타,승용,남,70세,상해없음,원동기,여,62세,중상
2017033100100245,2017년 3월 31일 11시,금요일,경상북도 김천시 다수동,중상사고,0,1,1,0,차대차 - 측면충돌,교차로운행방법위반,젖음/습기,흐림,교차로 - 교차로부근,이륜,남,74세,경상,승합,남,46세,상해없음
2017033100100268,2017년 3월 31일 12시,금요일,경상북도 안동시 길안면,중상사고,0,1,1,0,차대차 - 기타,안전운전불이행,젖음/습기,흐림,단일로 - 기타,승용,남,66세,경상,화물,남,60세,상해없음
2017033100100269,2017년 3월 31일 12시,금요일,경상북도 김천시 백옥동,중상사고,0,2,0,0,차대차 - 측면충돌,신호위반,건조,맑음,교차로 - 교차로안,승용,남,82세,상해없음,승용,남,76세,중상
2017033100100270,2017년 3월 31일 12시,금요일,경상북도 상주시 무양동,경상사고,0,0,1,0,차대차 - 기타,교차로운행방법위반,젖음/습기,비,단일로 - 기타,화물,남,43세,상해없음,자전거,남,80세,경상
2017033100100271,2017년 3월 31일 12시,금요일,경상북도 의성군 점곡면,경상사고,0,0,1,0,차대차 - 측면충돌,중앙선침범,건조,맑음,교차로 - 교차로안,승용,여,48세,상해없음,화물,남,74세,경상
2017033100100298,2017년 3월 31일 13시,금요일,경상북도 경주시 구황동,중상사고,0,1,0,0,차대차 - 측면충돌,안전운전불이행,건조,맑음,주차장 - 주차장,화물,남,65세,상해없음,자전거,남,81세,중상
2017033100100299,2017년 3월 31일 13시,금요일,경상북도 경산시 옥산동,경상사고,0,0,2,0,차대차 - 측면충돌,안전운전불이행,건조,맑음,단일로 - 기타,승용,남,59세,상해없음,승용,여,47세,경상
2017033100100300,2017년 3월 31일 13시,금요일,경상북도 구미시 공단동,경상사고,0,0,1,0,차대차 - 측면충돌,안전거리미확보,건조,맑음,단일로 - 기타,화물,남,61세,상해없음,승용,남,33세,경상
2017033100100343,2017년 3월 31일 15시,금요일,경상북도 구미시 공단동,경상사고,0,0,1,0,차대차 - 기타,안전운전불이행,건조,맑음,단일로 - 기타,승용,남,44세,상해없음,이륜,남,55세,경상
2017033100100344,2017년 3월 31일 15시,금요일,경상북도 구미시 상모동,중상사고,0,1,0,0,차대사람 - 차도통행중,안전운전불이행,건조,흐림,교차로 - 교차로부근,승합,남,54세,상해없음,보행자,남,76세,중상
2017033100100345,2017년 3월 31일 15시,금요일,경상북도 포항시 남구 인덕동,경상사고,0,0,2,0,차대차 - 측면충돌,안전운전불이행,건조,맑음,단일로 - 기타,승용,남,47세,상해없음,승용,여,22세,경상
2017033100100382,2017년 3월 31일 16시,금요일,경상북도 경주시 충효동,중상사고,0,1,0,0,차대차 - 측면충돌,안전운전불이행,건조,맑음,교차로 - 교차로안,승용,남,50세,상해없음,승용,여,26세,중상
2017033100100383,2017년 3월 31일 16시,금요일,경상북도 경주시 황성동,경상사고,0,0,1,0,차대사람 - 횡단중,보행자보호의무위반,건조,맑음,단일로 - 기타,승용,남,43세,상해없음,보행자,남,8세,경상
2017033100100384,2017년 3월 31일 16시,금요일,경상북도 안동시 태화동,부상신고사고,0,0,0,2,차대차 - 추돌,안전거리미확보,건조,맑음,단일로 - 기타,승용,여,34세,상해없음,승합,남,47세,부상신고
2017033100100385,2017년 3월 31일 16시,금요일,경상북도 김천시 응명동,경상사고,0,0,1,0,차대사람 - 기타,안전운전불이행,건조,맑음,주차장 - 주차장,승용,여,67세,상해없음,보행자,여,2세,경상
2017033100100386,2017년 3월 31일 16시,금요일,경상북도 영천시 창구동,경상사고,0,0,2,0,차대차 - 측면충돌,신호위반,건조,맑음,교차로 - 교차로안,승합,남,60세,상해없음,승용,남,62세,경상
2017033100100419,2017년 3월 31일 17시,금요일,경상북도 경주시 조양동,경상사고,0,0,1,0,차대차 - 측면충돌,안전운전불이행,건조,맑음,단일로 - 기타,화물,남,51세,상해없음,승용,여,39세,경상
2017033100100444,2017년 3월 31일 18시,금요일,경상북도 경주시 동방동,경상사고,0,0,3,0,차대차 - 추돌,안전운전불이행,건조,맑음,교차로 - 교차로부근,승용,남,65세,상해없음,승용,남,47세,경상
2017033100100445,2017년 3월 31일 18시,금요일,경상북도 상주시 남성동,중상사고,0,1,0,0,차대차 - 측면충돌,안전운전불이행,젖음/습기,비,단일로 - 기타,승용,여,33세,상해없음,이륜,남,49세,중상
2017033100100446,2017년 3월 31일 18시,금요일,경상북도 봉화군 봉화읍,부상신고사고,0,0,0,2,차대차 - 측면충돌,교차로운행방법위반,젖음/습기,흐림,교차로 - 교차로안,승용,여,38세,상해없음,화물,남,67세,부상신고
2017033100100447,2017년 3월 31일 18시,금요일,경상북도 구미시 산동면,경상사고,0,0,3,1,차대차 - 추돌,신호위반,건조,맑음,교차로 - 교차로부근,승합,남,40세,부상신고,승용,남,49세,경상
2017033100100448,2017년 3월 31일 18시,금요일,경상북도 문경시 불정동,경상사고,0,0,1,0,차대차 - 추돌,안전운전불이행,건조,맑음,단일로 - 기타,승합,남,52세,상해없음,승용,남,38세,경상
2017033100100489,2017년 3월 31일 19시,금요일,경상북도 경주시 안강읍,경상사고,0,0,1,0,차대차 - 측면충돌,중앙선침범,건조,맑음,단일로 - 기타,승용,남,68세,상해없음,승용,여,65세,경상
2017033100100490,2017년 3월 31일 19시,금요일,경상북도 상주시 냉림동,경상사고,0,0,1,0,차대사람 - 횡단중,보행자보호의무위반,젖음/습기,비,교차로 - 교차로횡단보도내,이륜,남,16세,상해없음,보행자,남,57세,경상
2017033100100491,2017년 3월 31일 19시,금요일,경상북도 구미시 황상동,경상사고,0,0,1,0,차대사람 - 차도통행중,안전운전불이행,건조,맑음,단일로 - 기타,승용,남,31세,기타불명,보행자,여,11세,경상
2017033100100528,2017년 3월 31일 20시,금요일,경상북도 안동시 평화동,경상사고,0,0,2,0,차대차 - 측면충돌,신호위반,건조,맑음,교차로 - 교차로안,승용,여,53세,상해없음,승용,여,55세,경상
2017033100100529,2017년 3월 31일 20시,금요일,경상북도 경산시 압량면,중상사고,0,1,0,1,차대차 - 기타,안전운전불이행,건조,맑음,단일로 - 기타,승용,남,35세,상해없음,이륜,남,28세,중상
2017033100100530,2017년 3월 31일 20시,금요일,경상북도 구미시 옥계동,중상사고,0,1,0,0,차대차 - 추돌,안전운전불이행,젖음/습기,흐림,단일로 - 기타,승용,남,33세,상해없음,승용,남,47세,중상
2017033100100531,2017년 3월 31일 20시,금요일,경상북도 포항시 남구 대도동,경상사고,0,0,1,0,차대차 - 추돌,안전운전불이행,젖음/습기,비,단일로 - 기타,승용,남,50세,상해없음,승용,남,53세,경상
2017033100100563,2017년 3월 31일 21시,금요일,경상북도 포항시 북구 흥해읍,중상사고,0,1,1,0,차대차 - 측면충돌,신호위반,젖음/습기,비,교차로 - 교차로안,승용,남,61세,상해없음,승용,남,51세,상해없음
2017033100100564,2017년 3월 31일 21시,금요일,경상북도 상주시 복룡동,중상사고,0,1,0,0,차대사람 - 횡단중,보행자보호의무위반,젖음/습기,비,교차로 - 교차로횡단보도내,승용,여,42세,상해없음,보행자,남,38세,중상
2017033100100565,2017년 3월 31일 21시,금요일,경상북도 영주시 하망동,경상사고,0,0,1,0,차대차 - 측면충돌,직진우회전진행방해,젖음/습기,비,교차로 - 교차로안,승용,남,58세,상해없음,승용,여,40세,상해없음
2017033100100566,2017년 3월 31일 21시,금요일,경상북도 칠곡군 북삼읍,중상사고,0,1,1,0,차대차 - 추돌,안전운전불이행,젖음/습기,비,교차로 - 교차로부근,승용,남,50세,상해없음,승용,남,33세,경상
2017033100100567,2017년 3월 31일 21시,금요일,경상북도 칠곡군 석적읍,경상사고,0,0,1,0,차대차 - 측면충돌,안전운전불이행,젖음/습기,비,단일로 - 기타,승용,남,31세,기타불명,승용,여,28세,경상
2017033100100568,2017년 3월 31일 21시,금요일,경상북도 영천시 완산동,중상사고,0,1,3,0,차대차 - 측면충돌,신호위반,건조,맑음,교차로 - 교차로안,승용,남,60세,경상,승용,남,34세,중상
2017033100100609,2017년 3월 31일 22시,금요일,경상북도 포항시 북구 대흥동,중상사고,0,1,0,0,차대사람 - 차도통행중,안전운전불이행,젖음/습기,비,단일로 - 기타,승용,남,19세,상해없음,보행자,남,72세,중상
2017033100100610,2017년 3월 31일 22시,금요일,경상북도 구미시 인의동,경상사고,0,0,2,0,차대차 - 측면충돌,안전운전불이행,젖음/습기,맑음,단일로 - 기타,승용,여,31세,상해없음,승용,남,26세,경상
2017033100100635,2017년 3월 31일 23시,금요일,경상북도 경산시 진량읍,중상사고,0,1,0,0,차대차 - 정면충돌,신호위반,건조,맑음,교차로 - 교차로안,승용,남,57세,상해없음,이륜,남,22세,중상
2017033100100636,2017년 3월 31일 23시,금요일,경상북도 청도군 화양읍,중상사고,0,2,0,0,차대차 - 추돌,안전운전불이행,젖음/습기,흐림,단일로 - 기타,화물,남,42세,상해없음,승용,남,43세,중상
2017033100100637,2017년 3월 31일 23시,금요일,경상북도 구미시 원평동,경상사고,0,0,3,0,차대차 - 추돌,안전거리미확보,젖음/습기,비,단일로 - 기타,승용,남,45세,상해없음,승용,남,58세,경상
2017040100100030,2017년 4월 1일 00시,토요일,경상북도 경주시 성동동,경상사고,0,0,1,0,차대차 - 측면충돌,신호위반,젖음/습기,비,교차로 - 교차로안,승합,남,49세,상해없음,승용,여,25세,경상
2017040100100031,2017년 4월 1일 00시,토요일,경상북도 칠곡군 왜관읍,부상신고사고,0,0,0,1,차량단독 - 전도전복,안전운전불이행,젖음/습기,비,단일로 - 기타,승용,여,29세,부상신고,미분류,미분류,미분류,미분류
2017040100100032,2017년 4월 1일 00시,토요일,경상북도 구미시 공단동,경상사고,0,0,1,0,차대사람 - 횡단중,안전운전불이행,젖음/습기,비,단일로 - 기타,승용,여,39세,상해없음,보행자,남,30세,경상
2017040100100061,2017년 4월 1일 01시,토요일,경상북도 포항시 북구 우현동,중상사고,0,1,0,0,차대사람 - 횡단중,안전운전불이행,젖음/습기,비,교차로 - 교차로횡단보도내,승용,남,45세,상해없음,보행자,여,52세,중상
2017040100100062,2017년 4월 1일 01시,토요일,경상북도 영덕군 영해면,중상사고,0,1,0,0,차대차 - 측면충돌,직진우회전진행방해,젖음/습기,비,교차로 - 교차로안,승용,남,58세,상해없음,승용,남,57세,중상
2017040100100063,2017년 4월 1일 01시,토요일,경상북도 구미시 장천면,중상사고,0,1,0,0,차량단독 - 전도전복,안전운전불이행,젖음/습기,비,단일로 - 기타,승용,남,32세,중상,미분류,미분류,미분류,미분류
2017040100100099,2017년 4월 1일 04시,토요일,경상북도 영천시 오수동,중상사고,0,1,0,0,차대사람 - 차도통행중,신호위반,젖음/습기,비,교차로 - 교차로부근,승용,남,43세,상해없음,보행자,남,53세,중상
2017040100100117,2017년 4월 1일 05시,토요일,경상북도 경산시 중산동,중상사고,0,1,0,0,차대차 - 측면충돌,교차로운행방법위반,건조,맑음,교차로 - 교차로안,승용,남,58세,상해없음,자전거,여,81세,중상
2017040100100143,2017년 4월 1일 07시,토요일,경상북도 포항시 남구 해도동,경상사고,0,0,1,0,차대차 - 추돌,안전운전불이행,젖음/습기,비,교차로 - 교차로안,승용,남,64세,상해없음,승용,여,52세,경상
2017040100100158,2017년 4월 1일 08시,토요일,경상북도 경주시 사정동,중상사고,0,1,0,0,차대사람 - 횡단중,안전운전불이행,젖음/습기,비,교차로 - 교차로안,화물,남,57세,상해없음,보행자,남,22세,중상
2017040100100159,2017년 4월 1일 08시,토요일,경상북도 구미시 송정동,중상사고,0,1,1,0,차대차 - 측면충돌,신호위반,젖음/습기,흐림,교차로 - 교차로안,승용,남,59세,상해없음,승용,남,58세,상해없음
2017040100100172,2017년 4월 1일 09시,토요일,경상북도 영천시 도림동,경상사고,0,0,2,0,차대차 - 추돌,안전거리미확보,건조,맑음,단일로 - 기타,승용,남,60세,상해없음,승용,남,50세,경상
2017040100100187,2017년 4월 1일 10시,토요일,경상북도 구미시 원평동,중상사고,0,1,0,0,차대사람 - 횡단중,보행자보호의무위반,건조,맑음,교차로 - 교차로횡단보도내,승용,여,53세,상해없음,보행자,남,70세,중상
2017040100100212,2017년 4월 1일 11시,토요일,경상북도 경주시 서악동,경상사고,0,0,3,0,차대차 - 추돌,안전운전불이행,건조,맑음,단일로 - 기타,화물,남,46세,상해없음,화물,남,42세,경상
2017040100100213,2017년 4월 1일 11시,토요일,경상북도 청송군 진보면,경상사고,0,0,1,0,차대차 - 측면충돌,안전운전불이행,젖음/습기,비,단일로 - 기타,승용,남,62세,상해없음,승용,남,37세,상해없음
2017040100100235,2017년 4월 1일 12시,토요일,경상북도 경주시 황성동,중상사고,0,1,0,0,차대차 - 측면충돌,안전운전불이행,젖음/습기,흐림,교차로 - 교차로안,화물,남,48세,상해없음,이륜,남,36세,중상
2017040100100236,2017년 4월 1일 12시,토요일,경상북도 안동시 옥동,중상사고,0,1,0,0,차대사람 - 횡단중,안전운전불이행,건조,맑음,단일로 - 기타,화물,남,54세,상해없음,보행자,여,13세,중상
2017040100100237,2017년 4월 1일 12시,토요일,경상북도 칠곡군 약목면,경상사고,0,0,1,0,차대차 - 추돌,안전운전불이행,건조,맑음,교차로 - 교차로부근,승합,남,49세,상해없음,승용,남,21세,경상
2017040100100269,2017년 4월 1일 13시,토요일,경상북도 포항시 북구 기계면,중상사고,0,2,1,0,차대차 - 측면충돌,직진우회전진행방해,건조,맑음,교차로 - 교차로안,화물,남,54세,상해없음,승용,남,40세,중상
2017040100100295,2017년 4월 1일 14시,토요일,경상북도 경주시 동천동,부상신고사고,0,0,0,3,차대차 - 기타,안전운전불이행,건조,맑음,교차로 - 교차로안,승용,여,28세,상해없음,승용,남,57세,상해없음