사고번호,사고일시,요일,시군구,사고내용,사망자수,중상자수,경상자수,부상신고자수,사고유형,법규위반,노면상태,기상상태,도로형태,가해운전자 차종,가해운전자 성별,가해운전자 연령,가해운전자 상해정도,피해운전자 차종,피해운전자 성별,피해운전자 연령,피해운전자 상해정도
2017040100100296,2017년 4월 1일 14시,토요일,경상북도 경주시 배반동,중상사고,0,2,2,0,차대차 - 추돌,안전운전불이행,건조,맑음,교차로 - 교차로안,승합,남,48세,상해없음,승용,여,56세,중상
2017040100100297,2017년 4월 1일 14시,토요일,경상북도 칠곡군 동명면,경상사고,0,0,3,0,차대차 - 추돌,안전운전불이행,건조,맑음,교차로 - 교차로부근,승용,여,54세,상해없음,승용,남,37세,경상
2017040100100333,2017년 4월 1일 15시,토요일,경상북도 경주시 성건동,경상사고,0,0,3,0,차대차 - 측면충돌,안전운전불이행,건조,맑음,교차로 - 교차로안,승용,남,59세,경상,승용,남,59세,경상
2017040100100334,2017년 4월 1일 15시,토요일,경상북도 구미시 거의동,경상사고,0,0,3,0,차대차 - 추돌,안전운전불이행,젖음/습기,비,단일로 - 기타,승용,여,22세,상해없음,승용,여,46세,경상
2017040100100370,2017년 4월 1일 16시,토요일,경상북도 안동시 남문동,경상사고,0,0,1,0,차대사람 - 횡단중,안전운전불이행,젖음/습기,비,단일로 - 기타,승용,남,36세,상해없음,보행자,여,12세,경상
2017040100100371,2017년 4월 1일 16시,토요일,경상북도 영천시 완산동,경상사고,0,0,1,0,차대차 - 측면충돌,안전운전불이행,건조,맑음,교차로 - 교차로안,승용,남,61세,상해없음,화물,남,39세,경상
2017040100100372,2017년 4월 1일 16시,토요일,경상북도 고령군 성산면,경상사고,0,0,1,0,차대차 - 측면충돌,안전거리미확보,건조,맑음,단일로 - 기타,승용,남,23세,상해없음,화물,여,54세,경상
2017040100100409,2017년 4월 1일 17시,토요일,경상북도 안동시 송현동,중상사고,0,1,0,0,차대차 - 정면충돌,안전운전불이행,젖음/습기,흐림,교차로 - 교차로안,승용,남,67세,상해없음,승용,여,44세,중상
2017040100100410,2017년 4월 1일 17시,토요일,경상북도 경산시 중방동,경상사고,0,0,2,0,차대차 - 추돌,안전운전불이행,건조,맑음,교차로 - 교차로부근,승용,남,46세,상해없음,화물,남,38세,경상
2017040100100483,2017년 4월 1일 19시,토요일,경상북도 포항시 북구 장성동,중상사고,0,1,0,0,차대사람 - 차도통행중,안전운전불이행,젖음/습기,비,단일로 - 기타,원동기,남,55세,상해없음,보행자,여,20세,중상
2017040100100484,2017년 4월 1일 19시,토요일,경상북도 영주시 가흥동,경상사고,0,0,1,0,차대사람 - 횡단중,안전운전불이행,건조,맑음,단일로 - 기타,승용,남,74세,상해없음,보행자,여,48세,경상
2017040100100507,2017년 4월 1일 20시,토요일,경상북도 경주시 용강동,경상사고,0,0,1,0,차대차 - 추돌,안전운전불이행,젖음/습기,비,교차로 - 교차로부근,승용,남,45세,상해없음,승용,여,48세,경상
2017040100100508,2017년 4월 1일 20시,토요일,경상북도 포항시 북구 용흥동,중상사고,0,1,0,0,차대차 - 정면충돌,중앙선침범,젖음/습기,비,교차로 - 교차로안,이륜,남,22세,상해없음,승용,남,37세,중상
2017040100100535,2017년 4월 1일 21시,토요일,경상북도 구미시 비산동,경상사고,0,0,1,0,차대차 - 추돌,안전운전불이행,건조,맑음,교차로 - 교차로부근,승용,남,33세,상해없음,승용,남,58세,상해없음
2017040100100583,2017년 4월 1일 23시,토요일,경상북도 김천시 평화동,경상사고,0,0,4,0,차대차 - 측면충돌,기타,건조,맑음,교차로 - 교차로안,승용,남,21세,경상,승용,남,19세,경상
2017040200100056,2017년 4월 2일 01시,일요일,경상북도 포항시 북구 항구동,경상사고,0,0,1,0,차대사람 - 횡단중,신호위반,건조,흐림,교차로 - 교차로횡단보도내,승용,남,70세,상해없음,보행자,남,5세,경상
2017040200100057,2017년 4월 2일 01시,일요일,경상북도 경산시 삼풍동,경상사고,0,0,1,0,차대사람 - 길가장자리구역통행중,안전운전불이행,건조,맑음,단일로 - 기타,이륜,남,33세,상해없음,보행자,여,32세,경상
2017040200100076,2017년 4월 2일 03시,일요일,경상북도 김천시 평화동,경상사고,0,0,2,0,차량단독 - 전도전복,안전운전불이행,건조,맑음,단일로 - 기타,화물,남,20세,경상,미분류,미분류,미분류,미분류
2017040200100111,2017년 4월 2일 06시,일요일,경상북도 구미시 봉곡동,중상사고,0,1,0,0,차량단독 - 전도전복,안전운전불이행,건조,흐림,단일로 - 기타,이륜,남,19세,중상,미분류,미분류,미분류,미분류
2017040200100128,2017년 4월 2일 08시,일요일,경상북도 상주시 모동면,중상사고,0,1,0,0,차대차 - 측면충돌,교차로운행방법위반,건조,맑음,교차로 - 교차로안,화물,남,63세,상해없음,승용,남,60세,중상
2017040200100129,2017년 4월 2일 08시,일요일,경상북도 영주시 가흥동,중상사고,0,1,0,0,차대사람 - 기타,안전운전불이행,건조,맑음,단일로 - 기타,승용,남,35세,상해없음,보행자,남,22세,중상
2017040200100145,2017년 4월 2일 09시,일요일,경상북도 상주시 은척면,경상사고,0,0,1,0,차대차 - 측면충돌,안전운전불이행,건조,맑음,교차로 - 교차로안,농기계,남,77세,상해없음,승용,남,58세,경상
2017040200100146,2017년 4월 2일 09시,일요일,경상북도 상주시 무양동,경상사고,0,0,1,0,차대차 - 추돌,안전거리미확보,건조,맑음,단일로 - 기타,자전거,남,14세,경상,화물,남,39세,상해없음
2017040200100238,2017년 4월 2일 13시,일요일,경상북도 포항시 북구 동빈1가,경상사고,0,0,1,0,차대차 - 추돌,안전거리미확보,건조,맑음,단일로 - 기타,승용,남,74세,상해없음,승용,남,63세,경상
2017040200100239,2017년 4월 2일 13시,일요일,경상북도 안동시 태화동,경상사고,0,0,1,0,차대사람 - 차도통행중,안전운전불이행,건조,맑음,기타 - 기타,자전거,남,42세,상해없음,보행자,남,69세,경상
2017040200100240,2017년 4월 2일 13시,일요일,경상북도 영천시 도동,중상사고,0,2,5,0,차대차 - 정면충돌,중앙선침범,건조,맑음,단일로 - 기타,승용,남,60세,상해없음,승용,남,26세,경상
2017040200100241,2017년 4월 2일 13시,일요일,경상북도 구미시 구포동,중상사고,0,1,2,0,차대차 - 기타,안전거리미확보,건조,맑음,교차로 - 교차로부근,원동기,남,76세,중상,승용,남,31세,경상
2017040200100271,2017년 4월 2일 14시,일요일,경상북도 포항시 북구 우현동,중상사고,0,1,1,0,차대차 - 추돌,안전운전불이행,건조,맑음,단일로 - 기타,승용,남,60세,상해없음,승용,남,42세,중상
2017040200100272,2017년 4월 2일 14시,일요일,경상북도 포항시 남구 동촌동,경상사고,0,0,1,0,차량단독 - 전도전복,안전운전불이행,건조,맑음,단일로 - 기타,화물,남,50세,기타불명,미분류,미분류,미분류,미분류
2017040200100328,2017년 4월 2일 16시,일요일,경상북도 구미시 원평동,경상사고,0,0,2,0,차대차 - 추돌,안전운전불이행,건조,맑음,단일로 - 기타,승용,남,57세,상해없음,이륜,남,17세,경상
2017040200100356,2017년 4월 2일 17시,일요일,경상북도 칠곡군 동명면,부상신고사고,0,0,0,1,차대차 - 측면충돌,안전운전불이행,건조,맑음,교차로 - 교차로안,원동기,남,57세,부상신고,승용,남,29세,상해없음
2017040200100357,2017년 4월 2일 17시,일요일,경상북도 구미시 원평동,중상사고,0,1,3,0,차대차 - 측면충돌,신호위반,건조,맑음,교차로 - 교차로안,승용,남,26세,상해없음,승용,남,36세,경상
2017040200100358,2017년 4월 2일 17시,일요일,경상북도 문경시 문경읍,경상사고,0,0,1,0,차대차 - 추돌,안전운전불이행,건조,맑음,단일로 - 기타,승용,남,56세,상해없음,승용,남,48세,경상
2017040200100411,2017년 4월 2일 19시,일요일,경상북도 포항시 북구 두호동,경상사고,0,0,1,0,차대차 - 기타,교차로운행방법위반,건조,맑음,교차로 - 교차로안,승용,남,60세,상해없음,이륜,남,32세,경상
2017040200100412,2017년 4월 2일 19시,일요일,경상북도 영주시 영주동,경상사고,0,0,1,0,차대사람 - 횡단중,안전운전불이행,건조,맑음,단일로 - 기타,승용,여,68세,상해없음,보행자,남,57세,경상
2017040200100413,2017년 4월 2일 19시,일요일,경상북도 영주시 부석면,중상사고,0,5,2,0,차량단독 - 전도전복,안전운전불이행,건조,맑음,단일로 - 기타,화물,남,74세,중상,미분류,미분류,미분류,미분류
2017040200100431,2017년 4월 2일 20시,일요일,경상북도 경주시 천군동,경상사고,0,0,2,0,차대차 - 측면충돌,안전거리미확보,건조,맑음,단일로 - 기타,화물,남,59세,상해없음,승용,남,43세,경상
2017040200100432,2017년 4월 2일 20시,일요일,경상북도 안동시 길안면,중상사고,0,1,0,0,차량단독 - 전도전복,안전운전불이행,젖음/습기,비,단일로 - 기타,이륜,남,64세,중상,미분류,미분류,미분류,미분류
2017040200100454,2017년 4월 2일 21시,일요일,경상북도 안동시 옥동,경상사고,0,0,1,0,차대차 - 측면충돌,교차로운행방법위반,건조,맑음,교차로 - 교차로안,화물,남,61세,상해없음,승용,남,51세,경상
2017040200100455,2017년 4월 2일 21시,일요일,경상북도 영천시 망정동,중상사고,0,1,0,0,차대사람 - 횡단중,안전운전불이행,건조,맑음,교차로 - 교차로안,승용,남,36세,상해없음,보행자,남,10세,중상
2017040200100456,2017년 4월 2일 21시,일요일,경상북도 경산시 계양동,부상신고사고,0,0,0,1,차대차 - 측면충돌,안전운전불이행,건조,맑음,교차로 - 교차로안,승용,남,53세,상해없음,승합,남,40세,부상신고
2017040200100467,2017년 4월 2일 22시,일요일,경상북도 경산시 조영동,경상사고,0,0,1,0,차대사람 - 기타,안전운전불이행,건조,맑음,단일로 - 기타,기타불명,기타불명,미분류,기타불명,보행자,남,22세,경상
2017040200100468,2017년 4월 2일 22시,일요일,경상북도 봉화군 석포면,중상사고,0,1,0,0,차대차 - 정면충돌,중앙선침범,건조,맑음,단일로 - 기타,승용,남,55세,상해없음,승용,여,40세,중상
2017040200100469,2017년 4월 2일 22시,일요일,경상북도 구미시 형곡동,경상사고,0,0,1,0,차대사람 - 차도통행중,안전운전불이행,건조,맑음,단일로 - 기타,승용,남,40세,상해없음,보행자,여,21세,경상
2017040300100036,2017년 4월 3일 01시,월요일,경상북도 경산시 진량읍,경상사고,0,0,1,0,차량단독 - 전도전복 - 전도,안전운전불이행,건조,맑음,단일로 - 기타,이륜,남,19세,경상,,,,
2017040300100055,2017년 4월 3일 05시,월요일,경상북도 경주시 탑동,중상사고,0,1,0,0,차대사람 - 길가장자리구역통행중,안전운전불이행,건조,맑음,단일로 - 기타,화물,남,45세,상해없음,보행자,남,72세,중상
2017040300100068,2017년 4월 3일 06시,월요일,경상북도 칠곡군 동명면,중상사고,0,1,0,0,차량단독 - 전도전복,안전운전불이행,건조,맑음,기타 - 기타,화물,여,62세,중상,미분류,미분류,미분류,미분류
2017040300100069,2017년 4월 3일 06시,월요일,경상북도 고령군 대가야읍,부상신고사고,0,0,0,1,차대차 - 기타,중앙선침범,건조,맑음,단일로 - 기타,자전거,여,50세,부상신고,승합,남,63세,상해없음
2017040300100092,2017년 4월 3일 07시,월요일,경상북도 성주군 초전면,중상사고,0,1,0,0,차대차 - 측면충돌,안전운전불이행,건조,맑음,기타 - 기타,승용,남,39세,상해없음,승용,남,33세,중상
2017040300100093,2017년 4월 3일 07시,월요일,경상북도 구미시 공단동,경상사고,0,0,1,0,차대차 - 측면충돌,안전운전불이행,건조,맑음,교차로 - 교차로안,승용,여,20세,상해없음,승합,남,34세,경상
2017040300100126,2017년 4월 3일 08시,월요일,경상북도 경주시 감포읍,중상사고,0,1,0,0,차대차 - 측면충돌,안전운전불이행,건조,맑음,단일로 - 기타,화물,남,60세,상해없음,자전거,남,71세,중상
2017040300100127,2017년 4월 3일 08시,월요일,경상북도 칠곡군 약목면,경상사고,0,0,1,0,차대차 - 기타,교차로운행방법위반,건조,맑음,교차로 - 교차로안,건설기계,남,59세,상해없음,승용,남,34세,경상
2017040300100128,2017년 4월 3일 08시,월요일,경상북도 포항시 남구 대도동,중상사고,0,1,0,0,차대차 - 측면충돌,신호위반,건조,맑음,교차로 - 교차로안,승용,남,41세,상해없음,승용,여,32세,중상
2017040300100159,2017년 4월 3일 09시,월요일,경상북도 상주시 외답동,경상사고,0,0,1,0,차대차 - 추돌,안전운전불이행,건조,맑음,교차로 - 교차로부근,승용,남,48세,상해없음,승용,여,32세,경상
2017040300100160,2017년 4월 3일 09시,월요일,경상북도 구미시 원평동,경상사고,0,0,2,0,차대차 - 추돌,안전운전불이행,건조,맑음,교차로 - 교차로부근,승용,여,54세,상해없음,승용,남,76세,경상
2017040300100161,2017년 4월 3일 09시,월요일,경상북도 구미시 봉곡동,중상사고,0,2,0,0,차대차 - 기타,불법유턴,건조,맑음,단일로 - 기타,승용,남,28세,상해없음,승용,남,69세,중상
2017040300100162,2017년 4월 3일 09시,월요일,경상북도 구미시 공단동,경상사고,0,0,2,0,차대차 - 정면충돌,과속,건조,맑음,교차로 - 교차로안,승용,여,36세,경상,승용,남,52세,경상
2017040300100188,2017년 4월 3일 10시,월요일,경상북도 경주시 황성동,경상사고,0,0,2,0,차대차 - 측면충돌,안전거리미확보,건조,맑음,단일로 - 기타,화물,남,55세,상해없음,승용,남,39세,경상
2017040300100189,2017년 4월 3일 10시,월요일,경상북도 포항시 북구 흥해읍,경상사고,0,0,1,0,차대차 - 측면충돌,안전운전불이행,건조,맑음,단일로 - 기타,승용,남,62세,상해없음,승용,여,28세,경상
2017040300100190,2017년 4월 3일 10시,월요일,경상북도 김천시 봉산면,경상사고,0,0,1,0,차대차 - 측면충돌,안전운전불이행,건조,맑음,교차로 - 교차로부근,건설기계,남,55세,상해없음,농기계,남,75세,경상
2017040300100191,2017년 4월 3일 10시,월요일,경상북도 김천시 평화동,경상사고,0,0,1,0,차대차 - 기타,교차로운행방법위반,건조,맑음,교차로 - 교차로안,승용,남,47세,상해없음,이륜,남,37세,경상
2017040300100192,2017년 4월 3일 10시,월요일,경상북도 칠곡군 북삼읍,경상사고,0,0,3,0,차대차 - 측면충돌,안전운전불이행,건조,맑음,교차로 - 교차로부근,화물,남,33세,상해없음,승용,남,29세,경상
2017040300100193,2017년 4월 3일 10시,월요일,경상북도 영천시 완산동,경상사고,0,0,1,0,차대차 - 측면충돌,안전운전불이행,건조,맑음,단일로 - 기타,승용,여,59세,상해없음,자전거,여,66세,경상
2017040300100194,2017년 4월 3일 10시,월요일,경상북도 군위군 군위읍,경상사고,0,0,1,0,차대차 - 측면충돌,안전운전불이행,건조,맑음,단일로 - 기타,승합,남,61세,상해없음,승용,여,71세,경상
2017040300100226,2017년 4월 3일 11시,월요일,경상북도 영주시 이산면,중상사고,0,1,0,0,차대차 - 추돌,안전운전불이행,건조,맑음,단일로 - 기타,원동기,남,78세,중상,승용,남,58세,기타불명
2017040300100227,2017년 4월 3일 11시,월요일,경상북도 성주군 성주읍,경상사고,0,0,1,0,차대차 - 정면충돌,중앙선침범,건조,맑음,기타 - 기타,승용,여,68세,상해없음,승용,여,59세,상해없음
2017040300100281,2017년 4월 3일 13시,월요일,경상북도 상주시 남성동,경상사고,0,0,1,0,차대차 - 측면충돌,교차로운행방법위반,건조,맑음,교차로 - 교차로안,이륜,남,22세,상해없음,승용,남,67세,상해없음
2017040300100282,2017년 4월 3일 13시,월요일,경상북도 상주시 남성동,경상사고,0,0,1,0,차대사람 - 차도통행중,안전운전불이행,건조,맑음,교차로 - 교차로안,기타불명,기타불명,미분류,기타불명,보행자,남,22세,경상
2017040300100318,2017년 4월 3일 14시,월요일,경상북도 경산시 정평동,경상사고,0,0,1,0,차대사람 - 길가장자리구역통행중,기타,건조,맑음,단일로 - 기타,이륜,남,36세,상해없음,보행자,남,24세,경상
2017040300100319,2017년 4월 3일 14시,월요일,경상북도 포항시 남구 동촌동,경상사고,0,0,1,0,차대차 - 측면충돌,신호위반,건조,맑음,교차로 - 교차로안,승용,남,42세,상해없음,화물,남,55세,경상
2017040300100348,2017년 4월 3일 15시,월요일,경상북도 안동시 안흥동,중상사고,0,1,0,0,차대사람 - 차도통행중,안전운전불이행,건조,맑음,단일로 - 기타,화물,남,68세,상해없음,보행자,남,76세,중상
2017040300100349,2017년 4월 3일 15시,월요일,경상북도 의성군 안계면,중상사고,0,1,1,0,차대차 - 측면충돌,신호위반,건조,맑음,교차로 - 교차로안,승용,남,43세,경상,승용,여,39세,중상
2017040300100350,2017년 4월 3일 15시,월요일,경상북도 구미시 장천면,경상사고,0,0,2,0,차대차 - 정면충돌,안전운전불이행,건조,맑음,교차로 - 교차로안,승용,여,54세,경상,승용,남,54세,경상
2017040300100380,2017년 4월 3일 16시,월요일,경상북도 안동시 정하동,경상사고,0,0,1,0,차대사람 - 횡단중,안전운전불이행,건조,맑음,단일로 - 기타,승용,남,23세,상해없음,보행자,남,9세,경상
2017040300100381,2017년 4월 3일 16시,월요일,경상북도 영주시 영주동,중상사고,0,1,0,0,차대사람 - 횡단중,보행자보호의무위반,건조,맑음,교차로 - 교차로안,승용,남,59세,상해없음,보행자,남,73세,중상
2017040300100382,2017년 4월 3일 16시,월요일,경상북도 문경시 흥덕동,중상사고,0,1,0,0,차대차 - 기타,안전운전불이행,건조,맑음,교차로 - 교차로안,승용,남,41세,상해없음,원동기,남,73세,중상
2017040300100420,2017년 4월 3일 17시,월요일,경상북도 구미시 남통동,중상사고,0,1,0,0,차대차 - 측면충돌,교차로운행방법위반,건조,맑음,교차로 - 교차로안,승용,남,52세,상해없음,자전거,남,24세,중상
2017040300100458,2017년 4월 3일 18시,월요일,경상북도 칠곡군 북삼읍,경상사고,0,0,3,0,차대차 - 측면충돌,신호위반,건조,맑음,교차로 - 교차로안,승용,남,51세,경상,승용,남,32세,경상
2017040300100459,2017년 4월 3일 18시,월요일,경상북도 울진군 울진읍,경상사고,0,0,3,0,차대차 - 측면충돌,교차로운행방법위반,건조,맑음,교차로 - 교차로안,승용,남,49세,경상,승용,남,44세,경상
2017040300100460,2017년 4월 3일 18시,월요일,경상북도 구미시 공단동,경상사고,0,0,1,0,차대차 - 측면충돌,안전운전불이행,건조,맑음,단일로 - 기타,승용,여,43세,기타불명,승용,여,39세,경상
2017040300100495,2017년 4월 3일 19시,월요일,경상북도 경주시 황오동,경상사고,0,0,1,0,차대차 - 기타,안전운전불이행,건조,맑음,교차로 - 교차로안,화물,남,52세,상해없음,승용,여,45세,경상
2017040300100496,2017년 4월 3일 19시,월요일,경상북도 김천시 아포읍,중상사고,0,1,0,0,차대차 - 추돌,안전운전불이행,건조,맑음,교차로 - 교차로부근,승용,남,46세,상해없음,승용,여,45세,중상
2017040300100497,2017년 4월 3일 19시,월요일,경상북도 고령군 대가야읍,중상사고,0,2,2,0,차량단독 - 공작물충돌,안전운전불이행,건조,맑음,단일로 - 기타,승용,여,55세,중상,,,,
2017040300100539,2017년 4월 3일 20시,월요일,경상북도 구미시 원평동,경상사고,0,0,1,0,차대사람 - 보도통행중,안전운전불이행,건조,맑음,단일로 - 기타,자전거,남,25세,상해없음,보행자,여,22세,경상
2017040300100562,2017년 4월 3일 21시,월요일,경상북도 안동시 옥동,경상사고,0,0,1,0,차대사람 - 횡단중,안전운전불이행,건조,맑음,교차로 - 교차로안,승용,남,26세,상해없음,보행자,남,47세,경상
2017040300100563,2017년 4월 3일 21시,월요일,경상북도 포항시 남구 장흥동,경상사고,0,0,1,0,차대차 - 측면충돌,안전운전불이행,건조,맑음,교차로 - 교차로안,승용,남,55세,상해없음,승용,남,31세,경상
2017040400100026,2017년 4월 4일 01시,화요일,경상북도 경주시 건천읍,경상사고,0,0,2,0,차대차 - 추돌,안전운전불이행,건조,맑음,단일로 - 기타,승용,남,30세,경상,화물,남,33세,경상
2017040400100040,2017년 4월 4일 04시,화요일,경상북도 경주시 마동,중상사고,0,2,0,0,차량단독 - 전도전복,안전운전불이행,건조,맑음,교차로 - 교차로부근,승용,남,22세,중상,미분류,미분류,미분류,미분류
2017040400100050,2017년 4월 4일 05시,화요일,경상북도 청도군 청도읍,중상사고,0,2,1,0,차대차 - 측면충돌,교차로운행방법위반,건조,맑음,교차로 - 교차로안,승용,여,63세,중상,화물,남,64세,경상
2017040400100072,2017년 4월 4일 07시,화요일,경상북도 경주시 동천동,중상사고,0,1,0,0,차대차 - 측면충돌,안전운전불이행,건조,맑음,교차로 - 교차로안,화물,남,46세,상해없음,자전거,여,61세,중상
2017040400100073,2017년 4월 4일 07시,화요일,경상북도 안동시 송현동,경상사고,0,0,2,0,차대차 - 측면충돌,안전운전불이행,건조,맑음,단일로 - 기타,승용,남,52세,상해없음,승용,여,45세,경상
2017040400100074,2017년 4월 4일 07시,화요일,경상북도 의성군 금성면,중상사고,0,1,0,0,차대차 - 추돌,신호위반,건조,맑음,교차로 - 교차로안,화물,남,58세,상해없음,승용,남,48세,중상
2017040400100075,2017년 4월 4일 07시,화요일,경상북도 칠곡군 지천면,경상사고,0,0,1,0,차대차 - 추돌,안전운전불이행,건조,맑음,단일로 - 기타,승용,남,26세,상해없음,승용,남,54세,경상
2017040400100076,2017년 4월 4일 07시,화요일,경상북도 구미시 형곡동,경상사고,0,0,1,1,차대차 - 정면충돌,안전운전불이행,건조,맑음,단일로 - 기타,승용,여,50세,부상신고,승용,남,52세,경상
2017040400100077,2017년 4월 4일 07시,화요일,경상북도 구미시 인의동,부상신고사고,0,0,0,1,차대차 - 측면충돌,안전운전불이행,건조,맑음,단일로 - 기타,자전거,여,55세,부상신고,승용,여,41세,상해없음
2017040400100117,2017년 4월 4일 08시,화요일,경상북도 칠곡군 북삼읍,경상사고,0,0,1,0,차대사람 - 기타,안전운전불이행,건조,맑음,주차장 - 주차장,승용,남,23세,상해없음,보행자,여,50세,경상
2017040400100146,2017년 4월 4일 09시,화요일,경상북도 경산시 조영동,경상사고,0,0,1,0,차대차 - 측면충돌,안전운전불이행,건조,맑음,교차로 - 교차로안,승용,남,33세,상해없음,자전거,남,66세,경상
2017040400100147,2017년 4월 4일 09시,화요일,경상북도 영덕군 영덕읍,중상사고,0,1,0,0,차대사람 - 차도통행중,안전운전불이행,건조,맑음,단일로 - 기타,승용,남,75세,상해없음,보행자,여,80세,중상
2017040400100148,2017년 4월 4일 09시,화요일,경상북도 고령군 대가야읍,중상사고,0,1,0,0,차대차 - 측면충돌,안전운전불이행,건조,맑음,교차로 - 교차로부근,화물,남,70세,상해없음,원동기,남,85세,중상
2017040400100175,2017년 4월 4일 10시,화요일,경상북도 영주시 휴천동,경상사고,0,0,1,0,차대차 - 기타,안전운전불이행,건조,맑음,단일로 - 기타,기타불명,기타불명,미분류,기타불명,화물,남,66세,상해없음
2017040400100192,2017년 4월 4일 11시,화요일,경상북도 경주시 성동동,경상사고,0,0,1,0,차대차 - 측면충돌,안전운전불이행,건조,맑음,교차로 - 교차로횡단보도내,승용,남,60세,상해없음,승용,남,60세,경상
2017040400100193,2017년 4월 4일 11시,화요일,경상북도 영덕군 병곡면,경상사고,0,0,1,0,차대차 - 측면충돌,직진우회전진행방해,건조,맑음,교차로 - 교차로안,이륜,남,88세,경상,화물,남,57세,상해없음
2017040400100194,2017년 4월 4일 11시,화요일,경상북도 울진군 후포면,경상사고,0,0,1,0,차대차 - 측면충돌,교차로운행방법위반,건조,맑음,교차로 - 교차로안,이륜,남,72세,경상,화물,남,67세,상해없음
2017040400100223,2017년 4월 4일 12시,화요일,경상북도 안동시 송현동,경상사고,0,0,1,0,차대차 - 측면충돌,교차로운행방법위반,건조,맑음,교차로 - 교차로안,승용,여,48세,상해없음,화물,남,63세,경상
2017040400100224,2017년 4월 4일 12시,화요일,경상북도 구미시 원평동,경상사고,0,0,1,0,차대차 - 기타,안전운전불이행,건조,맑음,단일로 - 기타,승용,여,53세,상해없음,승용,남,35세,경상
2017040400100256,2017년 4월 4일 13시,화요일,경상북도 칠곡군 왜관읍,경상사고,0,0,1,0,차대차 - 기타,안전운전불이행,건조,맑음,단일로 - 기타,화물,남,42세,상해없음,승용,여,49세,경상
2017040400100282,2017년 4월 4일 14시,화요일,경상북도 경주시 천군동,경상사고,0,0,6,0,차대차 - 측면충돌,안전운전불이행,건조,맑음,단일로 - 기타,승용,남,62세,경상,승용,남,28세,경상
2017040400100283,2017년 4월 4일 14시,화요일,경상북도 상주시 만산동,경상사고,0,0,1,0,차대차 - 추돌,안전운전불이행,건조,맑음,단일로 - 교량,승용,남,27세,상해없음,승용,여,45세,경상
2017040400100306,2017년 4월 4일 15시,화요일,경상북도 포항시 남구 호미곶면,부상신고사고,0,0,0,1,차대차 - 측면충돌,안전운전불이행,건조,맑음,단일로 - 기타,승용,남,63세,상해없음,이륜,남,67세,부상신고
2017040400100342,2017년 4월 4일 16시,화요일,경상북도 의성군 점곡면,중상사고,0,2,0,0,차량단독 - 전도전복,안전운전불이행,건조,맑음,교차로 - 교차로부근,승용,여,48세,중상,미분류,미분류,미분류,미분류
2017040400100343,2017년 4월 4일 16시,화요일,경상북도 문경시 신기동,경상사고,0,0,1,0,차대차 - 측면충돌,안전운전불이행,건조,맑음,단일로 - 기타,승합,여,36세,상해없음,화물,남,62세,경상
2017040400100379,2017년 4월 4일 17시,화요일,경상북도 구미시 구포동,중상사고,0,2,0,1,차량단독 - 전도전복,안전운전불이행,건조,맑음,단일로 - 기타,이륜,남,17세,부상신고,미분류,미분류,미분류,미분류
2017040400100420,2017년 4월 4일 19시,화요일,경상북도 포항시 북구 항구동,경상사고,0,0,1,0,차대차 - 측면충돌,안전운전불이행,건조,맑음,교차로 - 교차로안,승용,남,58세,상해없음,승용,남,24세,경상
2017040400100421,2017년 4월 4일 19시,화요일,경상북도 안동시 법흥동,경상사고,0,0,1,0,차대사람 - 횡단중,안전운전불이행,건조,맑음,교차로 - 교차로부근,승용,남,63세,상해없음,보행자,여,41세,경상
2017040400100422,2017년 4월 4일 19시,화요일,경상북도 구미시 인의동,경상사고,0,0,1,0,차대차 - 측면충돌,안전운전불이행,건조,맑음,단일로 - 기타,승용,남,28세,상해없음,승용,남,40세,경상
2017040400100445,2017년 4월 4일 20시,화요일,경상북도 영천시 대창면,중상사고,0,1,0,0,차대사람 - 차도통행중,안전운전불이행,건조,맑음,단일로 - 기타,이륜,남,21세,상해없음,보행자,여,83세,중상
2017040400100446,2017년 4월 4일 20시,화요일,경상북도 포항시 남구 장기면,경상사고,0,0,1,0,차대차 - 기타,중앙선침범,건조,맑음,단일로 - 기타,특수,남,50세,상해없음,화물,남,65세,경상
2017040400100475,2017년 4월 4일 21시,화요일,경상북도 예천군 지보면,중상사고,0,1,0,0,차량단독 - 도로외이탈 - 추락,안전운전불이행,건조,맑음,교차로 - 교차로부근,사륜오토바이(ATV),남,76세,중상,,,,
2017040400100494,2017년 4월 4일 22시,화요일,경상북도 예천군 예천읍,중상사고,0,1,2,0,차대차 - 측면충돌,신호위반,건조,맑음,교차로 - 교차로안,승용,여,40세,경상,화물,여,39세,경상
2017040400100513,2017년 4월 4일 23시,화요일,경상북도 안동시 용상동,경상사고,0,0,1,0,차대차 - 측면충돌,안전운전불이행,건조,맑음,교차로 - 교차로부근,승용,남,39세,상해없음,승용,남,26세,경상
2017040400100514,2017년 4월 4일 23시,화요일,경상북도 상주시 내서면,중상사고,0,2,0,0,차대차 - 정면충돌,중앙선침범,건조,맑음,단일로 - 기타,승용,여,30세,상해없음,승용,남,57세,중상
2017040400100515,2017년 4월 4일 23시,화요일,경상북도 경산시 자인면,경상사고,0,0,4,1,차대차 - 정면충돌,신호위반,건조,맑음,교차로 - 교차로안,승용,남,40세,상해없음,승용,남,34세,경상
2017040400100516,2017년 4월 4일 23시,화요일,경상북도 포항시 남구 호미곶면,사망사고,1,0,0,0,차대차 - 정면충돌,중앙선침범,건조,맑음,단일로 - 기타,이륜,남,24세,사망,화물,남,35세,상해없음
2017040500100047,2017년 4월 5일 02시,수요일,경상북도 성주군 초전면,중상사고,0,2,0,0,차대차 - 정면충돌,안전운전불이행,건조,맑음,기타 - 기타,승용,남,28세,중상,승용,여,55세,상해없음