사고번호,사고일시,요일,시군구,사고내용,사망자수,중상자수,경상자수,부상신고자수,사고유형,법규위반,노면상태,기상상태,도로형태,가해운전자 차종,가해운전자 성별,가해운전자 연령,가해운전자 상해정도,피해운전자 차종,피해운전자 성별,피해운전자 연령,피해운전자 상해정도
2017040500100084,2017년 4월 5일 06시,수요일,경상북도 안동시 옥동,사망사고,1,0,1,0,차대차 - 정면충돌,중앙선침범,건조,맑음,단일로 - 기타,건설기계,남,42세,경상,건설기계,남,50세,사망
2017040500100085,2017년 4월 5일 06시,수요일,경상북도 구미시 원평동,부상신고사고,0,0,0,1,차량단독 - 전도전복,안전운전불이행,건조,맑음,단일로 - 기타,승용,남,56세,부상신고,미분류,미분류,미분류,미분류
2017040500100123,2017년 4월 5일 08시,수요일,경상북도 경산시 대동,경상사고,0,0,1,0,차대차 - 기타,안전운전불이행,건조,맑음,단일로 - 기타,승용,남,63세,상해없음,승용,여,32세,경상
2017040500100148,2017년 4월 5일 09시,수요일,경상북도 칠곡군 동명면,경상사고,0,0,1,0,차대사람 - 기타,안전운전불이행,건조,맑음,단일로 - 기타,승합,남,47세,상해없음,보행자,여,77세,경상
2017040500100149,2017년 4월 5일 09시,수요일,경상북도 경산시 진량읍,중상사고,0,1,0,0,차대차 - 정면충돌,중앙선침범,건조,맑음,단일로 - 기타,이륜,남,77세,중상,화물,남,32세,상해없음
2017040500100171,2017년 4월 5일 10시,수요일,경상북도 김천시 어모면,중상사고,0,1,0,0,차대차 - 측면충돌,교차로운행방법위반,건조,맑음,교차로 - 교차로안,승용,여,25세,상해없음,이륜,남,64세,중상
2017040500100172,2017년 4월 5일 10시,수요일,경상북도 영덕군 강구면,경상사고,0,0,1,0,차대차 - 측면충돌,직진우회전진행방해,건조,맑음,교차로 - 교차로안,승용,여,52세,상해없음,이륜,남,74세,경상
2017040500100194,2017년 4월 5일 11시,수요일,경상북도 영덕군 영해면,경상사고,0,0,1,0,차대사람 - 길가장자리구역통행중,안전운전불이행,건조,맑음,단일로 - 기타,승용,여,65세,상해없음,보행자,남,52세,경상
2017040500100195,2017년 4월 5일 11시,수요일,경상북도 청송군 부남면,경상사고,0,0,1,0,차대차 - 측면충돌,기타,건조,맑음,교차로 - 교차로안,승용,남,74세,상해없음,승용,여,69세,경상
2017040500100216,2017년 4월 5일 12시,수요일,경상북도 구미시 도량동,중상사고,0,1,0,0,차대차 - 추돌,안전운전불이행,건조,맑음,주차장 - 주차장,승용,남,62세,상해없음,승용,여,27세,중상
2017040500100244,2017년 4월 5일 13시,수요일,경상북도 경주시 인왕동,경상사고,0,0,1,0,차대차 - 측면충돌,신호위반,젖음/습기,흐림,교차로 - 교차로안,승용,남,65세,상해없음,승용,남,43세,경상
2017040500100245,2017년 4월 5일 13시,수요일,경상북도 경주시 강동면,중상사고,0,1,0,0,차대차 - 정면충돌,중앙선침범,젖음/습기,비,단일로 - 기타,승용,남,39세,상해없음,화물,남,62세,중상
2017040500100246,2017년 4월 5일 13시,수요일,경상북도 포항시 북구 죽도동,중상사고,0,1,0,0,차대차 - 측면충돌,중앙선침범,건조,맑음,단일로 - 기타,승용,남,68세,상해없음,이륜,남,60세,중상
2017040500100247,2017년 4월 5일 13시,수요일,경상북도 포항시 북구 흥해읍,중상사고,0,1,2,0,차대차 - 측면충돌,안전운전불이행,젖음/습기,비,교차로 - 교차로안,승용,남,25세,상해없음,승용,남,32세,경상
2017040500100248,2017년 4월 5일 13시,수요일,경상북도 성주군 수륜면,경상사고,0,0,2,0,차대차 - 측면충돌,안전운전불이행,건조,맑음,교차로 - 교차로안,승용,남,64세,경상,승용,남,64세,경상
2017040500100278,2017년 4월 5일 14시,수요일,경상북도 봉화군 봉화읍,중상사고,0,2,1,0,차대차 - 정면충돌,중앙선침범,건조,맑음,단일로 - 기타,승용,남,79세,기타불명,화물,남,55세,중상
2017040500100308,2017년 4월 5일 15시,수요일,경상북도 경산시 옥산동,중상사고,0,1,0,0,차대사람 - 횡단중,안전운전불이행,건조,맑음,단일로 - 기타,승용,남,52세,상해없음,보행자,남,6세,중상
2017040500100345,2017년 4월 5일 16시,수요일,경상북도 경주시 교동,중상사고,0,1,0,0,차대차 - 측면충돌,중앙선침범,젖음/습기,흐림,교차로 - 교차로안,승용,남,41세,상해없음,화물,남,49세,중상
2017040500100346,2017년 4월 5일 16시,수요일,경상북도 영주시 가흥동,중상사고,0,1,1,0,차대차 - 측면충돌,직진우회전진행방해,젖음/습기,비,교차로 - 교차로안,승용,여,47세,경상,승용,여,55세,중상
2017040500100383,2017년 4월 5일 17시,수요일,경상북도 경주시 용강동,경상사고,0,0,1,0,차대사람 - 길가장자리구역통행중,안전운전불이행,건조,맑음,단일로 - 기타,승용,남,61세,상해없음,보행자,남,74세,경상
2017040500100384,2017년 4월 5일 17시,수요일,경상북도 영천시 청통면,경상사고,0,0,1,0,차대차 - 측면충돌,중앙선침범,건조,흐림,단일로 - 기타,화물,남,61세,상해없음,승용,여,43세,경상
2017040500100385,2017년 4월 5일 17시,수요일,경상북도 영천시 작산동,경상사고,0,0,1,0,차대차 - 측면충돌,차로위반,건조,맑음,단일로 - 기타,화물,남,35세,상해없음,승용,남,59세,경상
2017040500100386,2017년 4월 5일 17시,수요일,경상북도 포항시 남구 장흥동,중상사고,0,2,0,0,차대차 - 정면충돌,중앙선침범,젖음/습기,흐림,단일로 - 기타,승용,남,60세,중상,특수,남,52세,중상
2017040500100430,2017년 4월 5일 18시,수요일,경상북도 안동시 옥동,중상사고,0,1,0,0,차대차 - 추돌,안전거리미확보,젖음/습기,흐림,단일로 - 기타,승용,남,27세,상해없음,승용,남,38세,중상
2017040500100431,2017년 4월 5일 18시,수요일,경상북도 김천시 농소면,경상사고,0,0,1,0,차대차 - 측면충돌,안전운전불이행,건조,맑음,교차로 - 교차로부근,승용,남,64세,상해없음,승용,여,39세,경상
2017040500100432,2017년 4월 5일 18시,수요일,경상북도 칠곡군 가산면,경상사고,0,0,1,0,차대차 - 측면충돌,안전운전불이행,젖음/습기,비,단일로 - 기타,화물,남,59세,상해없음,승용,남,35세,경상
2017040500100433,2017년 4월 5일 18시,수요일,경상북도 영천시 야사동,중상사고,0,1,0,0,차대사람 - 횡단중,보행자보호의무위반,건조,맑음,교차로 - 교차로안,화물,남,43세,상해없음,보행자,남,67세,중상
2017040500100434,2017년 4월 5일 18시,수요일,경상북도 고령군 대가야읍,경상사고,0,0,2,0,차대차 - 측면충돌,직진우회전진행방해,젖음/습기,맑음,교차로 - 교차로안,승용,여,31세,상해없음,승용,남,52세,경상
2017040500100484,2017년 4월 5일 19시,수요일,경상북도 경주시 동천동,중상사고,0,1,0,0,차대차 - 기타,안전운전불이행,젖음/습기,비,교차로 - 교차로부근,승용,남,63세,상해없음,승합,남,57세,상해없음
2017040500100485,2017년 4월 5일 19시,수요일,경상북도 경산시 남천면,중상사고,0,1,0,0,차대사람 - 횡단중,안전운전불이행,젖음/습기,비,단일로 - 기타,승용,남,70세,상해없음,보행자,여,48세,중상
2017040500100486,2017년 4월 5일 19시,수요일,경상북도 포항시 남구 호미곶면,경상사고,0,0,1,0,차량단독 - 전도전복,안전운전불이행,건조,맑음,교차로 - 교차로안,승용,남,45세,경상,미분류,미분류,미분류,미분류
2017040500100539,2017년 4월 5일 20시,수요일,경상북도 영천시 도동,경상사고,0,0,1,0,차대차 - 측면충돌,안전운전불이행,건조,맑음,교차로 - 교차로안,승용,남,40세,상해없음,승용,남,23세,경상
2017040500100540,2017년 4월 5일 20시,수요일,경상북도 경산시 진량읍,중상사고,0,1,0,0,차대사람 - 횡단중,안전운전불이행,젖음/습기,비,단일로 - 기타,승용,여,29세,상해없음,보행자,여,13세,중상
2017040500100585,2017년 4월 5일 21시,수요일,경상북도 경주시 석장동,경상사고,0,0,1,0,차대사람 - 횡단중,안전운전불이행,젖음/습기,비,교차로 - 교차로안,승용,남,48세,상해없음,보행자,남,19세,경상
2017040500100649,2017년 4월 5일 22시,수요일,경상북도 김천시 신음동,경상사고,0,0,1,0,차대사람 - 횡단중,보행자보호의무위반,젖음/습기,비,단일로 - 기타,승용,여,49세,상해없음,보행자,남,16세,경상
2017040600100039,2017년 4월 6일 00시,목요일,경상북도 안동시 금곡동,경상사고,0,0,3,0,차대차 - 정면충돌,교차로운행방법위반,젖음/습기,맑음,교차로 - 교차로안,승용,남,27세,상해없음,승용,남,46세,경상
2017040600100063,2017년 4월 6일 01시,목요일,경상북도 예천군 호명면,중상사고,0,1,0,0,차량단독 - 공작물충돌,안전운전불이행,젖음/습기,비,단일로 - 기타,승용,남,40세,중상,,,,
2017040600100103,2017년 4월 6일 04시,목요일,경상북도 구미시 원평동,경상사고,0,0,1,0,차대차 - 측면충돌,안전운전불이행,건조,맑음,단일로 - 기타,승용,남,47세,상해없음,이륜,남,30세,경상
2017040600100119,2017년 4월 6일 05시,목요일,경상북도 구미시 진평동,경상사고,0,0,1,0,차량단독 - 전도전복,안전운전불이행,젖음/습기,비,단일로 - 교량,승용,여,36세,경상,미분류,미분류,미분류,미분류
2017040600100186,2017년 4월 6일 08시,목요일,경상북도 구미시 신평동,경상사고,0,0,1,0,차대차 - 추돌,안전거리미확보,건조,맑음,교차로 - 교차로부근,승용,남,58세,상해없음,승용,여,47세,경상
2017040600100216,2017년 4월 6일 09시,목요일,경상북도 영덕군 남정면,경상사고,0,0,1,0,차대차 - 추돌,안전거리미확보,젖음/습기,비,교차로 - 교차로부근,화물,남,78세,상해없음,화물,남,57세,경상
2017040600100217,2017년 4월 6일 09시,목요일,경상북도 구미시 진평동,경상사고,0,0,3,0,차대차 - 추돌,안전운전불이행,젖음/습기,비,단일로 - 기타,이륜,남,37세,상해없음,승용,남,27세,경상
2017040600100218,2017년 4월 6일 09시,목요일,경상북도 포항시 남구 대도동,중상사고,0,1,0,0,차대차 - 측면충돌,안전운전불이행,건조,맑음,단일로 - 기타,자전거,여,49세,중상,승용,남,75세,상해없음
2017040600100244,2017년 4월 6일 10시,목요일,경상북도 포항시 북구 흥해읍,경상사고,0,0,1,0,차대차 - 측면충돌,안전운전불이행,건조,맑음,단일로 - 기타,승합,남,58세,상해없음,승용,남,56세,경상
2017040600100245,2017년 4월 6일 10시,목요일,경상북도 칠곡군 지천면,중상사고,0,1,0,0,차대차 - 정면충돌,중앙선침범,건조,맑음,단일로 - 기타,승용,남,52세,상해없음,승용,여,36세,중상
2017040600100268,2017년 4월 6일 11시,목요일,경상북도 경주시 외동읍,경상사고,0,0,1,0,차대차 - 측면충돌,교차로운행방법위반,건조,흐림,교차로 - 교차로안,농기계,남,84세,경상,승용,여,78세,상해없음
2017040600100269,2017년 4월 6일 11시,목요일,경상북도 경주시 외동읍,중상사고,0,1,0,0,차대차 - 측면충돌,안전운전불이행,젖음/습기,비,단일로 - 기타,이륜,남,82세,중상,화물,남,68세,상해없음
2017040600100270,2017년 4월 6일 11시,목요일,경상북도 청도군 청도읍,중상사고,0,1,0,0,차대차 - 측면충돌,직진우회전진행방해,건조,맑음,교차로 - 교차로안,화물,남,55세,상해없음,이륜,남,81세,중상
2017040600100315,2017년 4월 6일 13시,목요일,경상북도 포항시 북구 우현동,경상사고,0,0,1,0,차대차 - 측면충돌,안전운전불이행,건조,맑음,교차로 - 교차로부근,화물,남,30세,상해없음,승용,여,33세,경상
2017040600100316,2017년 4월 6일 13시,목요일,경상북도 고령군 성산면,중상사고,0,1,0,0,차량단독 - 전도전복 - 전도,안전운전불이행,건조,맑음,단일로 - 기타,승용,남,61세,상해없음,,,,
2017040600100347,2017년 4월 6일 14시,목요일,경상북도 포항시 남구 오천읍,중상사고,0,1,0,0,차대사람 - 기타,안전운전불이행,건조,맑음,단일로 - 기타,승용,남,46세,상해없음,보행자,남,90세 이상,중상
2017040600100377,2017년 4월 6일 15시,목요일,경상북도 안동시 태화동,중상사고,0,2,1,0,차대차 - 추돌,중앙선침범,건조,맑음,단일로 - 기타,승용,여,56세,상해없음,화물,남,32세,경상
2017040600100378,2017년 4월 6일 15시,목요일,경상북도 안동시 일직면,경상사고,0,0,1,0,차대차 - 정면충돌,안전운전불이행,건조,맑음,교차로 - 교차로안,자전거,남,55세,경상,승용,여,41세,상해없음
2017040600100401,2017년 4월 6일 16시,목요일,경상북도 상주시 서문동,경상사고,0,0,1,0,차대차 - 측면충돌,안전운전불이행,건조,맑음,단일로 - 기타,이륜,남,27세,상해없음,승용,여,28세,경상
2017040600100402,2017년 4월 6일 16시,목요일,경상북도 칠곡군 석적읍,경상사고,0,0,1,0,차대차 - 측면충돌,신호위반,건조,맑음,교차로 - 교차로안,승용,여,51세,상해없음,승용,여,33세,경상
2017040600100403,2017년 4월 6일 16시,목요일,경상북도 구미시 봉곡동,경상사고,0,0,1,0,차대사람 - 차도통행중,안전운전불이행,건조,맑음,단일로 - 기타,이륜,남,42세,상해없음,보행자,여,23세,경상
2017040600100404,2017년 4월 6일 16시,목요일,경상북도 구미시 옥계동,경상사고,0,0,1,0,차대차 - 정면충돌,안전운전불이행,건조,맑음,교차로 - 교차로안,승용,남,56세,상해없음,승합,남,65세,경상
2017040600100405,2017년 4월 6일 16시,목요일,경상북도 포항시 남구 오천읍,경상사고,0,0,2,0,차대차 - 기타,안전운전불이행,건조,맑음,교차로 - 교차로안,승용,남,26세,상해없음,이륜,남,17세,경상
2017040600100437,2017년 4월 6일 17시,목요일,경상북도 포항시 북구 덕수동,경상사고,0,0,1,0,차대차 - 측면충돌,교차로운행방법위반,건조,맑음,교차로 - 교차로안,승용,남,60세,상해없음,승용,남,35세,경상
2017040600100438,2017년 4월 6일 17시,목요일,경상북도 포항시 북구 죽도동,경상사고,0,0,1,0,차대차 - 정면충돌,안전운전불이행,건조,맑음,단일로 - 기타,승용,남,68세,상해없음,승용,여,49세,상해없음
2017040600100439,2017년 4월 6일 17시,목요일,경상북도 안동시 송현동,경상사고,0,0,1,0,차대차 - 추돌,안전거리미확보,건조,맑음,교차로 - 교차로부근,승용,여,60세,상해없음,승용,남,41세,경상
2017040600100472,2017년 4월 6일 18시,목요일,경상북도 김천시 율곡동,중상사고,0,1,0,0,차대차 - 측면충돌,중앙선침범,건조,맑음,교차로 - 교차로부근,승용,남,40세,상해없음,승용,여,39세,중상
2017040600100473,2017년 4월 6일 18시,목요일,경상북도 상주시 남성동,경상사고,0,0,1,0,차대차 - 측면충돌,안전운전불이행,건조,맑음,단일로 - 기타,화물,여,49세,상해없음,이륜,남,22세,경상
2017040600100507,2017년 4월 6일 19시,목요일,경상북도 경주시 충효동,경상사고,0,0,1,0,차대차 - 기타,안전운전불이행,건조,맑음,단일로 - 기타,승용,남,66세,상해없음,승합,남,54세,상해없음
2017040600100508,2017년 4월 6일 19시,목요일,경상북도 경주시 서부동,경상사고,0,0,1,0,차량단독 - 기타,안전운전불이행,건조,맑음,교차로 - 교차로안,승합,남,43세,상해없음,,,,
2017040600100509,2017년 4월 6일 19시,목요일,경상북도 포항시 남구 대도동,경상사고,0,0,1,0,차대차 - 추돌,안전운전불이행,건조,맑음,단일로 - 기타,이륜,남,61세,경상,승용,남,34세,상해없음
2017040600100543,2017년 4월 6일 20시,목요일,경상북도 안동시 옥동,중상사고,0,2,0,0,차대차 - 기타,신호위반,건조,맑음,단일로 - 기타,승용,남,18세,상해없음,이륜,남,39세,중상
2017040600100544,2017년 4월 6일 20시,목요일,경상북도 구미시 신평동,중상사고,0,1,0,0,차대차 - 추돌,안전거리미확보,건조,맑음,단일로 - 기타,화물,남,54세,상해없음,자전거,남,70세,중상
2017040600100545,2017년 4월 6일 20시,목요일,경상북도 포항시 남구 해도동,중상사고,0,1,0,0,차대차 - 추돌,안전운전불이행,건조,맑음,교차로 - 교차로부근,이륜,여,34세,중상,승용,남,24세,상해없음
2017040600100568,2017년 4월 6일 21시,목요일,경상북도 포항시 북구 흥해읍,경상사고,0,0,2,0,차대차 - 추돌,안전거리미확보,건조,맑음,단일로 - 기타,화물,남,57세,상해없음,승용,남,30세,상해없음
2017040600100569,2017년 4월 6일 21시,목요일,경상북도 구미시 비산동,경상사고,0,0,1,0,차대차 - 측면충돌,안전운전불이행,건조,맑음,단일로 - 기타,승용,남,29세,상해없음,승용,남,28세,경상
2017040600100612,2017년 4월 6일 23시,목요일,경상북도 칠곡군 북삼읍,경상사고,0,0,1,0,차대사람 - 횡단중,보행자보호의무위반,건조,맑음,교차로 - 교차로횡단보도내,승용,여,49세,상해없음,보행자,남,37세,경상
2017040600100613,2017년 4월 6일 23시,목요일,경상북도 구미시 송정동,경상사고,0,0,1,0,차대차 - 측면충돌,교차로운행방법위반,건조,맑음,교차로 - 교차로안,승용,남,69세,상해없음,승용,여,29세,경상
2017040700100092,2017년 4월 7일 07시,금요일,경상북도 영주시 영주동,중상사고,0,1,1,0,차대차 - 측면충돌,신호위반,건조,맑음,교차로 - 교차로안,승용,여,60세,상해없음,승용,여,38세,상해없음
2017040700100093,2017년 4월 7일 07시,금요일,경상북도 문경시 모전동,경상사고,0,0,1,0,차대차 - 측면충돌,신호위반,건조,맑음,교차로 - 교차로안,화물,남,40세,상해없음,승용,남,57세,경상
2017040700100094,2017년 4월 7일 07시,금요일,경상북도 영덕군 남정면,경상사고,0,0,1,0,차대차 - 측면충돌,차로위반,건조,맑음,단일로 - 기타,건설기계,남,39세,상해없음,승용,여,45세,경상
2017040700100121,2017년 4월 7일 08시,금요일,경상북도 포항시 북구 두호동,중상사고,0,1,1,0,차대차 - 정면충돌,직진우회전진행방해,건조,맑음,교차로 - 교차로안,원동기,남,63세,중상,승용,여,28세,상해없음
2017040700100122,2017년 4월 7일 08시,금요일,경상북도 안동시 송현동,경상사고,0,0,1,0,차대차 - 측면충돌,직진우회전진행방해,건조,맑음,교차로 - 교차로안,승용,남,49세,상해없음,승용,남,42세,경상
2017040700100123,2017년 4월 7일 08시,금요일,경상북도 포항시 남구 연일읍,경상사고,0,0,5,1,차대차 - 기타,안전운전불이행,건조,맑음,단일로 - 기타,승용,남,29세,경상,승용,남,27세,부상신고
2017040700100158,2017년 4월 7일 09시,금요일,경상북도 포항시 북구 용흥동,경상사고,0,0,1,0,차대사람 - 보도통행중,보행자보호의무위반,건조,맑음,기타 - 기타,승용,남,28세,기타불명,보행자,남,46세,경상
2017040700100159,2017년 4월 7일 09시,금요일,경상북도 군위군 군위읍,경상사고,0,0,1,0,차대차 - 정면충돌,직진우회전진행방해,건조,맑음,교차로 - 교차로안,승용,여,31세,상해없음,승용,남,36세,경상
2017040700100188,2017년 4월 7일 10시,금요일,경상북도 구미시 옥성면,중상사고,0,1,0,0,차대차 - 후진중충돌,안전운전불이행,건조,맑음,기타 - 기타,승용,여,54세,상해없음,승용,남,35세,중상
2017040700100218,2017년 4월 7일 11시,금요일,경상북도 칠곡군 지천면,경상사고,0,0,1,0,차량단독 - 전도전복,안전운전불이행,건조,맑음,단일로 - 기타,승용,여,42세,경상,미분류,미분류,미분류,미분류
2017040700100219,2017년 4월 7일 11시,금요일,경상북도 예천군 호명면,중상사고,0,2,0,0,차대차 - 측면충돌,교차로운행방법위반,건조,맑음,교차로 - 교차로안,승용,남,30세,상해없음,승용,남,52세,중상
2017040700100281,2017년 4월 7일 13시,금요일,경상북도 경주시 동천동,중상사고,0,1,0,0,차대차 - 추돌,안전운전불이행,건조,맑음,교차로 - 교차로안,화물,남,48세,상해없음,승용,여,43세,중상
2017040700100319,2017년 4월 7일 14시,금요일,경상북도 영주시 영주동,부상신고사고,0,0,0,1,차대차 - 측면충돌,안전운전불이행,건조,맑음,교차로 - 교차로안,원동기,남,71세,상해없음,승용,여,60세,상해없음
2017040700100356,2017년 4월 7일 15시,금요일,경상북도 영주시 이산면,경상사고,0,0,6,0,차대차 - 추돌,안전운전불이행,건조,맑음,단일로 - 기타,승용,여,59세,경상,승합,남,64세,경상
2017040700100357,2017년 4월 7일 15시,금요일,경상북도 구미시 상모동,경상사고,0,0,2,0,차대차 - 측면충돌,안전운전불이행,건조,맑음,교차로 - 교차로부근,승용,남,63세,상해없음,이륜,여,58세,경상
2017040700100423,2017년 4월 7일 17시,금요일,경상북도 포항시 북구 학산동,경상사고,0,0,1,0,차대차 - 측면충돌,신호위반,건조,맑음,교차로 - 교차로안,승용,여,51세,상해없음,승용,여,43세,경상
2017040700100424,2017년 4월 7일 17시,금요일,경상북도 경산시 옥산동,중상사고,0,1,0,0,차대차 - 기타,교차로운행방법위반,건조,맑음,단일로 - 기타,승합,남,50세,상해없음,이륜,남,33세,중상
2017040700100425,2017년 4월 7일 17시,금요일,경상북도 예천군 예천읍,중상사고,0,1,0,0,차대차 - 측면충돌,안전운전불이행,건조,맑음,단일로 - 기타,승용,남,63세,상해없음,이륜,여,54세,중상
2017040700100426,2017년 4월 7일 17시,금요일,경상북도 봉화군 봉화읍,중상사고,0,1,0,0,차대차 - 기타,안전운전불이행,건조,맑음,단일로 - 기타,승용,여,67세,상해없음,이륜,남,79세,중상
2017040700100427,2017년 4월 7일 17시,금요일,경상북도 청도군 청도읍,사망사고,2,0,0,0,차대차 - 정면충돌,중앙선침범,건조,맑음,단일로 - 기타,승용,남,53세,상해없음,이륜,남,44세,사망
2017040700100428,2017년 4월 7일 17시,금요일,경상북도 구미시 도량동,중상사고,0,1,0,0,차대차 - 측면충돌,직진우회전진행방해,건조,맑음,교차로 - 교차로안,승용,남,58세,상해없음,이륜,남,37세,중상
2017040700100458,2017년 4월 7일 18시,금요일,경상북도 경주시 탑동,경상사고,0,0,3,0,차대차 - 정면충돌,안전운전불이행,건조,맑음,교차로 - 교차로안,승용,여,23세,상해없음,승용,남,35세,상해없음
2017040700100459,2017년 4월 7일 18시,금요일,경상북도 영주시 가흥동,경상사고,0,0,2,0,차대차 - 측면충돌,안전운전불이행,건조,맑음,교차로 - 교차로안,승용,여,32세,경상,승용,남,34세,상해없음
2017040700100460,2017년 4월 7일 18시,금요일,경상북도 영천시 문외동,중상사고,0,1,0,0,차대사람 - 횡단중,보행자보호의무위반,건조,맑음,단일로 - 기타,승용,여,51세,상해없음,보행자,여,66세,중상
2017040700100461,2017년 4월 7일 18시,금요일,경상북도 문경시 모전동,경상사고,0,0,1,0,차대차 - 측면충돌,안전운전불이행,건조,맑음,교차로 - 교차로부근,승용,남,26세,상해없음,원동기,남,23세,경상
2017040700100462,2017년 4월 7일 18시,금요일,경상북도 경산시 중방동,경상사고,0,0,2,0,차대차 - 기타,교차로운행방법위반,건조,맑음,교차로 - 교차로안,승용,남,73세,상해없음,승용,여,36세,경상
2017040700100463,2017년 4월 7일 18시,금요일,경상북도 포항시 남구 송내동,경상사고,0,0,1,0,차대차 - 기타,안전운전불이행,건조,맑음,단일로 - 기타,승용,남,35세,상해없음,승용,여,39세,경상
2017040700100508,2017년 4월 7일 19시,금요일,경상북도 경주시 성건동,경상사고,0,0,1,0,차대차 - 측면충돌,안전운전불이행,건조,맑음,교차로 - 교차로부근,승용,여,55세,상해없음,이륜,남,75세,경상
2017040700100509,2017년 4월 7일 19시,금요일,경상북도 상주시 서문동,경상사고,0,0,1,0,차대차 - 측면충돌,안전운전불이행,건조,맑음,교차로 - 교차로안,이륜,남,18세,상해없음,자전거,남,12세,경상
2017040700100573,2017년 4월 7일 21시,금요일,경상북도 문경시 가은읍,부상신고사고,0,0,0,1,차대차 - 추돌,안전운전불이행,건조,맑음,단일로 - 기타,원동기,여,60세,부상신고,승용,여,43세,상해없음
2017040700100574,2017년 4월 7일 21시,금요일,경상북도 포항시 남구 상도동,경상사고,0,0,1,1,차대차 - 측면충돌,직진우회전진행방해,건조,맑음,교차로 - 교차로안,화물,남,57세,경상,승용,남,49세,부상신고
2017040700100606,2017년 4월 7일 22시,금요일,경상북도 안동시 평화동,경상사고,0,0,1,0,차대차 - 측면충돌,불법유턴,건조,맑음,교차로 - 교차로안,화물,남,44세,상해없음,이륜,남,19세,경상
2017040700100607,2017년 4월 7일 22시,금요일,경상북도 의성군 단촌면,경상사고,0,0,2,0,차대차 - 정면충돌,중앙선침범,건조,맑음,단일로 - 기타,화물,남,63세,상해없음,승용,여,43세,경상
2017040700100634,2017년 4월 7일 23시,금요일,경상북도 경산시 압량면,경상사고,0,0,1,0,차대차 - 정면충돌,신호위반,건조,맑음,교차로 - 교차로부근,승용,남,35세,상해없음,승용,남,50세,경상
2017040700100635,2017년 4월 7일 23시,금요일,경상북도 포항시 남구 지곡동,중상사고,0,1,0,0,차대사람 - 횡단중,보행자보호의무위반,건조,맑음,교차로 - 교차로횡단보도내,승용,남,56세,상해없음,보행자,여,60세,중상
2017040700100636,2017년 4월 7일 23시,금요일,경상북도 포항시 남구 대잠동,경상사고,0,0,2,0,차대차 - 후진중충돌,안전운전불이행,건조,맑음,주차장 - 주차장,승용,남,25세,상해없음,승용,남,33세,경상
2017040800100139,2017년 4월 8일 07시,토요일,경상북도 영주시 풍기읍,경상사고,0,0,1,0,차대차 - 측면충돌,안전운전불이행,건조,맑음,교차로 - 교차로안,화물,남,61세,상해없음,승용,남,64세,경상
2017040800100140,2017년 4월 8일 07시,토요일,경상북도 구미시 도개면,경상사고,0,0,2,0,차대차 - 측면충돌,교차로운행방법위반,건조,맑음,교차로 - 교차로안,승용,남,52세,경상,건설기계,남,54세,경상
2017040800100180,2017년 4월 8일 09시,토요일,경상북도 경주시 노서동,경상사고,0,0,1,0,차대차 - 측면충돌,안전운전불이행,건조,맑음,단일로 - 기타,승용,여,42세,상해없음,원동기,남,73세,경상
2017040800100181,2017년 4월 8일 09시,토요일,경상북도 영천시 오수동,중상사고,0,1,1,0,차량단독 - 기타,안전운전불이행,건조,맑음,교차로 - 교차로안,승용,남,25세,중상,,,,
2017040800100210,2017년 4월 8일 10시,토요일,경상북도 문경시 산북면,사망사고,1,0,0,0,차량단독 - 기타,안전운전불이행,건조,맑음,단일로 - 기타,승용,여,50세,사망,,,,
2017040800100211,2017년 4월 8일 10시,토요일,경상북도 영덕군 영해면,중상사고,0,1,0,0,차대사람 - 횡단중,안전운전불이행,건조,맑음,단일로 - 기타,승용,여,29세,상해없음,보행자,남,69세,중상
2017040800100212,2017년 4월 8일 10시,토요일,경상북도 영양군 청기면,경상사고,0,0,1,0,차량단독 - 전도전복,안전운전불이행,건조,맑음,단일로 - 기타,건설기계,남,67세,경상,미분류,미분류,미분류,미분류
2017040800100237,2017년 4월 8일 11시,토요일,경상북도 상주시 청리면,경상사고,0,0,2,0,차량단독 - 도로외이탈 - 기타,안전운전불이행,건조,맑음,교차로 - 교차로부근,승합,남,56세,상해없음,,,,
2017040800100238,2017년 4월 8일 11시,토요일,경상북도 구미시 공단동,중상사고,0,1,1,0,차대차 - 측면충돌,안전운전불이행,건조,맑음,교차로 - 교차로부근,승용,여,51세,상해없음,승용,남,33세,중상
2017040800100275,2017년 4월 8일 12시,토요일,경상북도 경주시 동천동,경상사고,0,0,1,0,차대차 - 측면충돌,기타,건조,맑음,교차로 - 교차로안,화물,남,46세,상해없음,자전거,남,11세,경상
2017040800100276,2017년 4월 8일 12시,토요일,경상북도 경주시 건천읍,중상사고,0,1,1,0,차대차 - 추돌,안전운전불이행,건조,맑음,단일로 - 기타,승용,남,48세,중상,화물,남,41세,경상
2017040800100277,2017년 4월 8일 12시,토요일,경상북도 포항시 북구 청하면,경상사고,0,0,1,0,차대차 - 추돌,안전운전불이행,건조,맑음,교차로 - 교차로안,승용,남,33세,상해없음,승합,남,63세,경상
2017040800100278,2017년 4월 8일 12시,토요일,경상북도 칠곡군 북삼읍,경상사고,0,0,1,0,차대차 - 측면충돌,안전운전불이행,건조,맑음,단일로 - 기타,승합,남,38세,상해없음,원동기,남,34세,경상
2017040800100279,2017년 4월 8일 12시,토요일,경상북도 구미시 원평동,중상사고,0,1,0,0,차대차 - 기타,안전운전불이행,건조,맑음,교차로 - 교차로안,자전거,남,61세,중상,원동기,남,39세,상해없음
2017040800100392,2017년 4월 8일 15시,토요일,경상북도 경산시 옥산동,경상사고,0,0,1,0,차대차 - 측면충돌,기타,건조,맑음,교차로 - 교차로부근,승용,남,30세,상해없음,승용,남,35세,경상