사고번호,사고일시,요일,시군구,사고내용,사망자수,중상자수,경상자수,부상신고자수,사고유형,법규위반,노면상태,기상상태,도로형태,가해운전자 차종,가해운전자 성별,가해운전자 연령,가해운전자 상해정도,피해운전자 차종,피해운전자 성별,피해운전자 연령,피해운전자 상해정도
2017041100100231,2017년 4월 11일 11시,화요일,경상북도 경주시 외동읍,부상신고사고,0,0,0,1,차대차 - 측면충돌,안전운전불이행,젖음/습기,비,교차로 - 교차로안,승용,여,57세,부상신고,화물,남,50세,상해없음
2017041100100232,2017년 4월 11일 11시,화요일,경상북도 경주시 동방동,사망사고,1,0,0,0,차대사람 - 횡단중,신호위반,건조,맑음,교차로 - 교차로횡단보도내,화물,남,59세,상해없음,보행자,여,74세,사망
2017041100100233,2017년 4월 11일 11시,화요일,경상북도 포항시 북구 죽도동,경상사고,0,0,1,0,차대사람 - 차도통행중,기타,건조,맑음,단일로 - 기타,승용,여,60세,상해없음,보행자,여,32세,경상
2017041100100234,2017년 4월 11일 11시,화요일,경상북도 영주시 조암동,경상사고,0,0,1,0,차대차 - 추돌,안전운전불이행,젖음/습기,맑음,교차로 - 교차로부근,화물,남,47세,상해없음,화물,남,49세,경상
2017041100100235,2017년 4월 11일 11시,화요일,경상북도 구미시 인의동,경상사고,0,0,1,0,차대사람 - 횡단중,보행자보호의무위반,건조,맑음,교차로 - 교차로횡단보도내,승용,여,41세,상해없음,보행자,남,71세,경상
2017041100100236,2017년 4월 11일 11시,화요일,경상북도 구미시 공단동,경상사고,0,0,1,0,차대차 - 추돌,안전운전불이행,건조,맑음,단일로 - 기타,승용,남,74세,상해없음,승용,남,61세,경상
2017041100100258,2017년 4월 11일 12시,화요일,경상북도 칠곡군 왜관읍,경상사고,0,0,1,0,차대차 - 기타,안전운전불이행,건조,맑음,단일로 - 기타,화물,남,65세,상해없음,승용,여,35세,경상
2017041100100259,2017년 4월 11일 12시,화요일,경상북도 구미시 산동면,경상사고,0,0,2,0,차대차 - 기타,안전운전불이행,건조,맑음,단일로 - 기타,승용,여,51세,상해없음,승용,남,24세,경상
2017041100100350,2017년 4월 11일 15시,화요일,경상북도 포항시 남구 해도동,경상사고,0,0,1,0,차량단독 - 전도전복,안전운전불이행,기타,맑음,단일로 - 기타,이륜,남,54세,경상,미분류,미분류,미분류,미분류
2017041100100425,2017년 4월 11일 17시,화요일,경상북도 경주시 황성동,중상사고,0,1,0,0,차대차 - 기타,안전운전불이행,건조,맑음,교차로 - 교차로안,화물,남,52세,상해없음,자전거,남,61세,중상
2017041100100426,2017년 4월 11일 17시,화요일,경상북도 상주시 성하동,경상사고,0,0,2,0,차대사람 - 횡단중,안전운전불이행,건조,맑음,교차로 - 교차로부근,화물,남,63세,상해없음,보행자,여,13세,경상
2017041100100427,2017년 4월 11일 17시,화요일,경상북도 울진군 평해읍,중상사고,0,1,0,0,차량단독 - 공작물충돌,안전운전불이행,건조,맑음,단일로 - 기타,화물,남,45세,중상,,,,
2017041100100474,2017년 4월 11일 18시,화요일,경상북도 경주시 구정동,중상사고,0,1,0,0,차대차 - 측면충돌,신호위반,건조,맑음,교차로 - 교차로안,승용,남,48세,상해없음,승용,남,28세,중상
2017041100100475,2017년 4월 11일 18시,화요일,경상북도 포항시 북구 용흥동,경상사고,0,0,1,0,차대차 - 측면충돌,신호위반,건조,맑음,교차로 - 교차로안,승용,남,27세,상해없음,승용,여,46세,경상
2017041100100476,2017년 4월 11일 18시,화요일,경상북도 구미시 시미동,경상사고,0,0,2,0,차대차 - 정면충돌,안전운전불이행,건조,맑음,교차로 - 교차로안,승용,여,42세,상해없음,승용,남,30세,경상
2017041100100550,2017년 4월 11일 20시,화요일,경상북도 경주시 용강동,경상사고,0,0,1,0,차대사람 - 횡단중,보행자보호의무위반,건조,맑음,단일로 - 기타,승용,남,56세,상해없음,보행자,여,65세,경상
2017041100100551,2017년 4월 11일 20시,화요일,경상북도 포항시 북구 항구동,경상사고,0,0,1,0,차대차 - 측면충돌,신호위반,건조,맑음,교차로 - 교차로안,승용,여,55세,상해없음,승용,남,56세,경상
2017041100100580,2017년 4월 11일 21시,화요일,경상북도 경산시 하양읍,경상사고,0,0,1,0,차대차 - 정면충돌,안전운전불이행,건조,맑음,단일로 - 기타,승용,남,63세,상해없음,승용,남,22세,경상
2017041100100581,2017년 4월 11일 21시,화요일,경상북도 구미시 상모동,중상사고,0,1,0,3,차대차 - 정면충돌,안전운전불이행,건조,맑음,교차로 - 교차로안,승용,남,25세,상해없음,승용,남,32세,중상
2017041100100606,2017년 4월 11일 22시,화요일,경상북도 경주시 충효동,중상사고,0,1,2,0,차대차 - 측면충돌,안전운전불이행,건조,맑음,교차로 - 교차로안,승용,남,23세,상해없음,화물,남,48세,경상
2017041100100634,2017년 4월 11일 23시,화요일,경상북도 영주시 풍기읍,사망사고,1,0,0,0,차량단독 - 전도전복,안전운전불이행,건조,맑음,단일로 - 기타,승용,남,30세,사망,미분류,미분류,미분류,미분류
2017041100100635,2017년 4월 11일 23시,화요일,경상북도 상주시 낙동면,경상사고,0,0,2,0,차대차 - 기타,안전운전불이행,건조,맑음,단일로 - 기타,화물,남,36세,상해없음,화물,남,38세,경상
2017041200100085,2017년 4월 12일 07시,수요일,경상북도 구미시 구포동,경상사고,0,0,1,0,차대차 - 측면충돌,안전운전불이행,건조,맑음,교차로 - 교차로안,승용,남,26세,상해없음,자전거,남,38세,경상
2017041200100086,2017년 4월 12일 07시,수요일,경상북도 구미시 신평동,중상사고,0,1,0,0,차대차 - 기타,교차로운행방법위반,건조,맑음,교차로 - 교차로부근,승용,남,30세,상해없음,승용,여,48세,중상
2017041200100124,2017년 4월 12일 08시,수요일,경상북도 안동시 안흥동,중상사고,0,1,0,0,차대사람 - 기타,안전운전불이행,건조,맑음,단일로 - 기타,화물,남,54세,상해없음,보행자,여,40세,중상
2017041200100125,2017년 4월 12일 08시,수요일,경상북도 상주시 신봉동,중상사고,0,1,0,0,차대차 - 측면충돌,안전운전불이행,건조,맑음,단일로 - 기타,승용,남,35세,상해없음,자전거,남,16세,중상
2017041200100126,2017년 4월 12일 08시,수요일,경상북도 봉화군 봉화읍,경상사고,0,0,1,0,차대차 - 추돌,안전운전불이행,건조,맑음,단일로 - 기타,화물,남,48세,상해없음,승용,남,54세,경상
2017041200100152,2017년 4월 12일 09시,수요일,경상북도 경주시 산내면,경상사고,0,0,2,0,차량단독 - 전도전복,안전운전불이행,건조,맑음,단일로 - 기타,승용,여,50세,경상,미분류,미분류,미분류,미분류
2017041200100153,2017년 4월 12일 09시,수요일,경상북도 안동시 옥야동,중상사고,0,1,1,0,차대차 - 측면충돌,신호위반,건조,맑음,교차로 - 교차로안,승용,남,58세,상해없음,화물,남,65세,경상
2017041200100154,2017년 4월 12일 09시,수요일,경상북도 칠곡군 왜관읍,경상사고,0,0,1,0,차대차 - 측면충돌,교차로운행방법위반,건조,맑음,교차로 - 교차로안,승용,여,42세,상해없음,승용,여,45세,경상
2017041200100155,2017년 4월 12일 09시,수요일,경상북도 문경시 모전동,중상사고,0,1,0,0,차대차 - 측면충돌,안전운전불이행,건조,맑음,교차로 - 교차로안,승용,여,41세,상해없음,이륜,여,61세,중상
2017041200100156,2017년 4월 12일 09시,수요일,경상북도 영덕군 영덕읍,중상사고,0,1,1,0,차대차 - 측면충돌,교차로운행방법위반,건조,맑음,교차로 - 교차로안,승용,여,44세,경상,승용,남,36세,중상
2017041200100157,2017년 4월 12일 09시,수요일,경상북도 울진군 근남면,중상사고,0,1,0,0,차량단독 - 전도전복,안전운전불이행,건조,맑음,단일로 - 기타,사륜오토바이(ATV),여,67세,중상,미분류,미분류,미분류,미분류
2017041200100187,2017년 4월 12일 10시,수요일,경상북도 성주군 성주읍,중상사고,0,1,0,0,차대차 - 정면충돌,중앙선침범,건조,맑음,기타 - 기타,이륜,남,81세,상해없음,이륜,남,76세,중상
2017041200100211,2017년 4월 12일 11시,수요일,경상북도 영천시 완산동,경상사고,0,0,4,0,차대차 - 기타,안전운전불이행,건조,맑음,단일로 - 기타,승용,여,55세,상해없음,승용,남,51세,상해없음
2017041200100227,2017년 4월 12일 12시,수요일,경상북도 안동시 평화동,경상사고,0,0,1,0,차대사람 - 횡단중,안전운전불이행,건조,맑음,단일로 - 기타,승용,여,63세,기타불명,보행자,남,8세,경상
2017041200100228,2017년 4월 12일 12시,수요일,경상북도 김천시 대항면,중상사고,0,1,3,0,차대차 - 추돌,안전운전불이행,건조,맑음,단일로 - 기타,승용,남,74세,상해없음,승용,여,47세,경상
2017041200100229,2017년 4월 12일 12시,수요일,경상북도 구미시 진평동,경상사고,0,0,1,0,차대차 - 기타,안전운전불이행,건조,맑음,단일로 - 기타,이륜,남,55세,상해없음,자전거,남,29세,경상
2017041200100254,2017년 4월 12일 13시,수요일,경상북도 김천시 용두동,중상사고,0,1,0,0,차대사람 - 횡단중,안전운전불이행,건조,맑음,단일로 - 기타,기타불명,기타불명,미분류,기타불명,보행자,여,68세,중상
2017041200100255,2017년 4월 12일 13시,수요일,경상북도 구미시 형곡동,경상사고,0,0,1,0,차대차 - 정면충돌,안전운전불이행,건조,맑음,기타 - 기타,승용,남,46세,상해없음,이륜,여,79세,경상
2017041200100282,2017년 4월 12일 14시,수요일,경상북도 상주시 가장동,경상사고,0,0,2,0,차대차 - 추돌,안전운전불이행,건조,맑음,교차로 - 교차로부근,승합,남,54세,경상,승용,여,37세,경상
2017041200100283,2017년 4월 12일 14시,수요일,경상북도 구미시 도량동,중상사고,0,1,0,0,차대차 - 기타,교차로운행방법위반,건조,맑음,교차로 - 교차로안,승용,남,28세,상해없음,자전거,남,61세,중상
2017041200100315,2017년 4월 12일 15시,수요일,경상북도 경산시 압량면,경상사고,0,0,1,0,차대차 - 측면충돌,안전거리미확보,건조,맑음,단일로 - 기타,이륜,남,54세,상해없음,승용,여,54세,경상
2017041200100316,2017년 4월 12일 15시,수요일,경상북도 군위군 소보면,중상사고,0,1,0,0,차대차 - 정면충돌,중앙선침범,건조,맑음,단일로 - 기타,화물,남,40세,상해없음,승용,여,59세,중상
2017041200100317,2017년 4월 12일 15시,수요일,경상북도 구미시 도량동,경상사고,0,0,5,0,차대차 - 추돌,안전거리미확보,건조,맑음,단일로 - 기타,승용,남,26세,상해없음,승용,남,42세,경상
2017041200100351,2017년 4월 12일 16시,수요일,경상북도 예천군 호명면,경상사고,0,0,3,0,차대차 - 추돌,안전운전불이행,건조,맑음,단일로 - 기타,화물,남,24세,경상,승용,여,60세,경상
2017041200100392,2017년 4월 12일 17시,수요일,경상북도 포항시 북구 흥해읍,경상사고,0,0,1,0,차대차 - 측면충돌,안전운전불이행,건조,맑음,교차로 - 교차로부근,화물,남,72세,상해없음,원동기,남,42세,경상
2017041200100393,2017년 4월 12일 17시,수요일,경상북도 칠곡군 약목면,부상신고사고,0,0,0,1,차대사람 - 기타,안전운전불이행,건조,맑음,단일로 - 기타,화물,남,56세,상해없음,보행자,남,41세,부상신고
2017041200100394,2017년 4월 12일 17시,수요일,경상북도 경산시 진량읍,경상사고,0,0,1,0,차대차 - 측면충돌,안전운전불이행,건조,맑음,단일로 - 기타,화물,남,59세,상해없음,승용,남,30세,경상
2017041200100395,2017년 4월 12일 17시,수요일,경상북도 구미시 구평동,경상사고,0,0,1,0,차대차 - 측면충돌,신호위반,건조,맑음,교차로 - 교차로안,승용,여,40세,상해없음,승용,여,43세,경상
2017041200100437,2017년 4월 12일 18시,수요일,경상북도 고령군 우곡면,경상사고,0,0,1,0,차대차 - 측면충돌,안전운전불이행,건조,맑음,단일로 - 기타,승용,남,74세,상해없음,승용,남,32세,경상
2017041200100472,2017년 4월 12일 19시,수요일,경상북도 경주시 서부동,경상사고,0,0,1,0,차대사람 - 횡단중,보행자보호의무위반,건조,맑음,교차로 - 교차로횡단보도내,승용,남,60세,상해없음,보행자,남,64세,경상
2017041200100473,2017년 4월 12일 19시,수요일,경상북도 경산시 대평동,경상사고,0,0,2,0,차대차 - 정면충돌,안전운전불이행,건조,맑음,단일로 - 기타,승합,남,23세,상해없음,승용,남,40세,상해없음
2017041200100474,2017년 4월 12일 19시,수요일,경상북도 경산시 조영동,중상사고,0,1,0,0,차대차 - 측면충돌,기타,건조,맑음,단일로 - 기타,이륜,남,20세,상해없음,이륜,남,44세,중상
2017041200100475,2017년 4월 12일 19시,수요일,경상북도 구미시 고아읍,중상사고,0,1,0,0,차대차 - 추돌,안전거리미확보,건조,맑음,교차로 - 교차로부근,화물,남,61세,상해없음,승용,여,38세,중상
2017041200100515,2017년 4월 12일 20시,수요일,경상북도 안동시 명륜동,중상사고,0,1,0,0,차대사람 - 횡단중,보행자보호의무위반,건조,맑음,교차로 - 교차로부근,승용,남,37세,상해없음,보행자,여,76세,중상
2017041200100516,2017년 4월 12일 20시,수요일,경상북도 구미시 옥계동,경상사고,0,0,1,0,차대차 - 기타,안전운전불이행,건조,맑음,교차로 - 교차로안,승용,여,30세,기타불명,승용,남,29세,경상
2017041200100574,2017년 4월 12일 22시,수요일,경상북도 포항시 북구 장성동,중상사고,0,1,0,0,차대차 - 정면충돌,안전운전불이행,건조,맑음,교차로 - 교차로안,승용,남,50세,상해없음,이륜,남,39세,중상
2017041200100575,2017년 4월 12일 22시,수요일,경상북도 포항시 남구 오천읍,경상사고,0,0,3,0,차대차 - 기타,안전운전불이행,건조,맑음,교차로 - 교차로부근,이륜,남,16세,경상,승용,여,38세,경상
2017041200100576,2017년 4월 12일 22시,수요일,경상북도 청도군 청도읍,경상사고,0,0,1,0,차대차 - 추돌,안전운전불이행,건조,맑음,기타 - 기타,특수,남,61세,상해없음,특수,남,49세,경상
2017041200100607,2017년 4월 12일 23시,수요일,경상북도 경주시 황오동,경상사고,0,0,1,0,차대사람 - 횡단중,안전운전불이행,건조,맑음,단일로 - 기타,자전거,남,17세,상해없음,보행자,여,46세,경상
2017041200100608,2017년 4월 12일 23시,수요일,경상북도 김천시 성내동,중상사고,0,1,0,0,차대사람 - 횡단중,보행자보호의무위반,건조,맑음,단일로 - 기타,승용,여,55세,상해없음,보행자,남,67세,중상
2017041200100609,2017년 4월 12일 23시,수요일,경상북도 의성군 의성읍,중상사고,0,1,0,0,차대차 - 추돌,안전운전불이행,건조,맑음,단일로 - 고가도로위,승용,남,27세,상해없음,자전거,남,39세,중상
2017041300100023,2017년 4월 13일 00시,목요일,경상북도 고령군 대가야읍,중상사고,0,1,0,2,차대차 - 추돌,안전운전불이행,건조,맑음,단일로 - 기타,승용,남,36세,상해없음,승용,남,21세,상해없음
2017041300100034,2017년 4월 13일 01시,목요일,경상북도 구미시 사곡동,경상사고,0,0,2,0,차대차 - 추돌,안전운전불이행,건조,맑음,교차로 - 교차로부근,승용,남,57세,상해없음,승용,남,61세,경상
2017041300100048,2017년 4월 13일 04시,목요일,경상북도 포항시 북구 대흥동,경상사고,0,0,1,0,차대사람 - 차도통행중,안전운전불이행,건조,맑음,단일로 - 기타,승용,남,58세,상해없음,보행자,남,49세,경상
2017041300100088,2017년 4월 13일 07시,목요일,경상북도 경산시 계양동,경상사고,0,0,1,0,차대차 - 추돌,중앙선침범,건조,맑음,교차로 - 교차로부근,승용,남,23세,상해없음,승합,남,55세,상해없음
2017041300100123,2017년 4월 13일 08시,목요일,경상북도 영천시 북안면,경상사고,0,0,1,0,차대차 - 측면충돌,안전운전불이행,건조,맑음,단일로 - 기타,승용,여,59세,상해없음,사륜오토바이(ATV),남,73세,경상
2017041300100124,2017년 4월 13일 08시,목요일,경상북도 경산시 압량면,경상사고,0,0,1,0,차대차 - 추돌,안전운전불이행,건조,맑음,교차로 - 교차로부근,승용,남,34세,상해없음,승용,여,58세,경상
2017041300100125,2017년 4월 13일 08시,목요일,경상북도 영양군 영양읍,중상사고,0,1,0,0,차대사람 - 기타,안전운전불이행,건조,맑음,단일로 - 기타,승용,남,55세,상해없음,보행자,남,72세,중상
2017041300100126,2017년 4월 13일 08시,목요일,경상북도 구미시 상모동,부상신고사고,0,0,0,1,차대사람 - 횡단중,안전운전불이행,건조,맑음,교차로 - 교차로안,승용,여,44세,상해없음,보행자,남,13세,부상신고
2017041300100155,2017년 4월 13일 09시,목요일,경상북도 문경시 모전동,경상사고,0,0,3,0,차대차 - 측면충돌,직진우회전진행방해,건조,맑음,교차로 - 교차로안,승용,여,33세,경상,승용,남,54세,경상
2017041300100156,2017년 4월 13일 09시,목요일,경상북도 포항시 남구 동촌동,경상사고,0,0,1,0,차대차 - 기타,교차로운행방법위반,건조,맑음,교차로 - 교차로안,승용,남,74세,상해없음,화물,남,55세,경상
2017041300100181,2017년 4월 13일 10시,목요일,경상북도 포항시 북구 장성동,중상사고,0,1,0,1,차대차 - 측면충돌,안전거리미확보,건조,맑음,단일로 - 기타,승용,여,60세,상해없음,승용,여,58세,부상신고
2017041300100182,2017년 4월 13일 10시,목요일,경상북도 상주시 복룡동,경상사고,0,0,1,0,차대차 - 기타,안전운전불이행,건조,맑음,교차로 - 교차로부근,승용,남,67세,상해없음,원동기,남,64세,경상
2017041300100183,2017년 4월 13일 10시,목요일,경상북도 칠곡군 약목면,경상사고,0,0,1,0,차대사람 - 횡단중,기타,건조,맑음,단일로 - 기타,승합,남,49세,상해없음,보행자,여,73세,경상
2017041300100215,2017년 4월 13일 11시,목요일,경상북도 의성군 비안면,중상사고,0,1,0,0,차대차 - 후진중충돌,안전운전불이행,건조,맑음,교차로 - 교차로안,화물,남,56세,상해없음,이륜,남,79세,중상
2017041300100216,2017년 4월 13일 11시,목요일,경상북도 영천시 자양면,중상사고,0,1,0,0,차대사람 - 횡단중,안전운전불이행,건조,맑음,단일로 - 기타,승용,남,35세,상해없음,보행자,여,84세,중상
2017041300100232,2017년 4월 13일 12시,목요일,경상북도 안동시 용상동,경상사고,0,0,1,0,차대차 - 측면충돌,교차로운행방법위반,건조,맑음,교차로 - 교차로안,승용,여,53세,상해없음,승용,남,61세,경상
2017041300100233,2017년 4월 13일 12시,목요일,경상북도 안동시 길안면,사망사고,1,2,1,0,차대차 - 정면충돌,중앙선침범,건조,맑음,기타 - 기타,승용,남,81세,사망,화물,남,65세,경상
2017041300100290,2017년 4월 13일 14시,목요일,경상북도 문경시 점촌동,경상사고,0,0,3,0,차대차 - 추돌,안전거리미확보,건조,맑음,단일로 - 기타,승합,남,53세,상해없음,승용,여,63세,경상
2017041300100291,2017년 4월 13일 14시,목요일,경상북도 경산시 하양읍,중상사고,0,1,0,0,차대차 - 측면충돌,신호위반,건조,맑음,교차로 - 교차로안,승용,여,59세,상해없음,화물,남,30세,중상
2017041300100317,2017년 4월 13일 15시,목요일,경상북도 경주시 성건동,중상사고,0,1,0,0,차대차 - 측면충돌,안전운전불이행,건조,맑음,교차로 - 교차로안,승용,여,39세,상해없음,이륜,남,77세,중상
2017041300100318,2017년 4월 13일 15시,목요일,경상북도 경주시 성건동,부상신고사고,0,0,0,2,차대차 - 측면충돌,안전거리미확보,건조,맑음,단일로 - 기타,승용,남,49세,상해없음,승용,남,19세,부상신고
2017041300100319,2017년 4월 13일 15시,목요일,경상북도 상주시 화북면,중상사고,0,1,0,0,차대차 - 기타,안전운전불이행,건조,맑음,단일로 - 터널,화물,남,35세,상해없음,원동기,여,67세,중상
2017041300100320,2017년 4월 13일 15시,목요일,경상북도 구미시 고아읍,중상사고,0,1,2,0,차대차 - 정면충돌,안전운전불이행,건조,맑음,단일로 - 터널,화물,남,62세,상해없음,승용,여,61세,경상
2017041300100336,2017년 4월 13일 16시,목요일,경상북도 영주시 부석면,중상사고,0,1,0,0,차대차 - 추돌,안전운전불이행,건조,맑음,단일로 - 기타,화물,남,58세,상해없음,승용,남,53세,중상
2017041300100376,2017년 4월 13일 17시,목요일,경상북도 안동시 대석동,경상사고,0,0,1,0,차대차 - 측면충돌,안전운전불이행,건조,맑음,교차로 - 교차로부근,농기계,남,83세,경상,승용,여,56세,상해없음
2017041300100377,2017년 4월 13일 17시,목요일,경상북도 영천시 금호읍,중상사고,0,1,1,0,차대차 - 측면충돌,신호위반,건조,맑음,교차로 - 교차로안,승용,남,60세,중상,건설기계,남,62세,경상
2017041300100413,2017년 4월 13일 18시,목요일,경상북도 영천시 고경면,경상사고,0,0,1,0,차대차 - 기타,안전운전불이행,건조,맑음,단일로 - 기타,승용,남,75세,상해없음,승용,여,48세,경상
2017041300100446,2017년 4월 13일 19시,목요일,경상북도 안동시 광석동,경상사고,0,0,1,0,차대사람 - 횡단중,안전운전불이행,건조,맑음,교차로 - 교차로횡단보도내,승용,여,45세,상해없음,보행자,여,82세,경상
2017041300100482,2017년 4월 13일 20시,목요일,경상북도 경주시 황성동,경상사고,0,0,1,0,차대차 - 측면충돌,안전운전불이행,건조,맑음,단일로 - 기타,이륜,남,52세,경상,승용,여,47세,상해없음
2017041300100513,2017년 4월 13일 21시,목요일,경상북도 경주시 황성동,중상사고,0,1,0,0,차대사람 - 길가장자리구역통행중,안전운전불이행,건조,맑음,교차로 - 교차로안,승용,남,58세,상해없음,보행자,여,40세,중상
2017041300100536,2017년 4월 13일 22시,목요일,경상북도 경산시 진량읍,경상사고,0,0,1,0,차대차 - 추돌,안전운전불이행,건조,맑음,교차로 - 교차로부근,승용,남,45세,상해없음,승용,여,49세,경상
2017041300100537,2017년 4월 13일 22시,목요일,경상북도 구미시 비산동,중상사고,0,1,0,0,차대차 - 측면충돌,안전운전불이행,건조,맑음,교차로 - 교차로부근,승합,남,53세,상해없음,화물,남,65세,상해없음
2017041300100538,2017년 4월 13일 22시,목요일,경상북도 포항시 남구 오천읍,부상신고사고,0,0,0,1,차대차 - 측면충돌,신호위반,건조,맑음,교차로 - 교차로안,이륜,남,16세,부상신고,승용,남,53세,상해없음
2017041300100560,2017년 4월 13일 23시,목요일,경상북도 경주시 성건동,경상사고,0,0,4,1,차대차 - 측면충돌,직진우회전진행방해,건조,맑음,교차로 - 교차로안,원동기,남,26세,부상신고,승용,남,41세,경상
2017041400100034,2017년 4월 14일 01시,금요일,경상북도 칠곡군 북삼읍,중상사고,0,1,0,0,차량단독 - 공작물충돌,안전운전불이행,건조,맑음,교차로 - 교차로안,승용,남,43세,상해없음,,,,
2017041400100058,2017년 4월 14일 03시,금요일,경상북도 경주시 황오동,경상사고,0,0,1,0,차대차 - 측면충돌,신호위반,건조,맑음,교차로 - 교차로안,승용,남,21세,상해없음,승용,남,23세,경상
2017041400100082,2017년 4월 14일 06시,금요일,경상북도 구미시 인의동,경상사고,0,0,1,0,차대차 - 측면충돌,교차로운행방법위반,건조,맑음,단일로 - 기타,화물,남,54세,상해없음,승용,여,66세,경상
2017041400100104,2017년 4월 14일 07시,금요일,경상북도 봉화군 석포면,사망사고,1,0,0,0,차량단독 - 전도전복,안전운전불이행,건조,맑음,단일로 - 기타,화물,남,46세,사망,미분류,미분류,미분류,미분류
2017041400100129,2017년 4월 14일 08시,금요일,경상북도 포항시 북구 죽도동,중상사고,0,1,0,0,차대차 - 측면충돌,교차로운행방법위반,건조,맑음,교차로 - 교차로안,자전거,여,53세,중상,승용,여,59세,상해없음
2017041400100130,2017년 4월 14일 08시,금요일,경상북도 칠곡군 왜관읍,부상신고사고,0,0,0,1,차대차 - 추돌,안전거리미확보,건조,맑음,교차로 - 교차로안,이륜,남,26세,부상신고,승용,남,64세,상해없음
2017041400100159,2017년 4월 14일 09시,금요일,경상북도 문경시 점촌동,중상사고,0,1,1,0,차대차 - 측면충돌,직진우회전진행방해,건조,맑음,교차로 - 교차로안,화물,남,74세,중상,화물,남,52세,경상
2017041400100179,2017년 4월 14일 10시,금요일,경상북도 경주시 양북면,사망사고,1,0,4,0,차대차 - 추돌,안전운전불이행,건조,맑음,교차로 - 교차로안,화물,남,64세,사망,승용,여,44세,경상
2017041400100180,2017년 4월 14일 10시,금요일,경상북도 안동시 옥동,중상사고,0,1,0,0,차대차 - 정면충돌,중앙선침범,건조,맑음,단일로 - 기타,승용,남,26세,상해없음,화물,남,29세,중상
2017041400100205,2017년 4월 14일 11시,금요일,경상북도 포항시 북구 양덕동,경상사고,0,0,1,0,차대차 - 측면충돌,신호위반,건조,맑음,교차로 - 교차로안,승용,여,47세,기타불명,승용,여,34세,경상
2017041400100206,2017년 4월 14일 11시,금요일,경상북도 포항시 북구 흥해읍,경상사고,0,0,1,0,차대차 - 기타,중앙선침범,건조,맑음,단일로 - 기타,자전거,여,60세,경상,이륜,남,35세,상해없음
2017041400100207,2017년 4월 14일 11시,금요일,경상북도 안동시 북문동,중상사고,0,1,0,0,차대사람 - 길가장자리구역통행중,안전운전불이행,건조,맑음,단일로 - 기타,승용,남,30세,상해없음,보행자,여,76세,중상
2017041400100208,2017년 4월 14일 11시,금요일,경상북도 영천시 신령면,경상사고,0,0,1,0,차대차 - 측면충돌,신호위반,건조,맑음,교차로 - 교차로안,승용,남,75세,상해없음,승용,남,54세,상해없음
2017041400100231,2017년 4월 14일 12시,금요일,경상북도 경주시 현곡면,중상사고,0,2,0,0,차량단독 - 공작물충돌,안전운전불이행,건조,맑음,단일로 - 기타,승용,여,61세,중상,,,,
2017041400100232,2017년 4월 14일 12시,금요일,경상북도 안동시 태화동,경상사고,0,0,1,0,차대차 - 정면충돌,교차로운행방법위반,건조,맑음,교차로 - 교차로안,승용,여,22세,상해없음,승용,남,35세,경상
2017041400100233,2017년 4월 14일 12시,금요일,경상북도 안동시 풍산읍,경상사고,0,0,1,0,차대차 - 추돌,안전운전불이행,건조,맑음,단일로 - 기타,승용,여,24세,상해없음,승용,남,40세,경상
2017041400100234,2017년 4월 14일 12시,금요일,경상북도 안동시 송현동,경상사고,0,0,1,0,차대차 - 추돌,안전운전불이행,건조,맑음,교차로 - 교차로부근,화물,남,49세,상해없음,승용,여,45세,경상
2017041400100235,2017년 4월 14일 12시,금요일,경상북도 김천시 감문면,경상사고,0,0,1,0,차대차 - 측면충돌,안전운전불이행,건조,맑음,단일로 - 기타,화물,남,76세,상해없음,이륜,여,61세,경상
2017041400100236,2017년 4월 14일 12시,금요일,경상북도 문경시 모전동,중상사고,0,1,1,0,차대차 - 측면충돌,안전운전불이행,건조,흐림,교차로 - 교차로횡단보도내,이륜,남,20세,경상,이륜,남,66세,중상
2017041400100265,2017년 4월 14일 13시,금요일,경상북도 구미시 원평동,중상사고,0,1,0,0,차대차 - 측면충돌,안전운전불이행,건조,맑음,단일로 - 기타,승용,남,34세,상해없음,이륜,남,80세,중상
2017041400100266,2017년 4월 14일 13시,금요일,경상북도 포항시 남구 연일읍,경상사고,0,0,1,0,차대사람 - 횡단중,보행자보호의무위반,건조,맑음,단일로 - 기타,승용,여,58세,상해없음,보행자,여,6세,경상
2017041400100291,2017년 4월 14일 14시,금요일,경상북도 김천시 개령면,중상사고,0,1,0,0,차대차 - 정면충돌,중앙선침범,건조,맑음,교차로 - 교차로안,건설기계,남,55세,상해없음,화물,남,54세,중상
2017041400100324,2017년 4월 14일 15시,금요일,경상북도 경주시 황오동,중상사고,0,1,4,0,차대차 - 기타,신호위반,건조,맑음,교차로 - 교차로안,승용,남,46세,경상,승용,남,40세,경상
2017041400100325,2017년 4월 14일 15시,금요일,경상북도 포항시 북구 덕수동,부상신고사고,0,0,0,1,차대차 - 측면충돌,안전운전불이행,건조,맑음,단일로 - 기타,화물,남,47세,상해없음,자전거,남,12세,부상신고
2017041400100326,2017년 4월 14일 15시,금요일,경상북도 영주시 가흥동,경상사고,0,0,1,0,차대차 - 측면충돌,신호위반,건조,맑음,교차로 - 교차로안,화물,남,57세,상해없음,원동기,남,38세,경상