사고번호,사고일시,요일,시군구,사고내용,사망자수,중상자수,경상자수,부상신고자수,사고유형,법규위반,노면상태,기상상태,도로형태,가해운전자 차종,가해운전자 성별,가해운전자 연령,가해운전자 상해정도,피해운전자 차종,피해운전자 성별,피해운전자 연령,피해운전자 상해정도
2017042400100146,2017년 4월 24일 08시,월요일,경상북도 경주시 신평동,경상사고,0,0,1,0,차대차 - 측면충돌,교차로운행방법위반,건조,맑음,교차로 - 교차로안,승용,남,60세,상해없음,승용,남,37세,경상
2017042400100147,2017년 4월 24일 08시,월요일,경상북도 포항시 북구 용흥동,경상사고,0,0,1,0,차대차 - 측면충돌,안전운전불이행,건조,맑음,교차로 - 교차로안,승용,여,44세,상해없음,자전거,남,33세,경상
2017042400100148,2017년 4월 24일 08시,월요일,경상북도 김천시 부곡동,중상사고,0,1,0,0,차대사람 - 차도통행중,안전운전불이행,건조,맑음,단일로 - 기타,화물,남,45세,상해없음,보행자,남,72세,중상
2017042400100149,2017년 4월 24일 08시,월요일,경상북도 경산시 사동,사망사고,1,0,0,0,차대차 - 측면충돌,안전운전불이행,건조,맑음,교차로 - 교차로횡단보도내,화물,남,60세,상해없음,자전거,여,75세,사망
2017042400100150,2017년 4월 24일 08시,월요일,경상북도 포항시 남구 해도동,경상사고,0,0,1,0,차대차 - 측면충돌,교차로운행방법위반,건조,맑음,단일로 - 기타,승용,여,42세,상해없음,자전거,여,49세,경상
2017042400100200,2017년 4월 24일 09시,월요일,경상북도 경주시 성건동,부상신고사고,0,0,0,1,차량단독 - 전도전복,안전운전불이행,건조,맑음,단일로 - 기타,이륜,여,25세,부상신고,미분류,미분류,미분류,미분류
2017042400100201,2017년 4월 24일 09시,월요일,경상북도 포항시 북구 기계면,경상사고,0,0,1,0,차대차 - 정면충돌,신호위반,건조,맑음,교차로 - 교차로안,화물,남,67세,상해없음,이륜,여,68세,경상
2017042400100202,2017년 4월 24일 09시,월요일,경상북도 칠곡군 석적읍,경상사고,0,0,2,1,차대차 - 측면충돌,안전운전불이행,건조,맑음,교차로 - 교차로부근,건설기계,남,61세,부상신고,건설기계,남,49세,경상
2017042400100203,2017년 4월 24일 09시,월요일,경상북도 영천시 야사동,경상사고,0,0,1,0,차대차 - 측면충돌,교차로운행방법위반,건조,맑음,교차로 - 교차로안,승용,여,61세,상해없음,승용,남,75세,경상
2017042400100229,2017년 4월 24일 10시,월요일,경상북도 안동시 남선면,경상사고,0,0,2,0,차대차 - 정면충돌,중앙선침범,건조,맑음,단일로 - 기타,승용,여,53세,경상,승용,여,50세,경상
2017042400100262,2017년 4월 24일 11시,월요일,경상북도 김천시 지좌동,경상사고,0,0,1,0,차량단독 - 전도전복 - 전복,안전운전불이행,건조,맑음,교차로 - 교차로안,이륜,남,69세,경상,,,,
2017042400100263,2017년 4월 24일 11시,월요일,경상북도 김천시 백옥동,경상사고,0,0,1,0,차대차 - 측면충돌,안전운전불이행,건조,맑음,교차로 - 교차로안,승용,남,73세,상해없음,승합,남,52세,상해없음
2017042400100264,2017년 4월 24일 11시,월요일,경상북도 경산시 압량면,경상사고,0,0,1,0,차대차 - 측면충돌,안전운전불이행,건조,맑음,단일로 - 기타,화물,남,67세,상해없음,자전거,여,82세,경상
2017042400100265,2017년 4월 24일 11시,월요일,경상북도 고령군 대가야읍,경상사고,0,0,1,0,차대차 - 측면충돌,교차로운행방법위반,건조,맑음,교차로 - 교차로부근,승용,여,58세,상해없음,이륜,여,73세,경상
2017042400100266,2017년 4월 24일 11시,월요일,경상북도 포항시 남구 오천읍,경상사고,0,0,3,0,차대차 - 측면충돌,직진우회전진행방해,건조,맑음,교차로 - 교차로안,화물,남,58세,경상,승용,남,38세,경상
2017042400100267,2017년 4월 24일 11시,월요일,경상북도 포항시 남구 이동,중상사고,0,1,0,0,차량단독 - 기타,기타,건조,맑음,교차로 - 교차로부근,승용,남,50세,상해없음,,,,
2017042400100281,2017년 4월 24일 12시,월요일,경상북도 경주시 동천동,경상사고,0,0,1,0,차대차 - 측면충돌,안전운전불이행,건조,맑음,교차로 - 교차로안,승용,남,53세,상해없음,자전거,여,72세,경상
2017042400100311,2017년 4월 24일 13시,월요일,경상북도 군위군 효령면,경상사고,0,0,4,0,차대차 - 측면충돌,안전운전불이행,건조,맑음,단일로 - 기타,승합,남,52세,상해없음,건설기계,남,45세,경상
2017042400100312,2017년 4월 24일 13시,월요일,경상북도 포항시 남구 송도동,경상사고,0,0,1,3,차대차 - 측면충돌,직진우회전진행방해,건조,맑음,교차로 - 교차로안,화물,여,51세,부상신고,승용,여,41세,부상신고
2017042400100313,2017년 4월 24일 13시,월요일,경상북도 포항시 남구 효자동,경상사고,0,0,2,0,차대차 - 측면충돌,안전운전불이행,건조,맑음,단일로 - 기타,승용,남,59세,경상,승용,여,38세,경상
2017042400100351,2017년 4월 24일 14시,월요일,경상북도 영덕군 축산면,경상사고,0,0,1,0,차량단독 - 전도전복,중앙선침범,건조,맑음,단일로 - 기타,승용,여,30세,상해없음,미분류,미분류,미분류,미분류
2017042400100352,2017년 4월 24일 14시,월요일,경상북도 영덕군 영덕읍,중상사고,0,1,0,0,차대차 - 측면충돌,교차로운행방법위반,건조,맑음,교차로 - 교차로안,승용,여,58세,상해없음,자전거,남,75세,중상
2017042400100379,2017년 4월 24일 15시,월요일,경상북도 상주시 남성동,중상사고,0,1,0,0,차대사람 - 횡단중,안전운전불이행,건조,맑음,단일로 - 기타,기타불명,기타불명,미분류,기타불명,보행자,여,8세,중상
2017042400100380,2017년 4월 24일 15시,월요일,경상북도 경산시 대동,중상사고,0,1,0,0,차대차 - 정면충돌,안전운전불이행,건조,맑음,단일로 - 기타,이륜,남,34세,중상,승용,남,47세,상해없음
2017042400100381,2017년 4월 24일 15시,월요일,경상북도 구미시 임은동,경상사고,0,0,1,1,차대차 - 정면충돌,교차로운행방법위반,건조,맑음,교차로 - 교차로안,화물,남,35세,부상신고,승용,남,40세,경상
2017042400100409,2017년 4월 24일 16시,월요일,경상북도 경주시 율동,부상신고사고,0,0,0,1,차대차 - 추돌,안전운전불이행,건조,맑음,단일로 - 기타,기타불명,기타불명,미분류,기타불명,원동기,남,63세,부상신고
2017042400100410,2017년 4월 24일 16시,월요일,경상북도 영천시 금호읍,경상사고,0,0,1,0,차대차 - 기타,안전운전불이행,건조,맑음,교차로 - 교차로부근,승용,여,63세,경상,승용,남,78세,상해없음
2017042400100411,2017년 4월 24일 16시,월요일,경상북도 청도군 청도읍,중상사고,0,1,0,0,차대사람 - 횡단중,보행자보호의무위반,건조,맑음,단일로 - 기타,승용,여,32세,상해없음,보행자,여,54세,중상
2017042400100412,2017년 4월 24일 16시,월요일,경상북도 구미시 도량동,경상사고,0,0,2,0,차대차 - 정면충돌,안전운전불이행,건조,맑음,단일로 - 기타,승용,여,35세,상해없음,승합,남,52세,경상
2017042400100447,2017년 4월 24일 17시,월요일,경상북도 문경시 모전동,경상사고,0,0,1,0,차대차 - 기타,안전운전불이행,건조,맑음,교차로 - 교차로안,승용,남,57세,상해없음,자전거,남,10세,경상
2017042400100448,2017년 4월 24일 17시,월요일,경상북도 포항시 남구 오천읍,중상사고,0,1,0,0,차대차 - 측면충돌,안전거리미확보,건조,맑음,단일로 - 기타,화물,남,61세,상해없음,이륜,남,61세,중상
2017042400100449,2017년 4월 24일 17시,월요일,경상북도 포항시 남구 상도동,경상사고,0,0,2,0,차대차 - 기타,안전운전불이행,건조,맑음,단일로 - 기타,승용,여,53세,경상,화물,남,44세,경상
2017042400100486,2017년 4월 24일 18시,월요일,경상북도 영천시 완산동,중상사고,0,1,0,0,차대차 - 측면충돌,교차로운행방법위반,건조,맑음,교차로 - 교차로안,원동기,남,63세,중상,승용,남,52세,상해없음
2017042400100487,2017년 4월 24일 18시,월요일,경상북도 구미시 송정동,경상사고,0,0,1,0,차대차 - 정면충돌,안전운전불이행,건조,맑음,단일로 - 기타,승용,남,28세,상해없음,이륜,남,21세,경상
2017042400100488,2017년 4월 24일 18시,월요일,경상북도 구미시 공단동,중상사고,0,1,0,0,차대사람 - 길가장자리구역통행중,안전운전불이행,건조,맑음,단일로 - 기타,승용,남,60세,상해없음,보행자,여,10세,중상
2017042400100489,2017년 4월 24일 18시,월요일,경상북도 포항시 남구 오천읍,경상사고,0,0,2,0,차대차 - 측면충돌,직진우회전진행방해,건조,맑음,교차로 - 교차로안,승용,남,28세,경상,이륜,남,65세,경상
2017042400100524,2017년 4월 24일 19시,월요일,경상북도 영주시 풍기읍,중상사고,0,1,0,0,차대차 - 측면충돌,안전운전불이행,건조,맑음,단일로 - 기타,승용,남,66세,상해없음,화물,남,56세,중상
2017042400100525,2017년 4월 24일 19시,월요일,경상북도 칠곡군 왜관읍,사망사고,1,0,0,0,차량단독 - 전도전복,안전운전불이행,건조,맑음,단일로 - 기타,이륜,남,72세,사망,미분류,미분류,미분류,미분류
2017042400100526,2017년 4월 24일 19시,월요일,경상북도 영천시 성내동,경상사고,0,0,2,0,차대차 - 추돌,안전운전불이행,건조,맑음,교차로 - 교차로부근,화물,남,66세,상해없음,승용,남,38세,경상
2017042400100527,2017년 4월 24일 19시,월요일,경상북도 경산시 진량읍,경상사고,0,0,1,0,차대차 - 기타,안전운전불이행,건조,맑음,단일로 - 기타,승용,남,21세,상해없음,이륜,남,21세,경상
2017042400100528,2017년 4월 24일 19시,월요일,경상북도 군위군 군위읍,중상사고,0,1,0,0,차대사람 - 길가장자리구역통행중,안전운전불이행,건조,맑음,단일로 - 기타,화물,여,57세,상해없음,보행자,여,77세,중상
2017042400100559,2017년 4월 24일 20시,월요일,경상북도 상주시 남성동,경상사고,0,0,1,0,차량단독 - 전도전복,안전운전불이행,젖음/습기,맑음,단일로 - 기타,자전거,남,54세,경상,미분류,미분류,미분류,미분류
2017042400100560,2017년 4월 24일 20시,월요일,경상북도 영주시 가흥동,경상사고,0,0,2,0,차대차 - 측면충돌,신호위반,건조,맑음,교차로 - 교차로안,승용,여,33세,상해없음,승용,여,55세,경상
2017042400100561,2017년 4월 24일 20시,월요일,경상북도 영천시 망정동,중상사고,0,1,0,0,차대차 - 측면충돌,직진우회전진행방해,건조,맑음,교차로 - 교차로안,승용,남,57세,상해없음,이륜,남,33세,중상
2017042400100589,2017년 4월 24일 21시,월요일,경상북도 봉화군 봉화읍,중상사고,0,1,0,0,차대차 - 측면충돌,교차로운행방법위반,건조,맑음,교차로 - 교차로안,승용,여,41세,상해없음,원동기,남,50세,중상
2017042400100606,2017년 4월 24일 22시,월요일,경상북도 포항시 북구 장성동,경상사고,0,0,3,0,차대차 - 측면충돌,직진우회전진행방해,건조,맑음,교차로 - 교차로안,승용,남,37세,상해없음,승용,남,55세,경상
2017042500100033,2017년 4월 25일 01시,화요일,경상북도 경산시 중방동,경상사고,0,0,2,0,차대차 - 측면충돌,신호위반,건조,맑음,교차로 - 교차로안,승용,여,31세,상해없음,승용,남,45세,경상
2017042500100034,2017년 4월 25일 01시,화요일,경상북도 경산시 압량면,경상사고,0,0,3,0,차대차 - 기타,안전운전불이행,건조,맑음,교차로 - 교차로부근,승용,남,37세,경상,승용,남,37세,경상
2017042500100047,2017년 4월 25일 04시,화요일,경상북도 경주시 동방동,경상사고,0,0,2,0,차대차 - 추돌,안전운전불이행,건조,맑음,단일로 - 기타,화물,남,68세,상해없음,화물,남,30세,경상
2017042500100062,2017년 4월 25일 06시,화요일,경상북도 청송군 진보면,경상사고,0,0,1,0,차량단독 - 공작물충돌,안전운전불이행,건조,맑음,교차로 - 교차로부근,화물,남,66세,상해없음,,,,
2017042500100113,2017년 4월 25일 08시,화요일,경상북도 포항시 북구 두호동,중상사고,0,1,1,0,차대차 - 측면충돌,직진우회전진행방해,건조,맑음,교차로 - 교차로안,승용,남,55세,중상,승용,남,46세,경상
2017042500100114,2017년 4월 25일 08시,화요일,경상북도 상주시 낙양동,경상사고,0,0,1,0,차대차 - 기타,안전운전불이행,건조,맑음,교차로 - 교차로부근,자전거,남,15세,경상,승합,남,34세,상해없음
2017042500100115,2017년 4월 25일 08시,화요일,경상북도 구미시 옥계동,부상신고사고,0,0,0,1,차대차 - 측면충돌,안전운전불이행,건조,맑음,교차로 - 교차로안,자전거,남,65세,부상신고,승용,남,32세,상해없음
2017042500100147,2017년 4월 25일 09시,화요일,경상북도 안동시 옥동,중상사고,0,1,0,0,차대차 - 측면충돌,중앙선침범,건조,맑음,단일로 - 기타,승용,남,23세,상해없음,승용,여,37세,상해없음
2017042500100148,2017년 4월 25일 09시,화요일,경상북도 김천시 지좌동,경상사고,0,0,1,0,차대차 - 측면충돌,신호위반,건조,맑음,교차로 - 교차로안,화물,남,59세,상해없음,승용,남,56세,경상
2017042500100149,2017년 4월 25일 09시,화요일,경상북도 영주시 평은면,경상사고,0,0,1,0,차대차 - 측면충돌,안전운전불이행,건조,맑음,단일로 - 기타,화물,남,68세,상해없음,승용,남,36세,경상
2017042500100150,2017년 4월 25일 09시,화요일,경상북도 예천군 예천읍,중상사고,0,1,0,0,차대차 - 측면충돌,안전운전불이행,건조,맑음,교차로 - 교차로안,승용,남,25세,상해없음,승용,남,56세,상해없음
2017042500100151,2017년 4월 25일 09시,화요일,경상북도 구미시 공단동,중상사고,0,1,0,0,차대차 - 정면충돌,안전운전불이행,건조,맑음,교차로 - 교차로안,승용,남,37세,상해없음,승용,남,69세,중상
2017042500100175,2017년 4월 25일 10시,화요일,경상북도 칠곡군 왜관읍,경상사고,0,0,1,0,차대차 - 추돌,안전운전불이행,건조,맑음,단일로 - 기타,건설기계,남,51세,상해없음,화물,남,35세,경상
2017042500100176,2017년 4월 25일 10시,화요일,경상북도 영천시 고경면,중상사고,0,1,5,0,차대차 - 측면충돌,안전운전불이행,건조,맑음,교차로 - 교차로안,승용,남,67세,경상,화물,남,72세,경상
2017042500100177,2017년 4월 25일 10시,화요일,경상북도 구미시 신평동,경상사고,0,0,1,0,차대차 - 측면충돌,안전운전불이행,건조,맑음,단일로 - 기타,화물,남,47세,상해없음,승용,남,40세,경상
2017042500100194,2017년 4월 25일 11시,화요일,경상북도 경주시 황성동,중상사고,0,1,0,0,차량단독 - 전도전복,안전운전불이행,건조,맑음,교차로 - 교차로부근,자전거,남,59세,중상,미분류,미분류,미분류,미분류
2017042500100195,2017년 4월 25일 11시,화요일,경상북도 구미시 진평동,부상신고사고,0,0,0,1,차대차 - 측면충돌,교차로운행방법위반,건조,맑음,교차로 - 교차로안,승용,남,25세,부상신고,승용,남,32세,상해없음
2017042500100229,2017년 4월 25일 12시,화요일,경상북도 문경시 모전동,중상사고,0,1,0,0,차대차 - 추돌,안전운전불이행,건조,맑음,단일로 - 기타,원동기,남,65세,중상,승용,여,44세,기타불명
2017042500100230,2017년 4월 25일 12시,화요일,경상북도 경산시 중방동,경상사고,0,0,1,0,차대차 - 정면충돌,신호위반,건조,맑음,교차로 - 교차로안,승용,여,53세,상해없음,승용,남,57세,경상
2017042500100231,2017년 4월 25일 12시,화요일,경상북도 청도군 청도읍,중상사고,0,1,2,0,차대차 - 측면충돌,불법유턴,건조,맑음,단일로 - 기타,승용,남,32세,경상,승용,남,74세,경상
2017042500100288,2017년 4월 25일 14시,화요일,경상북도 포항시 북구 두호동,중상사고,0,1,0,0,차대사람 - 차도통행중,안전운전불이행,건조,맑음,교차로 - 교차로안,승용,여,42세,상해없음,보행자,여,85세,중상
2017042500100289,2017년 4월 25일 14시,화요일,경상북도 포항시 북구 두호동,경상사고,0,0,1,0,차대차 - 정면충돌,중앙선침범,건조,맑음,교차로 - 교차로안,원동기,남,33세,경상,승용,남,25세,상해없음
2017042500100290,2017년 4월 25일 14시,화요일,경상북도 안동시 송현동,경상사고,0,0,1,0,차대사람 - 횡단중,안전운전불이행,건조,맑음,단일로 - 기타,승용,여,42세,상해없음,보행자,여,49세,경상
2017042500100291,2017년 4월 25일 14시,화요일,경상북도 안동시 풍천면,경상사고,0,0,3,0,차대차 - 측면충돌,신호위반,건조,맑음,교차로 - 교차로안,승용,여,52세,상해없음,승용,남,37세,경상
2017042500100292,2017년 4월 25일 14시,화요일,경상북도 영주시 하망동,경상사고,0,0,1,0,차대사람 - 횡단중,안전운전불이행,건조,맑음,단일로 - 기타,승용,남,60세,상해없음,보행자,여,73세,경상
2017042500100328,2017년 4월 25일 15시,화요일,경상북도 영천시 금호읍,경상사고,0,0,1,0,차대차 - 추돌,안전거리미확보,건조,맑음,단일로 - 기타,화물,남,74세,상해없음,승용,여,31세,경상
2017042500100329,2017년 4월 25일 15시,화요일,경상북도 경산시 하양읍,중상사고,0,2,0,0,차대차 - 정면충돌,교차로운행방법위반,건조,맑음,교차로 - 교차로안,화물,남,70세,상해없음,이륜,남,84세,중상
2017042500100360,2017년 4월 25일 16시,화요일,경상북도 영천시 문외동,경상사고,0,0,1,0,차대차 - 측면충돌,교차로운행방법위반,건조,맑음,교차로 - 교차로안,승용,남,53세,상해없음,원동기,남,30세,경상
2017042500100361,2017년 4월 25일 16시,화요일,경상북도 영덕군 강구면,경상사고,0,0,5,0,차대차 - 추돌,안전거리미확보,건조,맑음,교차로 - 교차로부근,승용,남,43세,상해없음,승용,남,52세,경상
2017042500100362,2017년 4월 25일 16시,화요일,경상북도 영덕군 강구면,경상사고,0,0,1,0,차대사람 - 횡단중,안전운전불이행,건조,맑음,기타 - 기타,승용,여,34세,상해없음,보행자,여,89세,경상
2017042500100363,2017년 4월 25일 16시,화요일,경상북도 구미시 고아읍,부상신고사고,0,0,0,1,차량단독 - 공작물충돌,안전운전불이행,건조,맑음,교차로 - 교차로부근,승용,남,52세,부상신고,,,,
2017042500100364,2017년 4월 25일 16시,화요일,경상북도 구미시 송정동,경상사고,0,0,1,0,차대차 - 측면충돌,중앙선침범,건조,맑음,단일로 - 기타,자전거,남,11세,경상,이륜,남,47세,상해없음
2017042500100422,2017년 4월 25일 18시,화요일,경상북도 경주시 노서동,중상사고,0,1,0,0,차대차 - 측면충돌,안전운전불이행,건조,맑음,교차로 - 교차로횡단보도내,승용,남,57세,상해없음,자전거,여,27세,중상
2017042500100423,2017년 4월 25일 18시,화요일,경상북도 안동시 천리동,사망사고,1,0,0,0,차대사람 - 기타,안전운전불이행,건조,맑음,단일로 - 기타,승합,남,60세,상해없음,보행자,남,44세,사망
2017042500100424,2017년 4월 25일 18시,화요일,경상북도 영주시 휴천동,경상사고,0,0,1,0,차대사람 - 횡단중,보행자보호의무위반,건조,맑음,단일로 - 기타,승용,여,55세,상해없음,보행자,여,19세,경상
2017042500100425,2017년 4월 25일 18시,화요일,경상북도 경산시 하양읍,경상사고,0,0,1,0,차대차 - 기타,안전운전불이행,건조,맑음,단일로 - 기타,승용,남,66세,상해없음,자전거,남,54세,경상
2017042500100426,2017년 4월 25일 18시,화요일,경상북도 경산시 사동,중상사고,0,1,0,0,차대차 - 기타,안전운전불이행,건조,맑음,단일로 - 기타,승용,여,44세,상해없음,자전거,남,13세,중상
2017042500100427,2017년 4월 25일 18시,화요일,경상북도 경산시 진량읍,경상사고,0,0,2,0,차대차 - 측면충돌,신호위반,건조,맑음,교차로 - 교차로안,이륜,남,21세,경상,승용,남,45세,경상
2017042500100456,2017년 4월 25일 19시,화요일,경상북도 상주시 남성동,경상사고,0,0,1,0,차대차 - 기타,중앙선침범,건조,맑음,교차로 - 교차로부근,원동기,남,51세,상해없음,자전거,남,54세,경상
2017042500100457,2017년 4월 25일 19시,화요일,경상북도 의성군 비안면,중상사고,0,1,0,0,차대사람 - 횡단중,안전운전불이행,건조,맑음,기타 - 기타,승용,남,20세,상해없음,보행자,여,55세,중상
2017042500100477,2017년 4월 25일 20시,화요일,경상북도 안동시 운안동,경상사고,0,0,1,0,차대차 - 추돌,안전거리미확보,건조,맑음,교차로 - 교차로안,이륜,남,54세,경상,승용,여,48세,상해없음
2017042500100478,2017년 4월 25일 20시,화요일,경상북도 의성군 의성읍,경상사고,0,0,1,0,차량단독 - 전도전복,안전운전불이행,건조,맑음,단일로 - 기타,이륜,남,52세,경상,미분류,미분류,미분류,미분류
2017042500100479,2017년 4월 25일 20시,화요일,경상북도 경산시 진량읍,경상사고,0,0,1,0,차대차 - 정면충돌,안전운전불이행,건조,맑음,단일로 - 기타,화물,남,61세,상해없음,이륜,남,21세,경상
2017042500100480,2017년 4월 25일 20시,화요일,경상북도 구미시 인의동,중상사고,0,1,0,0,차대차 - 측면충돌,직진우회전진행방해,건조,맑음,교차로 - 교차로안,원동기,남,50세,중상,승용,남,28세,상해없음
2017042500100481,2017년 4월 25일 20시,화요일,경상북도 군위군 군위읍,중상사고,0,1,1,0,차대차 - 추돌,안전운전불이행,건조,맑음,단일로 - 기타,승합,남,56세,상해없음,승용,남,49세,경상
2017042500100501,2017년 4월 25일 21시,화요일,경상북도 안동시 정하동,경상사고,0,0,1,0,차대차 - 측면충돌,직진우회전진행방해,건조,맑음,교차로 - 교차로안,승용,여,56세,상해없음,승용,남,57세,경상
2017042500100502,2017년 4월 25일 21시,화요일,경상북도 김천시 율곡동,중상사고,0,3,0,0,차대차 - 측면충돌,신호위반,건조,맑음,교차로 - 교차로안,승용,남,37세,상해없음,승용,남,54세,중상
2017042500100503,2017년 4월 25일 21시,화요일,경상북도 칠곡군 왜관읍,경상사고,0,0,1,0,차대차 - 추돌,안전운전불이행,건조,맑음,교차로 - 교차로부근,승용,여,63세,상해없음,승용,여,46세,경상
2017042500100529,2017년 4월 25일 22시,화요일,경상북도 의성군 의성읍,중상사고,0,1,0,0,차대사람 - 횡단중,안전운전불이행,건조,맑음,교차로 - 교차로안,승용,남,38세,상해없음,보행자,남,54세,중상
2017042500100545,2017년 4월 25일 23시,화요일,경상북도 경산시 조영동,중상사고,0,1,0,0,차대차 - 측면충돌,불법유턴,건조,맑음,교차로 - 교차로부근,승용,남,24세,상해없음,승용,남,62세,중상
2017042500100546,2017년 4월 25일 23시,화요일,경상북도 울진군 근남면,부상신고사고,0,0,0,1,차량단독 - 전도전복,안전운전불이행,건조,맑음,단일로 - 기타,승용,여,51세,부상신고,미분류,미분류,미분류,미분류
2017042600100027,2017년 4월 26일 00시,수요일,경상북도 구미시 인의동,부상신고사고,0,0,0,1,차대차 - 측면충돌,신호위반,젖음/습기,비,단일로 - 기타,승용,남,36세,부상신고,승용,남,28세,상해없음
2017042600100047,2017년 4월 26일 02시,수요일,경상북도 경주시 안강읍,경상사고,0,0,2,0,차대차 - 측면충돌,안전운전불이행,젖음/습기,비,교차로 - 교차로안,승용,남,31세,상해없음,승용,남,22세,경상
2017042600100063,2017년 4월 26일 04시,수요일,경상북도 구미시 진평동,경상사고,0,0,1,0,차대차 - 정면충돌,안전운전불이행,건조,맑음,단일로 - 기타,승용,남,22세,상해없음,승용,여,54세,경상
2017042600100073,2017년 4월 26일 05시,수요일,경상북도 포항시 북구 항구동,중상사고,0,1,0,0,차대사람 - 차도통행중,안전운전불이행,건조,맑음,교차로 - 교차로부근,기타불명,기타불명,미분류,기타불명,보행자,여,20세,중상
2017042600100142,2017년 4월 26일 08시,수요일,경상북도 경주시 용강동,경상사고,0,0,1,0,차대차 - 측면충돌,안전운전불이행,건조,맑음,교차로 - 교차로부근,승합,남,64세,상해없음,승용,여,46세,경상
2017042600100143,2017년 4월 26일 08시,수요일,경상북도 영주시 상망동,경상사고,0,0,1,0,차대차 - 추돌,안전운전불이행,건조,맑음,단일로 - 기타,승용,남,44세,상해없음,승합,남,62세,경상
2017042600100144,2017년 4월 26일 08시,수요일,경상북도 칠곡군 석적읍,경상사고,0,0,3,0,차대차 - 측면충돌,안전운전불이행,건조,맑음,교차로 - 교차로안,승용,남,25세,경상,승용,남,28세,경상
2017042600100185,2017년 4월 26일 09시,수요일,경상북도 김천시 용두동,경상사고,0,0,1,0,차대차 - 측면충돌,안전운전불이행,건조,맑음,교차로 - 교차로부근,건설기계,남,57세,상해없음,승용,남,53세,경상
2017042600100186,2017년 4월 26일 09시,수요일,경상북도 칠곡군 가산면,중상사고,0,2,0,0,차대차 - 정면충돌,안전운전불이행,건조,맑음,단일로 - 기타,승용,남,67세,중상,화물,남,57세,중상
2017042600100244,2017년 4월 26일 11시,수요일,경상북도 김천시 평화동,경상사고,0,0,2,0,차대차 - 정면충돌,교차로운행방법위반,건조,맑음,교차로 - 교차로안,승용,여,39세,상해없음,승용,남,59세,경상
2017042600100245,2017년 4월 26일 11시,수요일,경상북도 상주시 낙동면,경상사고,0,0,1,0,차대차 - 측면충돌,안전운전불이행,건조,맑음,단일로 - 기타,화물,남,53세,상해없음,승용,남,41세,경상
2017042600100246,2017년 4월 26일 11시,수요일,경상북도 포항시 남구 송도동,부상신고사고,0,0,0,1,차대차 - 측면충돌,직진우회전진행방해,건조,맑음,교차로 - 교차로안,승용,남,43세,상해없음,이륜,남,70세,부상신고
2017042600100275,2017년 4월 26일 12시,수요일,경상북도 영주시 풍기읍,중상사고,0,1,0,0,차대사람 - 횡단중,안전운전불이행,건조,맑음,단일로 - 기타,원동기,남,27세,상해없음,보행자,여,72세,중상
2017042600100276,2017년 4월 26일 12시,수요일,경상북도 군위군 군위읍,경상사고,0,0,1,0,차대차 - 정면충돌,직진우회전진행방해,건조,맑음,교차로 - 교차로안,건설기계,남,54세,상해없음,화물,남,46세,경상
2017042600100307,2017년 4월 26일 13시,수요일,경상북도 영주시 단산면,중상사고,0,1,0,0,차대차 - 기타,중앙선침범,건조,맑음,단일로 - 기타,승용,여,60세,상해없음,승용,여,56세,중상
2017042600100308,2017년 4월 26일 13시,수요일,경상북도 성주군 선남면,경상사고,0,0,1,0,차대사람 - 기타,안전운전불이행,건조,맑음,기타 - 기타,승용,여,56세,상해없음,보행자,남,44세,경상
2017042600100379,2017년 4월 26일 15시,수요일,경상북도 성주군 성주읍,경상사고,0,0,1,0,차대사람 - 횡단중,보행자보호의무위반,건조,맑음,단일로 - 기타,화물,남,59세,상해없음,보행자,남,7세,경상
2017042600100411,2017년 4월 26일 16시,수요일,경상북도 상주시 이안면,중상사고,0,1,0,0,차대차 - 측면충돌,교차로운행방법위반,건조,맑음,교차로 - 교차로안,이륜,남,73세,중상,화물,남,37세,상해없음
2017042600100453,2017년 4월 26일 17시,수요일,경상북도 포항시 북구 장성동,경상사고,0,0,1,0,차대차 - 측면충돌,안전운전불이행,건조,맑음,교차로 - 교차로부근,승용,남,40세,상해없음,원동기,남,42세,경상
2017042600100454,2017년 4월 26일 17시,수요일,경상북도 김천시 아포읍,사망사고,1,0,0,0,차대차 - 추돌,안전운전불이행,건조,맑음,단일로 - 기타,화물,남,61세,상해없음,농기계,남,50세,사망
2017042600100492,2017년 4월 26일 18시,수요일,경상북도 포항시 북구 죽도동,중상사고,0,1,0,0,차대사람 - 기타,안전운전불이행,건조,맑음,단일로 - 기타,승합,남,54세,상해없음,보행자,남,59세,중상
2017042600100493,2017년 4월 26일 18시,수요일,경상북도 안동시 옥동,경상사고,0,0,1,0,차대차 - 측면충돌,교차로운행방법위반,건조,맑음,교차로 - 교차로안,승용,여,28세,상해없음,승용,남,44세,경상
2017042600100535,2017년 4월 26일 19시,수요일,경상북도 경주시 황성동,경상사고,0,0,1,0,차대차 - 측면충돌,안전운전불이행,건조,맑음,단일로 - 기타,화물,남,61세,상해없음,자전거,남,77세,경상
2017042600100560,2017년 4월 26일 20시,수요일,경상북도 포항시 북구 흥해읍,중상사고,0,1,0,0,차대차 - 추돌,안전운전불이행,건조,맑음,단일로 - 기타,화물,남,43세,중상,승합,남,44세,상해없음
2017042600100561,2017년 4월 26일 20시,수요일,경상북도 영천시 문외동,중상사고,0,1,0,0,차대사람 - 횡단중,안전운전불이행,건조,맑음,단일로 - 기타,승용,남,45세,상해없음,보행자,여,59세,중상
2017042600100593,2017년 4월 26일 21시,수요일,경상북도 경주시 노서동,경상사고,0,0,1,0,차대사람 - 횡단중,안전운전불이행,건조,맑음,단일로 - 기타,승용,여,56세,상해없음,보행자,남,54세,경상