사고번호,사고일시,요일,시군구,사고내용,사망자수,중상자수,경상자수,부상신고자수,사고유형,법규위반,노면상태,기상상태,도로형태,가해운전자 차종,가해운전자 성별,가해운전자 연령,가해운전자 상해정도,피해운전자 차종,피해운전자 성별,피해운전자 연령,피해운전자 상해정도
2017042600100594,2017년 4월 26일 21시,수요일,경상북도 영천시 야사동,경상사고,0,0,1,0,차대사람 - 차도통행중,안전운전불이행,건조,맑음,단일로 - 기타,승용,남,57세,상해없음,보행자,남,46세,경상
2017042600100595,2017년 4월 26일 21시,수요일,경상북도 구미시 사곡동,경상사고,0,0,1,0,차대차 - 측면충돌,교차로운행방법위반,건조,맑음,교차로 - 교차로안,승용,남,48세,상해없음,이륜,남,20세,경상
2017042600100596,2017년 4월 26일 21시,수요일,경상북도 경주시 서면,경상사고,0,0,1,0,차대차 - 추돌,안전거리미확보,건조,맑음,단일로 - 기타,승용,여,37세,상해없음,승용,남,42세,경상
2017042600100623,2017년 4월 26일 22시,수요일,경상북도 경주시 동천동,경상사고,0,0,2,0,차대차 - 측면충돌,안전운전불이행,건조,맑음,단일로 - 기타,승용,남,19세,상해없음,이륜,남,16세,경상
2017042600100624,2017년 4월 26일 22시,수요일,경상북도 포항시 북구 두호동,경상사고,0,0,2,0,차대차 - 측면충돌,안전운전불이행,건조,맑음,단일로 - 기타,승용,남,48세,상해없음,승용,남,34세,경상
2017042700100023,2017년 4월 27일 00시,목요일,경상북도 경산시 평산동,경상사고,0,0,1,0,차대차 - 측면충돌,중앙선침범,건조,맑음,단일로 - 기타,승용,남,37세,상해없음,승용,여,55세,경상
2017042700100044,2017년 4월 27일 02시,목요일,경상북도 울진군 북면,사망사고,1,0,0,0,차대사람 - 횡단중,안전운전불이행,건조,맑음,단일로 - 기타,화물,남,42세,상해없음,보행자,여,78세,사망
2017042700100051,2017년 4월 27일 03시,목요일,경상북도 구미시 공단동,경상사고,0,0,3,0,차대차 - 정면충돌,신호위반,건조,맑음,교차로 - 교차로안,승용,여,35세,상해없음,승용,남,34세,경상
2017042700100104,2017년 4월 27일 07시,목요일,경상북도 경산시 진량읍,중상사고,0,1,0,0,차대사람 - 횡단중,안전운전불이행,건조,맑음,단일로 - 기타,승용,남,46세,상해없음,보행자,남,26세,중상
2017042700100105,2017년 4월 27일 07시,목요일,경상북도 구미시 진평동,경상사고,0,0,1,0,차대차 - 추돌,안전운전불이행,건조,맑음,교차로 - 교차로부근,승용,여,25세,상해없음,승용,여,59세,경상
2017042700100142,2017년 4월 27일 08시,목요일,경상북도 안동시 옥동,경상사고,0,0,1,0,차대차 - 측면충돌,교차로운행방법위반,건조,맑음,교차로 - 교차로안,승용,여,43세,상해없음,이륜,남,76세,경상
2017042700100143,2017년 4월 27일 08시,목요일,경상북도 의성군 의성읍,경상사고,0,0,1,0,차대사람 - 횡단중,기타,건조,맑음,교차로 - 교차로안,승용,여,47세,상해없음,보행자,남,9세,경상
2017042700100144,2017년 4월 27일 08시,목요일,경상북도 의성군 점곡면,중상사고,0,1,0,0,차대차 - 정면충돌,안전운전불이행,건조,맑음,교차로 - 교차로안,승용,남,43세,상해없음,승용,여,42세,중상
2017042700100145,2017년 4월 27일 08시,목요일,경상북도 영천시 금노동,중상사고,0,1,2,0,차대차 - 측면충돌,안전운전불이행,건조,맑음,단일로 - 기타,승용,여,33세,상해없음,승합,남,46세,경상
2017042700100146,2017년 4월 27일 08시,목요일,경상북도 경산시 진량읍,경상사고,0,0,1,0,차대사람 - 차도통행중,안전운전불이행,건조,맑음,단일로 - 기타,승용,남,24세,상해없음,보행자,여,22세,경상
2017042700100147,2017년 4월 27일 08시,목요일,경상북도 군위군 소보면,중상사고,0,1,0,0,차량단독 - 전도전복 - 전도,안전운전불이행,건조,맑음,단일로 - 기타,이륜,남,76세,중상,,,,
2017042700100176,2017년 4월 27일 09시,목요일,경상북도 경주시 교동,경상사고,0,0,2,0,차대차 - 측면충돌,안전운전불이행,건조,맑음,교차로 - 교차로안,승용,남,69세,상해없음,승용,여,51세,경상
2017042700100177,2017년 4월 27일 09시,목요일,경상북도 포항시 북구 죽도동,중상사고,0,1,0,0,차대차 - 측면충돌,직진우회전진행방해,건조,맑음,교차로 - 교차로안,승용,여,51세,상해없음,자전거,여,62세,중상
2017042700100203,2017년 4월 27일 10시,목요일,경상북도 경주시 성건동,중상사고,0,1,0,0,차대차 - 측면충돌,안전운전불이행,건조,맑음,교차로 - 교차로부근,화물,남,56세,상해없음,자전거,여,73세,중상
2017042700100225,2017년 4월 27일 11시,목요일,경상북도 김천시 평화동,중상사고,0,1,0,0,차대사람 - 횡단중,안전운전불이행,건조,맑음,단일로 - 기타,승용,여,44세,상해없음,보행자,여,77세,중상
2017042700100226,2017년 4월 27일 11시,목요일,경상북도 영천시 금호읍,경상사고,0,0,1,0,차대차 - 측면충돌,교차로운행방법위반,건조,맑음,교차로 - 교차로안,승용,여,30세,상해없음,승용,여,61세,경상
2017042700100247,2017년 4월 27일 12시,목요일,경상북도 포항시 북구 용흥동,경상사고,0,0,1,0,차대차 - 측면충돌,중앙선침범,건조,맑음,단일로 - 기타,자전거,남,70세,경상,승용,남,47세,상해없음
2017042700100248,2017년 4월 27일 12시,목요일,경상북도 예천군 예천읍,경상사고,0,0,1,0,차대사람 - 횡단중,보행자보호의무위반,건조,맑음,교차로 - 교차로횡단보도내,이륜,남,62세,상해없음,보행자,여,80세,경상
2017042700100276,2017년 4월 27일 13시,목요일,경상북도 김천시 다수동,중상사고,0,1,1,0,차대차 - 측면충돌,안전운전불이행,건조,맑음,교차로 - 교차로횡단보도내,승용,남,32세,상해없음,이륜,남,77세,경상
2017042700100277,2017년 4월 27일 13시,목요일,경상북도 구미시 사곡동,중상사고,0,1,0,0,차대차 - 정면충돌,안전운전불이행,건조,맑음,단일로 - 기타,승용,여,44세,상해없음,이륜,남,54세,중상
2017042700100308,2017년 4월 27일 14시,목요일,경상북도 포항시 북구 양덕동,경상사고,0,0,1,0,차대차 - 측면충돌,안전운전불이행,건조,맑음,단일로 - 기타,승용,여,32세,기타불명,승용,남,79세,경상
2017042700100309,2017년 4월 27일 14시,목요일,경상북도 포항시 북구 죽도동,중상사고,0,1,1,0,차대차 - 측면충돌,안전운전불이행,건조,맑음,교차로 - 교차로안,승용,여,51세,기타불명,승용,여,27세,중상
2017042700100310,2017년 4월 27일 14시,목요일,경상북도 봉화군 봉화읍,중상사고,0,1,0,0,차대사람 - 횡단중,안전운전불이행,건조,맑음,교차로 - 교차로부근,화물,남,46세,상해없음,보행자,남,14세,중상
2017042700100311,2017년 4월 27일 14시,목요일,경상북도 구미시 진평동,중상사고,0,1,0,0,차대차 - 측면충돌,안전운전불이행,건조,맑음,교차로 - 교차로안,화물,남,35세,상해없음,화물,남,40세,중상
2017042700100343,2017년 4월 27일 15시,목요일,경상북도 안동시 옥동,경상사고,0,0,1,0,차대사람 - 차도통행중,안전운전불이행,건조,맑음,교차로 - 교차로안,승합,남,52세,상해없음,보행자,남,67세,경상
2017042700100344,2017년 4월 27일 15시,목요일,경상북도 김천시 어모면,경상사고,0,0,1,0,차대사람 - 기타,안전운전불이행,건조,맑음,단일로 - 기타,승합,남,41세,상해없음,보행자,여,74세,경상
2017042700100345,2017년 4월 27일 15시,목요일,경상북도 경산시 와촌면,중상사고,0,2,5,0,차대차 - 측면충돌,차로위반,건조,맑음,단일로 - 기타,화물,남,39세,상해없음,승용,여,44세,경상
2017042700100346,2017년 4월 27일 15시,목요일,경상북도 칠곡군 왜관읍,경상사고,0,0,2,0,차대차 - 측면충돌,안전운전불이행,건조,맑음,단일로 - 기타,승용,여,61세,상해없음,화물,남,63세,경상
2017042700100378,2017년 4월 27일 16시,목요일,경상북도 경주시 성건동,경상사고,0,0,1,0,차대차 - 추돌,안전운전불이행,건조,맑음,교차로 - 교차로부근,승용,남,31세,상해없음,화물,남,30세,경상
2017042700100379,2017년 4월 27일 16시,목요일,경상북도 영주시 가흥동,경상사고,0,0,1,0,차대차 - 측면충돌,신호위반,건조,맑음,교차로 - 교차로안,승용,남,62세,상해없음,원동기,남,52세,경상
2017042700100380,2017년 4월 27일 16시,목요일,경상북도 영천시 녹전동,중상사고,0,1,0,0,차대사람 - 길가장자리구역통행중,안전운전불이행,건조,맑음,단일로 - 기타,승용,여,66세,상해없음,보행자,여,78세,중상
2017042700100381,2017년 4월 27일 16시,목요일,경상북도 청도군 이서면,경상사고,0,0,3,0,차대차 - 측면충돌,신호위반,건조,맑음,교차로 - 교차로안,화물,남,76세,경상,승용,남,66세,경상
2017042700100435,2017년 4월 27일 17시,목요일,경상북도 포항시 북구 흥해읍,경상사고,0,0,1,0,차대차 - 측면충돌,교차로운행방법위반,건조,맑음,교차로 - 교차로안,승용,남,67세,상해없음,승용,남,43세,경상
2017042700100436,2017년 4월 27일 17시,목요일,경상북도 안동시 임동면,경상사고,0,0,1,0,차대사람 - 횡단중,안전운전불이행,건조,맑음,교차로 - 교차로부근,승용,남,58세,상해없음,보행자,여,70세,경상
2017042700100437,2017년 4월 27일 17시,목요일,경상북도 영천시 완산동,중상사고,0,1,0,0,차대사람 - 기타,안전운전불이행,건조,맑음,교차로 - 교차로부근,화물,남,63세,상해없음,보행자,여,67세,중상
2017042700100438,2017년 4월 27일 17시,목요일,경상북도 구미시 공단동,경상사고,0,0,3,0,차대차 - 추돌,안전거리미확보,건조,맑음,교차로 - 교차로안,승용,남,23세,상해없음,화물,남,48세,경상
2017042700100485,2017년 4월 27일 18시,목요일,경상북도 안동시 안막동,경상사고,0,0,1,0,차대차 - 기타,안전운전불이행,건조,맑음,단일로 - 기타,승용,남,30세,상해없음,화물,남,57세,경상
2017042700100486,2017년 4월 27일 18시,목요일,경상북도 상주시 낙동면,경상사고,0,0,1,0,차량단독 - 전도전복 - 전도,안전운전불이행,건조,맑음,단일로 - 기타,이륜,남,55세,경상,,,,
2017042700100487,2017년 4월 27일 18시,목요일,경상북도 울진군 후포면,중상사고,0,1,1,0,차대차 - 기타,안전운전불이행,건조,맑음,단일로 - 기타,화물,남,45세,상해없음,승용,남,58세,상해없음
2017042700100488,2017년 4월 27일 18시,목요일,경상북도 포항시 남구 대송면,경상사고,0,0,2,0,차대차 - 기타,기타,건조,맑음,교차로 - 교차로안,승용,남,47세,상해없음,승용,여,58세,경상
2017042700100520,2017년 4월 27일 19시,목요일,경상북도 경산시 중방동,중상사고,0,1,0,0,차대차 - 정면충돌,중앙선침범,건조,맑음,단일로 - 기타,특수,남,28세,기타불명,이륜,남,39세,중상
2017042700100555,2017년 4월 27일 20시,목요일,경상북도 영주시 가흥동,경상사고,0,0,1,0,차대차 - 측면충돌,안전운전불이행,건조,맑음,단일로 - 기타,승용,여,35세,상해없음,자전거,남,23세,경상
2017042700100625,2017년 4월 27일 22시,목요일,경상북도 경주시 천북면,중상사고,0,1,1,0,차대차 - 측면충돌,안전거리미확보,건조,맑음,단일로 - 기타,특수,남,55세,경상,승용,여,41세,중상
2017042700100644,2017년 4월 27일 23시,목요일,경상북도 안동시 옥동,경상사고,0,0,1,0,차대차 - 측면충돌,안전운전불이행,건조,맑음,단일로 - 기타,승용,남,28세,상해없음,승용,남,46세,경상
2017042700100645,2017년 4월 27일 23시,목요일,경상북도 김천시 응명동,중상사고,0,1,0,0,차대사람 - 횡단중,안전운전불이행,건조,맑음,교차로 - 교차로안,승용,남,53세,상해없음,보행자,남,37세,중상
2017042800100027,2017년 4월 28일 00시,금요일,경상북도 청도군 청도읍,중상사고,0,1,0,0,차대차 - 측면충돌,중앙선침범,건조,맑음,단일로 - 기타,승용,남,55세,상해없음,승용,남,24세,중상
2017042800100038,2017년 4월 28일 01시,금요일,경상북도 칠곡군 북삼읍,중상사고,0,1,2,0,차대차 - 측면충돌,중앙선침범,건조,맑음,단일로 - 기타,화물,남,28세,상해없음,승용,여,42세,경상
2017042800100088,2017년 4월 28일 06시,금요일,경상북도 고령군 성산면,중상사고,0,1,0,0,차대차 - 측면충돌,교차로운행방법위반,건조,맑음,교차로 - 교차로안,원동기,남,28세,중상,건설기계,남,45세,상해없음
2017042800100107,2017년 4월 28일 07시,금요일,경상북도 경주시 용강동,중상사고,0,1,0,0,차대사람 - 횡단중,신호위반,건조,맑음,교차로 - 교차로안,승합,여,63세,상해없음,보행자,남,36세,중상
2017042800100108,2017년 4월 28일 07시,금요일,경상북도 경주시 안강읍,경상사고,0,0,1,0,차대차 - 측면충돌,기타,건조,맑음,교차로 - 교차로부근,승합,남,58세,상해없음,자전거,남,55세,경상
2017042800100109,2017년 4월 28일 07시,금요일,경상북도 안동시 광석동,경상사고,0,0,1,0,차대사람 - 횡단중,안전운전불이행,건조,맑음,단일로 - 기타,승용,남,64세,상해없음,보행자,여,68세,경상
2017042800100110,2017년 4월 28일 07시,금요일,경상북도 구미시 진평동,경상사고,0,0,1,0,차대차 - 추돌,안전운전불이행,건조,맑음,단일로 - 기타,승용,남,63세,상해없음,승용,여,32세,경상
2017042800100143,2017년 4월 28일 08시,금요일,경상북도 경주시 사정동,중상사고,0,1,0,0,차대사람 - 횡단중,보행자보호의무위반,건조,맑음,교차로 - 교차로횡단보도내,승용,여,38세,상해없음,보행자,남,78세,중상
2017042800100144,2017년 4월 28일 08시,금요일,경상북도 포항시 북구 기계면,경상사고,0,0,2,0,차대차 - 측면충돌,중앙선침범,건조,맑음,단일로 - 기타,화물,남,54세,상해없음,승용,남,68세,경상
2017042800100145,2017년 4월 28일 08시,금요일,경상북도 영주시 가흥동,경상사고,0,0,1,0,차대차 - 측면충돌,교차로운행방법위반,건조,맑음,교차로 - 교차로안,승용,남,37세,상해없음,승용,남,45세,경상
2017042800100146,2017년 4월 28일 08시,금요일,경상북도 구미시 도량동,중상사고,0,1,0,0,차대차 - 정면충돌,안전운전불이행,건조,맑음,교차로 - 교차로안,승용,남,38세,상해없음,승용,남,36세,중상
2017042800100147,2017년 4월 28일 08시,금요일,경상북도 포항시 남구 오천읍,경상사고,0,0,1,0,차대차 - 기타,안전운전불이행,건조,맑음,교차로 - 교차로안,승용,남,32세,상해없음,승용,여,38세,상해없음
2017042800100197,2017년 4월 28일 09시,금요일,경상북도 경주시 안강읍,중상사고,0,1,0,0,차대사람 - 차도통행중,안전운전불이행,건조,맑음,주차장 - 주차장,승용,여,55세,상해없음,보행자,여,73세,중상
2017042800100198,2017년 4월 28일 09시,금요일,경상북도 의성군 의성읍,중상사고,0,1,0,0,차대사람 - 기타,안전운전불이행,건조,맑음,교차로 - 교차로안,화물,남,48세,상해없음,보행자,남,74세,중상
2017042800100199,2017년 4월 28일 09시,금요일,경상북도 문경시 점촌동,경상사고,0,0,1,0,차대차 - 추돌,안전운전불이행,건조,맑음,단일로 - 기타,원동기,남,76세,경상,승용,여,60세,상해없음
2017042800100200,2017년 4월 28일 09시,금요일,경상북도 구미시 사곡동,경상사고,0,0,1,0,차대사람 - 횡단중,안전운전불이행,건조,맑음,교차로 - 교차로부근,승용,여,32세,상해없음,보행자,남,49세,경상
2017042800100201,2017년 4월 28일 09시,금요일,경상북도 포항시 남구 오천읍,경상사고,0,0,1,0,차대사람 - 기타,중앙선침범,건조,맑음,단일로 - 기타,이륜,남,32세,상해없음,보행자,여,27세,경상
2017042800100228,2017년 4월 28일 10시,금요일,경상북도 칠곡군 왜관읍,중상사고,0,1,1,0,차대차 - 측면충돌,안전운전불이행,건조,맑음,교차로 - 교차로안,승용,남,62세,경상,승용,남,54세,중상
2017042800100229,2017년 4월 28일 10시,금요일,경상북도 칠곡군 석적읍,경상사고,0,0,1,0,차대차 - 추돌,안전운전불이행,건조,맑음,교차로 - 교차로부근,승용,남,31세,상해없음,승용,여,47세,경상
2017042800100259,2017년 4월 28일 11시,금요일,경상북도 안동시 일직면,중상사고,0,1,0,0,차대사람 - 횡단중,안전운전불이행,건조,맑음,단일로 - 기타,화물,남,28세,상해없음,보행자,여,81세,중상
2017042800100260,2017년 4월 28일 11시,금요일,경상북도 안동시 길안면,경상사고,0,0,1,0,차대차 - 측면충돌,안전운전불이행,건조,맑음,교차로 - 교차로안,승용,남,70세,상해없음,이륜,남,76세,상해없음
2017042800100261,2017년 4월 28일 11시,금요일,경상북도 경산시 남천면,중상사고,0,1,0,0,차대차 - 기타,안전운전불이행,건조,맑음,단일로 - 기타,건설기계,남,50세,상해없음,승용,여,52세,중상
2017042800100295,2017년 4월 28일 12시,금요일,경상북도 구미시 진평동,경상사고,0,0,1,0,차대차 - 정면충돌,안전운전불이행,건조,맑음,교차로 - 교차로안,화물,남,38세,상해없음,자전거,남,67세,경상
2017042800100325,2017년 4월 28일 13시,금요일,경상북도 경산시 진량읍,경상사고,0,0,1,0,차대사람 - 횡단중,안전운전불이행,건조,맑음,단일로 - 기타,승용,남,28세,상해없음,보행자,여,20세,경상
2017042800100326,2017년 4월 28일 13시,금요일,경상북도 성주군 성주읍,경상사고,0,0,1,0,차대사람 - 기타,안전운전불이행,건조,맑음,교차로 - 교차로횡단보도내,기타불명,기타불명,미분류,기타불명,보행자,남,57세,경상
2017042800100327,2017년 4월 28일 13시,금요일,경상북도 구미시 공단동,중상사고,0,1,0,0,차대차 - 측면충돌,교차로운행방법위반,건조,맑음,교차로 - 교차로안,화물,남,46세,상해없음,화물,남,34세,중상
2017042800100360,2017년 4월 28일 14시,금요일,경상북도 경주시 도지동,경상사고,0,0,1,0,차대차 - 정면충돌,중앙선침범,건조,맑음,단일로 - 기타,이륜,남,85세,경상,화물,남,45세,상해없음
2017042800100361,2017년 4월 28일 14시,금요일,경상북도 포항시 북구 용흥동,경상사고,0,0,2,0,차대차 - 기타,신호위반,건조,맑음,교차로 - 교차로안,승용,남,56세,상해없음,화물,남,77세,경상
2017042800100362,2017년 4월 28일 14시,금요일,경상북도 칠곡군 약목면,경상사고,0,0,1,0,차대차 - 측면충돌,교차로운행방법위반,건조,맑음,교차로 - 교차로안,승용,여,59세,상해없음,이륜,남,81세,경상
2017042800100363,2017년 4월 28일 14시,금요일,경상북도 고령군 쌍림면,중상사고,0,1,0,0,차대차 - 측면충돌,직진우회전진행방해,건조,맑음,교차로 - 교차로안,이륜,남,83세,중상,승용,남,64세,상해없음
2017042800100391,2017년 4월 28일 15시,금요일,경상북도 영주시 휴천동,경상사고,0,0,1,0,차대차 - 측면충돌,교차로운행방법위반,건조,맑음,교차로 - 교차로안,승용,남,29세,상해없음,자전거,여,67세,경상
2017042800100392,2017년 4월 28일 15시,금요일,경상북도 문경시 호계면,중상사고,0,1,0,0,차량단독 - 전도전복 - 전도,안전운전불이행,건조,맑음,교차로 - 교차로부근,승용,남,63세,중상,,,,
2017042800100393,2017년 4월 28일 15시,금요일,경상북도 예천군 효자면,사망사고,1,1,0,0,차량단독 - 전도전복 - 전도,안전운전불이행,건조,맑음,단일로 - 기타,화물,남,71세,중상,,,,
2017042800100394,2017년 4월 28일 15시,금요일,경상북도 구미시 옥계동,경상사고,0,0,1,0,차대차 - 측면충돌,교차로운행방법위반,건조,맑음,교차로 - 교차로안,승용,남,36세,상해없음,승용,여,43세,경상
2017042800100395,2017년 4월 28일 15시,금요일,경상북도 구미시 시미동,경상사고,0,0,1,0,차대차 - 추돌,교차로운행방법위반,건조,맑음,교차로 - 교차로부근,승용,남,41세,상해없음,승용,남,35세,경상
2017042800100435,2017년 4월 28일 16시,금요일,경상북도 포항시 북구 장성동,경상사고,0,0,1,0,차대차 - 측면충돌,신호위반,건조,맑음,교차로 - 교차로안,승용,남,65세,상해없음,이륜,남,39세,경상
2017042800100436,2017년 4월 28일 16시,금요일,경상북도 상주시 화서면,경상사고,0,0,2,0,차대차 - 측면충돌,안전운전불이행,건조,맑음,단일로 - 기타,승용,남,43세,상해없음,승용,남,64세,경상
2017042800100437,2017년 4월 28일 16시,금요일,경상북도 경산시 진량읍,경상사고,0,0,1,0,차대차 - 추돌,안전거리미확보,건조,맑음,교차로 - 교차로부근,화물,남,47세,상해없음,승용,여,37세,경상
2017042800100438,2017년 4월 28일 16시,금요일,경상북도 경산시 남천면,중상사고,0,1,3,0,차대차 - 정면충돌,중앙선침범,건조,맑음,단일로 - 기타,승용,여,67세,경상,승합,남,57세,경상
2017042800100439,2017년 4월 28일 16시,금요일,경상북도 포항시 남구 오천읍,경상사고,0,0,1,0,차대사람 - 횡단중,안전운전불이행,건조,맑음,교차로 - 교차로안,승합,남,37세,상해없음,보행자,여,56세,경상
2017042800100509,2017년 4월 28일 18시,금요일,경상북도 경주시 서부동,중상사고,0,1,0,0,차대차 - 측면충돌,안전운전불이행,건조,맑음,교차로 - 교차로안,승용,여,52세,상해없음,승용,여,47세,중상
2017042800100510,2017년 4월 28일 18시,금요일,경상북도 경주시 시래동,중상사고,0,2,3,0,차대차 - 기타,교차로운행방법위반,건조,맑음,교차로 - 교차로안,승용,남,28세,중상,승용,남,54세,경상
2017042800100511,2017년 4월 28일 18시,금요일,경상북도 포항시 북구 득량동,경상사고,0,0,1,0,차대사람 - 차도통행중,안전운전불이행,건조,맑음,단일로 - 기타,승용,남,61세,상해없음,보행자,남,48세,경상
2017042800100512,2017년 4월 28일 18시,금요일,경상북도 포항시 북구 용흥동,중상사고,0,1,0,0,차대사람 - 길가장자리구역통행중,안전운전불이행,건조,맑음,단일로 - 기타,승용,여,26세,상해없음,보행자,여,72세,중상
2017042800100513,2017년 4월 28일 18시,금요일,경상북도 김천시 성내동,중상사고,0,1,0,0,차대차 - 측면충돌,신호위반,건조,맑음,교차로 - 교차로안,승용,남,78세,상해없음,이륜,남,28세,중상
2017042800100514,2017년 4월 28일 18시,금요일,경상북도 경산시 하양읍,중상사고,0,1,1,0,차대차 - 추돌,안전운전불이행,건조,맑음,단일로 - 기타,승용,남,55세,상해없음,승용,여,49세,중상
2017042800100515,2017년 4월 28일 18시,금요일,경상북도 구미시 형곡동,경상사고,0,0,1,0,차대차 - 측면충돌,안전운전불이행,건조,맑음,단일로 - 기타,승용,남,25세,상해없음,승용,여,42세,경상
2017042800100516,2017년 4월 28일 18시,금요일,경상북도 구미시 진평동,부상신고사고,0,0,0,1,차대차 - 정면충돌,안전운전불이행,건조,맑음,기타 - 기타,승용,남,37세,상해없음,자전거,남,76세,부상신고
2017042800100517,2017년 4월 28일 18시,금요일,경상북도 구미시 임은동,경상사고,0,0,1,1,차대차 - 측면충돌,안전운전불이행,건조,맑음,단일로 - 기타,승용,여,41세,부상신고,승용,여,44세,경상
2017042800100518,2017년 4월 28일 18시,금요일,경상북도 구미시 오태동,경상사고,0,0,1,0,차대차 - 측면충돌,안전운전불이행,건조,맑음,교차로 - 교차로안,승용,남,26세,상해없음,승용,남,36세,경상
2017042800100561,2017년 4월 28일 19시,금요일,경상북도 경주시 충효동,경상사고,0,0,1,0,차대차 - 측면충돌,안전운전불이행,건조,맑음,교차로 - 교차로부근,원동기,남,19세,상해없음,자전거,남,9세,경상
2017042800100562,2017년 4월 28일 19시,금요일,경상북도 김천시 신음동,경상사고,0,0,1,0,차대차 - 기타,교차로운행방법위반,건조,맑음,교차로 - 교차로안,이륜,남,69세,경상,화물,남,70세,상해없음
2017042800100563,2017년 4월 28일 19시,금요일,경상북도 청도군 청도읍,경상사고,0,0,4,0,차대차 - 측면충돌,안전거리미확보,건조,맑음,단일로 - 기타,승용,남,20세,경상,화물,여,58세,상해없음
2017042800100564,2017년 4월 28일 19시,금요일,경상북도 포항시 남구 상도동,중상사고,0,1,0,0,차대차 - 기타,안전운전불이행,건조,맑음,교차로 - 교차로안,승용,남,50세,상해없음,이륜,남,40세,중상
2017042800100607,2017년 4월 28일 20시,금요일,경상북도 포항시 북구 남빈동,중상사고,0,1,1,0,차대사람 - 횡단중,안전운전불이행,건조,맑음,단일로 - 기타,승용,남,22세,상해없음,보행자,여,63세,경상
2017042800100608,2017년 4월 28일 20시,금요일,경상북도 영주시 가흥동,중상사고,0,1,0,0,차대차 - 추돌,안전운전불이행,건조,맑음,단일로 - 기타,승용,남,29세,상해없음,화물,남,59세,중상
2017042800100609,2017년 4월 28일 20시,금요일,경상북도 경산시 압량면,경상사고,0,0,1,0,차대차 - 추돌,안전운전불이행,건조,맑음,교차로 - 교차로부근,승용,여,24세,상해없음,승용,남,38세,경상
2017042800100693,2017년 4월 28일 23시,금요일,경상북도 칠곡군 석적읍,중상사고,0,1,0,0,차대차 - 기타,안전운전불이행,건조,맑음,교차로 - 교차로안,승용,남,49세,상해없음,승용,남,43세,중상
2017042800100694,2017년 4월 28일 23시,금요일,경상북도 경산시 진량읍,경상사고,0,0,1,0,차대차 - 측면충돌,안전운전불이행,건조,맑음,단일로 - 기타,승용,남,22세,상해없음,승용,여,48세,경상
2017042900100072,2017년 4월 29일 02시,토요일,경상북도 구미시 송정동,경상사고,0,0,2,0,차대차 - 추돌,안전운전불이행,건조,맑음,교차로 - 교차로안,승용,남,56세,상해없음,승용,남,25세,경상
2017042900100111,2017년 4월 29일 06시,토요일,경상북도 안동시 도산면,중상사고,0,1,0,0,차대차 - 측면충돌,안전운전불이행,건조,맑음,단일로 - 기타,이륜,남,87세,상해없음,이륜,남,47세,중상
2017042900100112,2017년 4월 29일 06시,토요일,경상북도 구미시 송정동,경상사고,0,0,2,0,차대차 - 측면충돌,안전운전불이행,건조,맑음,단일로 - 기타,승용,남,57세,상해없음,승용,남,37세,경상
2017042900100113,2017년 4월 29일 06시,토요일,경상북도 포항시 남구 동해면,중상사고,0,1,0,0,차대차 - 기타,중앙선침범,건조,맑음,단일로 - 기타,승용,남,25세,상해없음,승용,여,51세,중상
2017042900100140,2017년 4월 29일 07시,토요일,경상북도 구미시 원평동,중상사고,0,1,0,0,차대차 - 추돌,안전운전불이행,건조,맑음,단일로 - 기타,승용,여,57세,상해없음,이륜,남,20세,중상
2017042900100160,2017년 4월 29일 08시,토요일,경상북도 의성군 다인면,중상사고,0,2,1,0,차대차 - 정면충돌,중앙선침범,건조,맑음,단일로 - 기타,화물,남,73세,중상,승용,남,57세,중상
2017042900100161,2017년 4월 29일 08시,토요일,경상북도 구미시 구포동,부상신고사고,0,0,0,1,차량단독 - 공작물충돌,안전운전불이행,건조,맑음,단일로 - 기타,승용,남,26세,부상신고,,,,
2017042900100192,2017년 4월 29일 09시,토요일,경상북도 포항시 북구 흥해읍,경상사고,0,0,1,0,차대차 - 추돌,안전거리미확보,건조,맑음,단일로 - 기타,승용,남,62세,상해없음,화물,여,41세,경상
2017042900100193,2017년 4월 29일 09시,토요일,경상북도 칠곡군 동명면,중상사고,0,1,1,0,차대차 - 추돌,안전운전불이행,건조,맑음,단일로 - 기타,화물,남,44세,상해없음,승용,여,65세,중상
2017042900100228,2017년 4월 29일 10시,토요일,경상북도 경주시 황남동,경상사고,0,0,1,0,차대사람 - 길가장자리구역통행중,안전운전불이행,건조,맑음,단일로 - 기타,승용,여,40세,상해없음,보행자,남,33세,경상
2017042900100255,2017년 4월 29일 11시,토요일,경상북도 상주시 무양동,경상사고,0,0,1,0,차대차 - 측면충돌,교차로운행방법위반,건조,맑음,교차로 - 교차로안,승용,남,25세,상해없음,자전거,남,8세,경상
2017042900100256,2017년 4월 29일 11시,토요일,경상북도 영주시 가흥동,경상사고,0,0,2,1,차대차 - 측면충돌,안전운전불이행,건조,맑음,단일로 - 기타,원동기,남,76세,경상,승용,남,32세,상해없음
2017042900100257,2017년 4월 29일 11시,토요일,경상북도 영천시 자양면,경상사고,0,0,2,0,차량단독 - 기타,안전운전불이행,건조,맑음,단일로 - 기타,승용,여,54세,경상,,,,
2017042900100292,2017년 4월 29일 12시,토요일,경상북도 경산시 사동,경상사고,0,0,3,0,차대차 - 측면충돌,직진우회전진행방해,건조,맑음,교차로 - 교차로안,승용,남,69세,경상,승용,남,64세,경상