사고번호,사고일시,요일,시군구,사고내용,사망자수,중상자수,경상자수,부상신고자수,사고유형,법규위반,노면상태,기상상태,도로형태,가해운전자 차종,가해운전자 성별,가해운전자 연령,가해운전자 상해정도,피해운전자 차종,피해운전자 성별,피해운전자 연령,피해운전자 상해정도
2017050200100256,2017년 5월 2일 12시,화요일,경상북도 포항시 남구 상도동,중상사고,0,1,0,0,차대차 - 측면충돌,안전운전불이행,건조,맑음,단일로 - 기타,승용,여,44세,상해없음,자전거,남,67세,중상
2017050200100282,2017년 5월 2일 13시,화요일,경상북도 칠곡군 북삼읍,경상사고,0,0,1,0,차대차 - 기타,안전운전불이행,건조,맑음,단일로 - 기타,이륜,남,27세,경상,승용,여,47세,상해없음
2017050200100283,2017년 5월 2일 13시,화요일,경상북도 구미시 형곡동,중상사고,0,1,2,0,차대차 - 추돌,안전거리미확보,건조,맑음,교차로 - 교차로부근,승용,남,34세,상해없음,승용,여,58세,중상
2017050200100284,2017년 5월 2일 13시,화요일,경상북도 포항시 남구 대도동,중상사고,0,1,2,0,차대차 - 기타,안전운전불이행,건조,맑음,단일로 - 기타,승용,남,52세,경상,승용,여,41세,중상
2017050200100309,2017년 5월 2일 14시,화요일,경상북도 김천시 지좌동,경상사고,0,0,1,0,차대차 - 측면충돌,안전운전불이행,건조,맑음,교차로 - 교차로안,화물,남,80세,상해없음,이륜,남,65세,경상
2017050200100310,2017년 5월 2일 14시,화요일,경상북도 김천시 농소면,경상사고,0,0,1,0,차대차 - 측면충돌,안전운전불이행,건조,맑음,교차로 - 교차로안,화물,남,50세,경상,화물,남,59세,상해없음
2017050200100311,2017년 5월 2일 14시,화요일,경상북도 칠곡군 동명면,중상사고,0,1,0,0,차대차 - 측면충돌,안전운전불이행,건조,맑음,단일로 - 기타,승용,남,57세,상해없음,화물,남,79세,중상
2017050200100334,2017년 5월 2일 15시,화요일,경상북도 경주시 안강읍,중상사고,0,1,0,0,차대사람 - 횡단중,보행자보호의무위반,건조,맑음,교차로 - 교차로횡단보도내,화물,남,28세,상해없음,보행자,남,76세,중상
2017050200100335,2017년 5월 2일 15시,화요일,경상북도 포항시 남구 구룡포읍,경상사고,0,0,2,0,차대차 - 기타,안전거리미확보,건조,맑음,단일로 - 기타,화물,남,60세,경상,승합,남,56세,경상
2017050200100378,2017년 5월 2일 16시,화요일,경상북도 경주시 성건동,경상사고,0,0,1,0,차대차 - 측면충돌,안전운전불이행,건조,맑음,교차로 - 교차로안,이륜,남,68세,경상,승용,여,45세,상해없음
2017050200100379,2017년 5월 2일 16시,화요일,경상북도 포항시 북구 죽도동,경상사고,0,0,3,0,차대차 - 기타,안전운전불이행,건조,맑음,단일로 - 기타,기타불명,기타불명,미분류,기타불명,승합,남,52세,상해없음
2017050200100380,2017년 5월 2일 16시,화요일,경상북도 문경시 점촌동,경상사고,0,0,1,0,차대차 - 측면충돌,안전운전불이행,건조,맑음,교차로 - 교차로안,건설기계,남,63세,상해없음,승용,남,76세,경상
2017050200100381,2017년 5월 2일 16시,화요일,경상북도 구미시 사곡동,경상사고,0,0,1,0,차대차 - 측면충돌,안전운전불이행,건조,맑음,단일로 - 기타,승용,남,68세,상해없음,승용,남,59세,경상
2017050200100382,2017년 5월 2일 16시,화요일,경상북도 포항시 남구 상도동,경상사고,0,0,1,0,차대사람 - 횡단중,신호위반,건조,맑음,교차로 - 교차로횡단보도내,기타불명,기타불명,미분류,기타불명,보행자,여,61세,경상
2017050200100428,2017년 5월 2일 17시,화요일,경상북도 경주시 천군동,중상사고,0,1,0,0,차대차 - 측면충돌,안전운전불이행,건조,맑음,단일로 - 기타,승용,여,65세,상해없음,자전거,남,83세,중상
2017050200100429,2017년 5월 2일 17시,화요일,경상북도 포항시 북구 흥해읍,경상사고,0,0,1,0,차대차 - 기타,기타,건조,맑음,단일로 - 기타,승합,남,50세,상해없음,승용,여,30세,상해없음
2017050200100474,2017년 5월 2일 18시,화요일,경상북도 경주시 양남면,경상사고,0,0,1,0,차대차 - 측면충돌,안전운전불이행,건조,맑음,교차로 - 교차로안,승용,여,42세,상해없음,승용,남,33세,경상
2017050200100475,2017년 5월 2일 18시,화요일,경상북도 경주시 황성동,중상사고,0,1,1,0,차대차 - 측면충돌,안전운전불이행,건조,맑음,교차로 - 교차로안,승용,여,47세,경상,승합,여,44세,중상
2017050200100476,2017년 5월 2일 18시,화요일,경상북도 포항시 북구 흥해읍,경상사고,0,0,2,0,차대차 - 측면충돌,안전운전불이행,건조,맑음,단일로 - 기타,승용,남,49세,상해없음,승용,남,37세,경상
2017050200100477,2017년 5월 2일 18시,화요일,경상북도 영주시 휴천동,중상사고,0,1,0,0,차대사람 - 횡단중,안전운전불이행,건조,맑음,단일로 - 기타,원동기,남,53세,상해없음,보행자,남,2세,중상
2017050200100478,2017년 5월 2일 18시,화요일,경상북도 구미시 사곡동,경상사고,0,0,1,0,차대차 - 기타,차로위반,건조,맑음,단일로 - 기타,승합,남,50세,상해없음,승용,여,43세,상해없음
2017050200100479,2017년 5월 2일 18시,화요일,경상북도 구미시 공단동,부상신고사고,0,0,0,1,차대차 - 기타,안전운전불이행,건조,맑음,교차로 - 교차로부근,자전거,남,6세,부상신고,승용,남,29세,상해없음
2017050200100480,2017년 5월 2일 18시,화요일,경상북도 포항시 남구 연일읍,경상사고,0,0,1,0,차량단독 - 전도전복 - 전도,안전운전불이행,건조,맑음,단일로 - 기타,승합,남,39세,상해없음,,,,
2017050200100550,2017년 5월 2일 20시,화요일,경상북도 경주시 천북면,경상사고,0,0,1,0,차대차 - 기타,안전운전불이행,건조,맑음,교차로 - 교차로부근,기타불명,기타불명,미분류,기타불명,승용,남,25세,상해없음
2017050200100551,2017년 5월 2일 20시,화요일,경상북도 영주시 영주동,경상사고,0,0,1,0,차대차 - 측면충돌,안전운전불이행,기타,맑음,단일로 - 기타,원동기,남,17세,상해없음,자전거,남,60세,경상
2017050200100552,2017년 5월 2일 20시,화요일,경상북도 영천시 망정동,중상사고,0,1,0,0,차대사람 - 횡단중,안전운전불이행,건조,맑음,단일로 - 기타,승용,남,34세,상해없음,보행자,여,55세,중상
2017050200100576,2017년 5월 2일 21시,화요일,경상북도 칠곡군 석적읍,경상사고,0,0,1,0,차대사람 - 보도통행중,기타,건조,맑음,단일로 - 기타,승용,남,27세,상해없음,보행자,남,58세,경상
2017050200100600,2017년 5월 2일 22시,화요일,경상북도 문경시 문경읍,경상사고,0,0,1,0,차대차 - 정면충돌,중앙선침범,건조,맑음,단일로 - 기타,승용,여,20세,상해없음,자전거,남,16세,경상
2017050300100050,2017년 5월 3일 02시,수요일,경상북도 구미시 고아읍,경상사고,0,0,1,0,차대차 - 기타,안전운전불이행,건조,맑음,단일로 - 기타,승용,남,33세,경상,화물,남,64세,상해없음
2017050300100084,2017년 5월 3일 05시,수요일,경상북도 구미시 비산동,중상사고,0,1,0,0,차량단독 - 공작물충돌,안전운전불이행,건조,맑음,단일로 - 기타,승용,남,34세,중상,,,,
2017050300100095,2017년 5월 3일 06시,수요일,경상북도 상주시 서성동,경상사고,0,0,1,0,차대차 - 측면충돌,신호위반,건조,맑음,교차로 - 교차로안,승용,남,52세,상해없음,화물,남,40세,경상
2017050300100110,2017년 5월 3일 07시,수요일,경상북도 성주군 성주읍,중상사고,0,1,0,0,차대차 - 측면충돌,안전운전불이행,건조,맑음,기타 - 기타,승용,여,26세,상해없음,자전거,여,58세,중상
2017050300100125,2017년 5월 3일 08시,수요일,경상북도 청송군 진보면,경상사고,0,0,1,0,차대차 - 측면충돌,교차로운행방법위반,건조,맑음,교차로 - 교차로안,승용,여,51세,상해없음,승용,남,77세,경상
2017050300100148,2017년 5월 3일 09시,수요일,경상북도 경주시 산내면,사망사고,1,0,0,0,차대사람 - 길가장자리구역통행중,안전운전불이행,건조,맑음,단일로 - 기타,승용,여,57세,상해없음,보행자,여,85세,사망
2017050300100149,2017년 5월 3일 09시,수요일,경상북도 경주시 강동면,중상사고,0,3,5,0,차대차 - 추돌,안전운전불이행,건조,맑음,단일로 - 기타,승용,남,58세,상해없음,승용,남,55세,경상
2017050300100150,2017년 5월 3일 09시,수요일,경상북도 영천시 신령면,중상사고,0,1,2,0,차대차 - 측면충돌,신호위반,건조,맑음,교차로 - 교차로안,승용,여,47세,상해없음,화물,남,52세,경상
2017050300100151,2017년 5월 3일 09시,수요일,경상북도 포항시 남구 해도동,경상사고,0,0,1,0,차대차 - 측면충돌,안전운전불이행,건조,맑음,교차로 - 교차로횡단보도내,승용,여,41세,상해없음,자전거,남,79세,경상
2017050300100152,2017년 5월 3일 09시,수요일,경상북도 포항시 남구 연일읍,경상사고,0,0,1,0,차대차 - 기타,안전운전불이행,건조,맑음,교차로 - 교차로안,승용,여,44세,상해없음,승용,여,35세,경상
2017050300100169,2017년 5월 3일 10시,수요일,경상북도 김천시 신음동,경상사고,0,0,1,0,차대차 - 측면충돌,안전운전불이행,건조,맑음,단일로 - 기타,승용,남,48세,상해없음,승용,남,50세,상해없음
2017050300100170,2017년 5월 3일 10시,수요일,경상북도 포항시 남구 송도동,경상사고,0,0,1,0,차대차 - 측면충돌,안전운전불이행,건조,맑음,교차로 - 교차로안,자전거,남,12세,경상,승용,남,36세,상해없음
2017050300100200,2017년 5월 3일 11시,수요일,경상북도 경주시 양남면,경상사고,0,0,1,0,차대차 - 기타,중앙선침범,건조,맑음,단일로 - 기타,승용,여,36세,상해없음,승용,남,35세,상해없음
2017050300100201,2017년 5월 3일 11시,수요일,경상북도 김천시 응명동,경상사고,0,0,1,0,차대차 - 기타,안전운전불이행,건조,맑음,단일로 - 기타,승용,남,20세,상해없음,승용,남,37세,경상
2017050300100229,2017년 5월 3일 12시,수요일,경상북도 의성군 단촌면,중상사고,0,1,0,0,차량단독 - 전도전복,안전운전불이행,건조,맑음,단일로 - 기타,화물,남,54세,중상,미분류,미분류,미분류,미분류
2017050300100230,2017년 5월 3일 12시,수요일,경상북도 영천시 문외동,경상사고,0,0,2,0,차대차 - 정면충돌,안전운전불이행,건조,맑음,교차로 - 교차로안,원동기,남,15세,경상,승용,여,52세,경상
2017050300100267,2017년 5월 3일 13시,수요일,경상북도 의성군 단촌면,중상사고,0,1,2,0,차대차 - 측면충돌,직진우회전진행방해,건조,맑음,교차로 - 교차로안,승용,남,72세,상해없음,승용,여,49세,경상
2017050300100268,2017년 5월 3일 13시,수요일,경상북도 고령군 성산면,경상사고,0,0,4,0,차대차 - 추돌,안전운전불이행,건조,맑음,단일로 - 기타,승용,남,62세,상해없음,승용,남,51세,경상
2017050300100293,2017년 5월 3일 14시,수요일,경상북도 포항시 북구 두호동,경상사고,0,0,1,0,차대사람 - 횡단중,신호위반,건조,맑음,단일로 - 기타,이륜,남,35세,상해없음,보행자,여,31세,경상
2017050300100294,2017년 5월 3일 14시,수요일,경상북도 김천시 신음동,경상사고,0,0,1,0,차대사람 - 횡단중,보행자보호의무위반,건조,맑음,교차로 - 교차로횡단보도내,화물,남,76세,상해없음,보행자,남,12세,경상
2017050300100295,2017년 5월 3일 14시,수요일,경상북도 영주시 풍기읍,부상신고사고,0,0,0,1,차대차 - 측면충돌,안전운전불이행,건조,맑음,단일로 - 기타,화물,남,76세,부상신고,승용,남,47세,상해없음
2017050300100296,2017년 5월 3일 14시,수요일,경상북도 영천시 창구동,경상사고,0,0,1,0,차대사람 - 횡단중,안전운전불이행,건조,맑음,단일로 - 기타,승용,남,34세,상해없음,보행자,남,7세,경상
2017050300100332,2017년 5월 3일 15시,수요일,경상북도 상주시 함창읍,경상사고,0,0,5,0,차대차 - 추돌,교차로운행방법위반,건조,맑음,교차로 - 교차로안,화물,남,55세,경상,승용,남,58세,경상
2017050300100364,2017년 5월 3일 16시,수요일,경상북도 경주시 용강동,경상사고,0,0,2,0,차대차 - 측면충돌,중앙선침범,건조,맑음,단일로 - 기타,승용,남,59세,상해없음,승용,남,53세,경상
2017050300100365,2017년 5월 3일 16시,수요일,경상북도 영주시 단산면,중상사고,0,1,1,0,차대차 - 정면충돌,중앙선침범,건조,맑음,교차로 - 교차로부근,화물,남,68세,경상,화물,남,71세,중상
2017050300100366,2017년 5월 3일 16시,수요일,경상북도 영주시 하망동,경상사고,0,0,1,0,차대차 - 측면충돌,교차로운행방법위반,건조,맑음,교차로 - 교차로안,승용,남,42세,상해없음,이륜,남,58세,상해없음
2017050300100367,2017년 5월 3일 16시,수요일,경상북도 포항시 남구 해도동,중상사고,0,1,0,0,차대차 - 기타,신호위반,건조,맑음,교차로 - 교차로안,승용,여,41세,상해없음,이륜,남,20세,중상
2017050300100409,2017년 5월 3일 17시,수요일,경상북도 경주시 황성동,경상사고,0,0,3,0,차대차 - 측면충돌,안전운전불이행,건조,맑음,교차로 - 교차로안,승용,여,37세,경상,승용,남,24세,경상
2017050300100410,2017년 5월 3일 17시,수요일,경상북도 포항시 북구 두호동,중상사고,0,1,0,0,차대차 - 측면충돌,안전운전불이행,건조,맑음,단일로 - 기타,승용,남,43세,상해없음,자전거,남,18세,중상
2017050300100411,2017년 5월 3일 17시,수요일,경상북도 포항시 북구 장성동,경상사고,0,0,1,0,차대차 - 추돌,안전거리미확보,건조,맑음,단일로 - 기타,승용,여,25세,상해없음,승용,남,54세,경상
2017050300100412,2017년 5월 3일 17시,수요일,경상북도 의성군 안계면,중상사고,0,1,0,0,차대사람 - 횡단중,안전운전불이행,건조,맑음,단일로 - 기타,승용,남,26세,상해없음,보행자,남,24세,중상
2017050300100413,2017년 5월 3일 17시,수요일,경상북도 봉화군 법전면,중상사고,0,1,0,0,차대차 - 추돌,안전운전불이행,건조,맑음,단일로 - 기타,화물,남,33세,상해없음,농기계,남,51세,중상
2017050300100414,2017년 5월 3일 17시,수요일,경상북도 구미시 상모동,중상사고,0,1,0,0,차대사람 - 횡단중,보행자보호의무위반,건조,맑음,교차로 - 교차로횡단보도내,승용,남,60세,상해없음,보행자,여,12세,중상
2017050300100438,2017년 5월 3일 18시,수요일,경상북도 경주시 감포읍,경상사고,0,0,1,0,차대차 - 측면충돌,안전운전불이행,건조,맑음,단일로 - 기타,화물,남,62세,상해없음,자전거,남,16세,경상
2017050300100465,2017년 5월 3일 19시,수요일,경상북도 영주시 가흥동,중상사고,0,1,0,0,차대사람 - 횡단중,안전운전불이행,건조,맑음,교차로 - 교차로부근,승용,여,54세,상해없음,보행자,여,59세,중상
2017050300100466,2017년 5월 3일 19시,수요일,경상북도 영천시 금호읍,중상사고,0,2,4,0,차대차 - 추돌,안전운전불이행,건조,맑음,단일로 - 기타,승용,남,22세,상해없음,승용,여,47세,중상
2017050300100467,2017년 5월 3일 19시,수요일,경상북도 문경시 동로면,경상사고,0,0,1,0,차대차 - 기타,중앙선침범,건조,맑음,단일로 - 기타,승용,여,57세,상해없음,이륜,남,41세,경상
2017050300100468,2017년 5월 3일 19시,수요일,경상북도 포항시 남구 청림동,경상사고,0,0,1,0,차량단독 - 기타,안전운전불이행,건조,맑음,단일로 - 기타,이륜,남,17세,경상,,,,
2017050300100497,2017년 5월 3일 20시,수요일,경상북도 경산시 중방동,경상사고,0,0,1,0,차대차 - 측면충돌,안전운전불이행,건조,맑음,교차로 - 교차로안,이륜,남,32세,경상,승용,남,52세,상해없음
2017050300100498,2017년 5월 3일 20시,수요일,경상북도 성주군 성주읍,경상사고,0,0,1,0,차대차 - 기타,안전운전불이행,건조,맑음,미분류 - 미분류,화물,남,40세,상해없음,자전거,남,16세,경상
2017050300100499,2017년 5월 3일 20시,수요일,경상북도 포항시 남구 송도동,중상사고,0,1,0,0,차대사람 - 횡단중,보행자보호의무위반,건조,맑음,단일로 - 기타,이륜,남,24세,상해없음,보행자,남,11세,중상
2017050300100524,2017년 5월 3일 21시,수요일,경상북도 경주시 황오동,경상사고,0,0,1,0,차대사람 - 횡단중,보행자보호의무위반,건조,맑음,교차로 - 교차로안,승용,남,47세,상해없음,보행자,남,67세,경상
2017050300100544,2017년 5월 3일 22시,수요일,경상북도 경주시 천북면,중상사고,0,2,0,0,차량단독 - 전도전복,안전운전불이행,건조,맑음,교차로 - 교차로부근,승용,남,22세,상해없음,미분류,미분류,미분류,미분류
2017050300100545,2017년 5월 3일 22시,수요일,경상북도 상주시 냉림동,중상사고,0,1,0,0,차대차 - 측면충돌,교차로운행방법위반,건조,맑음,교차로 - 교차로안,승용,여,61세,상해없음,승용,여,37세,중상
2017050300100563,2017년 5월 3일 23시,수요일,경상북도 칠곡군 가산면,경상사고,0,0,2,0,차대차 - 측면충돌,안전운전불이행,건조,맑음,단일로 - 기타,승용,남,31세,상해없음,승용,남,61세,경상
2017050300100564,2017년 5월 3일 23시,수요일,경상북도 구미시 진평동,중상사고,0,2,0,1,차대차 - 정면충돌,신호위반,건조,맑음,교차로 - 교차로안,승용,여,25세,부상신고,승용,남,35세,중상
2017050400100020,2017년 5월 4일 00시,목요일,경상북도 안동시 옥야동,중상사고,0,2,0,0,차대차 - 측면충돌,신호위반,건조,맑음,교차로 - 교차로안,승용,남,26세,상해없음,승용,남,45세,중상
2017050400100043,2017년 5월 4일 02시,목요일,경상북도 포항시 북구 덕산동,경상사고,0,0,1,0,차대차 - 정면충돌,중앙선침범,건조,맑음,단일로 - 기타,승용,남,24세,상해없음,이륜,남,17세,상해없음
2017050400100087,2017년 5월 4일 06시,목요일,경상북도 구미시 원평동,중상사고,0,1,1,0,차대차 - 정면충돌,안전운전불이행,건조,맑음,교차로 - 교차로부근,승용,남,29세,상해없음,승용,여,51세,중상
2017050400100102,2017년 5월 4일 07시,목요일,경상북도 칠곡군 가산면,부상신고사고,0,0,0,1,차량단독 - 전도전복 - 전도,안전운전불이행,건조,맑음,교차로 - 교차로부근,건설기계,남,42세,부상신고,,,,
2017050400100103,2017년 5월 4일 07시,목요일,경상북도 청도군 청도읍,경상사고,0,0,1,0,차대차 - 측면충돌,교차로운행방법위반,건조,맑음,교차로 - 교차로안,원동기,여,69세,경상,승용,남,63세,상해없음
2017050400100104,2017년 5월 4일 07시,목요일,경상북도 포항시 남구 대잠동,경상사고,0,0,1,0,차대차 - 추돌,안전운전불이행,건조,맑음,교차로 - 교차로부근,승용,여,44세,상해없음,승용,여,51세,경상
2017050400100128,2017년 5월 4일 08시,목요일,경상북도 김천시 용두동,경상사고,0,0,2,0,차대차 - 추돌,교차로운행방법위반,건조,맑음,교차로 - 교차로부근,승용,남,36세,상해없음,승용,여,48세,경상
2017050400100129,2017년 5월 4일 08시,목요일,경상북도 칠곡군 왜관읍,경상사고,0,0,1,0,차대차 - 측면충돌,교차로운행방법위반,건조,맑음,교차로 - 교차로안,화물,남,54세,상해없음,승용,남,56세,경상
2017050400100130,2017년 5월 4일 08시,목요일,경상북도 성주군 선남면,중상사고,0,2,0,0,차대차 - 측면충돌,안전운전불이행,건조,맑음,단일로 - 기타,화물,남,51세,상해없음,승용,여,54세,중상
2017050400100131,2017년 5월 4일 08시,목요일,경상북도 구미시 진평동,경상사고,0,0,2,0,차대차 - 측면충돌,교차로운행방법위반,건조,맑음,교차로 - 교차로안,승용,남,24세,상해없음,승용,여,26세,경상
2017050400100161,2017년 5월 4일 09시,목요일,경상북도 경주시 안강읍,경상사고,0,0,1,0,차대차 - 측면충돌,교차로운행방법위반,건조,맑음,교차로 - 교차로안,화물,남,56세,상해없음,농기계,남,70세,경상
2017050400100162,2017년 5월 4일 09시,목요일,경상북도 포항시 북구 환호동,중상사고,0,1,0,0,차대사람 - 길가장자리구역통행중,안전운전불이행,건조,맑음,단일로 - 기타,승용,여,34세,상해없음,보행자,여,79세,중상
2017050400100163,2017년 5월 4일 09시,목요일,경상북도 예천군 감천면,중상사고,0,2,0,0,차대차 - 측면충돌,기타,건조,맑음,교차로 - 교차로안,화물,남,55세,상해없음,승용,여,30세,중상
2017050400100164,2017년 5월 4일 09시,목요일,경상북도 고령군 쌍림면,중상사고,0,1,0,0,차대차 - 측면충돌,안전운전불이행,건조,맑음,단일로 - 기타,화물,남,38세,상해없음,원동기,남,75세,중상
2017050400100197,2017년 5월 4일 10시,목요일,경상북도 경주시 마동,경상사고,0,0,4,0,차대차 - 측면충돌,안전운전불이행,건조,맑음,교차로 - 교차로안,승용,여,50세,상해없음,승용,여,37세,경상
2017050400100198,2017년 5월 4일 10시,목요일,경상북도 포항시 북구 두호동,경상사고,0,0,1,0,차대사람 - 횡단중,보행자보호의무위반,건조,맑음,교차로 - 교차로횡단보도내,승용,여,54세,상해없음,보행자,여,14세,경상
2017050400100199,2017년 5월 4일 10시,목요일,경상북도 포항시 북구 덕산동,경상사고,0,0,2,0,차대차 - 측면충돌,직진우회전진행방해,건조,맑음,교차로 - 교차로안,승용,여,61세,경상,승용,여,49세,경상
2017050400100200,2017년 5월 4일 10시,목요일,경상북도 안동시 송현동,중상사고,0,1,0,0,차대차 - 추돌,안전운전불이행,건조,맑음,단일로 - 기타,승용,남,24세,상해없음,이륜,남,76세,중상
2017050400100201,2017년 5월 4일 10시,목요일,경상북도 구미시 형곡동,경상사고,0,0,1,0,차대차 - 측면충돌,안전운전불이행,건조,맑음,단일로 - 기타,승용,여,34세,상해없음,자전거,남,73세,경상
2017050400100202,2017년 5월 4일 10시,목요일,경상북도 포항시 남구 대송면,경상사고,0,0,1,0,차대차 - 추돌,안전운전불이행,건조,맑음,단일로 - 기타,승용,남,54세,상해없음,승용,남,56세,경상
2017050400100233,2017년 5월 4일 11시,목요일,경상북도 안동시 풍산읍,경상사고,0,0,1,0,차대사람 - 기타,안전운전불이행,건조,맑음,단일로 - 지하차도(도로)내,승용,남,56세,상해없음,보행자,남,45세,경상
2017050400100234,2017년 5월 4일 11시,목요일,경상북도 안동시 송현동,중상사고,0,1,5,0,차대차 - 측면충돌,안전운전불이행,건조,맑음,교차로 - 교차로부근,승용,남,60세,경상,승용,여,29세,경상
2017050400100235,2017년 5월 4일 11시,목요일,경상북도 김천시 아포읍,경상사고,0,0,2,0,차대차 - 기타,안전운전불이행,건조,맑음,단일로 - 기타,승용,남,57세,상해없음,승용,여,28세,경상
2017050400100274,2017년 5월 4일 12시,목요일,경상북도 영주시 가흥동,중상사고,0,1,0,0,차대차 - 측면충돌,안전운전불이행,건조,맑음,교차로 - 교차로안,승용,여,64세,상해없음,자전거,여,56세,중상
2017050400100275,2017년 5월 4일 12시,목요일,경상북도 포항시 남구 해도동,중상사고,0,1,1,0,차대차 - 측면충돌,직진우회전진행방해,건조,맑음,교차로 - 교차로안,이륜,남,61세,중상,이륜,남,18세,경상
2017050400100299,2017년 5월 4일 13시,목요일,경상북도 의성군 안사면,경상사고,0,0,1,0,차대차 - 정면충돌,안전운전불이행,건조,맑음,단일로 - 기타,농기계,남,57세,상해없음,승용,남,58세,경상
2017050400100300,2017년 5월 4일 13시,목요일,경상북도 성주군 성주읍,경상사고,0,0,1,0,차대차 - 측면충돌,안전운전불이행,건조,맑음,미분류 - 미분류,승용,여,45세,상해없음,승용,남,52세,경상
2017050400100342,2017년 5월 4일 14시,목요일,경상북도 포항시 북구 흥해읍,경상사고,0,0,1,0,차대사람 - 기타,안전운전불이행,건조,맑음,단일로 - 기타,기타불명,기타불명,미분류,기타불명,보행자,여,66세,경상
2017050400100343,2017년 5월 4일 14시,목요일,경상북도 구미시 상모동,경상사고,0,0,2,0,차대차 - 측면충돌,안전거리미확보,건조,맑음,단일로 - 기타,화물,남,52세,상해없음,승용,여,24세,경상
2017050400100344,2017년 5월 4일 14시,목요일,경상북도 포항시 남구 오천읍,경상사고,0,0,1,0,차대차 - 측면충돌,신호위반,건조,맑음,교차로 - 교차로안,승용,여,36세,상해없음,승용,여,58세,경상
2017050400100376,2017년 5월 4일 15시,목요일,경상북도 상주시 외답동,중상사고,0,1,0,0,차대차 - 측면충돌,안전운전불이행,건조,맑음,단일로 - 기타,승용,남,55세,상해없음,승용,여,58세,중상
2017050400100377,2017년 5월 4일 15시,목요일,경상북도 의성군 의성읍,경상사고,0,0,1,0,차대차 - 측면충돌,직진우회전진행방해,건조,맑음,교차로 - 교차로안,화물,남,62세,상해없음,승용,남,77세,상해없음
2017050400100378,2017년 5월 4일 15시,목요일,경상북도 경산시 진량읍,중상사고,0,1,0,0,차대차 - 기타,교차로운행방법위반,건조,맑음,교차로 - 교차로안,자전거,여,51세,중상,승용,여,22세,상해없음
2017050400100379,2017년 5월 4일 15시,목요일,경상북도 포항시 남구 이동,경상사고,0,0,2,0,차대사람 - 횡단중,신호위반,건조,맑음,교차로 - 교차로횡단보도내,승용,남,62세,상해없음,보행자,남,12세,경상
2017050400100415,2017년 5월 4일 16시,목요일,경상북도 경주시 안강읍,중상사고,0,1,0,0,차대차 - 측면충돌,안전운전불이행,건조,맑음,교차로 - 교차로부근,승용,여,45세,상해없음,이륜,남,83세,중상
2017050400100416,2017년 5월 4일 16시,목요일,경상북도 경산시 용성면,중상사고,0,1,0,0,차량단독 - 전도전복,안전운전불이행,기타,맑음,단일로 - 기타,이륜,남,29세,중상,미분류,미분류,미분류,미분류
2017050400100456,2017년 5월 4일 17시,목요일,경상북도 경주시 용강동,중상사고,0,1,0,0,차대차 - 측면충돌,안전운전불이행,건조,맑음,교차로 - 교차로부근,승용,남,70세,상해없음,자전거,남,22세,중상
2017050400100457,2017년 5월 4일 17시,목요일,경상북도 청도군 풍각면,중상사고,0,2,4,0,차대차 - 측면충돌,안전운전불이행,건조,맑음,단일로 - 기타,승용,남,35세,상해없음,승용,여,38세,중상
2017050400100488,2017년 5월 4일 18시,목요일,경상북도 포항시 북구 죽도동,중상사고,0,1,0,0,차대차 - 측면충돌,안전거리미확보,건조,맑음,단일로 - 기타,승용,남,57세,상해없음,원동기,남,32세,중상
2017050400100489,2017년 5월 4일 18시,목요일,경상북도 상주시 서문동,부상신고사고,0,0,0,1,차량단독 - 공작물충돌,신호위반,건조,맑음,교차로 - 교차로부근,이륜,남,17세,부상신고,,,,
2017050400100490,2017년 5월 4일 18시,목요일,경상북도 경산시 조영동,중상사고,0,1,0,0,차대차 - 측면충돌,안전운전불이행,건조,맑음,단일로 - 기타,화물,남,22세,상해없음,이륜,남,28세,중상
2017050400100527,2017년 5월 4일 19시,목요일,경상북도 의성군 비안면,중상사고,0,1,1,0,차대차 - 정면충돌,신호위반,건조,맑음,교차로 - 교차로안,화물,남,73세,상해없음,승용,여,46세,중상
2017050400100528,2017년 5월 4일 19시,목요일,경상북도 봉화군 석포면,중상사고,0,1,0,0,차대차 - 정면충돌,안전운전불이행,건조,맑음,단일로 - 기타,이륜,남,59세,중상,승용,여,45세,상해없음
2017050400100557,2017년 5월 4일 20시,목요일,경상북도 포항시 북구 우현동,경상사고,0,0,1,0,차대사람 - 차도통행중,신호위반,건조,맑음,교차로 - 교차로안,기타불명,기타불명,미분류,기타불명,보행자,여,14세,경상
2017050400100558,2017년 5월 4일 20시,목요일,경상북도 포항시 북구 창포동,중상사고,0,1,0,0,차대사람 - 차도통행중,안전운전불이행,건조,맑음,단일로 - 기타,승용,남,22세,상해없음,보행자,남,47세,중상
2017050400100559,2017년 5월 4일 20시,목요일,경상북도 포항시 북구 양덕동,중상사고,0,1,0,0,차대사람 - 횡단중,보행자보호의무위반,건조,맑음,교차로 - 교차로횡단보도내,승용,남,57세,상해없음,보행자,남,82세,중상
2017050400100560,2017년 5월 4일 20시,목요일,경상북도 김천시 감천면,중상사고,0,1,0,0,차량단독 - 전도전복 - 전도,안전운전불이행,건조,맑음,단일로 - 기타,이륜,남,69세,중상,,,,
2017050400100617,2017년 5월 4일 22시,목요일,경상북도 영덕군 병곡면,중상사고,0,2,0,0,차대차 - 측면충돌,신호위반,건조,맑음,교차로 - 교차로안,승용,남,52세,상해없음,승용,남,35세,중상
2017050400100618,2017년 5월 4일 22시,목요일,경상북도 구미시 임은동,경상사고,0,0,1,0,차대차 - 측면충돌,신호위반,건조,맑음,교차로 - 교차로부근,승용,남,50세,상해없음,화물,남,30세,경상