사고번호,사고일시,요일,시군구,사고내용,사망자수,중상자수,경상자수,부상신고자수,사고유형,법규위반,노면상태,기상상태,도로형태,가해운전자 차종,가해운전자 성별,가해운전자 연령,가해운전자 상해정도,피해운전자 차종,피해운전자 성별,피해운전자 연령,피해운전자 상해정도
2017050500100024,2017년 5월 5일 00시,금요일,경상북도 구미시 광평동,사망사고,1,1,0,0,차량단독 - 전도전복 - 전복,안전운전불이행,건조,맑음,교차로 - 교차로부근,승용,남,36세,사망,,,,
2017050500100080,2017년 5월 5일 05시,금요일,경상북도 칠곡군 왜관읍,경상사고,0,0,2,0,차량단독 - 기타,안전운전불이행,젖음/습기,흐림,단일로 - 기타,승용,남,31세,경상,,,,
2017050500100093,2017년 5월 5일 06시,금요일,경상북도 청도군 금천면,중상사고,0,2,1,0,차량단독 - 기타,안전운전불이행,건조,맑음,교차로 - 교차로부근,화물,여,61세,경상,,,,
2017050500100124,2017년 5월 5일 08시,금요일,경상북도 경주시 안강읍,경상사고,0,0,1,1,차대차 - 측면충돌,안전운전불이행,건조,맑음,단일로 - 기타,승용,여,43세,경상,화물,남,59세,부상신고
2017050500100125,2017년 5월 5일 08시,금요일,경상북도 예천군 감천면,경상사고,0,0,1,0,차대사람 - 기타,안전운전불이행,건조,맑음,단일로 - 기타,승용,남,51세,상해없음,보행자,남,46세,경상
2017050500100148,2017년 5월 5일 09시,금요일,경상북도 김천시 봉산면,경상사고,0,0,1,0,차대차 - 추돌,안전운전불이행,건조,맑음,단일로 - 기타,승용,남,63세,경상,승용,여,48세,상해없음
2017050500100167,2017년 5월 5일 10시,금요일,경상북도 영주시 상망동,중상사고,0,1,0,0,차대차 - 기타,안전운전불이행,건조,맑음,단일로 - 기타,화물,남,54세,상해없음,자전거,여,79세,중상
2017050500100190,2017년 5월 5일 11시,금요일,경상북도 경주시 구황동,사망사고,1,0,3,0,차대차 - 추돌,안전운전불이행,건조,맑음,단일로 - 기타,승합,남,38세,상해없음,승용,남,40세,경상
2017050500100191,2017년 5월 5일 11시,금요일,경상북도 영주시 하망동,경상사고,0,0,1,0,차대차 - 기타,안전운전불이행,건조,맑음,교차로 - 교차로안,승용,여,50세,상해없음,자전거,여,60세,경상
2017050500100192,2017년 5월 5일 11시,금요일,경상북도 문경시 문경읍,중상사고,0,2,0,0,차대차 - 측면충돌,안전운전불이행,건조,맑음,교차로 - 교차로안,화물,남,75세,상해없음,원동기,남,76세,중상
2017050500100193,2017년 5월 5일 11시,금요일,경상북도 구미시 광평동,경상사고,0,0,1,0,차대차 - 정면충돌,차로위반,건조,맑음,기타 - 기타,승용,남,61세,상해없음,승용,여,35세,상해없음
2017050500100194,2017년 5월 5일 11시,금요일,경상북도 포항시 남구 오천읍,경상사고,0,0,1,0,차대사람 - 기타,안전운전불이행,건조,맑음,단일로 - 기타,승용,남,77세,상해없음,보행자,남,27세,경상
2017050500100220,2017년 5월 5일 12시,금요일,경상북도 경주시 안강읍,중상사고,0,1,0,0,차량단독 - 전도전복,안전운전불이행,건조,맑음,단일로 - 기타,승용,여,48세,중상,미분류,미분류,미분류,미분류
2017050500100221,2017년 5월 5일 12시,금요일,경상북도 안동시 태화동,경상사고,0,0,1,0,차대차 - 측면충돌,중앙선침범,건조,맑음,교차로 - 교차로부근,승용,남,58세,상해없음,승용,남,34세,경상
2017050500100222,2017년 5월 5일 12시,금요일,경상북도 군위군 군위읍,경상사고,0,0,1,0,차대차 - 기타,중앙선침범,건조,맑음,단일로 - 기타,승용,남,34세,상해없음,화물,남,34세,경상
2017050500100254,2017년 5월 5일 13시,금요일,경상북도 의성군 단촌면,경상사고,0,0,1,0,차대차 - 측면충돌,안전운전불이행,건조,맑음,교차로 - 교차로부근,승용,남,24세,상해없음,자전거,여,55세,경상
2017050500100280,2017년 5월 5일 14시,금요일,경상북도 포항시 북구 죽도동,중상사고,0,1,0,0,차대사람 - 횡단중,안전운전불이행,건조,맑음,단일로 - 기타,승용,남,30세,상해없음,보행자,여,65세,중상
2017050500100281,2017년 5월 5일 14시,금요일,경상북도 안동시 용상동,경상사고,0,0,2,0,차대차 - 측면충돌,안전운전불이행,건조,맑음,단일로 - 기타,승용,남,61세,상해없음,승용,남,33세,경상
2017050500100282,2017년 5월 5일 14시,금요일,경상북도 성주군 성주읍,중상사고,0,1,0,0,차량단독 - 도로외이탈 - 추락,안전운전불이행,젖음/습기,비,기타 - 기타,화물,남,54세,상해없음,,,,
2017050500100283,2017년 5월 5일 14시,금요일,경상북도 구미시 원평동,중상사고,0,2,2,0,차대차 - 측면충돌,신호위반,건조,맑음,교차로 - 교차로안,승용,남,70세,상해없음,승용,남,34세,상해없음
2017050500100311,2017년 5월 5일 15시,금요일,경상북도 김천시 황금동,경상사고,0,0,2,0,차대사람 - 횡단중,보행자보호의무위반,건조,맑음,교차로 - 교차로부근,화물,남,57세,상해없음,보행자,여,77세,경상
2017050500100312,2017년 5월 5일 15시,금요일,경상북도 칠곡군 왜관읍,중상사고,0,1,0,0,차대사람 - 기타,안전운전불이행,젖음/습기,비,교차로 - 교차로안,승용,남,37세,상해없음,보행자,남,66세,중상
2017050500100313,2017년 5월 5일 15시,금요일,경상북도 군위군 부계면,중상사고,0,3,0,0,차대차 - 측면충돌,중앙선침범,건조,맑음,단일로 - 기타,승용,남,53세,상해없음,승용,남,61세,중상
2017050500100314,2017년 5월 5일 15시,금요일,경상북도 청송군 현동면,경상사고,0,0,1,0,차대사람 - 기타,안전운전불이행,건조,맑음,기타 - 기타,화물,남,81세,상해없음,보행자,여,58세,경상
2017050500100349,2017년 5월 5일 16시,금요일,경상북도 포항시 북구 두호동,경상사고,0,0,1,0,차대사람 - 횡단중,안전운전불이행,건조,맑음,단일로 - 기타,기타불명,여,24세,상해없음,보행자,여,22세,경상
2017050500100350,2017년 5월 5일 16시,금요일,경상북도 상주시 화동면,중상사고,0,1,0,0,차대차 - 기타,중앙선침범,건조,맑음,단일로 - 기타,사륜오토바이(ATV),남,64세,중상,승용,남,36세,상해없음
2017050500100351,2017년 5월 5일 16시,금요일,경상북도 칠곡군 왜관읍,경상사고,0,0,1,0,차량단독 - 전도전복,안전운전불이행,건조,맑음,단일로 - 교량,이륜,남,89세,경상,미분류,미분류,미분류,미분류
2017050500100352,2017년 5월 5일 16시,금요일,경상북도 울진군 후포면,중상사고,0,2,0,0,차대차 - 측면충돌,직진우회전진행방해,건조,맑음,교차로 - 교차로안,승용,남,41세,상해없음,승용,여,28세,중상
2017050500100353,2017년 5월 5일 16시,금요일,경상북도 구미시 오태동,경상사고,0,0,2,0,차대차 - 기타,안전운전불이행,젖음/습기,비,단일로 - 기타,승용,여,41세,상해없음,화물,남,57세,상해없음
2017050500100354,2017년 5월 5일 16시,금요일,경상북도 포항시 남구 연일읍,중상사고,0,1,0,0,차대차 - 측면충돌,안전운전불이행,건조,맑음,교차로 - 교차로안,승용,여,46세,상해없음,이륜,남,32세,중상
2017050500100393,2017년 5월 5일 17시,금요일,경상북도 포항시 북구 죽도동,경상사고,0,0,3,0,차대차 - 측면충돌,직진우회전진행방해,건조,맑음,교차로 - 교차로안,승용,여,55세,상해없음,승용,남,25세,경상
2017050500100394,2017년 5월 5일 17시,금요일,경상북도 김천시 아포읍,중상사고,0,1,1,0,차대사람 - 횡단중,안전운전불이행,건조,맑음,단일로 - 기타,이륜,남,74세,경상,보행자,여,57세,중상
2017050500100395,2017년 5월 5일 17시,금요일,경상북도 상주시 모동면,경상사고,0,0,1,0,차량단독 - 전도전복,안전운전불이행,건조,맑음,교차로 - 교차로부근,원동기,남,77세,경상,미분류,미분류,미분류,미분류
2017050500100425,2017년 5월 5일 18시,금요일,경상북도 칠곡군 가산면,경상사고,0,0,1,1,차대차 - 측면충돌,중앙선침범,젖음/습기,비,단일로 - 기타,승용,남,47세,부상신고,승용,여,50세,경상
2017050500100454,2017년 5월 5일 19시,금요일,경상북도 구미시 임은동,경상사고,0,0,1,0,차대차 - 추돌,안전운전불이행,젖음/습기,비,단일로 - 기타,승용,남,49세,상해없음,승용,남,60세,경상
2017050500100492,2017년 5월 5일 20시,금요일,경상북도 상주시 서성동,중상사고,0,1,0,0,차대차 - 기타,기타,건조,맑음,단일로 - 기타,승용,남,66세,상해없음,자전거,남,16세,중상
2017050500100529,2017년 5월 5일 21시,금요일,경상북도 경주시 천북면,경상사고,0,0,4,0,차대차 - 추돌,안전운전불이행,젖음/습기,비,단일로 - 기타,화물,남,35세,상해없음,승용,남,43세,경상
2017050500100530,2017년 5월 5일 21시,금요일,경상북도 영덕군 강구면,경상사고,0,0,1,0,차대사람 - 길가장자리구역통행중,안전운전불이행,건조,맑음,단일로 - 기타,승용,남,51세,상해없음,보행자,남,29세,경상
2017050500100531,2017년 5월 5일 21시,금요일,경상북도 구미시 상모동,부상신고사고,0,0,0,1,차대차 - 측면충돌,안전운전불이행,건조,맑음,교차로 - 교차로안,이륜,남,21세,부상신고,승용,남,31세,상해없음
2017050500100549,2017년 5월 5일 22시,금요일,경상북도 경주시 노동동,경상사고,0,0,2,0,차대차 - 측면충돌,안전운전불이행,젖음/습기,비,단일로 - 기타,승용,남,31세,상해없음,승용,여,45세,경상
2017050600100035,2017년 5월 6일 02시,토요일,경상북도 경주시 외동읍,부상신고사고,0,0,0,1,차량단독 - 전도전복,안전운전불이행,건조,맑음,단일로 - 기타,이륜,남,24세,부상신고,미분류,미분류,미분류,미분류
2017050600100036,2017년 5월 6일 02시,토요일,경상북도 경주시 사정동,중상사고,0,2,1,0,차대차 - 측면충돌,신호위반,건조,맑음,교차로 - 교차로안,승용,여,54세,중상,승용,남,51세,경상
2017050600100045,2017년 5월 6일 03시,토요일,경상북도 경산시 하양읍,중상사고,0,1,0,0,차량단독 - 전도전복 - 전도,안전운전불이행,건조,맑음,단일로 - 교량,승용,남,45세,중상,,,,
2017050600100131,2017년 5월 6일 09시,토요일,경상북도 의성군 안평면,경상사고,0,0,1,0,차대사람 - 횡단중,안전운전불이행,건조,맑음,단일로 - 기타,승용,여,33세,상해없음,보행자,남,48세,경상
2017050600100157,2017년 5월 6일 10시,토요일,경상북도 영주시 휴천동,경상사고,0,0,2,0,차대차 - 측면충돌,교차로운행방법위반,건조,맑음,교차로 - 교차로안,승용,여,57세,경상,이륜,남,34세,경상
2017050600100189,2017년 5월 6일 11시,토요일,경상북도 경주시 동천동,경상사고,0,0,2,0,차대차 - 정면충돌,중앙선침범,건조,맑음,단일로 - 기타,승용,여,46세,경상,화물,남,54세,경상
2017050600100190,2017년 5월 6일 11시,토요일,경상북도 경주시 구황동,중상사고,0,1,1,3,차대차 - 정면충돌,안전운전불이행,건조,맑음,교차로 - 교차로안,승용,남,45세,상해없음,승용,여,55세,중상
2017050600100191,2017년 5월 6일 11시,토요일,경상북도 봉화군 춘양면,중상사고,0,1,3,0,차대차 - 측면충돌,기타,건조,맑음,교차로 - 교차로안,승합,남,62세,상해없음,승용,남,51세,중상
2017050600100214,2017년 5월 6일 12시,토요일,경상북도 경주시 내남면,경상사고,0,0,1,0,차대사람 - 길가장자리구역통행중,안전운전불이행,건조,맑음,단일로 - 기타,승용,남,31세,상해없음,보행자,여,23세,경상
2017050600100215,2017년 5월 6일 12시,토요일,경상북도 의성군 금성면,경상사고,0,0,1,0,차대차 - 기타,안전운전불이행,건조,맑음,단일로 - 기타,승용,남,53세,경상,승합,남,25세,상해없음
2017050600100216,2017년 5월 6일 12시,토요일,경상북도 포항시 남구 장기면,중상사고,0,3,3,0,차대차 - 정면충돌,중앙선침범,건조,맑음,단일로 - 기타,승용,여,39세,중상,승용,남,45세,경상
2017050600100244,2017년 5월 6일 13시,토요일,경상북도 상주시 함창읍,경상사고,0,0,1,0,차대사람 - 횡단중,안전운전불이행,건조,맑음,단일로 - 기타,화물,남,75세,상해없음,보행자,남,3세,경상
2017050600100245,2017년 5월 6일 13시,토요일,경상북도 의성군 안계면,부상신고사고,0,0,0,1,차대사람 - 횡단중,안전운전불이행,건조,맑음,주차장 - 주차장,승용,여,52세,상해없음,보행자,남,24세,부상신고
2017050600100246,2017년 5월 6일 13시,토요일,경상북도 구미시 봉곡동,경상사고,0,0,1,1,차대차 - 측면충돌,안전운전불이행,건조,맑음,교차로 - 교차로안,승용,여,36세,부상신고,승용,여,41세,경상
2017050600100285,2017년 5월 6일 14시,토요일,경상북도 안동시 서후면,경상사고,0,0,2,0,차대차 - 측면충돌,교차로운행방법위반,건조,맑음,교차로 - 교차로안,승용,여,51세,상해없음,기타불명,남,75세,경상
2017050600100286,2017년 5월 6일 14시,토요일,경상북도 경산시 중방동,경상사고,0,0,1,0,차대차 - 측면충돌,안전운전불이행,건조,맑음,교차로 - 교차로안,승용,남,54세,상해없음,승용,남,28세,경상
2017050600100287,2017년 5월 6일 14시,토요일,경상북도 청도군 청도읍,경상사고,0,0,2,0,차대차 - 측면충돌,교차로운행방법위반,건조,맑음,교차로 - 교차로안,승용,남,77세,상해없음,승용,남,35세,경상
2017050600100288,2017년 5월 6일 14시,토요일,경상북도 구미시 거의동,중상사고,0,1,0,0,차대차 - 측면충돌,안전운전불이행,건조,맑음,기타 - 기타,승용,남,23세,상해없음,자전거,남,44세,중상
2017050600100289,2017년 5월 6일 14시,토요일,경상북도 포항시 남구 오천읍,부상신고사고,0,0,0,1,차대차 - 측면충돌,안전운전불이행,건조,맑음,교차로 - 교차로안,승용,남,65세,부상신고,특수,남,25세,상해없음
2017050600100319,2017년 5월 6일 15시,토요일,경상북도 경주시 노동동,중상사고,0,1,0,0,차대사람 - 길가장자리구역통행중,안전운전불이행,건조,맑음,단일로 - 기타,승용,남,41세,상해없음,보행자,남,16세,중상
2017050600100320,2017년 5월 6일 15시,토요일,경상북도 예천군 풍양면,중상사고,0,1,0,0,차대차 - 추돌,직진우회전진행방해,건조,맑음,교차로 - 교차로안,승용,남,33세,상해없음,자전거,여,57세,중상
2017050600100321,2017년 5월 6일 15시,토요일,경상북도 청도군 금천면,중상사고,0,4,1,0,차대차 - 측면충돌,안전거리미확보,건조,맑음,단일로 - 기타,화물,남,63세,경상,승용,남,43세,중상
2017050600100366,2017년 5월 6일 16시,토요일,경상북도 울진군 근남면,부상신고사고,0,0,0,1,차량단독 - 기타,안전운전불이행,건조,맑음,단일로 - 기타,자전거,남,59세,부상신고,,,,
2017050600100392,2017년 5월 6일 17시,토요일,경상북도 영천시 금노동,경상사고,0,0,1,0,차대차 - 측면충돌,안전운전불이행,건조,맑음,교차로 - 교차로안,승합,남,53세,상해없음,승용,기타불명,미분류,기타불명
2017050600100393,2017년 5월 6일 17시,토요일,경상북도 청도군 청도읍,경상사고,0,0,1,0,차대차 - 기타,안전운전불이행,건조,맑음,교차로 - 교차로부근,승용,여,55세,상해없음,이륜,남,73세,경상
2017050600100421,2017년 5월 6일 18시,토요일,경상북도 상주시 신봉동,경상사고,0,0,1,0,차대차 - 측면충돌,안전거리미확보,건조,맑음,교차로 - 교차로부근,승용,남,76세,상해없음,승용,남,29세,경상
2017050600100422,2017년 5월 6일 18시,토요일,경상북도 포항시 남구 대송면,부상신고사고,0,0,0,1,차대차 - 기타,안전운전불이행,건조,맑음,단일로 - 기타,자전거,남,69세,부상신고,승용,남,59세,상해없음
2017050600100450,2017년 5월 6일 19시,토요일,경상북도 경주시 노서동,경상사고,0,0,1,1,차량단독 - 기타,신호위반,건조,맑음,교차로 - 교차로안,원동기,남,38세,부상신고,,,,
2017050600100451,2017년 5월 6일 19시,토요일,경상북도 포항시 북구 죽장면,경상사고,0,0,1,0,차대사람 - 차도통행중,안전운전불이행,건조,맑음,단일로 - 기타,승용,여,54세,상해없음,보행자,남,11세,경상
2017050600100452,2017년 5월 6일 19시,토요일,경상북도 영천시 금노동,경상사고,0,0,1,1,차대차 - 측면충돌,교차로운행방법위반,건조,맑음,교차로 - 교차로부근,승용,남,57세,상해없음,승용,남,33세,경상
2017050600100453,2017년 5월 6일 19시,토요일,경상북도 구미시 상모동,중상사고,0,1,0,0,차대차 - 정면충돌,안전운전불이행,건조,맑음,단일로 - 기타,승용,남,24세,상해없음,이륜,여,35세,중상
2017050600100454,2017년 5월 6일 19시,토요일,경상북도 구미시 송정동,경상사고,0,0,1,0,차대차 - 측면충돌,안전운전불이행,건조,맑음,교차로 - 교차로안,승용,여,49세,상해없음,승용,여,57세,경상
2017050600100455,2017년 5월 6일 19시,토요일,경상북도 구미시 도개면,경상사고,0,0,1,0,차대차 - 추돌,안전운전불이행,건조,맑음,단일로 - 기타,화물,남,55세,상해없음,농기계,남,52세,경상
2017050600100486,2017년 5월 6일 20시,토요일,경상북도 구미시 도량동,경상사고,0,0,1,0,차대차 - 측면충돌,중앙선침범,건조,맑음,교차로 - 교차로부근,승용,남,68세,상해없음,이륜,남,23세,경상
2017050600100512,2017년 5월 6일 21시,토요일,경상북도 경주시 보문동,경상사고,0,0,4,0,차대차 - 측면충돌,안전운전불이행,건조,맑음,교차로 - 교차로안,승용,남,29세,상해없음,승용,남,30세,경상
2017050600100513,2017년 5월 6일 21시,토요일,경상북도 칠곡군 왜관읍,중상사고,0,1,0,0,차대사람 - 길가장자리구역통행중,안전운전불이행,건조,맑음,교차로 - 교차로안,승용,남,45세,상해없음,보행자,여,70세,중상
2017050600100514,2017년 5월 6일 21시,토요일,경상북도 영덕군 병곡면,중상사고,0,1,0,0,차대차 - 측면충돌,중앙선침범,건조,맑음,단일로 - 기타,승용,남,52세,상해없음,원동기,남,54세,중상
2017050600100537,2017년 5월 6일 22시,토요일,경상북도 경주시 노서동,경상사고,0,0,2,0,차대차 - 측면충돌,교차로운행방법위반,건조,맑음,교차로 - 교차로안,화물,남,30세,상해없음,이륜,남,16세,경상
2017050600100551,2017년 5월 6일 23시,토요일,경상북도 경주시 보문동,경상사고,0,0,1,0,차대차 - 측면충돌,안전운전불이행,건조,맑음,단일로 - 기타,승용,남,57세,상해없음,승용,남,29세,경상
2017050600100552,2017년 5월 6일 23시,토요일,경상북도 칠곡군 약목면,경상사고,0,0,4,0,차대차 - 정면충돌,신호위반,건조,맑음,교차로 - 교차로안,승용,남,22세,상해없음,승용,남,40세,경상
2017050600100553,2017년 5월 6일 23시,토요일,경상북도 칠곡군 석적읍,경상사고,0,0,1,0,차대차 - 측면충돌,안전운전불이행,건조,맑음,단일로 - 기타,승용,남,58세,상해없음,이륜,남,32세,경상
2017050700100050,2017년 5월 7일 03시,일요일,경상북도 안동시 송현동,경상사고,0,0,1,0,차대차 - 측면충돌,교차로운행방법위반,건조,맑음,교차로 - 교차로안,승용,남,29세,상해없음,승용,여,25세,경상
2017050700100063,2017년 5월 7일 04시,일요일,경상북도 김천시 남면,중상사고,0,1,0,0,차량단독 - 전도전복 - 전도,안전운전불이행,건조,맑음,단일로 - 기타,승용,남,22세,중상,,,,
2017050700100082,2017년 5월 7일 07시,일요일,경상북도 구미시 선산읍,중상사고,0,1,0,1,차량단독 - 전도전복 - 전도,안전운전불이행,건조,맑음,단일로 - 기타,승용,여,46세,부상신고,,,,
2017050700100115,2017년 5월 7일 09시,일요일,경상북도 포항시 북구 두호동,중상사고,0,1,3,0,차대차 - 측면충돌,중앙선침범,건조,맑음,교차로 - 교차로안,승용,남,70세,경상,승용,남,67세,경상
2017050700100116,2017년 5월 7일 09시,일요일,경상북도 포항시 남구 상도동,경상사고,0,0,2,0,차대차 - 측면충돌,차로위반,건조,맑음,단일로 - 기타,승합,남,59세,상해없음,승용,남,52세,경상
2017050700100126,2017년 5월 7일 10시,일요일,경상북도 포항시 남구 구룡포읍,중상사고,0,1,0,0,차대차 - 기타,안전운전불이행,건조,맑음,단일로 - 기타,승용,남,55세,상해없음,이륜,남,42세,중상
2017050700100153,2017년 5월 7일 11시,일요일,경상북도 상주시 낙동면,중상사고,0,1,0,0,차대사람 - 차도통행중,안전운전불이행,건조,맑음,단일로 - 기타,승용,남,45세,상해없음,보행자,여,69세,중상
2017050700100191,2017년 5월 7일 13시,일요일,경상북도 경산시 압량면,경상사고,0,0,1,0,차대차 - 정면충돌,중앙선침범,건조,맑음,교차로 - 교차로부근,승용,여,21세,상해없음,승용,여,45세,경상
2017050700100192,2017년 5월 7일 13시,일요일,경상북도 포항시 남구 효자동,경상사고,0,0,1,0,차대차 - 기타,안전운전불이행,건조,맑음,교차로 - 교차로안,승용,여,64세,상해없음,이륜,남,16세,경상
2017050700100249,2017년 5월 7일 15시,일요일,경상북도 경산시 압량면,중상사고,0,1,0,0,차대차 - 정면충돌,신호위반,건조,맑음,교차로 - 교차로안,승용,여,56세,상해없음,승용,남,49세,중상
2017050700100274,2017년 5월 7일 16시,일요일,경상북도 포항시 북구 항구동,경상사고,0,0,1,0,차대차 - 측면충돌,신호위반,건조,맑음,교차로 - 교차로안,승용,여,32세,상해없음,화물,여,55세,경상
2017050700100275,2017년 5월 7일 16시,일요일,경상북도 포항시 북구 학잠동,경상사고,0,0,3,0,차대차 - 추돌,안전운전불이행,건조,맑음,단일로 - 기타,승용,남,48세,상해없음,승용,남,44세,경상
2017050700100304,2017년 5월 7일 17시,일요일,경상북도 영주시 영주동,경상사고,0,0,2,0,차대차 - 추돌,안전운전불이행,건조,맑음,교차로 - 교차로부근,승용,남,21세,상해없음,승용,남,69세,상해없음
2017050700100305,2017년 5월 7일 17시,일요일,경상북도 영주시 풍기읍,중상사고,0,1,0,0,차대차 - 추돌,안전운전불이행,건조,맑음,단일로 - 기타,화물,남,61세,상해없음,농기계,남,74세,중상
2017050700100306,2017년 5월 7일 17시,일요일,경상북도 경산시 사정동,경상사고,0,0,2,0,차대차 - 측면충돌,안전운전불이행,건조,맑음,교차로 - 교차로안,승용,여,43세,상해없음,승용,남,70세,경상
2017050700100331,2017년 5월 7일 18시,일요일,경상북도 군위군 부계면,경상사고,0,0,1,1,차대차 - 측면충돌,교차로운행방법위반,건조,맑음,교차로 - 교차로안,승용,여,25세,상해없음,승용,남,58세,경상
2017050700100355,2017년 5월 7일 19시,일요일,경상북도 경주시 외동읍,경상사고,0,0,1,0,차대차 - 기타,안전운전불이행,건조,맑음,단일로 - 기타,승용,남,24세,상해없음,이륜,남,41세,경상
2017050700100356,2017년 5월 7일 19시,일요일,경상북도 문경시 흥덕동,경상사고,0,0,1,0,차대차 - 기타,안전운전불이행,건조,맑음,교차로 - 교차로안,화물,남,43세,상해없음,승용,여,60세,상해없음
2017050700100357,2017년 5월 7일 19시,일요일,경상북도 경산시 압량면,사망사고,1,0,0,0,차대차 - 기타,안전운전불이행,건조,맑음,단일로 - 기타,이륜,남,87세,사망,화물,남,34세,기타불명
2017050700100358,2017년 5월 7일 19시,일요일,경상북도 포항시 남구 대잠동,중상사고,0,1,2,0,차대차 - 기타,안전운전불이행,건조,맑음,교차로 - 교차로안,이륜,남,19세,상해없음,승용,남,26세,경상
2017050700100380,2017년 5월 7일 20시,일요일,경상북도 경주시 조양동,중상사고,0,2,1,0,차대차 - 측면충돌,중앙선침범,건조,맑음,단일로 - 기타,승용,남,51세,상해없음,승용,남,31세,중상
2017050700100381,2017년 5월 7일 20시,일요일,경상북도 안동시 풍산읍,경상사고,0,0,2,0,차대차 - 측면충돌,안전운전불이행,건조,맑음,단일로 - 기타,승용,남,36세,상해없음,이륜,남,37세,경상
2017050700100382,2017년 5월 7일 20시,일요일,경상북도 영양군 수비면,중상사고,0,1,0,0,차대사람 - 횡단중,안전운전불이행,건조,맑음,단일로 - 기타,화물,남,55세,상해없음,보행자,여,78세,중상
2017050700100407,2017년 5월 7일 21시,일요일,경상북도 경주시 인왕동,경상사고,0,0,2,0,차대차 - 측면충돌,신호위반,건조,맑음,교차로 - 교차로안,승용,남,52세,상해없음,승용,남,27세,경상
2017050700100431,2017년 5월 7일 22시,일요일,경상북도 포항시 북구 대흥동,경상사고,0,0,1,0,차대차 - 측면충돌,안전운전불이행,건조,맑음,단일로 - 기타,승용,남,23세,상해없음,승용,여,63세,경상
2017050700100449,2017년 5월 7일 23시,일요일,경상북도 경산시 중방동,경상사고,0,0,2,0,차대차 - 정면충돌,안전운전불이행,건조,맑음,단일로 - 기타,승용,여,59세,상해없음,승용,남,33세,경상
2017050800100024,2017년 5월 8일 00시,월요일,경상북도 영천시 망정동,경상사고,0,0,1,0,차대차 - 측면충돌,신호위반,건조,맑음,교차로 - 교차로안,승용,남,31세,상해없음,승용,남,41세,경상
2017050800100025,2017년 5월 8일 00시,월요일,경상북도 예천군 개포면,중상사고,0,1,0,0,차량단독 - 전도전복,안전운전불이행,젖음/습기,비,기타 - 기타,승용,남,48세,상해없음,미분류,미분류,미분류,미분류
2017050800100060,2017년 5월 8일 06시,월요일,경상북도 안동시 임동면,경상사고,0,0,3,0,차대차 - 측면충돌,중앙선침범,건조,맑음,교차로 - 교차로안,화물,남,63세,상해없음,화물,남,35세,경상
2017050800100080,2017년 5월 8일 07시,월요일,경상북도 칠곡군 동명면,중상사고,0,1,2,0,차대차 - 추돌,안전거리미확보,건조,맑음,단일로 - 기타,승용,남,78세,상해없음,승용,여,43세,경상
2017050800100128,2017년 5월 8일 08시,월요일,경상북도 안동시 당북동,경상사고,0,0,1,0,차대차 - 측면충돌,안전운전불이행,건조,맑음,단일로 - 기타,승용,여,37세,상해없음,승용,남,66세,경상
2017050800100129,2017년 5월 8일 08시,월요일,경상북도 영주시 영주동,중상사고,0,1,0,0,차대차 - 측면충돌,안전운전불이행,건조,맑음,단일로 - 기타,승용,여,55세,상해없음,자전거,남,64세,중상
2017050800100130,2017년 5월 8일 08시,월요일,경상북도 경산시 정평동,경상사고,0,0,1,0,차대사람 - 길가장자리구역통행중,안전운전불이행,건조,맑음,단일로 - 기타,승용,여,44세,상해없음,보행자,여,26세,경상
2017050800100131,2017년 5월 8일 08시,월요일,경상북도 포항시 남구 구룡포읍,중상사고,0,1,0,0,차대차 - 기타,교차로운행방법위반,건조,맑음,교차로 - 교차로안,화물,남,73세,상해없음,이륜,남,18세,중상
2017050800100170,2017년 5월 8일 09시,월요일,경상북도 김천시 감호동,경상사고,0,0,1,0,차대차 - 측면충돌,안전운전불이행,건조,맑음,교차로 - 교차로안,화물,남,78세,상해없음,승용,남,53세,상해없음
2017050800100171,2017년 5월 8일 09시,월요일,경상북도 의성군 비안면,중상사고,0,1,0,0,차량단독 - 전도전복,안전운전불이행,건조,맑음,단일로 - 기타,승용,남,75세,상해없음,미분류,미분류,미분류,미분류
2017050800100172,2017년 5월 8일 09시,월요일,경상북도 의성군 비안면,중상사고,0,1,1,0,차대차 - 측면충돌,기타,건조,맑음,교차로 - 교차로안,화물,남,66세,중상,승용,남,68세,경상
2017050800100203,2017년 5월 8일 10시,월요일,경상북도 안동시 남후면,경상사고,0,0,2,0,차대차 - 측면충돌,안전운전불이행,건조,맑음,단일로 - 기타,이륜,남,51세,경상,승용,여,60세,상해없음
2017050800100204,2017년 5월 8일 10시,월요일,경상북도 상주시 냉림동,경상사고,0,0,2,0,차대차 - 측면충돌,안전운전불이행,건조,맑음,단일로 - 기타,승용,여,33세,상해없음,승용,남,25세,경상
2017050800100205,2017년 5월 8일 10시,월요일,경상북도 영천시 완산동,경상사고,0,0,1,0,차대차 - 후진중충돌,안전운전불이행,건조,맑음,단일로 - 기타,승용,남,75세,상해없음,승용,남,58세,경상
2017050800100206,2017년 5월 8일 10시,월요일,경상북도 문경시 공평동,경상사고,0,0,1,0,차대차 - 측면충돌,안전운전불이행,건조,맑음,교차로 - 교차로안,이륜,남,77세,경상,화물,남,48세,상해없음
2017050800100207,2017년 5월 8일 10시,월요일,경상북도 영덕군 영해면,경상사고,0,0,1,0,차대사람 - 횡단중,안전운전불이행,건조,맑음,단일로 - 기타,화물,남,58세,상해없음,보행자,남,79세,경상
2017050800100208,2017년 5월 8일 10시,월요일,경상북도 구미시 상모동,경상사고,0,0,1,0,차대차 - 측면충돌,안전거리미확보,건조,맑음,단일로 - 기타,승용,여,48세,상해없음,승용,남,47세,경상
2017050800100238,2017년 5월 8일 11시,월요일,경상북도 포항시 북구 죽도동,경상사고,0,0,1,0,차대차 - 측면충돌,안전운전불이행,건조,맑음,단일로 - 기타,승용,남,43세,상해없음,승용,남,49세,경상