사고번호,사고일시,요일,시군구,사고내용,사망자수,중상자수,경상자수,부상신고자수,사고유형,법규위반,노면상태,기상상태,도로형태,가해운전자 차종,가해운전자 성별,가해운전자 연령,가해운전자 상해정도,피해운전자 차종,피해운전자 성별,피해운전자 연령,피해운전자 상해정도
2017050800100260,2017년 5월 8일 12시,월요일,경상북도 포항시 북구 득량동,경상사고,0,0,2,0,차대차 - 측면충돌,안전운전불이행,건조,맑음,단일로 - 기타,화물,남,56세,경상,승용,남,26세,경상
2017050800100261,2017년 5월 8일 12시,월요일,경상북도 영천시 신령면,경상사고,0,0,1,0,차대차 - 측면충돌,안전운전불이행,건조,맑음,교차로 - 교차로안,화물,남,34세,상해없음,이륜,남,64세,경상
2017050800100262,2017년 5월 8일 12시,월요일,경상북도 경산시 계양동,중상사고,0,1,0,0,차대사람 - 차도통행중,안전운전불이행,건조,맑음,교차로 - 교차로안,승용,남,47세,상해없음,보행자,여,61세,중상
2017050800100282,2017년 5월 8일 13시,월요일,경상북도 영천시 완산동,경상사고,0,0,2,0,차대차 - 기타,안전운전불이행,건조,맑음,교차로 - 교차로부근,승용,여,56세,상해없음,승용,남,22세,경상
2017050800100318,2017년 5월 8일 14시,월요일,경상북도 상주시 가장동,사망사고,1,0,0,0,차대차 - 기타,안전운전불이행,건조,맑음,교차로 - 교차로안,화물,남,43세,상해없음,원동기,남,82세,사망
2017050800100319,2017년 5월 8일 14시,월요일,경상북도 영천시 망정동,경상사고,0,0,3,0,차대차 - 정면충돌,교차로운행방법위반,건조,맑음,교차로 - 교차로안,승합,여,45세,경상,승용,여,47세,경상
2017050800100320,2017년 5월 8일 14시,월요일,경상북도 문경시 흥덕동,중상사고,0,1,0,0,차대사람 - 횡단중,안전운전불이행,건조,맑음,단일로 - 기타,이륜,남,20세,상해없음,보행자,남,72세,중상
2017050800100321,2017년 5월 8일 14시,월요일,경상북도 구미시 옥계동,경상사고,0,0,3,1,차대차 - 측면충돌,중앙선침범,건조,흐림,단일로 - 기타,승합,남,54세,상해없음,화물,남,38세,경상
2017050800100360,2017년 5월 8일 15시,월요일,경상북도 경산시 하양읍,경상사고,0,0,1,0,차대사람 - 횡단중,안전운전불이행,건조,맑음,단일로 - 기타,승용,여,61세,상해없음,보행자,여,21세,경상
2017050800100361,2017년 5월 8일 15시,월요일,경상북도 울진군 북면,부상신고사고,0,0,0,1,차대차 - 측면충돌,교차로운행방법위반,건조,맑음,교차로 - 교차로안,농기계,남,82세,부상신고,화물,남,43세,상해없음
2017050800100362,2017년 5월 8일 15시,월요일,경상북도 군위군 군위읍,중상사고,0,1,0,0,차대차 - 정면충돌,안전운전불이행,건조,맑음,교차로 - 교차로부근,승용,여,49세,상해없음,원동기,남,73세,중상
2017050800100405,2017년 5월 8일 16시,월요일,경상북도 영덕군 달산면,중상사고,0,1,1,0,차대차 - 정면충돌,중앙선침범,건조,맑음,단일로 - 기타,화물,남,62세,경상,화물,남,37세,중상
2017050800100406,2017년 5월 8일 16시,월요일,경상북도 성주군 금수면,중상사고,0,1,0,0,차대사람 - 길가장자리구역통행중,안전운전불이행,건조,맑음,교차로 - 교차로부근,승용,남,58세,상해없음,보행자,남,55세,중상
2017050800100445,2017년 5월 8일 17시,월요일,경상북도 경주시 서면,중상사고,0,1,0,0,차대차 - 측면충돌,안전운전불이행,건조,맑음,교차로 - 교차로부근,승용,남,36세,상해없음,이륜,남,79세,중상
2017050800100446,2017년 5월 8일 17시,월요일,경상북도 칠곡군 가산면,중상사고,0,1,0,0,차대차 - 추돌,안전운전불이행,건조,맑음,단일로 - 기타,승용,남,74세,중상,화물,남,56세,기타불명
2017050800100447,2017년 5월 8일 17시,월요일,경상북도 구미시 구평동,중상사고,0,1,0,0,차대사람 - 횡단중,안전운전불이행,건조,맑음,단일로 - 기타,승용,남,31세,상해없음,보행자,여,4세,중상
2017050800100484,2017년 5월 8일 18시,월요일,경상북도 경주시 노서동,사망사고,1,0,0,0,차대차 - 측면충돌,신호위반,건조,맑음,교차로 - 교차로안,자전거,남,72세,사망,승용,남,22세,상해없음
2017050800100485,2017년 5월 8일 18시,월요일,경상북도 포항시 북구 장성동,경상사고,0,0,1,0,차대차 - 측면충돌,직진우회전진행방해,건조,맑음,교차로 - 교차로안,승용,여,31세,상해없음,승용,남,58세,경상
2017050800100486,2017년 5월 8일 18시,월요일,경상북도 포항시 북구 흥해읍,경상사고,0,0,2,0,차대차 - 측면충돌,차로위반,건조,맑음,단일로 - 기타,화물,남,40세,상해없음,승용,남,45세,경상
2017050800100487,2017년 5월 8일 18시,월요일,경상북도 안동시 남선면,중상사고,0,1,0,0,차대차 - 측면충돌,안전운전불이행,건조,맑음,단일로 - 기타,승용,여,34세,상해없음,승용,남,23세,중상
2017050800100488,2017년 5월 8일 18시,월요일,경상북도 영주시 휴천동,경상사고,0,0,3,0,차대차 - 측면충돌,신호위반,건조,흐림,교차로 - 교차로안,승용,남,35세,상해없음,승용,남,58세,경상
2017050800100561,2017년 5월 8일 20시,월요일,경상북도 포항시 북구 장성동,경상사고,0,0,2,0,차대차 - 측면충돌,안전운전불이행,건조,맑음,교차로 - 교차로안,승용,남,65세,상해없음,승용,남,61세,경상
2017050800100562,2017년 5월 8일 20시,월요일,경상북도 포항시 북구 용흥동,경상사고,0,0,1,0,차대사람 - 횡단중,안전운전불이행,건조,맑음,단일로 - 기타,승용,남,79세,상해없음,보행자,남,미분류,경상
2017050800100593,2017년 5월 8일 21시,월요일,경상북도 경산시 중방동,중상사고,0,1,0,0,차대차 - 기타,안전운전불이행,건조,맑음,교차로 - 교차로부근,승용,남,61세,상해없음,승용,여,51세,중상
2017050900100023,2017년 5월 9일 00시,화요일,경상북도 안동시 옥동,경상사고,0,0,1,0,차대사람 - 횡단중,안전운전불이행,건조,맑음,단일로 - 기타,승용,남,27세,상해없음,보행자,남,21세,경상
2017050900100024,2017년 5월 9일 00시,화요일,경상북도 포항시 남구 청림동,경상사고,0,0,1,0,차대차 - 기타,안전거리미확보,건조,맑음,단일로 - 교량,승용,여,48세,상해없음,승용,여,54세,경상
2017050900100039,2017년 5월 9일 01시,화요일,경상북도 경주시 성동동,부상신고사고,0,0,0,1,차량단독 - 공작물충돌,안전운전불이행,건조,맑음,단일로 - 기타,승용,남,71세,부상신고,,,,
2017050900100040,2017년 5월 9일 01시,화요일,경상북도 경산시 계양동,경상사고,0,0,1,0,차대차 - 측면충돌,불법유턴,건조,맑음,교차로 - 교차로횡단보도내,자전거,남,23세,경상,승용,남,36세,상해없음
2017050900100069,2017년 5월 9일 04시,화요일,경상북도 안동시 상아동,경상사고,0,0,1,0,차량단독 - 전도전복 - 전도,안전운전불이행,건조,맑음,단일로 - 기타,화물,남,20세,경상,,,,
2017050900100078,2017년 5월 9일 05시,화요일,경상북도 포항시 북구 항구동,경상사고,0,0,1,0,차대사람 - 차도통행중,안전운전불이행,건조,맑음,단일로 - 기타,기타불명,기타불명,미분류,기타불명,보행자,남,21세,경상
2017050900100079,2017년 5월 9일 05시,화요일,경상북도 구미시 원평동,경상사고,0,0,1,0,차대차 - 정면충돌,신호위반,건조,맑음,교차로 - 교차로부근,승합,남,58세,상해없음,승용,남,41세,경상
2017050900100107,2017년 5월 9일 07시,화요일,경상북도 경주시 안강읍,경상사고,0,0,1,0,차대차 - 측면충돌,안전운전불이행,젖음/습기,흐림,교차로 - 교차로안,화물,남,30세,상해없음,승합,남,63세,경상
2017050900100108,2017년 5월 9일 07시,화요일,경상북도 영천시 고경면,경상사고,0,0,1,0,차량단독 - 공작물충돌,안전운전불이행,젖음/습기,비,교차로 - 교차로안,건설기계,남,45세,경상,,,,
2017050900100109,2017년 5월 9일 07시,화요일,경상북도 경산시 압량면,중상사고,0,1,0,0,차량단독 - 도로외이탈 - 추락,안전운전불이행,젖음/습기,비,단일로 - 기타,화물,남,49세,중상,,,,
2017050900100110,2017년 5월 9일 07시,화요일,경상북도 구미시 임은동,경상사고,0,0,2,0,차대차 - 기타,교차로운행방법위반,젖음/습기,비,교차로 - 교차로안,승용,여,50세,경상,화물,남,45세,경상
2017050900100128,2017년 5월 9일 08시,화요일,경상북도 경산시 계양동,중상사고,0,1,0,0,차대사람 - 보도통행중,안전운전불이행,젖음/습기,맑음,단일로 - 기타,승합,남,36세,상해없음,보행자,여,56세,중상
2017050900100129,2017년 5월 9일 08시,화요일,경상북도 청도군 금천면,중상사고,0,1,0,0,차대차 - 추돌,안전운전불이행,젖음/습기,흐림,단일로 - 기타,화물,여,52세,상해없음,사륜오토바이(ATV),남,77세,중상
2017050900100147,2017년 5월 9일 09시,화요일,경상북도 경주시 동천동,경상사고,0,0,3,0,차대차 - 측면충돌,안전운전불이행,건조,맑음,교차로 - 교차로안,승용,남,50세,상해없음,승용,남,36세,경상
2017050900100148,2017년 5월 9일 09시,화요일,경상북도 안동시 길안면,중상사고,0,1,0,0,차대사람 - 기타,기타,건조,맑음,단일로 - 기타,승합,남,55세,상해없음,보행자,여,79세,중상
2017050900100171,2017년 5월 9일 10시,화요일,경상북도 경주시 양남면,중상사고,0,1,0,0,차대사람 - 길가장자리구역통행중,중앙선침범,젖음/습기,비,단일로 - 기타,화물,남,60세,상해없음,보행자,여,75세,중상
2017050900100172,2017년 5월 9일 10시,화요일,경상북도 의성군 봉양면,경상사고,0,0,1,0,차대사람 - 횡단중,보행자보호의무위반,건조,맑음,교차로 - 교차로횡단보도내,화물,남,61세,상해없음,보행자,여,70세,경상
2017050900100173,2017년 5월 9일 10시,화요일,경상북도 영주시 영주동,경상사고,0,0,1,0,차대차 - 측면충돌,안전운전불이행,건조,맑음,교차로 - 교차로안,원동기,남,71세,경상,승용,여,54세,상해없음
2017050900100196,2017년 5월 9일 11시,화요일,경상북도 경주시 서부동,경상사고,0,0,1,0,차대차 - 측면충돌,안전운전불이행,젖음/습기,비,단일로 - 기타,승용,남,63세,상해없음,화물,남,43세,경상
2017050900100197,2017년 5월 9일 11시,화요일,경상북도 김천시 구성면,중상사고,0,3,0,0,차량단독 - 전도전복,안전운전불이행,건조,맑음,단일로 - 기타,승합,남,65세,상해없음,미분류,미분류,미분류,미분류
2017050900100219,2017년 5월 9일 12시,화요일,경상북도 경주시 동천동,중상사고,0,1,0,0,차대차 - 추돌,안전운전불이행,젖음/습기,비,교차로 - 교차로부근,화물,남,29세,상해없음,승용,여,44세,중상
2017050900100220,2017년 5월 9일 12시,화요일,경상북도 영천시 화북면,중상사고,0,1,0,1,차량단독 - 공작물충돌,안전운전불이행,젖음/습기,비,단일로 - 기타,승용,남,22세,부상신고,,,,
2017050900100221,2017년 5월 9일 12시,화요일,경상북도 영덕군 영덕읍,경상사고,0,0,6,0,차대차 - 측면충돌,교차로운행방법위반,젖음/습기,맑음,교차로 - 교차로안,승용,여,73세,경상,화물,남,74세,경상
2017050900100249,2017년 5월 9일 13시,화요일,경상북도 포항시 북구 두호동,경상사고,0,0,1,0,차대차 - 측면충돌,직진우회전진행방해,적설,맑음,교차로 - 교차로부근,화물,남,53세,상해없음,이륜,남,17세,경상
2017050900100250,2017년 5월 9일 13시,화요일,경상북도 문경시 농암면,중상사고,0,1,0,0,차대차 - 측면충돌,직진우회전진행방해,건조,흐림,교차로 - 교차로안,승용,남,60세,상해없음,승용,여,55세,상해없음
2017050900100251,2017년 5월 9일 13시,화요일,경상북도 경산시 진량읍,중상사고,0,1,0,0,차대사람 - 횡단중,안전운전불이행,건조,맑음,단일로 - 기타,승용,남,32세,상해없음,보행자,남,70세,중상
2017050900100281,2017년 5월 9일 14시,화요일,경상북도 포항시 북구 장성동,경상사고,0,0,1,0,차대차 - 기타,안전운전불이행,젖음/습기,비,단일로 - 기타,이륜,남,16세,경상,승용,여,40세,상해없음
2017050900100282,2017년 5월 9일 14시,화요일,경상북도 김천시 아포읍,경상사고,0,0,5,0,차대차 - 추돌,안전거리미확보,건조,맑음,교차로 - 교차로안,승용,여,36세,경상,승용,남,41세,경상
2017050900100306,2017년 5월 9일 15시,화요일,경상북도 경주시 건천읍,중상사고,0,3,0,0,차대차 - 정면충돌,안전운전불이행,건조,맑음,교차로 - 교차로안,승용,남,63세,상해없음,화물,남,65세,중상
2017050900100307,2017년 5월 9일 15시,화요일,경상북도 포항시 북구 기계면,중상사고,0,1,0,0,차대차 - 측면충돌,중앙선침범,건조,맑음,단일로 - 기타,특수,남,58세,상해없음,승용,남,52세,중상
2017050900100308,2017년 5월 9일 15시,화요일,경상북도 칠곡군 동명면,경상사고,0,0,2,0,차대차 - 측면충돌,안전운전불이행,건조,흐림,단일로 - 기타,승합,남,51세,상해없음,승용,여,18세,경상
2017050900100309,2017년 5월 9일 15시,화요일,경상북도 문경시 모전동,중상사고,0,1,0,0,차대차 - 측면충돌,안전운전불이행,건조,맑음,교차로 - 교차로안,승용,남,66세,상해없음,이륜,남,35세,중상
2017050900100310,2017년 5월 9일 15시,화요일,경상북도 구미시 고아읍,중상사고,0,1,0,0,차대사람 - 횡단중,안전운전불이행,건조,흐림,단일로 - 기타,자전거,남,12세,상해없음,보행자,남,13세,중상
2017050900100336,2017년 5월 9일 16시,화요일,경상북도 경산시 하양읍,경상사고,0,0,1,0,차대차 - 기타,안전운전불이행,건조,맑음,단일로 - 기타,승용,여,56세,상해없음,승합,남,38세,상해없음
2017050900100337,2017년 5월 9일 16시,화요일,경상북도 청도군 금천면,중상사고,0,2,3,0,차대차 - 측면충돌,안전운전불이행,젖음/습기,흐림,교차로 - 교차로부근,건설기계,남,34세,상해없음,승용,여,62세,중상
2017050900100338,2017년 5월 9일 16시,화요일,경상북도 구미시 선산읍,중상사고,0,1,0,0,차대사람 - 횡단중,안전운전불이행,건조,맑음,단일로 - 기타,승용,여,64세,상해없음,보행자,여,62세,중상
2017050900100339,2017년 5월 9일 16시,화요일,경상북도 구미시 옥계동,경상사고,0,0,1,0,차대차 - 추돌,안전운전불이행,건조,맑음,단일로 - 기타,승용,여,33세,상해없음,승용,여,45세,경상
2017050900100340,2017년 5월 9일 16시,화요일,경상북도 포항시 남구 상도동,중상사고,0,1,0,0,차대사람 - 차도통행중,안전운전불이행,건조,맑음,교차로 - 교차로안,승용,여,44세,상해없음,보행자,여,55세,중상
2017050900100371,2017년 5월 9일 17시,화요일,경상북도 문경시 모전동,부상신고사고,0,0,0,1,차대차 - 측면충돌,안전운전불이행,젖음/습기,비,교차로 - 교차로안,원동기,남,82세,부상신고,승용,여,35세,상해없음
2017050900100372,2017년 5월 9일 17시,화요일,경상북도 경산시 남산면,중상사고,0,1,0,0,차대사람 - 횡단중,신호위반,젖음/습기,비,교차로 - 교차로안,화물,남,70세,상해없음,보행자,남,85세,중상
2017050900100373,2017년 5월 9일 17시,화요일,경상북도 구미시 송정동,경상사고,0,0,1,0,차대차 - 정면충돌,안전운전불이행,젖음/습기,비,교차로 - 교차로부근,승용,여,64세,상해없음,이륜,남,52세,경상
2017050900100398,2017년 5월 9일 18시,화요일,경상북도 경주시 황성동,경상사고,0,0,4,0,차대차 - 측면충돌,안전운전불이행,젖음/습기,비,교차로 - 교차로안,승용,남,67세,상해없음,승합,남,56세,경상
2017050900100399,2017년 5월 9일 18시,화요일,경상북도 경주시 황남동,경상사고,0,0,1,0,차대사람 - 차도통행중,안전운전불이행,건조,흐림,단일로 - 기타,승용,여,72세,상해없음,보행자,여,33세,경상
2017050900100400,2017년 5월 9일 18시,화요일,경상북도 경산시 옥곡동,경상사고,0,0,1,0,차대차 - 추돌,안전운전불이행,젖음/습기,비,단일로 - 기타,승용,남,49세,상해없음,화물,남,29세,경상
2017050900100401,2017년 5월 9일 18시,화요일,경상북도 청도군 이서면,중상사고,0,1,1,0,차대차 - 측면충돌,교차로운행방법위반,젖음/습기,비,교차로 - 교차로안,승용,남,51세,경상,승용,여,50세,중상
2017050900100402,2017년 5월 9일 18시,화요일,경상북도 구미시 원평동,경상사고,0,0,1,0,차대사람 - 횡단중,안전운전불이행,젖음/습기,비,교차로 - 교차로안,승용,남,50세,상해없음,보행자,여,21세,경상
2017050900100403,2017년 5월 9일 18시,화요일,경상북도 포항시 남구 효자동,경상사고,0,0,1,0,차대차 - 기타,안전운전불이행,젖음/습기,비,단일로 - 기타,승용,남,50세,상해없음,승용,여,48세,경상
2017050900100434,2017년 5월 9일 19시,화요일,경상북도 영주시 휴천동,경상사고,0,0,1,0,차대차 - 기타,신호위반,젖음/습기,비,교차로 - 교차로안,승용,남,44세,상해없음,승용,남,33세,경상
2017050900100435,2017년 5월 9일 19시,화요일,경상북도 경산시 옥산동,중상사고,0,1,1,0,차대사람 - 횡단중,안전운전불이행,젖음/습기,비,단일로 - 기타,이륜,남,27세,경상,보행자,여,48세,중상
2017050900100478,2017년 5월 9일 20시,화요일,경상북도 경산시 대동,경상사고,0,0,1,0,차대차 - 정면충돌,안전운전불이행,건조,맑음,단일로 - 기타,승용,남,26세,상해없음,이륜,남,17세,경상
2017050900100479,2017년 5월 9일 20시,화요일,경상북도 구미시 오태동,경상사고,0,0,4,0,차대차 - 기타,안전거리미확보,젖음/습기,비,교차로 - 교차로안,승용,남,49세,경상,승용,여,29세,경상
2017050900100516,2017년 5월 9일 21시,화요일,경상북도 구미시 상모동,경상사고,0,0,1,0,차대사람 - 횡단중,안전운전불이행,건조,흐림,교차로 - 교차로안,승용,남,64세,상해없음,보행자,여,17세,경상
2017050900100517,2017년 5월 9일 21시,화요일,경상북도 구미시 상모동,경상사고,0,0,1,0,차대차 - 측면충돌,안전운전불이행,젖음/습기,비,단일로 - 기타,승용,남,39세,상해없음,승용,여,48세,상해없음
2017050900100518,2017년 5월 9일 21시,화요일,경상북도 구미시 인의동,부상신고사고,0,0,0,1,차량단독 - 전도전복 - 전도,안전운전불이행,젖음/습기,비,기타 - 기타,이륜,남,39세,부상신고,,,,
2017050900100543,2017년 5월 9일 22시,화요일,경상북도 포항시 북구 죽도동,경상사고,0,0,1,0,차대차 - 측면충돌,신호위반,건조,맑음,교차로 - 교차로안,승용,남,67세,상해없음,승용,여,44세,경상
2017050900100544,2017년 5월 9일 22시,화요일,경상북도 구미시 임은동,경상사고,0,0,5,0,차대차 - 기타,중앙선침범,젖음/습기,비,교차로 - 교차로부근,승용,남,49세,상해없음,승용,남,40세,경상
2017050900100545,2017년 5월 9일 22시,화요일,경상북도 포항시 남구 대도동,경상사고,0,0,1,0,차대차 - 측면충돌,신호위반,젖음/습기,비,교차로 - 교차로안,승용,남,59세,상해없음,이륜,남,18세,경상
2017051000100030,2017년 5월 10일 01시,수요일,경상북도 구미시 고아읍,경상사고,0,0,1,0,차대차 - 추돌,안전운전불이행,건조,맑음,단일로 - 기타,승용,남,27세,상해없음,승용,남,47세,경상
2017051000100078,2017년 5월 10일 07시,수요일,경상북도 영덕군 영덕읍,경상사고,0,0,1,0,차대차 - 측면충돌,교차로운행방법위반,건조,맑음,교차로 - 교차로안,화물,남,71세,상해없음,승용,여,59세,경상
2017051000100111,2017년 5월 10일 08시,수요일,경상북도 경주시 강동면,중상사고,0,1,0,0,차대차 - 측면충돌,중앙선침범,건조,맑음,단일로 - 기타,승용,남,51세,상해없음,화물,남,54세,중상
2017051000100112,2017년 5월 10일 08시,수요일,경상북도 영주시 가흥동,경상사고,0,0,2,0,차대차 - 측면충돌,안전운전불이행,건조,맑음,단일로 - 기타,승용,남,39세,경상,승용,남,62세,경상
2017051000100149,2017년 5월 10일 09시,수요일,경상북도 경주시 노동동,경상사고,0,0,1,0,차대차 - 기타,안전운전불이행,건조,맑음,교차로 - 교차로부근,승용,여,30세,상해없음,승용,남,59세,상해없음
2017051000100184,2017년 5월 10일 10시,수요일,경상북도 경산시 사동,중상사고,0,1,0,0,차대차 - 측면충돌,기타,건조,맑음,교차로 - 교차로안,승용,남,58세,상해없음,자전거,여,37세,중상
2017051000100208,2017년 5월 10일 11시,수요일,경상북도 경주시 황오동,경상사고,0,0,1,0,차대사람 - 횡단중,안전운전불이행,건조,맑음,단일로 - 기타,승합,남,42세,상해없음,보행자,여,79세,경상
2017051000100209,2017년 5월 10일 11시,수요일,경상북도 안동시 남후면,중상사고,0,1,0,0,차대차 - 측면충돌,안전운전불이행,건조,맑음,교차로 - 교차로안,승용,남,59세,상해없음,이륜,남,70세,중상
2017051000100210,2017년 5월 10일 11시,수요일,경상북도 경산시 서상동,경상사고,0,0,1,0,차대차 - 측면충돌,교차로운행방법위반,건조,맑음,교차로 - 교차로안,승용,남,43세,상해없음,자전거,여,84세,경상
2017051000100211,2017년 5월 10일 11시,수요일,경상북도 울진군 후포면,중상사고,0,1,0,0,차대차 - 측면충돌,안전운전불이행,건조,맑음,단일로 - 기타,이륜,여,43세,중상,승용,남,45세,상해없음
2017051000100212,2017년 5월 10일 11시,수요일,경상북도 구미시 옥계동,중상사고,0,2,1,0,차대차 - 측면충돌,신호위반,건조,맑음,교차로 - 교차로안,원동기,여,72세,경상,화물,남,64세,상해없음
2017051000100240,2017년 5월 10일 12시,수요일,경상북도 포항시 북구 두호동,경상사고,0,0,1,0,차대차 - 측면충돌,직진우회전진행방해,건조,맑음,교차로 - 교차로안,승용,여,44세,상해없음,이륜,남,33세,경상
2017051000100241,2017년 5월 10일 12시,수요일,경상북도 김천시 평화동,부상신고사고,0,0,0,1,차대사람 - 기타,안전운전불이행,건조,맑음,단일로 - 기타,이륜,여,68세,기타불명,보행자,남,39세,부상신고
2017051000100261,2017년 5월 10일 13시,수요일,경상북도 경주시 외동읍,경상사고,0,0,1,0,차대차 - 측면충돌,안전운전불이행,건조,맑음,단일로 - 기타,화물,남,46세,상해없음,승용,여,49세,경상
2017051000100262,2017년 5월 10일 13시,수요일,경상북도 영주시 휴천동,부상신고사고,0,0,0,2,차대차 - 추돌,안전운전불이행,젖음/습기,비,교차로 - 교차로안,승용,여,23세,부상신고,승용,남,26세,부상신고
2017051000100263,2017년 5월 10일 13시,수요일,경상북도 경산시 대정동,사망사고,1,1,0,2,차대차 - 정면충돌,중앙선침범,건조,맑음,단일로 - 기타,승용,남,31세,사망,승용,남,42세,중상
2017051000100300,2017년 5월 10일 15시,수요일,경상북도 경주시 노서동,중상사고,0,1,2,0,차대차 - 측면충돌,신호위반,건조,맑음,교차로 - 교차로안,승용,여,46세,경상,승용,남,73세,중상
2017051000100301,2017년 5월 10일 15시,수요일,경상북도 포항시 북구 두호동,중상사고,0,3,1,0,차대차 - 정면충돌,중앙선침범,건조,맑음,단일로 - 기타,승용,남,69세,중상,승용,남,36세,중상
2017051000100302,2017년 5월 10일 15시,수요일,경상북도 포항시 북구 죽도동,경상사고,0,0,1,0,차대차 - 측면충돌,교차로운행방법위반,건조,맑음,교차로 - 교차로부근,화물,남,62세,상해없음,승용,남,24세,경상
2017051000100323,2017년 5월 10일 16시,수요일,경상북도 안동시 옥동,중상사고,0,1,0,0,차대사람 - 횡단중,보행자보호의무위반,건조,맑음,교차로 - 교차로안,화물,남,30세,상해없음,보행자,여,55세,중상
2017051000100324,2017년 5월 10일 16시,수요일,경상북도 안동시 풍산읍,중상사고,0,1,1,0,차대차 - 기타,중앙선침범,건조,맑음,단일로 - 기타,승용,여,56세,상해없음,승용,남,75세,중상
2017051000100325,2017년 5월 10일 16시,수요일,경상북도 영주시 영주동,경상사고,0,0,1,0,차대차 - 측면충돌,교차로운행방법위반,건조,맑음,교차로 - 교차로안,승용,여,28세,상해없음,승용,남,38세,경상
2017051000100326,2017년 5월 10일 16시,수요일,경상북도 구미시 황상동,부상신고사고,0,0,0,1,차대차 - 측면충돌,안전운전불이행,건조,맑음,교차로 - 교차로안,이륜,남,63세,부상신고,승합,여,34세,상해없음
2017051000100355,2017년 5월 10일 17시,수요일,경상북도 상주시 함창읍,중상사고,0,1,0,0,차대차 - 측면충돌,교차로운행방법위반,건조,맑음,교차로 - 교차로안,이륜,남,75세,중상,승합,여,55세,상해없음
2017051000100356,2017년 5월 10일 17시,수요일,경상북도 구미시 도량동,중상사고,0,1,1,0,차대차 - 측면충돌,안전운전불이행,건조,맑음,단일로 - 기타,승용,여,37세,경상,승용,여,48세,중상
2017051000100357,2017년 5월 10일 17시,수요일,경상북도 포항시 남구 대도동,경상사고,0,0,1,0,차대차 - 기타,안전운전불이행,건조,맑음,단일로 - 기타,승용,남,61세,상해없음,이륜,남,17세,경상
2017051000100358,2017년 5월 10일 17시,수요일,경상북도 포항시 남구 송내동,중상사고,0,1,0,0,차대차 - 측면충돌,안전운전불이행,건조,맑음,교차로 - 교차로부근,기타불명,기타불명,미분류,기타불명,이륜,남,59세,중상
2017051000100396,2017년 5월 10일 18시,수요일,경상북도 영주시 부석면,중상사고,0,1,1,0,차대차 - 측면충돌,안전운전불이행,건조,맑음,교차로 - 교차로안,승용,남,67세,상해없음,화물,남,54세,상해없음
2017051000100397,2017년 5월 10일 18시,수요일,경상북도 문경시 점촌동,중상사고,0,1,0,0,차대차 - 측면충돌,안전운전불이행,건조,맑음,단일로 - 기타,사륜오토바이(ATV),여,80세,중상,화물,남,26세,상해없음
2017051000100398,2017년 5월 10일 18시,수요일,경상북도 청송군 진보면,중상사고,0,1,0,0,차대차 - 측면충돌,안전운전불이행,건조,맑음,단일로 - 기타,승용,여,41세,상해없음,승용,여,54세,중상
2017051000100399,2017년 5월 10일 18시,수요일,경상북도 구미시 원평동,부상신고사고,0,0,0,1,차대차 - 측면충돌,교차로운행방법위반,건조,맑음,교차로 - 교차로안,이륜,남,42세,부상신고,승용,여,56세,상해없음
2017051000100432,2017년 5월 10일 19시,수요일,경상북도 경주시 인왕동,중상사고,0,2,0,0,차대차 - 측면충돌,신호위반,건조,맑음,교차로 - 교차로안,화물,남,59세,중상,승용,남,42세,중상
2017051100100047,2017년 5월 11일 02시,목요일,경상북도 구미시 구포동,경상사고,0,0,4,0,차대차 - 추돌,안전운전불이행,건조,맑음,교차로 - 교차로부근,승용,여,37세,상해없음,승용,여,24세,경상
2017051100100063,2017년 5월 11일 04시,목요일,경상북도 경주시 구황동,경상사고,0,0,2,0,차대차 - 측면충돌,신호위반,건조,맑음,교차로 - 교차로안,승용,여,54세,경상,승용,남,34세,경상
2017051100100064,2017년 5월 11일 04시,목요일,경상북도 경산시 계양동,경상사고,0,0,1,0,차대차 - 정면충돌,신호위반,건조,맑음,교차로 - 교차로부근,승용,남,48세,상해없음,승용,남,50세,경상
2017051100100065,2017년 5월 11일 04시,목요일,경상북도 구미시 고아읍,경상사고,0,0,1,0,차대차 - 기타,안전운전불이행,건조,맑음,단일로 - 기타,승용,남,61세,상해없음,화물,남,56세,경상
2017051100100076,2017년 5월 11일 05시,목요일,경상북도 경산시 하양읍,중상사고,0,1,1,0,차대차 - 측면충돌,안전운전불이행,건조,맑음,교차로 - 교차로안,승용,남,37세,상해없음,승용,남,29세,경상
2017051100100094,2017년 5월 11일 06시,목요일,경상북도 영천시 북안면,경상사고,0,0,1,0,차대차 - 측면충돌,안전운전불이행,건조,맑음,교차로 - 교차로안,화물,남,59세,경상,화물,남,57세,상해없음
2017051100100095,2017년 5월 11일 06시,목요일,경상북도 포항시 남구 동촌동,경상사고,0,0,1,0,차대차 - 측면충돌,신호위반,건조,맑음,교차로 - 교차로안,자전거,남,58세,경상,승용,여,54세,상해없음
2017051100100115,2017년 5월 11일 07시,목요일,경상북도 구미시 임수동,경상사고,0,0,1,0,차대차 - 측면충돌,안전운전불이행,건조,맑음,교차로 - 교차로안,승합,남,48세,상해없음,승용,남,26세,경상
2017051100100116,2017년 5월 11일 07시,목요일,경상북도 포항시 남구 해도동,경상사고,0,0,2,0,차대차 - 추돌,안전운전불이행,건조,맑음,단일로 - 기타,승용,남,60세,상해없음,승용,남,46세,경상
2017051100100145,2017년 5월 11일 08시,목요일,경상북도 포항시 북구 동빈1가,경상사고,0,0,1,0,차대차 - 기타,중앙선침범,건조,맑음,단일로 - 기타,승용,남,50세,상해없음,승용,남,63세,상해없음