사고번호,사고일시,요일,시군구,사고내용,사망자수,중상자수,경상자수,부상신고자수,사고유형,법규위반,노면상태,기상상태,도로형태,가해운전자 차종,가해운전자 성별,가해운전자 연령,가해운전자 상해정도,피해운전자 차종,피해운전자 성별,피해운전자 연령,피해운전자 상해정도
2017051100100146,2017년 5월 11일 08시,목요일,경상북도 안동시 금곡동,중상사고,0,1,0,0,차대차 - 측면충돌,안전운전불이행,건조,맑음,단일로 - 기타,이륜,남,79세,중상,승용,여,39세,상해없음
2017051100100147,2017년 5월 11일 08시,목요일,경상북도 칠곡군 가산면,경상사고,0,0,1,0,차대사람 - 길가장자리구역통행중,안전운전불이행,건조,맑음,단일로 - 기타,기타불명,기타불명,미분류,기타불명,보행자,남,44세,경상
2017051100100148,2017년 5월 11일 08시,목요일,경상북도 경산시 중방동,경상사고,0,0,1,0,차대사람 - 횡단중,신호위반,건조,맑음,단일로 - 기타,승용,남,28세,상해없음,보행자,남,35세,경상
2017051100100149,2017년 5월 11일 08시,목요일,경상북도 경산시 하양읍,경상사고,0,0,1,0,차대차 - 정면충돌,안전운전불이행,건조,맑음,교차로 - 교차로부근,승합,남,54세,상해없음,승용,여,59세,경상
2017051100100182,2017년 5월 11일 09시,목요일,경상북도 칠곡군 왜관읍,중상사고,0,1,1,0,차대차 - 측면충돌,신호위반,건조,맑음,교차로 - 교차로안,승용,남,45세,경상,승용,남,58세,중상
2017051100100183,2017년 5월 11일 09시,목요일,경상북도 구미시 원평동,중상사고,0,2,0,0,차대차 - 기타,안전운전불이행,건조,맑음,교차로 - 교차로부근,승용,여,58세,상해없음,승용,여,63세,중상
2017051100100217,2017년 5월 11일 10시,목요일,경상북도 안동시 와룡면,경상사고,0,0,1,0,차대차 - 측면충돌,안전운전불이행,건조,맑음,단일로 - 기타,승용,남,41세,기타불명,화물,남,35세,경상
2017051100100218,2017년 5월 11일 10시,목요일,경상북도 포항시 남구 괴동동,중상사고,0,1,0,0,차대차 - 추돌,안전운전불이행,건조,맑음,기타 - 기타,승용,남,66세,상해없음,승용,여,51세,중상
2017051100100231,2017년 5월 11일 11시,목요일,경상북도 경주시 천북면,경상사고,0,0,2,0,차대차 - 기타,안전운전불이행,건조,맑음,교차로 - 교차로부근,기타불명,기타불명,미분류,기타불명,승용,남,42세,경상
2017051100100232,2017년 5월 11일 11시,목요일,경상북도 청도군 청도읍,경상사고,0,0,2,0,차대차 - 측면충돌,안전운전불이행,건조,맑음,단일로 - 기타,화물,여,61세,상해없음,농기계,남,80세,경상
2017051100100249,2017년 5월 11일 12시,목요일,경상북도 칠곡군 약목면,부상신고사고,0,0,0,1,차대차 - 기타,안전운전불이행,건조,맑음,단일로 - 기타,이륜,남,73세,부상신고,승용,남,49세,상해없음
2017051100100250,2017년 5월 11일 12시,목요일,경상북도 성주군 선남면,사망사고,1,1,0,0,차대차 - 추돌,안전운전불이행,건조,맑음,단일로 - 교량,이륜,남,74세,사망,화물,남,31세,상해없음
2017051100100279,2017년 5월 11일 13시,목요일,경상북도 구미시 원평동,경상사고,0,0,1,0,차대차 - 정면충돌,안전운전불이행,건조,맑음,단일로 - 기타,이륜,남,70세,경상,승용,여,36세,상해없음
2017051100100280,2017년 5월 11일 13시,목요일,경상북도 김천시 아포읍,경상사고,0,0,1,0,차대차 - 추돌,안전운전불이행,건조,맑음,단일로 - 기타,화물,남,55세,상해없음,승용,남,42세,경상
2017051100100315,2017년 5월 11일 14시,목요일,경상북도 구미시 인의동,경상사고,0,0,2,0,차대차 - 추돌,안전운전불이행,건조,맑음,교차로 - 교차로안,승용,여,33세,상해없음,승용,남,60세,경상
2017051100100316,2017년 5월 11일 14시,목요일,경상북도 구미시 무을면,부상신고사고,0,0,0,1,차량단독 - 공작물충돌,안전운전불이행,건조,맑음,단일로 - 기타,승용,여,56세,부상신고,,,,
2017051100100339,2017년 5월 11일 15시,목요일,경상북도 포항시 북구 용흥동,경상사고,0,0,1,0,차대사람 - 차도통행중,안전운전불이행,건조,맑음,교차로 - 교차로부근,승용,여,54세,상해없음,보행자,남,71세,경상
2017051100100340,2017년 5월 11일 15시,목요일,경상북도 김천시 다수동,중상사고,0,1,1,0,차대차 - 추돌,안전운전불이행,건조,맑음,교차로 - 교차로부근,화물,남,54세,상해없음,승용,남,44세,경상
2017051100100369,2017년 5월 11일 16시,목요일,경상북도 김천시 황금동,경상사고,0,0,1,0,차대사람 - 차도통행중,안전운전불이행,건조,맑음,단일로 - 기타,승용,남,54세,상해없음,보행자,여,78세,경상
2017051100100370,2017년 5월 11일 16시,목요일,경상북도 의성군 단북면,중상사고,0,1,0,0,차대차 - 측면충돌,안전운전불이행,건조,맑음,단일로 - 기타,승용,여,36세,상해없음,승용,남,64세,중상
2017051100100371,2017년 5월 11일 16시,목요일,경상북도 포항시 남구 효자동,경상사고,0,0,1,0,차대차 - 기타,안전운전불이행,건조,맑음,교차로 - 교차로부근,승용,여,59세,경상,승용,여,50세,상해없음
2017051100100401,2017년 5월 11일 17시,목요일,경상북도 영천시 성내동,경상사고,0,0,1,0,차대차 - 측면충돌,교차로운행방법위반,건조,맑음,교차로 - 교차로안,승용,남,53세,상해없음,원동기,남,77세,경상
2017051100100402,2017년 5월 11일 17시,목요일,경상북도 고령군 대가야읍,경상사고,0,0,1,0,차대차 - 측면충돌,교차로운행방법위반,건조,맑음,교차로 - 교차로안,화물,남,56세,상해없음,자전거,남,48세,경상
2017051100100436,2017년 5월 11일 18시,목요일,경상북도 포항시 남구 연일읍,경상사고,0,0,1,0,차대차 - 기타,차로위반,건조,맑음,단일로 - 기타,승용,남,20세,상해없음,승용,남,25세,경상
2017051100100477,2017년 5월 11일 19시,목요일,경상북도 포항시 북구 죽도동,경상사고,0,0,1,0,차대차 - 측면충돌,안전운전불이행,건조,맑음,교차로 - 교차로안,화물,남,55세,상해없음,이륜,남,20세,경상
2017051100100478,2017년 5월 11일 19시,목요일,경상북도 포항시 북구 장성동,경상사고,0,0,1,0,차대차 - 측면충돌,신호위반,건조,맑음,교차로 - 교차로안,승용,남,55세,상해없음,이륜,남,39세,경상
2017051100100479,2017년 5월 11일 19시,목요일,경상북도 영주시 문정동,경상사고,0,0,1,0,차대차 - 측면충돌,안전운전불이행,건조,맑음,교차로 - 교차로부근,승용,남,59세,상해없음,화물,여,56세,경상
2017051100100509,2017년 5월 11일 20시,목요일,경상북도 안동시 안흥동,경상사고,0,0,1,0,차대차 - 측면충돌,안전운전불이행,건조,맑음,단일로 - 기타,승용,남,70세,상해없음,승용,남,37세,경상
2017051100100540,2017년 5월 11일 21시,목요일,경상북도 김천시 모암동,경상사고,0,0,1,0,차량단독 - 공작물충돌,안전운전불이행,건조,맑음,교차로 - 교차로부근,승용,남,42세,경상,,,,
2017051100100541,2017년 5월 11일 21시,목요일,경상북도 칠곡군 북삼읍,부상신고사고,0,0,0,1,차대사람 - 길가장자리구역통행중,안전운전불이행,건조,맑음,단일로 - 기타,기타불명,기타불명,미분류,기타불명,보행자,남,34세,부상신고
2017051100100580,2017년 5월 11일 22시,목요일,경상북도 구미시 봉곡동,경상사고,0,0,1,0,차대차 - 정면충돌,안전운전불이행,건조,맑음,교차로 - 교차로횡단보도내,승용,남,41세,상해없음,자전거,남,21세,경상
2017051100100581,2017년 5월 11일 22시,목요일,경상북도 포항시 남구 오천읍,경상사고,0,0,1,0,차대차 - 측면충돌,차로위반,건조,맑음,단일로 - 기타,화물,여,63세,상해없음,이륜,남,17세,경상
2017051200100034,2017년 5월 12일 00시,금요일,경상북도 영주시 휴천동,경상사고,0,0,1,0,차대차 - 추돌,안전운전불이행,건조,맑음,단일로 - 기타,원동기,남,22세,상해없음,승용,남,72세,경상
2017051200100060,2017년 5월 12일 02시,금요일,경상북도 안동시 풍천면,경상사고,0,0,3,0,차대차 - 측면충돌,직진우회전진행방해,건조,맑음,교차로 - 교차로안,승용,남,59세,상해없음,승용,남,55세,경상
2017051200100071,2017년 5월 12일 03시,금요일,경상북도 영덕군 영덕읍,부상신고사고,0,0,0,1,차대차 - 추돌,안전운전불이행,건조,맑음,단일로 - 기타,승용,남,61세,부상신고,승합,여,47세,기타불명
2017051200100080,2017년 5월 12일 05시,금요일,경상북도 구미시 산동면,경상사고,0,0,1,0,차대사람 - 횡단중,안전운전불이행,건조,맑음,단일로 - 기타,승용,여,27세,상해없음,보행자,여,21세,경상
2017051200100112,2017년 5월 12일 07시,금요일,경상북도 성주군 월항면,경상사고,0,0,1,0,차대차 - 측면충돌,안전운전불이행,건조,흐림,교차로 - 교차로부근,화물,남,62세,상해없음,승용,여,67세,경상
2017051200100143,2017년 5월 12일 08시,금요일,경상북도 김천시 대광동,중상사고,0,1,2,0,차대차 - 측면충돌,교차로운행방법위반,건조,맑음,교차로 - 교차로안,승용,여,37세,경상,화물,남,42세,경상
2017051200100144,2017년 5월 12일 08시,금요일,경상북도 의성군 다인면,중상사고,0,1,0,0,차대차 - 기타,안전운전불이행,건조,맑음,단일로 - 기타,화물,남,68세,상해없음,이륜,남,84세,중상
2017051200100172,2017년 5월 12일 09시,금요일,경상북도 영천시 금노동,경상사고,0,0,2,0,차대차 - 측면충돌,차로위반,건조,맑음,단일로 - 기타,승용,남,62세,상해없음,승용,남,58세,경상
2017051200100173,2017년 5월 12일 09시,금요일,경상북도 고령군 대가야읍,중상사고,0,1,0,0,차대차 - 측면충돌,직진우회전진행방해,건조,맑음,교차로 - 교차로안,화물,남,41세,상해없음,자전거,남,71세,중상
2017051200100174,2017년 5월 12일 09시,금요일,경상북도 구미시 봉곡동,중상사고,0,1,0,0,차대차 - 측면충돌,안전운전불이행,건조,맑음,단일로 - 기타,승용,여,23세,상해없음,자전거,남,18세,중상
2017051200100210,2017년 5월 12일 10시,금요일,경상북도 구미시 봉곡동,경상사고,0,0,1,0,차대차 - 측면충돌,신호위반,건조,맑음,교차로 - 교차로부근,승용,여,30세,상해없음,이륜,남,21세,경상
2017051200100229,2017년 5월 12일 11시,금요일,경상북도 경주시 외동읍,사망사고,1,0,0,0,차량단독 - 전도전복,안전운전불이행,젖음/습기,비,단일로 - 기타,승용,남,39세,사망,미분류,미분류,미분류,미분류
2017051200100230,2017년 5월 12일 11시,금요일,경상북도 영천시 화북면,중상사고,0,1,3,0,차량단독 - 전도전복 - 전도,안전운전불이행,건조,맑음,단일로 - 기타,화물,남,65세,중상,,,,
2017051200100231,2017년 5월 12일 11시,금요일,경상북도 고령군 성산면,경상사고,0,0,1,0,차대차 - 측면충돌,안전운전불이행,건조,맑음,단일로 - 기타,화물,남,46세,상해없음,건설기계,남,44세,경상
2017051200100252,2017년 5월 12일 12시,금요일,경상북도 김천시 덕곡동,경상사고,0,0,1,0,차대차 - 추돌,안전운전불이행,건조,맑음,교차로 - 교차로부근,승용,여,43세,상해없음,승용,여,38세,경상
2017051200100285,2017년 5월 12일 13시,금요일,경상북도 문경시 점촌동,경상사고,0,0,2,0,차대차 - 측면충돌,안전운전불이행,건조,맑음,교차로 - 교차로안,승용,남,59세,상해없음,승용,여,36세,경상
2017051200100322,2017년 5월 12일 14시,금요일,경상북도 경산시 진량읍,경상사고,0,0,1,0,차대차 - 기타,안전거리미확보,건조,맑음,단일로 - 기타,화물,남,44세,상해없음,승용,남,60세,경상
2017051200100323,2017년 5월 12일 14시,금요일,경상북도 고령군 대가야읍,중상사고,0,1,10,0,차대차 - 측면충돌,교차로운행방법위반,건조,맑음,교차로 - 교차로안,승용,남,50세,상해없음,승합,남,39세,경상
2017051200100324,2017년 5월 12일 14시,금요일,경상북도 포항시 남구 오천읍,경상사고,0,0,1,0,차대차 - 기타,안전운전불이행,건조,맑음,교차로 - 교차로안,승용,여,31세,상해없음,화물,남,32세,경상
2017051200100351,2017년 5월 12일 15시,금요일,경상북도 경주시 석장동,중상사고,0,1,0,0,차대사람 - 횡단중,보행자보호의무위반,젖음/습기,비,단일로 - 기타,승용,남,29세,상해없음,보행자,여,20세,중상
2017051200100352,2017년 5월 12일 15시,금요일,경상북도 봉화군 소천면,경상사고,0,0,1,0,차대차 - 기타,중앙선침범,건조,맑음,단일로 - 기타,화물,남,62세,상해없음,화물,남,57세,경상
2017051200100425,2017년 5월 12일 17시,금요일,경상북도 경주시 천북면,사망사고,1,0,0,0,차대차 - 측면충돌,안전운전불이행,건조,맑음,교차로 - 교차로안,화물,남,60세,상해없음,이륜,남,75세,사망
2017051200100426,2017년 5월 12일 17시,금요일,경상북도 경주시 외동읍,중상사고,0,1,0,0,차량단독 - 전도전복,안전운전불이행,건조,흐림,단일로 - 기타,이륜,남,60세,중상,미분류,미분류,미분류,미분류
2017051200100427,2017년 5월 12일 17시,금요일,경상북도 김천시 대항면,중상사고,0,1,0,0,차대차 - 측면충돌,신호위반,건조,맑음,교차로 - 교차로안,화물,남,63세,상해없음,화물,남,81세,상해없음
2017051200100467,2017년 5월 12일 18시,금요일,경상북도 경주시 보문동,경상사고,0,0,1,0,차대차 - 측면충돌,안전운전불이행,건조,맑음,단일로 - 기타,승용,남,56세,상해없음,승용,남,38세,경상
2017051200100468,2017년 5월 12일 18시,금요일,경상북도 안동시 금곡동,경상사고,0,0,1,0,차대사람 - 횡단중,보행자보호의무위반,건조,맑음,단일로 - 기타,이륜,남,46세,상해없음,보행자,여,49세,경상
2017051200100469,2017년 5월 12일 18시,금요일,경상북도 포항시 남구 대잠동,경상사고,0,0,1,0,차대차 - 기타,중앙선침범,건조,맑음,교차로 - 교차로부근,승용,남,24세,상해없음,이륜,남,28세,경상
2017051200100558,2017년 5월 12일 21시,금요일,경상북도 경주시 용강동,경상사고,0,0,1,0,차대차 - 측면충돌,안전운전불이행,건조,맑음,단일로 - 기타,승용,남,57세,상해없음,자전거,남,63세,경상
2017051200100559,2017년 5월 12일 21시,금요일,경상북도 안동시 송현동,부상신고사고,0,0,0,1,차량단독 - 전도전복,안전운전불이행,건조,맑음,단일로 - 기타,승용,남,25세,부상신고,미분류,미분류,미분류,미분류
2017051200100560,2017년 5월 12일 21시,금요일,경상북도 칠곡군 왜관읍,중상사고,0,1,0,0,차대사람 - 기타,안전운전불이행,건조,맑음,주차장 - 주차장,승용,여,43세,상해없음,보행자,여,46세,중상
2017051200100561,2017년 5월 12일 21시,금요일,경상북도 고령군 다산면,경상사고,0,0,1,1,차대차 - 추돌,안전운전불이행,건조,맑음,단일로 - 기타,승용,여,32세,부상신고,화물,남,50세,상해없음
2017051200100562,2017년 5월 12일 21시,금요일,경상북도 구미시 상모동,중상사고,0,2,0,0,차대사람 - 차도통행중,안전운전불이행,건조,맑음,단일로 - 기타,자전거,남,14세,중상,보행자,여,47세,중상
2017051200100563,2017년 5월 12일 21시,금요일,경상북도 포항시 남구 상도동,경상사고,0,0,1,0,차대차 - 측면충돌,안전운전불이행,건조,맑음,교차로 - 교차로안,승용,남,23세,상해없음,승용,남,30세,경상
2017051200100591,2017년 5월 12일 22시,금요일,경상북도 안동시 용상동,경상사고,0,0,1,0,차대차 - 정면충돌,기타,건조,맑음,단일로 - 기타,승용,남,48세,상해없음,화물,남,36세,경상
2017051200100592,2017년 5월 12일 22시,금요일,경상북도 구미시 상모동,부상신고사고,0,0,0,1,차대차 - 기타,안전운전불이행,건조,맑음,교차로 - 교차로부근,자전거,남,31세,부상신고,승용,남,40세,상해없음
2017051200100618,2017년 5월 12일 23시,금요일,경상북도 경주시 동천동,경상사고,0,0,1,0,차대차 - 측면충돌,안전운전불이행,건조,맑음,교차로 - 교차로안,승용,남,29세,상해없음,자전거,남,60세,경상
2017051200100619,2017년 5월 12일 23시,금요일,경상북도 구미시 형곡동,부상신고사고,0,0,0,1,차대차 - 측면충돌,신호위반,건조,맑음,교차로 - 교차로안,원동기,남,18세,부상신고,승용,남,32세,상해없음
2017051200100620,2017년 5월 12일 23시,금요일,경상북도 포항시 남구 지곡동,중상사고,0,1,0,0,차대사람 - 횡단중,안전운전불이행,건조,맑음,교차로 - 교차로안,승용,남,51세,상해없음,보행자,남,53세,중상
2017051300100058,2017년 5월 13일 01시,토요일,경상북도 칠곡군 지천면,중상사고,0,1,2,0,차대차 - 추돌,중앙선침범,건조,맑음,단일로 - 기타,승용,여,36세,상해없음,승합,남,42세,중상
2017051300100092,2017년 5월 13일 03시,토요일,경상북도 안동시 태화동,경상사고,0,0,1,0,차량단독 - 공작물충돌,안전운전불이행,건조,맑음,교차로 - 교차로부근,승용,남,29세,경상,,,,
2017051300100093,2017년 5월 13일 03시,토요일,경상북도 경산시 압량면,중상사고,0,1,0,0,차대차 - 정면충돌,안전운전불이행,건조,맑음,교차로 - 교차로부근,승용,남,36세,상해없음,승용,남,22세,중상
2017051300100110,2017년 5월 13일 04시,토요일,경상북도 영덕군 영해면,경상사고,0,0,1,0,차대차 - 후진중충돌,기타,건조,맑음,단일로 - 기타,승용,남,23세,상해없음,승용,남,48세,경상
2017051300100111,2017년 5월 13일 04시,토요일,경상북도 포항시 남구 대도동,경상사고,0,0,1,0,차대사람 - 횡단중,안전운전불이행,건조,맑음,단일로 - 기타,승용,남,24세,상해없음,보행자,남,30세,경상
2017051300100121,2017년 5월 13일 05시,토요일,경상북도 영천시 임고면,중상사고,0,2,0,0,차대차 - 정면충돌,중앙선침범,젖음/습기,안개,단일로 - 기타,승용,남,23세,중상,승용,남,59세,중상
2017051300100132,2017년 5월 13일 06시,토요일,경상북도 영주시 영주동,중상사고,0,1,0,0,차대사람 - 길가장자리구역통행중,안전운전불이행,건조,맑음,단일로 - 기타,승합,여,59세,상해없음,보행자,남,77세,중상
2017051300100133,2017년 5월 13일 06시,토요일,경상북도 문경시 산북면,중상사고,0,4,1,0,차량단독 - 공작물충돌,안전운전불이행,건조,맑음,단일로 - 기타,화물,여,70세,경상,,,,
2017051300100170,2017년 5월 13일 08시,토요일,경상북도 경산시 옥산동,경상사고,0,0,1,0,차대차 - 추돌,안전운전불이행,건조,맑음,단일로 - 기타,승용,여,47세,상해없음,승용,남,34세,경상
2017051300100171,2017년 5월 13일 08시,토요일,경상북도 청도군 풍각면,경상사고,0,0,1,0,차대차 - 측면충돌,안전운전불이행,건조,맑음,기타 - 기타,화물,남,57세,상해없음,자전거,여,73세,경상
2017051300100205,2017년 5월 13일 09시,토요일,경상북도 김천시 감문면,중상사고,0,1,0,0,차대차 - 측면충돌,기타,건조,맑음,교차로 - 교차로안,화물,남,55세,상해없음,이륜,남,67세,중상
2017051300100206,2017년 5월 13일 09시,토요일,경상북도 영덕군 강구면,중상사고,0,1,0,0,차대사람 - 횡단중,안전운전불이행,건조,맑음,교차로 - 교차로안,승용,여,57세,상해없음,보행자,여,80세,중상
2017051300100207,2017년 5월 13일 09시,토요일,경상북도 영양군 영양읍,중상사고,0,1,0,0,차대차 - 측면충돌,안전운전불이행,건조,맑음,교차로 - 교차로안,자전거,남,59세,중상,승용,남,68세,상해없음
2017051300100264,2017년 5월 13일 11시,토요일,경상북도 영천시 금호읍,경상사고,0,0,1,0,차대차 - 측면충돌,직진우회전진행방해,건조,맑음,교차로 - 교차로안,화물,남,57세,상해없음,승용,여,56세,경상
2017051300100265,2017년 5월 13일 11시,토요일,경상북도 청송군 현서면,경상사고,0,0,1,0,차대차 - 측면충돌,안전운전불이행,건조,맑음,단일로 - 기타,승합,남,71세,상해없음,승용,여,62세,경상
2017051300100293,2017년 5월 13일 12시,토요일,경상북도 경주시 동천동,경상사고,0,0,1,0,차대차 - 측면충돌,안전운전불이행,건조,맑음,교차로 - 교차로안,이륜,남,16세,경상,승용,남,48세,상해없음
2017051300100294,2017년 5월 13일 12시,토요일,경상북도 구미시 신동,중상사고,0,1,0,0,차대차 - 측면충돌,안전운전불이행,건조,맑음,단일로 - 기타,승용,남,30세,상해없음,이륜,남,27세,중상
2017051300100328,2017년 5월 13일 13시,토요일,경상북도 경주시 황성동,경상사고,0,0,1,0,차대차 - 측면충돌,안전운전불이행,건조,맑음,단일로 - 기타,승용,여,53세,상해없음,자전거,남,9세,경상
2017051300100329,2017년 5월 13일 13시,토요일,경상북도 경주시 동천동,경상사고,0,0,1,0,차대차 - 측면충돌,안전운전불이행,건조,맑음,교차로 - 교차로부근,승용,남,53세,상해없음,승용,여,54세,경상
2017051300100330,2017년 5월 13일 13시,토요일,경상북도 김천시 지좌동,부상신고사고,0,0,0,1,차대차 - 추돌,안전운전불이행,건조,맑음,단일로 - 기타,기타불명,남,79세,부상신고,화물,남,56세,상해없음
2017051300100367,2017년 5월 13일 14시,토요일,경상북도 칠곡군 석적읍,중상사고,0,2,1,0,차대차 - 측면충돌,기타,건조,맑음,교차로 - 교차로안,승용,여,42세,중상,승용,남,45세,경상
2017051300100368,2017년 5월 13일 14시,토요일,경상북도 예천군 용문면,중상사고,0,4,0,0,차대차 - 정면충돌,중앙선침범,건조,맑음,단일로 - 기타,화물,남,47세,상해없음,화물,남,70세,중상
2017051300100369,2017년 5월 13일 14시,토요일,경상북도 구미시 남통동,부상신고사고,0,0,0,1,차대차 - 기타,안전운전불이행,건조,맑음,단일로 - 기타,자전거,남,17세,부상신고,승용,남,21세,상해없음
2017051300100370,2017년 5월 13일 14시,토요일,경상북도 구미시 원평동,중상사고,0,1,0,0,차대차 - 측면충돌,신호위반,건조,맑음,교차로 - 교차로안,승용,여,21세,상해없음,승용,여,49세,중상
2017051300100371,2017년 5월 13일 14시,토요일,경상북도 구미시 임은동,부상신고사고,0,0,0,1,차대차 - 측면충돌,신호위반,건조,맑음,교차로 - 교차로안,이륜,남,28세,부상신고,승합,남,46세,상해없음
2017051300100407,2017년 5월 13일 15시,토요일,경상북도 경주시 인왕동,경상사고,0,0,2,1,차대차 - 추돌,안전운전불이행,건조,맑음,교차로 - 교차로부근,승용,남,47세,상해없음,승용,남,31세,경상
2017051300100408,2017년 5월 13일 15시,토요일,경상북도 포항시 북구 두호동,중상사고,0,1,0,0,차대차 - 측면충돌,안전운전불이행,건조,맑음,교차로 - 교차로횡단보도내,화물,남,55세,상해없음,자전거,여,62세,중상
2017051300100409,2017년 5월 13일 15시,토요일,경상북도 청도군 풍각면,경상사고,0,0,1,0,차대차 - 측면충돌,안전운전불이행,건조,맑음,교차로 - 교차로부근,승용,남,42세,상해없음,승용,여,60세,경상
2017051300100443,2017년 5월 13일 16시,토요일,경상북도 군위군 소보면,중상사고,0,1,0,0,차대차 - 측면충돌,안전운전불이행,건조,맑음,단일로 - 기타,승용,여,59세,상해없음,이륜,남,86세,중상
2017051300100444,2017년 5월 13일 16시,토요일,경상북도 구미시 해평면,중상사고,0,1,0,0,차대차 - 정면충돌,신호위반,건조,맑음,교차로 - 교차로안,승용,남,53세,상해없음,이륜,남,46세,중상
2017051300100445,2017년 5월 13일 16시,토요일,경상북도 구미시 도량동,경상사고,0,0,1,0,차대차 - 측면충돌,안전운전불이행,건조,맑음,교차로 - 교차로안,승용,여,45세,상해없음,승용,남,18세,경상
2017051300100513,2017년 5월 13일 18시,토요일,경상북도 문경시 호계면,경상사고,0,0,1,0,차대차 - 기타,안전운전불이행,건조,맑음,교차로 - 교차로부근,승용,여,53세,경상,승합,남,29세,상해없음
2017051300100514,2017년 5월 13일 18시,토요일,경상북도 구미시 송정동,부상신고사고,0,0,0,1,차대사람 - 보도통행중,안전운전불이행,건조,맑음,기타 - 기타,자전거,남,57세,부상신고,보행자,남,45세,상해없음
2017051300100515,2017년 5월 13일 18시,토요일,경상북도 포항시 남구 대도동,경상사고,0,0,1,0,차대차 - 기타,직진우회전진행방해,건조,맑음,교차로 - 교차로안,승용,남,48세,상해없음,이륜,여,22세,경상
2017051300100544,2017년 5월 13일 19시,토요일,경상북도 의성군 단촌면,중상사고,0,1,1,0,차대차 - 측면충돌,신호위반,건조,맑음,교차로 - 교차로안,승용,남,60세,중상,승용,남,32세,경상
2017051300100567,2017년 5월 13일 20시,토요일,경상북도 경산시 계양동,중상사고,0,1,0,0,차대사람 - 횡단중,안전운전불이행,건조,맑음,단일로 - 기타,화물,남,66세,상해없음,보행자,남,52세,중상
2017051300100583,2017년 5월 13일 21시,토요일,경상북도 구미시 옥계동,경상사고,0,0,2,0,차대차 - 추돌,안전운전불이행,건조,맑음,단일로 - 기타,승용,남,42세,상해없음,승용,남,34세,경상
2017051300100609,2017년 5월 13일 22시,토요일,경상북도 김천시 교동,경상사고,0,0,1,0,차대차 - 측면충돌,중앙선침범,건조,맑음,단일로 - 기타,자전거,남,26세,경상,승용,여,45세,상해없음
2017051300100610,2017년 5월 13일 22시,토요일,경상북도 경산시 와촌면,중상사고,0,2,0,0,차대차 - 측면충돌,안전운전불이행,건조,맑음,단일로 - 기타,승용,남,57세,상해없음,화물,남,64세,중상
2017051300100634,2017년 5월 13일 23시,토요일,경상북도 포항시 북구 흥해읍,사망사고,1,0,0,0,차대사람 - 차도통행중,안전운전불이행,건조,맑음,단일로 - 기타,화물,남,67세,상해없음,보행자,여,52세,사망
2017051400100024,2017년 5월 14일 00시,일요일,경상북도 칠곡군 동명면,경상사고,0,0,1,0,차량단독 - 전도전복,안전운전불이행,건조,맑음,단일로 - 기타,승용,여,25세,경상,미분류,미분류,미분류,미분류
2017051400100049,2017년 5월 14일 02시,일요일,경상북도 경주시 석장동,경상사고,0,0,1,0,차대차 - 측면충돌,안전운전불이행,건조,맑음,교차로 - 교차로안,승용,남,57세,상해없음,이륜,남,20세,경상
2017051400100076,2017년 5월 14일 05시,일요일,경상북도 영주시 하망동,부상신고사고,0,0,0,1,차대차 - 측면충돌,직진우회전진행방해,건조,맑음,교차로 - 교차로안,승합,여,49세,상해없음,화물,남,57세,상해없음
2017051400100077,2017년 5월 14일 05시,일요일,경상북도 구미시 인의동,경상사고,0,0,1,0,차대차 - 측면충돌,안전운전불이행,건조,맑음,교차로 - 교차로부근,승용,남,23세,상해없음,승용,남,50세,경상
2017051400100093,2017년 5월 14일 06시,일요일,경상북도 김천시 신음동,중상사고,0,1,0,0,차대차 - 추돌,안전운전불이행,건조,맑음,단일로 - 기타,승용,여,47세,상해없음,농기계,남,76세,중상
2017051400100115,2017년 5월 14일 08시,일요일,경상북도 경주시 충효동,중상사고,0,1,1,0,차대차 - 측면충돌,교차로운행방법위반,건조,맑음,교차로 - 교차로안,화물,남,70세,경상,승용,여,48세,중상
2017051400100116,2017년 5월 14일 08시,일요일,경상북도 안동시 성곡동,중상사고,0,1,0,0,차량단독 - 전도전복,안전운전불이행,건조,맑음,교차로 - 교차로안,승용,남,38세,중상,미분류,미분류,미분류,미분류
2017051400100132,2017년 5월 14일 09시,일요일,경상북도 포항시 북구 항구동,중상사고,0,2,1,0,차대차 - 측면충돌,직진우회전진행방해,건조,맑음,교차로 - 교차로안,승용,남,56세,상해없음,승용,남,59세,경상
2017051400100133,2017년 5월 14일 09시,일요일,경상북도 김천시 대덕면,중상사고,0,1,0,0,차대사람 - 길가장자리구역통행중,안전운전불이행,건조,맑음,단일로 - 기타,승용,남,70세,상해없음,보행자,남,60세,상해없음
2017051400100134,2017년 5월 14일 09시,일요일,경상북도 상주시 초산동,경상사고,0,0,1,0,차대차 - 기타,차로위반,건조,맑음,단일로 - 고가도로위,승용,남,64세,상해없음,이륜,남,42세,경상
2017051400100135,2017년 5월 14일 09시,일요일,경상북도 포항시 남구 송내동,경상사고,0,0,1,0,차대차 - 측면충돌,안전운전불이행,건조,맑음,교차로 - 교차로안,건설기계,남,42세,상해없음,승용,여,46세,경상
2017051400100159,2017년 5월 14일 10시,일요일,경상북도 김천시 대덕면,사망사고,1,0,0,1,차대차 - 정면충돌,중앙선침범,건조,맑음,단일로 - 기타,화물,남,60세,부상신고,이륜,남,23세,사망