사고번호,사고일시,요일,시군구,사고내용,사망자수,중상자수,경상자수,부상신고자수,사고유형,법규위반,노면상태,기상상태,도로형태,가해운전자 차종,가해운전자 성별,가해운전자 연령,가해운전자 상해정도,피해운전자 차종,피해운전자 성별,피해운전자 연령,피해운전자 상해정도
2017052000100447,2017년 5월 20일 17시,토요일,경상북도 안동시 수상동,중상사고,0,1,0,0,차량단독 - 전도전복,안전운전불이행,건조,맑음,단일로 - 기타,이륜,남,38세,중상,미분류,미분류,미분류,미분류
2017052000100448,2017년 5월 20일 17시,토요일,경상북도 영주시 가흥동,중상사고,0,1,0,0,차대차 - 기타,안전운전불이행,건조,맑음,교차로 - 교차로횡단보도내,화물,여,55세,상해없음,자전거,여,59세,중상
2017052000100449,2017년 5월 20일 17시,토요일,경상북도 칠곡군 왜관읍,경상사고,0,0,1,0,차대차 - 기타,안전운전불이행,건조,맑음,기타 - 기타,자전거,남,21세,상해없음,자전거,여,48세,경상
2017052000100450,2017년 5월 20일 17시,토요일,경상북도 울진군 평해읍,중상사고,0,1,0,1,차대차 - 측면충돌,교차로운행방법위반,건조,맑음,교차로 - 교차로안,이륜,남,65세,부상신고,승용,남,30세,상해없음
2017052000100451,2017년 5월 20일 17시,토요일,경상북도 포항시 남구 동촌동,경상사고,0,0,2,0,차대차 - 측면충돌,안전운전불이행,건조,맑음,단일로 - 기타,건설기계,남,65세,상해없음,승용,남,54세,경상
2017052000100452,2017년 5월 20일 17시,토요일,경상북도 포항시 남구 상도동,경상사고,0,0,3,0,차대차 - 측면충돌,중앙선침범,건조,맑음,단일로 - 기타,이륜,남,17세,경상,승용,여,28세,경상
2017052000100493,2017년 5월 20일 18시,토요일,경상북도 칠곡군 북삼읍,경상사고,0,0,1,0,차대차 - 기타,안전운전불이행,건조,맑음,단일로 - 기타,승용,남,35세,상해없음,화물,남,44세,경상
2017052000100494,2017년 5월 20일 18시,토요일,경상북도 문경시 모전동,경상사고,0,0,5,0,차대차 - 측면충돌,안전운전불이행,건조,맑음,교차로 - 교차로안,승용,남,68세,경상,승용,남,56세,경상
2017052000100563,2017년 5월 20일 20시,토요일,경상북도 김천시 조마면,중상사고,0,1,0,0,차대사람 - 횡단중,안전운전불이행,건조,맑음,단일로 - 기타,승용,남,45세,상해없음,보행자,남,61세,중상
2017052000100564,2017년 5월 20일 20시,토요일,경상북도 포항시 남구 오천읍,중상사고,0,1,0,0,차대사람 - 횡단중,안전운전불이행,건조,맑음,단일로 - 기타,승용,남,82세,상해없음,보행자,남,36세,중상
2017052000100586,2017년 5월 20일 21시,토요일,경상북도 안동시 옥야동,중상사고,0,1,1,0,차대차 - 측면충돌,신호위반,건조,맑음,교차로 - 교차로안,승용,남,37세,상해없음,승용,남,59세,중상
2017052000100587,2017년 5월 20일 21시,토요일,경상북도 경산시 계양동,경상사고,0,0,1,0,차대차 - 기타,교차로운행방법위반,건조,맑음,교차로 - 교차로안,승용,남,31세,상해없음,승용,남,52세,경상
2017052000100588,2017년 5월 20일 21시,토요일,경상북도 경산시 압량면,경상사고,0,0,3,0,차대차 - 정면충돌,안전운전불이행,건조,맑음,단일로 - 기타,승용,여,44세,상해없음,승용,남,62세,경상
2017052000100638,2017년 5월 20일 23시,토요일,경상북도 포항시 북구 학잠동,경상사고,0,0,1,0,차대차 - 측면충돌,안전운전불이행,건조,맑음,단일로 - 기타,승용,여,42세,상해없음,승용,여,63세,경상
2017052000100639,2017년 5월 20일 23시,토요일,경상북도 경산시 옥산동,중상사고,0,1,0,0,차대차 - 기타,교차로운행방법위반,건조,맑음,교차로 - 교차로안,이륜,남,21세,상해없음,이륜,남,24세,중상
2017052000100640,2017년 5월 20일 23시,토요일,경상북도 울진군 매화면,사망사고,1,0,0,0,차대차 - 추돌,안전운전불이행,건조,맑음,단일로 - 기타,승용,남,42세,상해없음,화물,남,53세,기타불명
2017052100100023,2017년 5월 21일 00시,일요일,경상북도 안동시 평화동,중상사고,0,1,0,0,차대사람 - 횡단중,과속,건조,맑음,단일로 - 기타,승용,남,50세,상해없음,보행자,여,76세,중상
2017052100100024,2017년 5월 21일 00시,일요일,경상북도 김천시 지좌동,경상사고,0,0,2,0,차대차 - 정면충돌,신호위반,건조,맑음,교차로 - 교차로안,승용,남,43세,상해없음,승용,남,40세,경상
2017052100100041,2017년 5월 21일 01시,일요일,경상북도 울진군 후포면,중상사고,0,2,0,0,차대사람 - 횡단중,안전운전불이행,건조,맑음,단일로 - 기타,승용,남,33세,상해없음,보행자,남,37세,중상
2017052100100083,2017년 5월 21일 04시,일요일,경상북도 경주시 용강동,경상사고,0,0,2,0,차대차 - 측면충돌,신호위반,건조,맑음,교차로 - 교차로안,승용,남,25세,상해없음,승용,남,59세,경상
2017052100100115,2017년 5월 21일 07시,일요일,경상북도 경주시 양북면,중상사고,0,2,0,0,차대차 - 측면충돌,안전운전불이행,건조,맑음,단일로 - 기타,승용,남,26세,상해없음,화물,남,57세,중상
2017052100100123,2017년 5월 21일 07시,일요일,경상북도 영덕군 영덕읍,경상사고,0,0,1,0,차대차 - 측면충돌,안전운전불이행,건조,맑음,주차장 - 주차장,승용,여,51세,경상,승용,남,54세,기타불명
2017052100100140,2017년 5월 21일 08시,일요일,경상북도 경주시 양북면,사망사고,1,0,0,0,차대사람 - 길가장자리구역통행중,안전운전불이행,건조,맑음,단일로 - 기타,화물,남,45세,상해없음,보행자,여,82세,사망
2017052100100154,2017년 5월 21일 09시,일요일,경상북도 상주시 냉림동,중상사고,0,1,0,0,차대차 - 측면충돌,안전운전불이행,건조,맑음,교차로 - 교차로안,자전거,여,44세,중상,승용,남,68세,상해없음
2017052100100155,2017년 5월 21일 09시,일요일,경상북도 상주시 함창읍,부상신고사고,0,0,0,1,차대사람 - 기타,안전운전불이행,건조,맑음,단일로 - 기타,승합,남,52세,상해없음,보행자,여,77세,부상신고
2017052100100156,2017년 5월 21일 09시,일요일,경상북도 문경시 문경읍,중상사고,0,1,0,0,차대차 - 측면충돌,교차로운행방법위반,건조,맑음,교차로 - 교차로안,승용,남,33세,상해없음,승용,남,34세,중상
2017052100100157,2017년 5월 21일 09시,일요일,경상북도 구미시 형곡동,경상사고,0,0,1,0,차대사람 - 횡단중,과속,건조,맑음,교차로 - 교차로횡단보도내,승용,남,34세,상해없음,보행자,여,9세,경상
2017052100100158,2017년 5월 21일 09시,일요일,경상북도 구미시 형곡동,중상사고,0,1,0,0,차대차 - 정면충돌,안전운전불이행,건조,맑음,교차로 - 교차로안,자전거,남,5세,중상,승용,여,34세,상해없음
2017052100100176,2017년 5월 21일 10시,일요일,경상북도 포항시 북구 학산동,경상사고,0,0,1,0,차대차 - 측면충돌,교차로운행방법위반,건조,맑음,교차로 - 교차로안,승용,남,60세,상해없음,이륜,남,33세,경상
2017052100100200,2017년 5월 21일 11시,일요일,경상북도 경산시 와촌면,중상사고,0,1,0,0,차대차 - 측면충돌,교차로운행방법위반,건조,맑음,교차로 - 교차로안,승용,남,48세,상해없음,이륜,남,75세,중상
2017052100100201,2017년 5월 21일 11시,일요일,경상북도 포항시 남구 구룡포읍,중상사고,0,1,1,0,차대사람 - 횡단중,안전운전불이행,건조,맑음,단일로 - 기타,이륜,남,90세 이상,경상,보행자,여,75세,중상
2017052100100202,2017년 5월 21일 11시,일요일,경상북도 경주시 내남면,중상사고,0,3,3,0,차대차 - 추돌,안전운전불이행,건조,맑음,단일로 - 기타,특수,남,56세,상해없음,승용,남,45세,중상
2017052100100236,2017년 5월 21일 12시,일요일,경상북도 경주시 양남면,경상사고,0,0,1,0,차대차 - 후진중충돌,안전운전불이행,건조,맑음,단일로 - 기타,화물,남,50세,상해없음,승용,남,28세,경상
2017052100100237,2017년 5월 21일 12시,일요일,경상북도 포항시 북구 대흥동,경상사고,0,0,1,0,차대차 - 측면충돌,안전운전불이행,건조,맑음,단일로 - 기타,승용,남,67세,상해없음,승용,남,53세,경상
2017052100100238,2017년 5월 21일 12시,일요일,경상북도 안동시 임하면,경상사고,0,0,1,0,차대차 - 측면충돌,안전운전불이행,건조,맑음,교차로 - 교차로안,농기계,남,82세,경상,승용,여,38세,상해없음
2017052100100266,2017년 5월 21일 13시,일요일,경상북도 상주시 헌신동,중상사고,0,1,2,0,차대차 - 측면충돌,교차로운행방법위반,건조,맑음,교차로 - 교차로안,승용,여,38세,경상,승용,여,51세,중상
2017052100100267,2017년 5월 21일 13시,일요일,경상북도 구미시 공단동,중상사고,0,1,0,0,차대차 - 측면충돌,안전운전불이행,건조,맑음,교차로 - 교차로부근,이륜,남,74세,상해없음,이륜,남,32세,중상
2017052100100298,2017년 5월 21일 14시,일요일,경상북도 영주시 순흥면,경상사고,0,0,1,0,차대차 - 측면충돌,교차로운행방법위반,건조,맑음,교차로 - 교차로안,승합,남,52세,상해없음,승용,남,60세,경상
2017052100100299,2017년 5월 21일 14시,일요일,경상북도 구미시 고아읍,사망사고,1,0,0,0,차량단독 - 전도전복,안전운전불이행,건조,맑음,교차로 - 교차로부근,이륜,남,74세,사망,미분류,미분류,미분류,미분류
2017052100100333,2017년 5월 21일 15시,일요일,경상북도 구미시 공단동,경상사고,0,0,2,0,차대차 - 추돌,안전운전불이행,건조,맑음,교차로 - 교차로부근,승용,남,63세,상해없음,승용,여,45세,경상
2017052100100334,2017년 5월 21일 15시,일요일,경상북도 구미시 임은동,부상신고사고,0,0,0,2,차대차 - 기타,안전운전불이행,건조,맑음,기타 - 기타,기타불명,기타불명,미분류,기타불명,승용,여,46세,부상신고
2017052100100359,2017년 5월 21일 16시,일요일,경상북도 영덕군 남정면,중상사고,0,1,0,1,차대차 - 추돌,안전거리미확보,건조,맑음,교차로 - 교차로부근,승용,남,61세,부상신고,승용,여,57세,중상
2017052100100360,2017년 5월 21일 16시,일요일,경상북도 구미시 송정동,경상사고,0,0,1,0,차대차 - 측면충돌,안전운전불이행,건조,맑음,교차로 - 교차로안,승용,남,60세,상해없음,원동기,남,16세,경상
2017052100100445,2017년 5월 21일 19시,일요일,경상북도 경주시 황오동,중상사고,0,1,0,0,차대차 - 측면충돌,안전운전불이행,건조,맑음,단일로 - 기타,승용,남,26세,상해없음,이륜,남,73세,중상
2017052100100446,2017년 5월 21일 19시,일요일,경상북도 안동시 옥동,중상사고,0,1,0,0,차대차 - 정면충돌,교차로운행방법위반,건조,맑음,단일로 - 기타,승용,남,25세,상해없음,자전거,여,49세,중상
2017052100100447,2017년 5월 21일 19시,일요일,경상북도 영주시 풍기읍,경상사고,0,0,1,0,차대사람 - 길가장자리구역통행중,안전운전불이행,건조,맑음,교차로 - 교차로안,승용,남,56세,상해없음,보행자,남,44세,경상
2017052100100448,2017년 5월 21일 19시,일요일,경상북도 경산시 계양동,경상사고,0,0,2,0,차대차 - 측면충돌,안전운전불이행,건조,맑음,단일로 - 기타,화물,남,54세,상해없음,승용,여,52세,경상
2017052100100449,2017년 5월 21일 19시,일요일,경상북도 청도군 화양읍,경상사고,0,0,1,0,차대차 - 측면충돌,안전운전불이행,건조,맑음,단일로 - 기타,이륜,남,77세,상해없음,승용,남,33세,경상
2017052100100493,2017년 5월 21일 21시,일요일,경상북도 안동시 옥동,사망사고,1,0,0,0,차대사람 - 횡단중,안전운전불이행,건조,맑음,단일로 - 기타,화물,남,59세,상해없음,보행자,여,75세,사망
2017052100100494,2017년 5월 21일 21시,일요일,경상북도 경산시 계양동,중상사고,0,2,0,0,차대차 - 기타,안전운전불이행,건조,맑음,단일로 - 기타,승용,남,52세,상해없음,승용,여,48세,중상
2017052100100509,2017년 5월 21일 22시,일요일,경상북도 경주시 용강동,중상사고,0,1,0,0,차대사람 - 차도통행중,안전운전불이행,건조,맑음,단일로 - 기타,승용,남,27세,상해없음,보행자,남,36세,중상
2017052100100536,2017년 5월 21일 23시,일요일,경상북도 문경시 윤직동,중상사고,0,1,0,0,차대사람 - 차도통행중,안전운전불이행,건조,맑음,단일로 - 기타,승용,여,24세,상해없음,보행자,남,53세,중상
2017052200100019,2017년 5월 22일 00시,월요일,경상북도 경주시 사정동,중상사고,0,1,0,0,차대차 - 추돌,안전운전불이행,건조,맑음,단일로 - 기타,승용,남,71세,상해없음,승용,남,22세,중상
2017052200100072,2017년 5월 22일 06시,월요일,경상북도 경주시 성동동,경상사고,0,0,2,0,차대차 - 측면충돌,신호위반,건조,맑음,교차로 - 교차로안,화물,남,49세,경상,화물,남,57세,경상
2017052200100073,2017년 5월 22일 06시,월요일,경상북도 칠곡군 석적읍,경상사고,0,0,1,0,차대차 - 측면충돌,안전운전불이행,건조,맑음,교차로 - 교차로안,승용,남,43세,상해없음,승용,남,48세,경상
2017052200100105,2017년 5월 22일 07시,월요일,경상북도 안동시 정하동,중상사고,0,1,1,0,차대차 - 측면충돌,교차로운행방법위반,건조,맑음,단일로 - 기타,승용,여,46세,중상,승용,남,72세,경상
2017052200100106,2017년 5월 22일 07시,월요일,경상북도 영천시 금호읍,경상사고,0,0,5,0,차대차 - 추돌,안전거리미확보,건조,맑음,단일로 - 기타,승용,남,62세,상해없음,승용,남,33세,경상
2017052200100154,2017년 5월 22일 08시,월요일,경상북도 의성군 의성읍,중상사고,0,1,0,0,차대사람 - 횡단중,신호위반,건조,맑음,교차로 - 교차로부근,자전거,남,62세,상해없음,보행자,여,79세,중상
2017052200100155,2017년 5월 22일 08시,월요일,경상북도 경산시 평산동,중상사고,0,1,1,0,차대차 - 측면충돌,안전운전불이행,건조,맑음,교차로 - 교차로안,승용,남,49세,경상,승용,여,47세,중상
2017052200100156,2017년 5월 22일 08시,월요일,경상북도 구미시 형곡동,경상사고,0,0,1,0,차대차 - 기타,안전운전불이행,건조,맑음,단일로 - 기타,승용,여,32세,상해없음,자전거,남,22세,경상
2017052200100220,2017년 5월 22일 10시,월요일,경상북도 경주시 서악동,경상사고,0,0,1,0,차대차 - 측면충돌,안전운전불이행,건조,맑음,교차로 - 교차로안,승용,남,27세,상해없음,화물,여,57세,경상
2017052200100221,2017년 5월 22일 10시,월요일,경상북도 안동시 태화동,경상사고,0,0,1,0,차대차 - 측면충돌,안전운전불이행,건조,맑음,단일로 - 기타,승용,여,38세,상해없음,자전거,남,60세,경상
2017052200100222,2017년 5월 22일 10시,월요일,경상북도 의성군 봉양면,경상사고,0,0,1,0,차대차 - 측면충돌,직진우회전진행방해,건조,맑음,교차로 - 교차로안,이륜,여,56세,경상,화물,남,65세,상해없음
2017052200100223,2017년 5월 22일 10시,월요일,경상북도 의성군 의성읍,경상사고,0,0,1,0,차대사람 - 차도통행중,안전운전불이행,건조,맑음,단일로 - 기타,화물,남,52세,상해없음,보행자,여,65세,경상
2017052200100224,2017년 5월 22일 10시,월요일,경상북도 성주군 성주읍,경상사고,0,0,1,0,차대차 - 측면충돌,중앙선침범,건조,맑음,기타 - 기타,자전거,여,27세,경상,승용,여,45세,상해없음
2017052200100245,2017년 5월 22일 11시,월요일,경상북도 경주시 성건동,경상사고,0,0,1,0,차대차 - 측면충돌,안전운전불이행,건조,맑음,단일로 - 기타,이륜,남,74세,경상,승용,남,23세,상해없음
2017052200100246,2017년 5월 22일 11시,월요일,경상북도 포항시 북구 상원동,경상사고,0,0,1,0,차대차 - 측면충돌,안전거리미확보,건조,맑음,단일로 - 기타,승용,남,35세,경상,승합,남,52세,상해없음
2017052200100247,2017년 5월 22일 11시,월요일,경상북도 의성군 봉양면,중상사고,0,1,0,0,차대차 - 측면충돌,직진우회전진행방해,건조,맑음,교차로 - 교차로안,승용,여,40세,상해없음,이륜,남,61세,중상
2017052200100275,2017년 5월 22일 12시,월요일,경상북도 문경시 모전동,경상사고,0,0,1,0,차대차 - 측면충돌,안전운전불이행,건조,맑음,단일로 - 기타,승용,여,47세,상해없음,이륜,남,67세,경상
2017052200100276,2017년 5월 22일 12시,월요일,경상북도 봉화군 봉화읍,중상사고,0,1,0,0,차대차 - 기타,안전운전불이행,건조,맑음,단일로 - 기타,건설기계,남,68세,상해없음,농기계,남,79세,중상
2017052200100315,2017년 5월 22일 13시,월요일,경상북도 문경시 모전동,중상사고,0,1,0,0,차대차 - 기타,안전운전불이행,건조,맑음,단일로 - 기타,승용,여,47세,상해없음,자전거,남,83세,중상
2017052200100316,2017년 5월 22일 13시,월요일,경상북도 경산시 와촌면,중상사고,0,2,0,0,차대차 - 정면충돌,중앙선침범,건조,맑음,단일로 - 기타,승용,남,35세,중상,승용,남,53세,중상
2017052200100317,2017년 5월 22일 13시,월요일,경상북도 구미시 상모동,부상신고사고,0,0,0,1,차대차 - 정면충돌,안전운전불이행,건조,맑음,단일로 - 기타,이륜,남,45세,부상신고,승용,여,46세,상해없음
2017052200100341,2017년 5월 22일 14시,월요일,경상북도 경주시 천북면,중상사고,0,1,0,0,차대차 - 측면충돌,안전운전불이행,건조,맑음,교차로 - 교차로부근,건설기계,남,47세,상해없음,승용,여,51세,중상
2017052200100342,2017년 5월 22일 14시,월요일,경상북도 경주시 양남면,경상사고,0,0,2,0,차대차 - 측면충돌,안전운전불이행,건조,맑음,교차로 - 교차로부근,승용,남,37세,상해없음,승용,여,48세,경상
2017052200100343,2017년 5월 22일 14시,월요일,경상북도 경주시 석장동,경상사고,0,0,2,0,차대차 - 측면충돌,직진우회전진행방해,건조,맑음,교차로 - 교차로안,승용,여,44세,경상,승용,여,36세,경상
2017052200100344,2017년 5월 22일 14시,월요일,경상북도 포항시 북구 우현동,중상사고,0,3,0,0,차대차 - 측면충돌,중앙선침범,건조,맑음,교차로 - 교차로부근,화물,남,75세,상해없음,승용,남,23세,중상
2017052200100345,2017년 5월 22일 14시,월요일,경상북도 구미시 공단동,부상신고사고,0,0,0,1,차대차 - 기타,기타,건조,맑음,단일로 - 기타,자전거,남,24세,부상신고,기타불명,기타불명,미분류,기타불명
2017052200100387,2017년 5월 22일 15시,월요일,경상북도 포항시 북구 죽도동,경상사고,0,0,1,0,차대차 - 측면충돌,안전운전불이행,건조,맑음,단일로 - 기타,승용,남,57세,상해없음,이륜,남,50세,경상
2017052200100388,2017년 5월 22일 15시,월요일,경상북도 영천시 신령면,중상사고,0,1,0,0,차대차 - 측면충돌,안전운전불이행,건조,맑음,단일로 - 기타,화물,여,56세,상해없음,이륜,여,65세,중상
2017052200100389,2017년 5월 22일 15시,월요일,경상북도 경산시 상방동,중상사고,0,1,0,0,차대사람 - 횡단중,보행자보호의무위반,건조,맑음,단일로 - 기타,승용,여,35세,상해없음,보행자,여,66세,중상
2017052200100418,2017년 5월 22일 16시,월요일,경상북도 경주시 동천동,경상사고,0,0,2,0,차대차 - 측면충돌,안전운전불이행,건조,맑음,단일로 - 기타,승용,여,38세,경상,화물,남,48세,상해없음
2017052200100419,2017년 5월 22일 16시,월요일,경상북도 포항시 북구 흥해읍,경상사고,0,0,1,0,차대차 - 측면충돌,안전운전불이행,건조,맑음,단일로 - 기타,승용,남,62세,상해없음,승용,여,31세,경상
2017052200100420,2017년 5월 22일 16시,월요일,경상북도 영주시 풍기읍,경상사고,0,0,1,0,차대차 - 측면충돌,안전운전불이행,건조,맑음,교차로 - 교차로안,이륜,남,18세,상해없음,승용,여,20세,경상
2017052200100463,2017년 5월 22일 17시,월요일,경상북도 포항시 북구 환호동,중상사고,0,1,0,0,차대차 - 정면충돌,중앙선침범,건조,맑음,단일로 - 기타,승용,여,37세,상해없음,원동기,남,52세,중상
2017052200100464,2017년 5월 22일 17시,월요일,경상북도 김천시 다수동,경상사고,0,0,1,0,차대사람 - 기타,안전운전불이행,건조,맑음,단일로 - 기타,화물,기타불명,미분류,기타불명,보행자,남,55세,경상
2017052200100465,2017년 5월 22일 17시,월요일,경상북도 영주시 순흥면,부상신고사고,0,0,0,1,차대차 - 측면충돌,안전운전불이행,건조,맑음,단일로 - 기타,승용,남,71세,상해없음,이륜,여,61세,부상신고
2017052200100466,2017년 5월 22일 17시,월요일,경상북도 포항시 남구 일월동,경상사고,0,0,3,0,차대차 - 추돌,안전거리미확보,건조,맑음,단일로 - 기타,화물,여,56세,기타불명,화물,남,42세,경상
2017052200100467,2017년 5월 22일 17시,월요일,경상북도 포항시 남구 대도동,중상사고,0,1,1,0,차대차 - 기타,안전운전불이행,건조,맑음,단일로 - 기타,화물,남,25세,상해없음,승용,남,55세,중상
2017052200100511,2017년 5월 22일 18시,월요일,경상북도 청도군 풍각면,경상사고,0,0,1,0,차대차 - 측면충돌,중앙선침범,건조,맑음,단일로 - 기타,농기계,남,61세,상해없음,이륜,남,83세,경상
2017052200100512,2017년 5월 22일 18시,월요일,경상북도 영양군 영양읍,경상사고,0,0,1,0,차대사람 - 기타,안전운전불이행,건조,맑음,단일로 - 기타,화물,남,51세,상해없음,보행자,여,79세,경상
2017052200100561,2017년 5월 22일 19시,월요일,경상북도 안동시 용상동,부상신고사고,0,0,0,1,차대차 - 측면충돌,안전운전불이행,건조,맑음,단일로 - 기타,화물,남,54세,부상신고,승합,남,43세,상해없음
2017052200100562,2017년 5월 22일 19시,월요일,경상북도 경산시 사정동,경상사고,0,0,2,0,차대차 - 기타,안전거리미확보,건조,맑음,단일로 - 기타,승용,남,61세,상해없음,승용,남,39세,경상
2017052200100582,2017년 5월 22일 20시,월요일,경상북도 상주시 무양동,중상사고,0,3,0,0,차대차 - 추돌,안전거리미확보,건조,맑음,단일로 - 기타,화물,남,63세,상해없음,승용,여,33세,중상
2017052200100583,2017년 5월 22일 20시,월요일,경상북도 구미시 장천면,중상사고,0,1,0,0,차대사람 - 차도통행중,안전운전불이행,건조,맑음,단일로 - 기타,화물,남,36세,상해없음,보행자,남,78세,중상
2017052200100584,2017년 5월 22일 20시,월요일,경상북도 포항시 남구 대도동,경상사고,0,0,4,0,차대차 - 추돌,안전운전불이행,건조,맑음,교차로 - 교차로안,승용,남,54세,상해없음,승용,여,46세,경상
2017052200100647,2017년 5월 22일 23시,월요일,경상북도 상주시 서성동,경상사고,0,0,1,0,차대차 - 측면충돌,안전운전불이행,건조,맑음,교차로 - 교차로안,승용,남,58세,상해없음,자전거,남,40세,경상
2017052300100072,2017년 5월 23일 05시,화요일,경상북도 칠곡군 석적읍,부상신고사고,0,0,0,1,차대차 - 추돌,안전운전불이행,건조,맑음,단일로 - 기타,승용,여,36세,부상신고,승용,남,34세,기타불명
2017052300100083,2017년 5월 23일 06시,화요일,경상북도 칠곡군 동명면,경상사고,0,0,1,0,차대차 - 측면충돌,안전운전불이행,건조,맑음,단일로 - 기타,승용,여,48세,경상,승용,남,37세,상해없음
2017052300100112,2017년 5월 23일 07시,화요일,경상북도 청도군 이서면,중상사고,0,1,0,0,차대차 - 기타,안전운전불이행,건조,맑음,단일로 - 기타,화물,남,31세,상해없음,이륜,남,60세,중상
2017052300100150,2017년 5월 23일 08시,화요일,경상북도 경주시 현곡면,중상사고,0,1,0,0,차대차 - 측면충돌,안전운전불이행,건조,맑음,단일로 - 기타,건설기계,남,54세,상해없음,이륜,남,67세,중상
2017052300100151,2017년 5월 23일 08시,화요일,경상북도 구미시 형곡동,중상사고,0,1,0,0,차대사람 - 횡단중,보행자보호의무위반,건조,맑음,교차로 - 교차로횡단보도내,승용,여,41세,상해없음,보행자,여,45세,중상
2017052300100186,2017년 5월 23일 09시,화요일,경상북도 군위군 군위읍,중상사고,0,1,0,0,차대사람 - 횡단중,안전운전불이행,건조,맑음,단일로 - 기타,원동기,남,83세,상해없음,보행자,남,83세,중상
2017052300100219,2017년 5월 23일 10시,화요일,경상북도 포항시 북구 용흥동,중상사고,0,1,0,0,차대사람 - 횡단중,보행자보호의무위반,건조,맑음,교차로 - 교차로횡단보도내,승합,남,70세,상해없음,보행자,여,60세,중상
2017052300100220,2017년 5월 23일 10시,화요일,경상북도 포항시 북구 흥해읍,사망사고,1,0,1,0,차대차 - 정면충돌,안전운전불이행,건조,맑음,기타 - 기타,자전거,여,54세,사망,자전거,남,62세,경상
2017052300100221,2017년 5월 23일 10시,화요일,경상북도 구미시 도량동,중상사고,0,1,0,0,차대사람 - 횡단중,보행자보호의무위반,건조,맑음,교차로 - 교차로횡단보도내,승용,여,55세,상해없음,보행자,여,87세,중상
2017052300100222,2017년 5월 23일 10시,화요일,경상북도 포항시 남구 대잠동,경상사고,0,0,1,0,차대차 - 측면충돌,안전운전불이행,건조,맑음,단일로 - 기타,승용,여,43세,기타불명,화물,남,39세,경상
2017052300100268,2017년 5월 23일 12시,화요일,경상북도 경주시 외동읍,중상사고,0,1,0,0,차대차 - 측면충돌,안전거리미확보,건조,맑음,단일로 - 기타,이륜,남,79세,중상,승용,남,29세,상해없음
2017052300100269,2017년 5월 23일 12시,화요일,경상북도 구미시 고아읍,경상사고,0,0,1,0,차대사람 - 차도통행중,안전운전불이행,건조,맑음,단일로 - 기타,승용,여,32세,상해없음,보행자,여,52세,경상
2017052300100309,2017년 5월 23일 13시,화요일,경상북도 칠곡군 왜관읍,경상사고,0,0,1,0,차대차 - 기타,안전운전불이행,건조,맑음,교차로 - 교차로부근,승용,남,83세,상해없음,이륜,남,77세,경상
2017052300100334,2017년 5월 23일 14시,화요일,경상북도 상주시 만산동,경상사고,0,0,1,0,차대차 - 기타,차로위반,건조,맑음,단일로 - 기타,화물,남,41세,상해없음,승용,남,24세,경상
2017052300100335,2017년 5월 23일 14시,화요일,경상북도 영천시 야사동,경상사고,0,0,2,0,차대차 - 측면충돌,교차로운행방법위반,건조,맑음,교차로 - 교차로안,화물,남,55세,경상,승용,여,43세,경상
2017052300100402,2017년 5월 23일 16시,화요일,경상북도 영천시 북안면,중상사고,0,1,0,0,차대차 - 측면충돌,직진우회전진행방해,건조,맑음,교차로 - 교차로안,승용,남,50세,상해없음,이륜,남,77세,중상
2017052300100403,2017년 5월 23일 16시,화요일,경상북도 고령군 성산면,중상사고,0,1,0,0,차량단독 - 공작물충돌,안전운전불이행,건조,맑음,단일로 - 기타,승용,여,44세,중상,,,,
2017052300100438,2017년 5월 23일 17시,화요일,경상북도 포항시 북구 두호동,중상사고,0,1,4,0,차대차 - 측면충돌,안전운전불이행,건조,맑음,단일로 - 기타,승용,남,38세,상해없음,승합,남,56세,경상
2017052300100476,2017년 5월 23일 18시,화요일,경상북도 안동시 정상동,경상사고,0,0,1,0,차대차 - 기타,교차로운행방법위반,건조,맑음,교차로 - 교차로안,화물,남,70세,상해없음,승용,남,26세,경상
2017052300100477,2017년 5월 23일 18시,화요일,경상북도 구미시 고아읍,경상사고,0,0,2,0,차대차 - 추돌,안전거리미확보,건조,맑음,단일로 - 기타,승용,여,48세,경상,승용,남,42세,경상
2017052300100478,2017년 5월 23일 18시,화요일,경상북도 구미시 오태동,경상사고,0,0,1,0,차대차 - 측면충돌,안전운전불이행,건조,맑음,교차로 - 교차로안,승용,남,57세,상해없음,승용,여,28세,경상
2017052300100509,2017년 5월 23일 19시,화요일,경상북도 영덕군 달산면,중상사고,0,1,0,0,차량단독 - 공작물충돌,안전운전불이행,건조,맑음,단일로 - 기타,화물,남,75세,중상,,,,
2017052300100510,2017년 5월 23일 19시,화요일,경상북도 울진군 울진읍,중상사고,0,1,0,0,차량단독 - 전도전복,안전운전불이행,건조,맑음,단일로 - 기타,승용,남,62세,중상,미분류,미분류,미분류,미분류
2017052300100555,2017년 5월 23일 20시,화요일,경상북도 경주시 노서동,경상사고,0,0,2,0,차대차 - 추돌,안전운전불이행,건조,맑음,교차로 - 교차로부근,화물,남,61세,상해없음,승용,남,66세,경상
2017052300100556,2017년 5월 23일 20시,화요일,경상북도 구미시 송정동,경상사고,0,0,1,0,차대차 - 기타,안전운전불이행,건조,맑음,교차로 - 교차로부근,원동기,남,52세,경상,화물,남,43세,상해없음
2017052300100635,2017년 5월 23일 23시,화요일,경상북도 청도군 청도읍,경상사고,0,0,1,0,차량단독 - 전도전복,안전운전불이행,건조,맑음,단일로 - 기타,승용,남,26세,경상,미분류,미분류,미분류,미분류