사고번호,사고일시,요일,시군구,사고내용,사망자수,중상자수,경상자수,부상신고자수,사고유형,법규위반,노면상태,기상상태,도로형태,가해운전자 차종,가해운전자 성별,가해운전자 연령,가해운전자 상해정도,피해운전자 차종,피해운전자 성별,피해운전자 연령,피해운전자 상해정도
2017052300100636,2017년 5월 23일 23시,화요일,경상북도 울진군 울진읍,사망사고,1,0,0,0,차대사람 - 횡단중,안전운전불이행,건조,맑음,단일로 - 교량,승용,여,23세,상해없음,보행자,남,44세,사망
2017052300100637,2017년 5월 23일 23시,화요일,경상북도 구미시 진평동,경상사고,0,0,1,0,차대차 - 추돌,안전운전불이행,건조,맑음,교차로 - 교차로부근,승용,남,21세,상해없음,승용,남,35세,경상
2017052400100066,2017년 5월 24일 02시,수요일,경상북도 경산시 진량읍,부상신고사고,0,0,0,1,차대차 - 추돌,안전운전불이행,건조,맑음,교차로 - 교차로부근,승용,남,38세,상해없음,승용,남,46세,부상신고
2017052400100089,2017년 5월 24일 05시,수요일,경상북도 경주시 성건동,중상사고,0,1,0,0,차대차 - 측면충돌,안전운전불이행,건조,맑음,교차로 - 교차로횡단보도내,승용,남,76세,상해없음,자전거,여,64세,중상
2017052400100151,2017년 5월 24일 08시,수요일,경상북도 경주시 충효동,중상사고,0,1,0,0,차대차 - 측면충돌,안전운전불이행,건조,맑음,교차로 - 교차로안,승용,남,44세,상해없음,이륜,남,54세,중상
2017052400100152,2017년 5월 24일 08시,수요일,경상북도 칠곡군 왜관읍,부상신고사고,0,0,0,1,차대차 - 측면충돌,직진우회전진행방해,젖음/습기,맑음,교차로 - 교차로안,이륜,남,17세,부상신고,승합,여,33세,상해없음
2017052400100153,2017년 5월 24일 08시,수요일,경상북도 울진군 울진읍,중상사고,0,1,0,0,차대차 - 추돌,안전운전불이행,건조,맑음,단일로 - 기타,승용,여,37세,상해없음,승용,남,70세,중상
2017052400100154,2017년 5월 24일 08시,수요일,경상북도 구미시 진평동,중상사고,0,1,0,0,차대차 - 기타,안전운전불이행,젖음/습기,비,교차로 - 교차로안,자전거,남,42세,중상,승용,남,62세,상해없음
2017052400100155,2017년 5월 24일 08시,수요일,경상북도 구미시 도개면,중상사고,0,1,0,0,차대차 - 기타,안전운전불이행,젖음/습기,비,단일로 - 기타,승용,남,27세,상해없음,승용,남,37세,중상
2017052400100184,2017년 5월 24일 09시,수요일,경상북도 경주시 안강읍,경상사고,0,0,1,0,차대차 - 측면충돌,신호위반,건조,맑음,교차로 - 교차로안,이륜,남,72세,경상,승용,여,37세,상해없음
2017052400100185,2017년 5월 24일 09시,수요일,경상북도 영덕군 영덕읍,경상사고,0,0,1,0,차대차 - 측면충돌,안전운전불이행,젖음/습기,비,단일로 - 기타,건설기계,남,42세,상해없음,승용,남,46세,경상
2017052400100186,2017년 5월 24일 09시,수요일,경상북도 청도군 화양읍,사망사고,1,0,0,0,차대차 - 추돌,안전운전불이행,건조,흐림,교차로 - 교차로부근,이륜,남,70세,사망,화물,남,61세,상해없음
2017052400100187,2017년 5월 24일 09시,수요일,경상북도 포항시 남구 장기면,경상사고,0,0,1,0,차대차 - 추돌,안전운전불이행,건조,맑음,단일로 - 기타,승용,남,57세,상해없음,승용,남,62세,경상
2017052400100188,2017년 5월 24일 09시,수요일,경상북도 포항시 남구 이동,경상사고,0,0,2,0,차대차 - 측면충돌,교차로운행방법위반,건조,맑음,교차로 - 교차로부근,승용,남,64세,경상,승용,여,40세,경상
2017052400100216,2017년 5월 24일 10시,수요일,경상북도 포항시 북구 흥해읍,경상사고,0,0,2,0,차대차 - 추돌,안전거리미확보,건조,맑음,교차로 - 교차로부근,화물,남,61세,상해없음,승용,남,61세,경상
2017052400100217,2017년 5월 24일 10시,수요일,경상북도 포항시 북구 송라면,경상사고,0,0,2,0,차대차 - 측면충돌,안전운전불이행,건조,맑음,교차로 - 교차로안,승용,여,52세,상해없음,농기계,남,70세,경상
2017052400100218,2017년 5월 24일 10시,수요일,경상북도 안동시 와룡면,중상사고,0,3,0,0,차대차 - 정면충돌,중앙선침범,젖음/습기,흐림,교차로 - 교차로부근,화물,남,72세,중상,화물,남,44세,중상
2017052400100219,2017년 5월 24일 10시,수요일,경상북도 영주시 휴천동,경상사고,0,0,1,0,차대차 - 측면충돌,안전운전불이행,건조,맑음,교차로 - 교차로안,승합,남,64세,상해없음,자전거,남,14세,경상
2017052400100220,2017년 5월 24일 10시,수요일,경상북도 문경시 호계면,경상사고,0,0,5,0,차대차 - 기타,교차로운행방법위반,건조,맑음,교차로 - 교차로부근,승합,남,60세,상해없음,화물,남,39세,경상
2017052400100221,2017년 5월 24일 10시,수요일,경상북도 영덕군 병곡면,중상사고,0,1,1,0,차대차 - 정면충돌,안전거리미확보,젖음/습기,비,단일로 - 기타,화물,남,37세,상해없음,화물,남,43세,경상
2017052400100222,2017년 5월 24일 10시,수요일,경상북도 예천군 지보면,중상사고,0,1,0,0,차대차 - 측면충돌,안전운전불이행,젖음/습기,비,교차로 - 교차로안,농기계,남,68세,중상,승용,여,52세,상해없음
2017052400100243,2017년 5월 24일 11시,수요일,경상북도 문경시 모전동,경상사고,0,0,3,0,차대차 - 측면충돌,안전운전불이행,건조,맑음,교차로 - 교차로안,승용,여,50세,경상,화물,남,60세,경상
2017052400100274,2017년 5월 24일 12시,수요일,경상북도 경주시 배반동,중상사고,0,1,0,0,차대차 - 측면충돌,안전운전불이행,건조,맑음,교차로 - 교차로부근,화물,남,46세,상해없음,화물,남,59세,중상
2017052400100306,2017년 5월 24일 13시,수요일,경상북도 경주시 감포읍,경상사고,0,0,1,1,차대차 - 측면충돌,안전운전불이행,젖음/습기,비,단일로 - 기타,승용,여,33세,부상신고,승용,남,36세,상해없음
2017052400100307,2017년 5월 24일 13시,수요일,경상북도 상주시 내서면,경상사고,0,0,1,0,차대차 - 정면충돌,중앙선침범,건조,맑음,단일로 - 기타,승용,여,60세,상해없음,승용,여,61세,경상
2017052400100338,2017년 5월 24일 14시,수요일,경상북도 울진군 북면,중상사고,0,1,0,0,차대차 - 측면충돌,안전운전불이행,건조,맑음,교차로 - 교차로안,승용,여,51세,상해없음,이륜,남,19세,중상
2017052400100374,2017년 5월 24일 15시,수요일,경상북도 칠곡군 약목면,경상사고,0,0,2,0,차대차 - 측면충돌,안전운전불이행,건조,맑음,교차로 - 교차로안,이륜,남,79세,경상,승용,여,35세,경상
2017052400100407,2017년 5월 24일 16시,수요일,경상북도 경주시 안강읍,중상사고,0,1,0,0,차대사람 - 횡단중,보행자보호의무위반,건조,맑음,교차로 - 교차로횡단보도내,승용,여,63세,상해없음,보행자,여,80세,중상
2017052400100408,2017년 5월 24일 16시,수요일,경상북도 칠곡군 북삼읍,경상사고,0,0,1,0,차대차 - 기타,안전운전불이행,건조,맑음,단일로 - 기타,승용,남,69세,상해없음,자전거,남,11세,경상
2017052400100409,2017년 5월 24일 16시,수요일,경상북도 포항시 남구 오천읍,중상사고,0,1,0,0,차대차 - 기타,안전운전불이행,건조,맑음,단일로 - 기타,승용,여,45세,상해없음,이륜,남,25세,중상
2017052400100450,2017년 5월 24일 17시,수요일,경상북도 상주시 함창읍,경상사고,0,0,1,0,차량단독 - 공작물충돌,안전운전불이행,건조,맑음,단일로 - 기타,승용,여,62세,상해없음,,,,
2017052400100451,2017년 5월 24일 17시,수요일,경상북도 구미시 원평동,경상사고,0,0,1,0,차대사람 - 횡단중,신호위반,건조,맑음,단일로 - 기타,승용,여,56세,상해없음,보행자,여,45세,경상
2017052400100452,2017년 5월 24일 17시,수요일,경상북도 구미시 원평동,중상사고,0,2,0,0,차대차 - 정면충돌,안전운전불이행,건조,맑음,단일로 - 기타,승용,남,65세,상해없음,승용,여,26세,중상
2017052400100453,2017년 5월 24일 17시,수요일,경상북도 경주시 율동,경상사고,0,0,1,0,차대차 - 측면충돌,안전거리미확보,건조,맑음,단일로 - 기타,화물,남,56세,상해없음,승용,남,40세,경상
2017052400100496,2017년 5월 24일 18시,수요일,경상북도 안동시 용상동,경상사고,0,0,5,0,차대차 - 정면충돌,직진우회전진행방해,건조,맑음,교차로 - 교차로안,화물,남,35세,경상,승용,여,28세,경상
2017052400100497,2017년 5월 24일 18시,수요일,경상북도 영주시 장수면,사망사고,1,0,0,0,차량단독 - 전도전복 - 전도,안전운전불이행,건조,맑음,단일로 - 기타,원동기,남,73세,사망,,,,
2017052400100498,2017년 5월 24일 18시,수요일,경상북도 경산시 진량읍,경상사고,0,0,2,0,차대사람 - 길가장자리구역통행중,안전운전불이행,건조,맑음,단일로 - 기타,화물,남,62세,상해없음,보행자,여,46세,경상
2017052400100529,2017년 5월 24일 19시,수요일,경상북도 포항시 북구 죽도동,중상사고,0,1,0,0,차대차 - 측면충돌,차로위반,건조,맑음,단일로 - 기타,승용,남,67세,상해없음,승합,남,54세,중상
2017052400100530,2017년 5월 24일 19시,수요일,경상북도 안동시 옥동,중상사고,0,1,0,0,차량단독 - 공작물충돌,안전운전불이행,건조,맑음,교차로 - 교차로안,승용,남,54세,중상,,,,
2017052400100531,2017년 5월 24일 19시,수요일,경상북도 경산시 압량면,경상사고,0,0,1,0,차대차 - 측면충돌,안전운전불이행,건조,맑음,교차로 - 교차로부근,이륜,남,20세,경상,승용,남,44세,상해없음
2017052400100567,2017년 5월 24일 20시,수요일,경상북도 구미시 원평동,경상사고,0,0,1,0,차대차 - 정면충돌,신호위반,건조,맑음,교차로 - 교차로안,승용,남,57세,상해없음,이륜,남,37세,경상
2017052400100568,2017년 5월 24일 20시,수요일,경상북도 포항시 남구 오천읍,경상사고,0,0,1,0,차대차 - 기타,안전운전불이행,건조,맑음,교차로 - 교차로부근,승용,남,30세,상해없음,승용,여,45세,경상
2017052400100597,2017년 5월 24일 21시,수요일,경상북도 경주시 충효동,중상사고,0,1,0,0,차대차 - 측면충돌,안전운전불이행,건조,맑음,단일로 - 기타,승용,여,21세,상해없음,이륜,남,18세,중상
2017052400100598,2017년 5월 24일 21시,수요일,경상북도 구미시 송정동,경상사고,0,0,3,0,차대차 - 추돌,안전운전불이행,건조,맑음,교차로 - 교차로부근,승용,남,45세,상해없음,승용,남,64세,경상
2017052400100642,2017년 5월 24일 23시,수요일,경상북도 경주시 동천동,중상사고,0,1,0,0,차대사람 - 횡단중,교차로운행방법위반,건조,맑음,교차로 - 교차로안,승용,남,34세,상해없음,보행자,남,54세,중상
2017052400100643,2017년 5월 24일 23시,수요일,경상북도 안동시 용상동,경상사고,0,0,1,0,차대차 - 추돌,안전운전불이행,건조,맑음,단일로 - 기타,화물,남,47세,상해없음,승용,남,46세,경상
2017052400100644,2017년 5월 24일 23시,수요일,경상북도 포항시 남구 지곡동,중상사고,0,1,2,0,차대차 - 추돌,안전운전불이행,건조,맑음,교차로 - 교차로부근,승용,여,33세,상해없음,승용,여,24세,경상
2017052500100033,2017년 5월 25일 00시,목요일,경상북도 안동시 정상동,사망사고,1,0,1,0,차대차 - 추돌,안전운전불이행,건조,맑음,단일로 - 기타,승용,남,43세,사망,화물,남,34세,경상
2017052500100069,2017년 5월 25일 04시,목요일,경상북도 김천시 삼락동,중상사고,0,1,0,0,차량단독 - 전도전복,안전운전불이행,건조,맑음,단일로 - 기타,화물,남,44세,중상,미분류,미분류,미분류,미분류
2017052500100105,2017년 5월 25일 07시,목요일,경상북도 문경시 영순면,사망사고,1,0,0,0,차량단독 - 전도전복,안전운전불이행,건조,맑음,단일로 - 기타,승용,남,52세,사망,미분류,미분류,미분류,미분류
2017052500100150,2017년 5월 25일 08시,목요일,경상북도 경주시 천북면,경상사고,0,0,2,0,차대차 - 기타,안전운전불이행,건조,맑음,단일로 - 기타,화물,남,22세,상해없음,승용,여,26세,경상
2017052500100151,2017년 5월 25일 08시,목요일,경상북도 포항시 북구 환호동,경상사고,0,0,2,0,차대차 - 측면충돌,차로위반,건조,맑음,단일로 - 기타,승용,여,43세,기타불명,승용,여,44세,경상
2017052500100152,2017년 5월 25일 08시,목요일,경상북도 포항시 남구 동해면,경상사고,0,0,1,0,차대차 - 측면충돌,신호위반,건조,맑음,교차로 - 교차로안,승용,남,57세,상해없음,승용,여,31세,경상
2017052500100189,2017년 5월 25일 09시,목요일,경상북도 김천시 지좌동,중상사고,0,1,0,0,차대차 - 측면충돌,안전거리미확보,건조,맑음,교차로 - 교차로안,건설기계,남,64세,기타불명,승용,여,52세,중상
2017052500100190,2017년 5월 25일 09시,목요일,경상북도 경산시 옥산동,중상사고,0,1,0,0,차대사람 - 횡단중,보행자보호의무위반,건조,맑음,단일로 - 기타,승용,남,57세,상해없음,보행자,여,76세,중상
2017052500100211,2017년 5월 25일 10시,목요일,경상북도 문경시 점촌동,경상사고,0,0,1,0,차대차 - 측면충돌,안전운전불이행,건조,맑음,교차로 - 교차로횡단보도내,이륜,남,77세,경상,승용,여,41세,상해없음
2017052500100212,2017년 5월 25일 10시,목요일,경상북도 포항시 남구 대도동,경상사고,0,0,1,0,차대사람 - 길가장자리구역통행중,안전운전불이행,건조,맑음,단일로 - 기타,기타불명,기타불명,미분류,기타불명,보행자,여,61세,경상
2017052500100245,2017년 5월 25일 11시,목요일,경상북도 포항시 북구 장성동,경상사고,0,0,3,0,차대차 - 측면충돌,교차로운행방법위반,건조,맑음,교차로 - 교차로안,승용,여,61세,경상,화물,남,55세,경상
2017052500100246,2017년 5월 25일 11시,목요일,경상북도 포항시 북구 대흥동,중상사고,0,1,0,0,차대차 - 측면충돌,교차로운행방법위반,건조,맑음,교차로 - 교차로안,승용,남,45세,상해없음,자전거,여,72세,중상
2017052500100247,2017년 5월 25일 11시,목요일,경상북도 구미시 고아읍,경상사고,0,0,1,0,차대차 - 측면충돌,교차로운행방법위반,건조,맑음,교차로 - 교차로안,이륜,남,79세,경상,승용,남,56세,상해없음
2017052500100248,2017년 5월 25일 11시,목요일,경상북도 포항시 남구 구룡포읍,중상사고,0,1,0,0,차대사람 - 길가장자리구역통행중,안전운전불이행,건조,맑음,단일로 - 기타,승용,여,52세,상해없음,보행자,여,80세,중상
2017052500100249,2017년 5월 25일 11시,목요일,경상북도 포항시 남구 해도동,경상사고,0,0,1,0,차대차 - 측면충돌,안전거리미확보,건조,맑음,단일로 - 기타,승용,남,72세,상해없음,화물,남,36세,경상
2017052500100283,2017년 5월 25일 12시,목요일,경상북도 문경시 영순면,경상사고,0,0,1,0,차량단독 - 기타,안전운전불이행,건조,맑음,단일로 - 기타,원동기,남,70세,경상,,,,
2017052500100284,2017년 5월 25일 12시,목요일,경상북도 영덕군 남정면,사망사고,1,0,0,0,차량단독 - 전도전복,안전운전불이행,건조,맑음,기타 - 기타,농기계,남,74세,사망,미분류,미분류,미분류,미분류
2017052500100313,2017년 5월 25일 13시,목요일,경상북도 의성군 봉양면,중상사고,0,1,0,0,차대차 - 기타,과속,건조,맑음,기타 - 기타,승용,남,45세,상해없음,이륜,남,82세,중상
2017052500100314,2017년 5월 25일 13시,목요일,경상북도 구미시 도량동,경상사고,0,0,1,0,차대차 - 측면충돌,안전운전불이행,건조,맑음,교차로 - 교차로부근,이륜,남,24세,경상,승용,남,55세,상해없음
2017052500100315,2017년 5월 25일 13시,목요일,경상북도 구미시 공단동,경상사고,0,0,1,0,차대차 - 추돌,안전운전불이행,건조,맑음,기타 - 기타,승용,여,20세,상해없음,승용,남,27세,경상
2017052500100347,2017년 5월 25일 14시,목요일,경상북도 성주군 선남면,사망사고,1,0,0,0,차량단독 - 도로외이탈 - 추락,안전운전불이행,건조,맑음,단일로 - 기타,화물,남,64세,사망,,,,
2017052500100371,2017년 5월 25일 15시,목요일,경상북도 포항시 북구 두호동,경상사고,0,0,1,0,차대차 - 측면충돌,안전운전불이행,건조,맑음,교차로 - 교차로안,이륜,남,22세,경상,승용,여,63세,상해없음
2017052500100372,2017년 5월 25일 15시,목요일,경상북도 김천시 황금동,중상사고,0,1,0,0,차대사람 - 횡단중,보행자보호의무위반,건조,맑음,교차로 - 교차로횡단보도내,승용,여,50세,상해없음,보행자,여,61세,중상
2017052500100373,2017년 5월 25일 15시,목요일,경상북도 영덕군 영덕읍,경상사고,0,0,1,0,차대차 - 측면충돌,교차로운행방법위반,건조,맑음,교차로 - 교차로안,화물,남,72세,상해없음,승용,여,42세,경상
2017052500100374,2017년 5월 25일 15시,목요일,경상북도 청도군 매전면,경상사고,0,0,1,0,차대차 - 측면충돌,안전운전불이행,건조,맑음,단일로 - 기타,이륜,남,81세,경상,화물,남,65세,상해없음
2017052500100375,2017년 5월 25일 15시,목요일,경상북도 울진군 죽변면,부상신고사고,0,0,0,1,차대차 - 측면충돌,안전운전불이행,건조,맑음,단일로 - 기타,자전거,남,19세,부상신고,승용,여,48세,상해없음
2017052500100376,2017년 5월 25일 15시,목요일,경상북도 구미시 원평동,경상사고,0,0,2,0,차대차 - 추돌,안전운전불이행,건조,맑음,교차로 - 교차로부근,승용,남,54세,상해없음,승용,남,63세,경상
2017052500100415,2017년 5월 25일 16시,목요일,경상북도 영주시 하망동,경상사고,0,0,2,0,차대차 - 측면충돌,안전운전불이행,건조,맑음,단일로 - 기타,화물,남,57세,상해없음,승용,남,51세,경상
2017052500100416,2017년 5월 25일 16시,목요일,경상북도 청도군 각남면,경상사고,0,0,2,0,차대차 - 추돌,안전운전불이행,건조,맑음,단일로 - 기타,화물,남,23세,경상,승용,남,64세,경상
2017052500100461,2017년 5월 25일 17시,목요일,경상북도 포항시 북구 죽도동,중상사고,0,1,0,0,차대차 - 측면충돌,안전운전불이행,건조,맑음,단일로 - 기타,자전거,여,63세,중상,화물,여,43세,상해없음
2017052500100462,2017년 5월 25일 17시,목요일,경상북도 칠곡군 지천면,경상사고,0,0,1,0,차량단독 - 전도전복 - 전도,안전운전불이행,건조,맑음,단일로 - 기타,화물,남,61세,경상,,,,
2017052500100463,2017년 5월 25일 17시,목요일,경상북도 구미시 형곡동,부상신고사고,0,0,0,1,차대차 - 정면충돌,안전운전불이행,건조,맑음,교차로 - 교차로안,자전거,남,11세,부상신고,승용,여,42세,상해없음
2017052500100501,2017년 5월 25일 18시,목요일,경상북도 문경시 산북면,경상사고,0,0,1,0,차대차 - 기타,중앙선침범,건조,맑음,단일로 - 기타,승용,남,44세,상해없음,원동기,남,60세,경상
2017052500100502,2017년 5월 25일 18시,목요일,경상북도 경산시 중방동,중상사고,0,1,0,0,차대차 - 기타,안전운전불이행,건조,맑음,단일로 - 기타,승용,여,44세,상해없음,원동기,여,24세,중상
2017052500100614,2017년 5월 25일 22시,목요일,경상북도 경주시 동천동,중상사고,0,1,0,0,차대사람 - 횡단중,안전운전불이행,건조,맑음,교차로 - 교차로안,승용,남,66세,상해없음,보행자,남,52세,중상
2017052600100031,2017년 5월 26일 00시,금요일,경상북도 경산시 진량읍,중상사고,0,1,1,0,차대차 - 추돌,안전운전불이행,건조,맑음,단일로 - 기타,특수,남,26세,경상,화물,남,45세,중상
2017052600100082,2017년 5월 26일 05시,금요일,경상북도 경주시 양북면,경상사고,0,0,3,0,차대차 - 측면충돌,안전운전불이행,건조,맑음,단일로 - 기타,승용,남,24세,경상,화물,남,61세,경상
2017052600100120,2017년 5월 26일 07시,금요일,경상북도 김천시 아포읍,중상사고,0,1,0,0,차대사람 - 횡단중,안전운전불이행,건조,맑음,단일로 - 기타,원동기,남,33세,상해없음,보행자,여,57세,중상
2017052600100121,2017년 5월 26일 07시,금요일,경상북도 영천시 오수동,중상사고,0,1,0,0,차대차 - 기타,차로위반,건조,맑음,단일로 - 기타,승용,남,55세,상해없음,승합,남,37세,중상
2017052600100122,2017년 5월 26일 07시,금요일,경상북도 경산시 임당동,경상사고,0,0,1,0,차대차 - 정면충돌,안전운전불이행,건조,맑음,교차로 - 교차로안,승용,여,29세,상해없음,승용,남,57세,상해없음
2017052600100123,2017년 5월 26일 07시,금요일,경상북도 고령군 대가야읍,중상사고,0,1,1,0,차대차 - 추돌,안전운전불이행,건조,맑음,단일로 - 터널,화물,남,61세,중상,건설기계,남,42세,경상
2017052600100168,2017년 5월 26일 08시,금요일,경상북도 경주시 성동동,중상사고,0,1,1,0,차대차 - 추돌,신호위반,건조,맑음,단일로 - 기타,승용,남,79세,상해없음,승용,여,50세,경상
2017052600100169,2017년 5월 26일 08시,금요일,경상북도 칠곡군 왜관읍,경상사고,0,0,4,0,차대차 - 측면충돌,교차로운행방법위반,건조,맑음,교차로 - 교차로안,화물,남,24세,경상,승용,남,38세,경상
2017052600100170,2017년 5월 26일 08시,금요일,경상북도 영천시 야사동,경상사고,0,0,1,0,차대차 - 측면충돌,교차로운행방법위반,건조,맑음,교차로 - 교차로안,이륜,남,79세,경상,승용,여,44세,상해없음
2017052600100171,2017년 5월 26일 08시,금요일,경상북도 예천군 예천읍,중상사고,0,1,0,0,차대차 - 측면충돌,안전운전불이행,건조,맑음,교차로 - 교차로안,승용,남,44세,상해없음,이륜,남,71세,중상
2017052600100172,2017년 5월 26일 08시,금요일,경상북도 고령군 개진면,경상사고,0,0,1,0,차대차 - 측면충돌,안전운전불이행,건조,맑음,단일로 - 기타,건설기계,남,50세,상해없음,화물,남,75세,경상
2017052600100173,2017년 5월 26일 08시,금요일,경상북도 청송군 진보면,중상사고,0,2,1,0,차대차 - 추돌,안전거리미확보,건조,맑음,단일로 - 기타,승용,남,30세,상해없음,화물,남,65세,중상
2017052600100174,2017년 5월 26일 08시,금요일,경상북도 구미시 봉곡동,경상사고,0,0,1,0,차대사람 - 차도통행중,안전운전불이행,건조,맑음,교차로 - 교차로안,승용,여,42세,기타불명,보행자,남,8세,경상
2017052600100219,2017년 5월 26일 09시,금요일,경상북도 경산시 계양동,경상사고,0,0,1,0,차대차 - 정면충돌,차로위반,건조,맑음,단일로 - 기타,원동기,남,71세,경상,승용,여,45세,상해없음
2017052600100220,2017년 5월 26일 09시,금요일,경상북도 구미시 원평동,중상사고,0,1,0,0,차대차 - 측면충돌,직진우회전진행방해,건조,맑음,교차로 - 교차로안,승용,여,34세,상해없음,승용,여,48세,중상
2017052600100254,2017년 5월 26일 10시,금요일,경상북도 의성군 의성읍,경상사고,0,0,1,0,차대차 - 측면충돌,직진우회전진행방해,건조,맑음,교차로 - 교차로안,이륜,남,32세,경상,승합,남,56세,상해없음
2017052600100255,2017년 5월 26일 10시,금요일,경상북도 문경시 마성면,중상사고,0,1,3,0,차대차 - 측면충돌,직진우회전진행방해,건조,맑음,교차로 - 교차로안,승용,남,72세,경상,승합,남,55세,경상
2017052600100256,2017년 5월 26일 10시,금요일,경상북도 포항시 남구 연일읍,중상사고,0,1,1,0,차대차 - 측면충돌,직진우회전진행방해,건조,맑음,교차로 - 교차로안,승용,남,60세,경상,승용,여,58세,중상
2017052600100292,2017년 5월 26일 11시,금요일,경상북도 김천시 부곡동,경상사고,0,0,1,0,차대사람 - 횡단중,안전운전불이행,건조,맑음,교차로 - 교차로횡단보도내,승용,남,46세,상해없음,보행자,남,81세,경상
2017052600100326,2017년 5월 26일 12시,금요일,경상북도 의성군 봉양면,경상사고,0,0,1,0,차량단독 - 전도전복,안전운전불이행,건조,맑음,단일로 - 기타,화물,남,48세,경상,미분류,미분류,미분류,미분류
2017052600100327,2017년 5월 26일 12시,금요일,경상북도 경산시 중방동,경상사고,0,0,1,0,차대차 - 측면충돌,직진우회전진행방해,건조,맑음,교차로 - 교차로부근,승용,남,54세,상해없음,승용,남,58세,상해없음
2017052600100328,2017년 5월 26일 12시,금요일,경상북도 구미시 해평면,경상사고,0,0,3,0,차대차 - 추돌,안전거리미확보,건조,맑음,기타 - 기타,승용,남,29세,경상,승용,여,53세,경상
2017052600100329,2017년 5월 26일 12시,금요일,경상북도 구미시 인의동,경상사고,0,0,1,0,차대차 - 기타,안전운전불이행,건조,맑음,단일로 - 기타,승용,남,28세,상해없음,자전거,남,54세,경상
2017052600100355,2017년 5월 26일 13시,금요일,경상북도 봉화군 재산면,중상사고,0,1,0,0,차대사람 - 기타,안전운전불이행,건조,맑음,기타 - 기타,화물,남,53세,상해없음,보행자,여,64세,중상
2017052600100356,2017년 5월 26일 13시,금요일,경상북도 포항시 남구 구룡포읍,중상사고,0,1,1,0,차대차 - 측면충돌,안전운전불이행,건조,맑음,단일로 - 기타,이륜,남,47세,경상,화물,남,56세,상해없음
2017052600100382,2017년 5월 26일 14시,금요일,경상북도 안동시 평화동,중상사고,0,1,0,0,차대사람 - 차도통행중,안전운전불이행,건조,맑음,단일로 - 기타,승용,남,38세,상해없음,보행자,남,70세,중상
2017052600100383,2017년 5월 26일 14시,금요일,경상북도 안동시 와룡면,중상사고,0,1,1,0,차대차 - 측면충돌,교차로운행방법위반,건조,맑음,교차로 - 교차로안,승용,남,65세,상해없음,승용,남,60세,경상
2017052600100384,2017년 5월 26일 14시,금요일,경상북도 경산시 신교동,중상사고,0,3,0,0,차대차 - 측면충돌,안전운전불이행,건조,맑음,교차로 - 교차로안,화물,남,74세,상해없음,승용,여,62세,중상
2017052600100385,2017년 5월 26일 14시,금요일,경상북도 청송군 진보면,중상사고,0,1,3,0,차대차 - 추돌,안전거리미확보,건조,맑음,단일로 - 기타,이륜,남,42세,경상,농기계,남,67세,중상
2017052600100419,2017년 5월 26일 15시,금요일,경상북도 상주시 공성면,중상사고,0,1,0,0,차대차 - 측면충돌,교차로운행방법위반,건조,맑음,교차로 - 교차로안,승용,남,79세,상해없음,이륜,남,74세,중상
2017052600100420,2017년 5월 26일 15시,금요일,경상북도 구미시 옥계동,경상사고,0,0,2,0,차대사람 - 횡단중,보행자보호의무위반,건조,맑음,단일로 - 기타,승용,남,47세,상해없음,보행자,여,7세,경상
2017052600100456,2017년 5월 26일 16시,금요일,경상북도 경주시 성건동,중상사고,0,1,0,0,차대사람 - 횡단중,보행자보호의무위반,건조,맑음,교차로 - 교차로부근,승용,남,66세,상해없음,보행자,여,58세,중상
2017052600100457,2017년 5월 26일 16시,금요일,경상북도 안동시 정하동,경상사고,0,0,1,0,차대차 - 측면충돌,직진우회전진행방해,건조,맑음,교차로 - 교차로안,화물,남,46세,상해없음,승용,남,67세,경상
2017052600100458,2017년 5월 26일 16시,금요일,경상북도 포항시 남구 대도동,중상사고,0,1,2,0,차대차 - 추돌,안전운전불이행,건조,맑음,단일로 - 기타,승용,남,23세,상해없음,승용,남,28세,경상
2017052600100494,2017년 5월 26일 17시,금요일,경상북도 상주시 개운동,중상사고,0,1,0,0,차대차 - 측면충돌,안전운전불이행,건조,맑음,교차로 - 교차로횡단보도내,승용,여,35세,상해없음,자전거,여,71세,중상
2017052600100495,2017년 5월 26일 17시,금요일,경상북도 경산시 정평동,중상사고,0,1,0,0,차대사람 - 길가장자리구역통행중,안전운전불이행,건조,맑음,단일로 - 기타,승용,남,56세,상해없음,보행자,여,65세,중상
2017052600100496,2017년 5월 26일 17시,금요일,경상북도 구미시 구평동,중상사고,0,1,0,0,차량단독 - 공작물충돌,안전운전불이행,건조,맑음,단일로 - 기타,승용,남,47세,중상,,,,
2017052600100551,2017년 5월 26일 18시,금요일,경상북도 구미시 진평동,경상사고,0,0,1,0,차대차 - 정면충돌,중앙선침범,건조,맑음,단일로 - 기타,승용,남,36세,상해없음,승용,남,55세,경상
2017052600100637,2017년 5월 26일 20시,금요일,경상북도 포항시 북구 죽도동,경상사고,0,0,2,0,차대차 - 측면충돌,안전운전불이행,건조,맑음,단일로 - 기타,승용,여,51세,경상,이륜,남,17세,경상
2017052600100638,2017년 5월 26일 20시,금요일,경상북도 칠곡군 북삼읍,부상신고사고,0,0,0,1,차대차 - 측면충돌,안전운전불이행,건조,맑음,단일로 - 기타,승합,남,62세,부상신고,승용,여,47세,기타불명