사고번호,사고일시,요일,시군구,사고내용,사망자수,중상자수,경상자수,부상신고자수,사고유형,법규위반,노면상태,기상상태,도로형태,가해운전자 차종,가해운전자 성별,가해운전자 연령,가해운전자 상해정도,피해운전자 차종,피해운전자 성별,피해운전자 연령,피해운전자 상해정도
2017052600100639,2017년 5월 26일 20시,금요일,경상북도 칠곡군 기산면,사망사고,1,0,0,0,차대차 - 측면충돌,안전운전불이행,건조,맑음,단일로 - 기타,승용,여,60세,상해없음,자전거,남,52세,사망
2017052600100675,2017년 5월 26일 21시,금요일,경상북도 포항시 남구 상도동,중상사고,0,1,1,1,차대사람 - 횡단중,안전운전불이행,건조,맑음,단일로 - 기타,화물,남,35세,경상,보행자,남,64세,중상
2017052600100676,2017년 5월 26일 21시,금요일,경상북도 포항시 남구 해도동,중상사고,0,1,0,0,차대차 - 측면충돌,교차로운행방법위반,건조,맑음,교차로 - 교차로안,승용,남,48세,상해없음,승용,남,59세,상해없음
2017052600100705,2017년 5월 26일 22시,금요일,경상북도 안동시 금곡동,중상사고,0,1,0,0,차대사람 - 횡단중,보행자보호의무위반,건조,맑음,단일로 - 기타,승용,남,26세,상해없음,보행자,여,61세,중상
2017052600100706,2017년 5월 26일 22시,금요일,경상북도 포항시 남구 대잠동,부상신고사고,0,0,0,1,차대차 - 측면충돌,안전운전불이행,건조,맑음,교차로 - 교차로안,이륜,남,24세,부상신고,승용,남,46세,상해없음
2017052600100735,2017년 5월 26일 23시,금요일,경상북도 경주시 성건동,중상사고,0,1,0,0,차대차 - 측면충돌,안전운전불이행,건조,맑음,교차로 - 교차로안,승용,남,63세,상해없음,이륜,남,28세,중상
2017052600100736,2017년 5월 26일 23시,금요일,경상북도 경주시 황성동,경상사고,0,0,1,0,차대차 - 추돌,안전운전불이행,건조,맑음,단일로 - 기타,승용,여,38세,상해없음,이륜,남,30세,경상
2017052600100737,2017년 5월 26일 23시,금요일,경상북도 구미시 도개면,사망사고,1,0,0,0,차대차 - 정면충돌,안전운전불이행,건조,맑음,단일로 - 기타,이륜,남,26세,사망,승용,남,54세,상해없음
2017052700100039,2017년 5월 27일 00시,토요일,경상북도 포항시 남구 대잠동,경상사고,0,0,1,0,차대사람 - 횡단중,안전운전불이행,건조,맑음,교차로 - 교차로안,승용,남,46세,상해없음,보행자,남,23세,경상
2017052700100060,2017년 5월 27일 01시,토요일,경상북도 칠곡군 북삼읍,부상신고사고,0,0,0,1,차대사람 - 기타,안전운전불이행,건조,맑음,단일로 - 기타,승용,남,33세,상해없음,보행자,남,28세,부상신고
2017052700100061,2017년 5월 27일 01시,토요일,경상북도 문경시 흥덕동,경상사고,0,0,1,0,차대차 - 정면충돌,중앙선침범,건조,맑음,단일로 - 기타,승용,여,22세,상해없음,화물,남,56세,경상
2017052700100124,2017년 5월 27일 06시,토요일,경상북도 청도군 청도읍,중상사고,0,2,0,0,차대차 - 추돌,안전운전불이행,건조,맑음,단일로 - 기타,화물,남,40세,상해없음,농기계,남,69세,중상
2017052700100143,2017년 5월 27일 07시,토요일,경상북도 칠곡군 석적읍,부상신고사고,0,0,0,1,차대차 - 측면충돌,안전운전불이행,건조,맑음,단일로 - 기타,화물,남,35세,상해없음,화물,남,36세,상해없음
2017052700100144,2017년 5월 27일 07시,토요일,경상북도 경산시 백천동,중상사고,0,1,0,0,차대사람 - 길가장자리구역통행중,안전운전불이행,건조,맑음,교차로 - 교차로부근,화물,남,51세,상해없음,보행자,남,63세,중상
2017052700100162,2017년 5월 27일 08시,토요일,경상북도 경주시 구정동,중상사고,0,1,0,0,차대차 - 측면충돌,안전운전불이행,건조,맑음,교차로 - 교차로안,원동기,남,76세,중상,화물,남,68세,상해없음
2017052700100194,2017년 5월 27일 09시,토요일,경상북도 칠곡군 북삼읍,경상사고,0,0,1,0,차대차 - 정면충돌,안전운전불이행,건조,맑음,주차장 - 주차장,승용,남,57세,상해없음,승용,여,46세,경상
2017052700100195,2017년 5월 27일 09시,토요일,경상북도 구미시 선산읍,중상사고,0,1,0,0,차대차 - 측면충돌,안전운전불이행,건조,맑음,교차로 - 교차로부근,화물,남,74세,상해없음,이륜,남,81세,중상
2017052700100196,2017년 5월 27일 09시,토요일,경상북도 포항시 남구 지곡동,중상사고,0,1,4,0,차대차 - 기타,안전운전불이행,건조,맑음,단일로 - 기타,화물,남,32세,경상,승용,남,36세,경상
2017052700100197,2017년 5월 27일 09시,토요일,경상북도 포항시 남구 장흥동,경상사고,0,0,1,0,차대차 - 기타,안전운전불이행,건조,맑음,단일로 - 기타,승용,여,35세,경상,화물,남,52세,상해없음
2017052700100228,2017년 5월 27일 10시,토요일,경상북도 경주시 배반동,중상사고,0,1,0,0,차대차 - 정면충돌,중앙선침범,건조,맑음,단일로 - 기타,승용,남,77세,상해없음,승용,여,50세,중상
2017052700100229,2017년 5월 27일 10시,토요일,경상북도 경주시 감포읍,경상사고,0,0,1,0,차대차 - 측면충돌,중앙선침범,건조,맑음,단일로 - 기타,화물,남,66세,상해없음,승용,남,37세,경상
2017052700100230,2017년 5월 27일 10시,토요일,경상북도 안동시 옥동,경상사고,0,0,2,0,차대차 - 측면충돌,안전운전불이행,건조,맑음,교차로 - 교차로부근,승용,여,44세,상해없음,승용,남,69세,경상
2017052700100231,2017년 5월 27일 10시,토요일,경상북도 안동시 운흥동,경상사고,0,0,1,0,차대차 - 측면충돌,교차로운행방법위반,건조,맑음,교차로 - 교차로안,승용,여,34세,상해없음,이륜,남,52세,경상
2017052700100232,2017년 5월 27일 10시,토요일,경상북도 구미시 장천면,경상사고,0,0,1,0,차대차 - 기타,안전운전불이행,건조,맑음,단일로 - 기타,승용,여,59세,상해없음,이륜,남,74세,경상
2017052700100233,2017년 5월 27일 10시,토요일,경상북도 구미시 형곡동,경상사고,0,0,1,0,차대사람 - 횡단중,안전운전불이행,건조,맑음,단일로 - 기타,승용,남,58세,상해없음,보행자,여,28세,경상
2017052700100266,2017년 5월 27일 11시,토요일,경상북도 경주시 외동읍,중상사고,0,1,0,0,차량단독 - 전도전복,안전운전불이행,건조,맑음,단일로 - 기타,이륜,남,52세,중상,미분류,미분류,미분류,미분류
2017052700100267,2017년 5월 27일 11시,토요일,경상북도 포항시 북구 용흥동,경상사고,0,0,2,0,차대차 - 정면충돌,신호위반,건조,맑음,교차로 - 교차로안,승용,여,52세,상해없음,승용,남,29세,경상
2017052700100268,2017년 5월 27일 11시,토요일,경상북도 구미시 도개면,부상신고사고,0,0,0,1,차량단독 - 전도전복,안전운전불이행,건조,맑음,단일로 - 기타,승용,여,64세,부상신고,미분류,미분류,미분류,미분류
2017052700100297,2017년 5월 27일 12시,토요일,경상북도 안동시 신안동,경상사고,0,0,1,0,차대차 - 측면충돌,안전운전불이행,건조,맑음,단일로 - 기타,화물,남,72세,상해없음,이륜,남,77세,경상
2017052700100298,2017년 5월 27일 12시,토요일,경상북도 구미시 선산읍,중상사고,0,1,0,0,차대차 - 기타,안전운전불이행,건조,맑음,단일로 - 기타,화물,남,49세,상해없음,승용,남,53세,중상
2017052700100299,2017년 5월 27일 12시,토요일,경상북도 포항시 남구 구룡포읍,경상사고,0,0,1,0,차대사람 - 차도통행중,안전운전불이행,건조,맑음,단일로 - 기타,승용,남,50세,상해없음,보행자,남,56세,경상
2017052700100300,2017년 5월 27일 12시,토요일,경상북도 포항시 남구 대도동,중상사고,0,1,3,0,차대차 - 추돌,안전운전불이행,건조,맑음,교차로 - 교차로부근,승용,남,49세,상해없음,승용,남,38세,경상
2017052700100343,2017년 5월 27일 13시,토요일,경상북도 김천시 감호동,경상사고,0,0,1,0,차대차 - 측면충돌,안전거리미확보,건조,맑음,단일로 - 기타,특수,남,48세,상해없음,승용,남,51세,경상
2017052700100344,2017년 5월 27일 13시,토요일,경상북도 구미시 상모동,경상사고,0,0,3,0,차대차 - 측면충돌,신호위반,건조,맑음,교차로 - 교차로안,화물,남,46세,상해없음,승용,여,36세,경상
2017052700100386,2017년 5월 27일 14시,토요일,경상북도 경주시 안강읍,중상사고,0,1,0,0,차대차 - 측면충돌,안전운전불이행,건조,맑음,교차로 - 교차로안,승용,여,46세,상해없음,자전거,남,50세,중상
2017052700100387,2017년 5월 27일 14시,토요일,경상북도 구미시 진평동,경상사고,0,0,1,0,차대차 - 측면충돌,안전운전불이행,건조,맑음,단일로 - 기타,승용,남,26세,상해없음,자전거,남,11세,경상
2017052700100421,2017년 5월 27일 15시,토요일,경상북도 경주시 배반동,경상사고,0,0,1,0,차대차 - 기타,안전운전불이행,건조,맑음,단일로 - 기타,승용,남,45세,상해없음,승용,남,29세,경상
2017052700100422,2017년 5월 27일 15시,토요일,경상북도 성주군 수륜면,경상사고,0,0,1,0,차대차 - 측면충돌,안전운전불이행,건조,맑음,단일로 - 기타,승용,남,50세,상해없음,이륜,여,63세,경상
2017052700100423,2017년 5월 27일 15시,토요일,경상북도 성주군 초전면,중상사고,0,1,0,0,차대차 - 추돌,중앙선침범,건조,맑음,기타 - 기타,승용,남,25세,상해없음,승용,남,40세,상해없음
2017052700100476,2017년 5월 27일 16시,토요일,경상북도 구미시 원평동,경상사고,0,0,1,0,차대차 - 정면충돌,안전운전불이행,건조,맑음,교차로 - 교차로안,화물,남,66세,상해없음,승용,여,27세,상해없음
2017052700100519,2017년 5월 27일 17시,토요일,경상북도 안동시 옥동,경상사고,0,0,3,0,차대차 - 추돌,안전거리미확보,건조,맑음,교차로 - 교차로부근,승용,여,34세,상해없음,승용,남,26세,경상
2017052700100520,2017년 5월 27일 17시,토요일,경상북도 칠곡군 약목면,경상사고,0,0,2,2,차대차 - 기타,안전운전불이행,건조,맑음,단일로 - 기타,승용,여,53세,상해없음,화물,남,52세,경상
2017052700100521,2017년 5월 27일 17시,토요일,경상북도 성주군 성주읍,경상사고,0,0,1,0,차대사람 - 기타,안전운전불이행,건조,맑음,기타 - 기타,이륜,여,58세,상해없음,보행자,여,16세,경상
2017052700100522,2017년 5월 27일 17시,토요일,경상북도 성주군 성주읍,경상사고,0,0,1,0,차대차 - 측면충돌,안전운전불이행,건조,맑음,교차로 - 교차로안,건설기계,남,42세,상해없음,승용,남,42세,경상
2017052700100523,2017년 5월 27일 17시,토요일,경상북도 군위군 부계면,중상사고,0,1,0,0,차대차 - 기타,중앙선침범,건조,맑음,단일로 - 기타,승합,남,54세,상해없음,이륜,남,79세,중상
2017052700100563,2017년 5월 27일 18시,토요일,경상북도 구미시 황상동,경상사고,0,0,1,0,차대사람 - 차도통행중,안전운전불이행,건조,맑음,단일로 - 기타,승용,남,40세,상해없음,보행자,여,61세,경상
2017052700100594,2017년 5월 27일 19시,토요일,경상북도 구미시 고아읍,부상신고사고,0,0,0,1,차대차 - 추돌,기타,건조,맑음,단일로 - 기타,이륜,남,63세,부상신고,농기계,남,60세,기타불명
2017052700100645,2017년 5월 27일 21시,토요일,경상북도 경주시 동방동,경상사고,0,0,2,0,차대차 - 추돌,안전운전불이행,건조,맑음,단일로 - 기타,화물,남,46세,상해없음,승용,남,56세,경상
2017052700100646,2017년 5월 27일 21시,토요일,경상북도 경주시 배반동,경상사고,0,0,4,0,차대차 - 측면충돌,중앙선침범,건조,맑음,단일로 - 기타,기타불명,기타불명,미분류,기타불명,승용,남,50세,경상
2017052700100647,2017년 5월 27일 21시,토요일,경상북도 문경시 점촌동,경상사고,0,0,2,0,차대차 - 정면충돌,직진우회전진행방해,건조,맑음,교차로 - 교차로안,승용,남,26세,상해없음,화물,여,42세,경상
2017052700100648,2017년 5월 27일 21시,토요일,경상북도 포항시 남구 해도동,경상사고,0,0,1,0,차대차 - 기타,안전운전불이행,건조,맑음,교차로 - 교차로부근,승용,남,62세,상해없음,승용,여,50세,경상
2017052700100665,2017년 5월 27일 22시,토요일,경상북도 경산시 조영동,경상사고,0,0,2,0,차대차 - 측면충돌,안전운전불이행,건조,맑음,교차로 - 교차로부근,승용,여,32세,상해없음,승용,여,50세,경상
2017052700100666,2017년 5월 27일 22시,토요일,경상북도 구미시 산동면,사망사고,1,0,0,0,차대사람 - 횡단중,보행자보호의무위반,건조,맑음,교차로 - 교차로안,승용,남,25세,상해없음,보행자,남,30세,사망
2017052700100698,2017년 5월 27일 23시,토요일,경상북도 영천시 문외동,경상사고,0,0,1,0,차대차 - 측면충돌,교차로운행방법위반,건조,맑음,교차로 - 교차로안,원동기,남,21세,경상,승용,남,45세,상해없음
2017052800100029,2017년 5월 28일 00시,일요일,경상북도 포항시 북구 죽도동,경상사고,0,0,2,0,차대차 - 측면충돌,신호위반,건조,맑음,교차로 - 교차로안,승용,남,41세,상해없음,승용,남,57세,경상
2017052800100030,2017년 5월 28일 00시,일요일,경상북도 안동시 풍산읍,중상사고,0,1,3,0,차대차 - 측면충돌,안전운전불이행,건조,맑음,단일로 - 기타,승용,남,20세,경상,승용,여,57세,상해없음
2017052800100074,2017년 5월 28일 04시,일요일,경상북도 안동시 용상동,중상사고,0,1,0,0,차대차 - 측면충돌,불법유턴,건조,맑음,단일로 - 기타,승용,남,50세,상해없음,화물,남,72세,중상
2017052800100089,2017년 5월 28일 05시,일요일,경상북도 포항시 북구 동빈1가,중상사고,0,1,0,0,차대차 - 측면충돌,신호위반,건조,맑음,교차로 - 교차로안,승합,남,63세,상해없음,승용,남,62세,중상
2017052800100110,2017년 5월 28일 07시,일요일,경상북도 영천시 봉동,경상사고,0,0,1,1,차대차 - 측면충돌,신호위반,건조,맑음,교차로 - 교차로안,승용,남,54세,부상신고,승용,남,39세,경상
2017052800100111,2017년 5월 28일 07시,일요일,경상북도 예천군 보문면,사망사고,1,1,0,0,차량단독 - 전도전복 - 전도,안전운전불이행,건조,맑음,단일로 - 기타,농기계,남,77세,중상,,,,
2017052800100163,2017년 5월 28일 10시,일요일,경상북도 상주시 무양동,경상사고,0,0,2,0,차대차 - 정면충돌,신호위반,건조,맑음,교차로 - 교차로안,승용,남,56세,경상,화물,남,24세,경상
2017052800100190,2017년 5월 28일 11시,일요일,경상북도 경주시 충효동,경상사고,0,0,1,0,차대차 - 측면충돌,안전운전불이행,건조,맑음,단일로 - 기타,화물,남,67세,상해없음,승용,여,57세,경상
2017052800100191,2017년 5월 28일 11시,일요일,경상북도 성주군 초전면,경상사고,0,0,2,0,차대차 - 측면충돌,안전운전불이행,건조,맑음,교차로 - 교차로안,승용,남,75세,상해없음,승용,남,45세,경상
2017052800100192,2017년 5월 28일 11시,일요일,경상북도 포항시 남구 대잠동,경상사고,0,0,5,0,차대차 - 추돌,안전거리미확보,건조,맑음,교차로 - 교차로부근,화물,남,32세,상해없음,승용,남,57세,상해없음
2017052800100275,2017년 5월 28일 14시,일요일,경상북도 포항시 북구 용흥동,경상사고,0,0,1,0,차대차 - 추돌,안전운전불이행,건조,맑음,교차로 - 교차로부근,승용,남,71세,상해없음,승용,남,60세,상해없음
2017052800100299,2017년 5월 28일 15시,일요일,경상북도 김천시 감천면,경상사고,0,0,1,0,차대차 - 기타,교차로운행방법위반,건조,맑음,교차로 - 교차로부근,화물,남,62세,상해없음,승용,남,49세,경상
2017052800100328,2017년 5월 28일 16시,일요일,경상북도 김천시 용두동,중상사고,0,1,0,0,차대차 - 추돌,안전운전불이행,건조,맑음,교차로 - 교차로부근,화물,남,69세,상해없음,이륜,여,57세,중상
2017052800100329,2017년 5월 28일 16시,일요일,경상북도 경산시 와촌면,중상사고,0,1,0,0,차대차 - 측면충돌,안전운전불이행,건조,맑음,교차로 - 교차로안,화물,남,62세,상해없음,이륜,남,61세,중상
2017052800100330,2017년 5월 28일 16시,일요일,경상북도 포항시 남구 이동,경상사고,0,0,1,0,차대사람 - 보도통행중,기타,건조,맑음,단일로 - 기타,승용,남,49세,상해없음,보행자,여,28세,경상
2017052800100400,2017년 5월 28일 18시,일요일,경상북도 포항시 북구 송라면,경상사고,0,0,1,0,차대차 - 정면충돌,안전운전불이행,건조,맑음,단일로 - 기타,승용,남,67세,상해없음,승용,남,57세,경상
2017052800100401,2017년 5월 28일 18시,일요일,경상북도 포항시 북구 항구동,경상사고,0,0,2,0,차대차 - 측면충돌,안전운전불이행,건조,맑음,단일로 - 기타,승용,남,24세,상해없음,승용,남,31세,경상
2017052800100425,2017년 5월 28일 19시,일요일,경상북도 칠곡군 왜관읍,중상사고,0,1,2,0,차대차 - 기타,안전운전불이행,건조,맑음,교차로 - 교차로안,승용,여,27세,경상,승용,남,37세,경상
2017052800100481,2017년 5월 28일 21시,일요일,경상북도 영덕군 지품면,중상사고,0,1,0,0,차대사람 - 길가장자리구역통행중,안전운전불이행,건조,맑음,단일로 - 기타,승용,남,57세,상해없음,보행자,남,61세,중상
2017052800100482,2017년 5월 28일 21시,일요일,경상북도 군위군 효령면,사망사고,1,1,0,0,차대차 - 정면충돌,신호위반,건조,맑음,교차로 - 교차로안,승용,여,55세,사망,승합,남,42세,중상
2017052800100483,2017년 5월 28일 21시,일요일,경상북도 구미시 오태동,중상사고,0,1,0,0,차대차 - 정면충돌,안전운전불이행,건조,맑음,교차로 - 교차로부근,승용,남,36세,상해없음,이륜,남,26세,중상
2017052800100507,2017년 5월 28일 22시,일요일,경상북도 포항시 남구 송도동,경상사고,0,0,3,0,차대차 - 기타,안전운전불이행,건조,맑음,교차로 - 교차로안,승용,남,48세,경상,승용,남,27세,경상
2017052800100508,2017년 5월 28일 22시,일요일,경상북도 포항시 남구 오천읍,경상사고,0,0,1,0,차대차 - 측면충돌,안전운전불이행,건조,맑음,단일로 - 기타,화물,남,51세,상해없음,이륜,남,18세,경상
2017052900100030,2017년 5월 29일 00시,월요일,경상북도 경주시 천북면,중상사고,0,1,0,0,차대차 - 추돌,안전운전불이행,건조,맑음,단일로 - 기타,화물,남,45세,상해없음,승용,남,54세,중상
2017052900100066,2017년 5월 29일 05시,월요일,경상북도 경주시 시래동,중상사고,0,1,0,0,차대차 - 추돌,안전거리미확보,건조,맑음,단일로 - 기타,화물,남,48세,상해없음,화물,남,32세,중상
2017052900100067,2017년 5월 29일 05시,월요일,경상북도 포항시 남구 대잠동,중상사고,0,2,0,0,차량단독 - 전도전복,안전운전불이행,건조,맑음,단일로 - 고가도로위,이륜,남,17세,중상,미분류,미분류,미분류,미분류
2017052900100077,2017년 5월 29일 06시,월요일,경상북도 안동시 용상동,경상사고,0,0,1,0,차량단독 - 기타,안전운전불이행,건조,맑음,단일로 - 기타,승합,남,52세,상해없음,,,,
2017052900100078,2017년 5월 29일 06시,월요일,경상북도 구미시 선산읍,중상사고,0,1,0,0,차대차 - 기타,안전운전불이행,건조,맑음,교차로 - 교차로부근,화물,남,80세,상해없음,자전거,여,73세,중상
2017052900100135,2017년 5월 29일 08시,월요일,경상북도 경주시 노서동,중상사고,0,1,0,0,차대차 - 측면충돌,안전운전불이행,건조,맑음,단일로 - 기타,건설기계,남,46세,상해없음,승용,여,27세,중상
2017052900100136,2017년 5월 29일 08시,월요일,경상북도 포항시 북구 장성동,경상사고,0,0,1,0,차대차 - 기타,직진우회전진행방해,건조,맑음,교차로 - 교차로부근,승용,여,35세,상해없음,승용,남,60세,경상
2017052900100137,2017년 5월 29일 08시,월요일,경상북도 포항시 북구 장성동,경상사고,0,0,2,0,차대차 - 측면충돌,안전거리미확보,건조,맑음,단일로 - 기타,승용,여,32세,상해없음,승용,여,47세,경상
2017052900100138,2017년 5월 29일 08시,월요일,경상북도 칠곡군 북삼읍,경상사고,0,0,2,0,차대차 - 측면충돌,기타,건조,맑음,교차로 - 교차로안,승용,여,49세,경상,승용,남,44세,경상
2017052900100139,2017년 5월 29일 08시,월요일,경상북도 영천시 망정동,경상사고,0,0,1,0,차대차 - 측면충돌,안전운전불이행,건조,맑음,단일로 - 기타,승용,남,53세,상해없음,원동기,남,58세,경상
2017052900100140,2017년 5월 29일 08시,월요일,경상북도 문경시 산북면,경상사고,0,0,1,0,차량단독 - 전도전복,안전운전불이행,건조,맑음,단일로 - 기타,승용,여,59세,경상,미분류,미분류,미분류,미분류
2017052900100141,2017년 5월 29일 08시,월요일,경상북도 경산시 하양읍,중상사고,0,1,0,0,차대사람 - 차도통행중,안전운전불이행,건조,맑음,교차로 - 교차로부근,승용,여,61세,상해없음,보행자,여,22세,중상
2017052900100174,2017년 5월 29일 09시,월요일,경상북도 포항시 북구 창포동,중상사고,0,1,0,0,차대차 - 측면충돌,안전운전불이행,건조,맑음,교차로 - 교차로안,승용,여,48세,상해없음,승용,남,66세,중상
2017052900100175,2017년 5월 29일 09시,월요일,경상북도 구미시 원평동,중상사고,0,1,0,0,차대사람 - 횡단중,안전운전불이행,건조,맑음,단일로 - 기타,승용,여,47세,상해없음,보행자,여,66세,중상
2017052900100205,2017년 5월 29일 10시,월요일,경상북도 경주시 구정동,경상사고,0,0,2,0,차대차 - 측면충돌,안전운전불이행,건조,맑음,교차로 - 교차로부근,화물,남,43세,상해없음,승용,남,58세,상해없음
2017052900100206,2017년 5월 29일 10시,월요일,경상북도 포항시 남구 오천읍,경상사고,0,0,1,0,차대차 - 기타,안전운전불이행,건조,맑음,단일로 - 기타,건설기계,남,55세,상해없음,승용,남,39세,상해없음
2017052900100239,2017년 5월 29일 11시,월요일,경상북도 경주시 내남면,중상사고,0,1,0,0,차대차 - 측면충돌,안전운전불이행,건조,맑음,교차로 - 교차로안,승용,여,31세,상해없음,원동기,남,55세,중상
2017052900100240,2017년 5월 29일 11시,월요일,경상북도 의성군 의성읍,경상사고,0,0,1,0,차대차 - 정면충돌,안전운전불이행,건조,맑음,기타 - 기타,이륜,남,87세,경상,승용,남,36세,기타불명
2017052900100241,2017년 5월 29일 11시,월요일,경상북도 영천시 완산동,중상사고,0,1,0,0,차대차 - 측면충돌,교차로운행방법위반,건조,맑음,교차로 - 교차로안,승용,여,39세,상해없음,원동기,남,84세,중상
2017052900100270,2017년 5월 29일 12시,월요일,경상북도 포항시 북구 기계면,중상사고,0,2,0,0,차대차 - 측면충돌,직진우회전진행방해,건조,맑음,교차로 - 교차로안,원동기,여,61세,중상,승용,여,58세,중상
2017052900100271,2017년 5월 29일 12시,월요일,경상북도 문경시 점촌동,경상사고,0,0,2,0,차대차 - 측면충돌,안전거리미확보,건조,맑음,단일로 - 기타,승용,남,34세,경상,승용,남,46세,경상
2017052900100300,2017년 5월 29일 13시,월요일,경상북도 칠곡군 석적읍,경상사고,0,0,2,0,차대차 - 정면충돌,신호위반,건조,맑음,교차로 - 교차로안,승용,여,33세,상해없음,승용,여,35세,경상
2017052900100301,2017년 5월 29일 13시,월요일,경상북도 포항시 남구 연일읍,경상사고,0,0,1,0,차대차 - 기타,안전운전불이행,건조,맑음,단일로 - 기타,화물,남,42세,상해없음,화물,남,25세,경상
2017052900100330,2017년 5월 29일 14시,월요일,경상북도 영주시 휴천동,중상사고,0,1,0,0,차대사람 - 횡단중,보행자보호의무위반,건조,맑음,단일로 - 기타,화물,남,48세,상해없음,보행자,여,71세,중상
2017052900100331,2017년 5월 29일 14시,월요일,경상북도 성주군 가천면,중상사고,0,1,0,0,차량단독 - 전도전복 - 전도,안전운전불이행,건조,맑음,미분류 - 미분류,화물,남,57세,중상,,,,
2017052900100365,2017년 5월 29일 15시,월요일,경상북도 경주시 성동동,중상사고,0,1,0,0,차대차 - 측면충돌,안전운전불이행,건조,맑음,단일로 - 기타,승용,여,42세,중상,승용,여,67세,상해없음
2017052900100366,2017년 5월 29일 15시,월요일,경상북도 의성군 의성읍,경상사고,0,0,1,0,차대차 - 후진중충돌,안전운전불이행,건조,맑음,단일로 - 기타,승합,남,41세,상해없음,화물,남,45세,경상
2017052900100367,2017년 5월 29일 15시,월요일,경상북도 구미시 봉곡동,부상신고사고,0,0,0,1,차대차 - 기타,안전운전불이행,건조,맑음,단일로 - 기타,기타불명,기타불명,미분류,기타불명,자전거,여,9세,부상신고
2017052900100404,2017년 5월 29일 16시,월요일,경상북도 경주시 감포읍,중상사고,0,1,1,0,차대차 - 추돌,안전운전불이행,건조,맑음,단일로 - 기타,승용,여,61세,중상,승용,남,41세,경상
2017052900100405,2017년 5월 29일 16시,월요일,경상북도 청송군 청송읍,경상사고,0,0,1,0,차대차 - 측면충돌,교차로운행방법위반,건조,맑음,교차로 - 교차로안,승용,남,51세,상해없음,사륜오토바이(ATV),여,52세,경상
2017052900100406,2017년 5월 29일 16시,월요일,경상북도 포항시 남구 연일읍,경상사고,0,0,1,0,차대차 - 기타,안전운전불이행,건조,맑음,단일로 - 기타,승용,여,49세,상해없음,승용,여,53세,경상
2017052900100407,2017년 5월 29일 16시,월요일,경상북도 포항시 남구 오천읍,중상사고,0,1,1,0,차대차 - 기타,안전거리미확보,건조,맑음,교차로 - 교차로안,승용,남,46세,상해없음,승합,남,40세,상해없음
2017052900100445,2017년 5월 29일 17시,월요일,경상북도 상주시 외서면,사망사고,1,0,0,0,차대사람 - 차도통행중,안전운전불이행,건조,맑음,교차로 - 교차로안,화물,남,72세,상해없음,보행자,여,73세,사망
2017052900100474,2017년 5월 29일 18시,월요일,경상북도 상주시 냉림동,경상사고,0,0,1,0,차대사람 - 길가장자리구역통행중,안전운전불이행,건조,맑음,교차로 - 교차로안,승용,남,66세,상해없음,보행자,여,90세 이상,경상
2017052900100475,2017년 5월 29일 18시,월요일,경상북도 영천시 망정동,부상신고사고,0,0,0,1,차대차 - 측면충돌,안전운전불이행,건조,맑음,교차로 - 교차로안,자전거,여,8세,부상신고,승합,남,29세,상해없음
2017052900100476,2017년 5월 29일 18시,월요일,경상북도 구미시 봉곡동,중상사고,0,1,0,0,차대차 - 측면충돌,안전운전불이행,건조,맑음,단일로 - 기타,승용,여,29세,상해없음,자전거,남,16세,중상
2017052900100507,2017년 5월 29일 19시,월요일,경상북도 울진군 울진읍,중상사고,0,1,0,0,차대차 - 측면충돌,안전운전불이행,건조,맑음,교차로 - 교차로안,화물,남,53세,상해없음,승용,남,21세,중상
2017052900100528,2017년 5월 29일 20시,월요일,경상북도 포항시 남구 오천읍,경상사고,0,0,1,0,차대사람 - 차도통행중,안전운전불이행,건조,맑음,단일로 - 기타,화물,남,24세,상해없음,보행자,여,76세,경상
2017052900100560,2017년 5월 29일 21시,월요일,경상북도 안동시 풍산읍,경상사고,0,0,1,0,차량단독 - 전도전복,안전운전불이행,건조,맑음,단일로 - 기타,이륜,남,67세,경상,미분류,미분류,미분류,미분류
2017052900100561,2017년 5월 29일 21시,월요일,경상북도 울진군 후포면,중상사고,0,2,0,0,차대차 - 측면충돌,중앙선침범,건조,맑음,단일로 - 기타,이륜,남,61세,중상,자전거,남,56세,중상
2017052900100592,2017년 5월 29일 22시,월요일,경상북도 포항시 북구 신흥동,경상사고,0,0,1,0,차대차 - 측면충돌,교차로운행방법위반,건조,맑음,교차로 - 교차로안,승용,여,51세,상해없음,승용,남,34세,경상
2017052900100593,2017년 5월 29일 22시,월요일,경상북도 안동시 일직면,부상신고사고,0,0,0,1,차량단독 - 전도전복,안전운전불이행,건조,맑음,교차로 - 교차로안,화물,남,63세,부상신고,미분류,미분류,미분류,미분류
2017052900100594,2017년 5월 29일 22시,월요일,경상북도 영주시 풍기읍,경상사고,0,0,1,0,차대사람 - 횡단중,안전운전불이행,건조,맑음,단일로 - 기타,승합,남,34세,기타불명,보행자,여,21세,경상
2017052900100595,2017년 5월 29일 22시,월요일,경상북도 구미시 송정동,경상사고,0,0,1,0,차대차 - 기타,안전운전불이행,건조,맑음,교차로 - 교차로안,승용,여,41세,상해없음,승용,남,43세,경상
2017053000100030,2017년 5월 30일 00시,화요일,경상북도 문경시 산양면,경상사고,0,0,1,0,차량단독 - 공작물충돌,안전운전불이행,건조,맑음,단일로 - 기타,승용,남,27세,경상,,,,
2017053000100031,2017년 5월 30일 00시,화요일,경상북도 구미시 공단동,경상사고,0,0,1,0,차대사람 - 횡단중,안전운전불이행,건조,맑음,교차로 - 교차로부근,승용,남,61세,상해없음,보행자,남,20세,경상