사고번호,사고일시,요일,시군구,사고내용,사망자수,중상자수,경상자수,부상신고자수,사고유형,법규위반,노면상태,기상상태,도로형태,가해운전자 차종,가해운전자 성별,가해운전자 연령,가해운전자 상해정도,피해운전자 차종,피해운전자 성별,피해운전자 연령,피해운전자 상해정도
2017053000100045,2017년 5월 30일 02시,화요일,경상북도 구미시 도량동,중상사고,0,1,0,0,차대차 - 측면충돌,안전거리미확보,건조,맑음,단일로 - 기타,화물,남,57세,상해없음,승용,여,56세,중상
2017053000100046,2017년 5월 30일 02시,화요일,경상북도 구미시 구포동,중상사고,0,1,1,0,차량단독 - 전도전복,안전운전불이행,건조,맑음,단일로 - 기타,승용,남,18세,상해없음,미분류,미분류,미분류,미분류
2017053000100055,2017년 5월 30일 04시,화요일,경상북도 경산시 진량읍,중상사고,0,1,0,0,차대차 - 기타,안전운전불이행,건조,맑음,단일로 - 기타,특수,남,45세,상해없음,화물,남,39세,중상
2017053000100065,2017년 5월 30일 05시,화요일,경상북도 청도군 각북면,사망사고,1,0,1,0,차량단독 - 전도전복 - 전도,안전운전불이행,건조,맑음,단일로 - 기타,승용,남,71세,경상,,,,
2017053000100076,2017년 5월 30일 06시,화요일,경상북도 경주시 양남면,중상사고,0,1,0,0,차대사람 - 길가장자리구역통행중,안전운전불이행,건조,맑음,단일로 - 기타,화물,남,64세,상해없음,보행자,남,57세,중상
2017053000100104,2017년 5월 30일 07시,화요일,경상북도 경주시 안강읍,중상사고,0,1,1,0,차대차 - 정면충돌,중앙선침범,건조,맑음,단일로 - 기타,승용,남,36세,경상,승용,남,40세,중상
2017053000100105,2017년 5월 30일 07시,화요일,경상북도 포항시 북구 용흥동,경상사고,0,0,1,0,차대차 - 추돌,안전운전불이행,건조,맑음,교차로 - 교차로안,승용,남,26세,상해없음,승용,여,63세,경상
2017053000100106,2017년 5월 30일 07시,화요일,경상북도 영천시 완산동,경상사고,0,0,1,0,차대차 - 추돌,안전운전불이행,건조,맑음,교차로 - 교차로부근,승용,여,66세,상해없음,승용,여,57세,경상
2017053000100107,2017년 5월 30일 07시,화요일,경상북도 청도군 금천면,중상사고,0,1,0,0,차대차 - 측면충돌,안전운전불이행,건조,맑음,단일로 - 기타,화물,남,67세,상해없음,승합,남,63세,상해없음
2017053000100141,2017년 5월 30일 08시,화요일,경상북도 구미시 임수동,경상사고,0,0,1,0,차대차 - 측면충돌,안전운전불이행,건조,맑음,교차로 - 교차로부근,화물,남,62세,상해없음,자전거,여,30세,경상
2017053000100178,2017년 5월 30일 09시,화요일,경상북도 경주시 구정동,경상사고,0,0,1,0,차량단독 - 전도전복 - 전도,안전운전불이행,건조,맑음,단일로 - 기타,승합,남,53세,상해없음,,,,
2017053000100179,2017년 5월 30일 09시,화요일,경상북도 김천시 모암동,중상사고,0,1,0,0,차대사람 - 차도통행중,안전운전불이행,건조,맑음,단일로 - 기타,승합,남,45세,상해없음,보행자,여,83세,중상
2017053000100213,2017년 5월 30일 10시,화요일,경상북도 안동시 서후면,경상사고,0,0,1,0,차대차 - 측면충돌,안전운전불이행,건조,맑음,교차로 - 교차로안,이륜,남,69세,경상,승용,남,62세,상해없음
2017053000100214,2017년 5월 30일 10시,화요일,경상북도 안동시 안흥동,경상사고,0,0,1,0,차대차 - 기타,안전운전불이행,건조,맑음,교차로 - 교차로안,화물,남,25세,상해없음,승용,남,63세,상해없음
2017053000100215,2017년 5월 30일 10시,화요일,경상북도 영천시 신령면,사망사고,1,0,0,0,차대차 - 측면충돌,신호위반,건조,맑음,교차로 - 교차로안,화물,남,55세,상해없음,화물,남,57세,사망
2017053000100239,2017년 5월 30일 11시,화요일,경상북도 영천시 대창면,경상사고,0,0,1,0,차대사람 - 차도통행중,안전운전불이행,건조,맑음,단일로 - 기타,화물,남,59세,상해없음,보행자,여,76세,경상
2017053000100268,2017년 5월 30일 12시,화요일,경상북도 포항시 북구 용흥동,경상사고,0,0,1,0,차대차 - 기타,안전운전불이행,건조,맑음,교차로 - 교차로안,승용,여,59세,상해없음,승용,여,22세,경상
2017053000100332,2017년 5월 30일 14시,화요일,경상북도 영덕군 강구면,중상사고,0,1,0,0,차대차 - 측면충돌,직진우회전진행방해,건조,맑음,교차로 - 교차로안,화물,남,50세,상해없음,화물,남,70세,중상
2017053000100333,2017년 5월 30일 14시,화요일,경상북도 성주군 금수면,경상사고,0,0,1,0,차대사람 - 길가장자리구역통행중,안전운전불이행,건조,맑음,단일로 - 기타,승합,남,62세,상해없음,보행자,여,20세,경상
2017053000100354,2017년 5월 30일 15시,화요일,경상북도 경주시 안강읍,중상사고,0,3,2,0,차대차 - 측면충돌,안전운전불이행,건조,맑음,교차로 - 교차로안,승용,여,62세,경상,승용,남,43세,중상
2017053000100355,2017년 5월 30일 15시,화요일,경상북도 포항시 북구 장성동,경상사고,0,0,1,0,차대차 - 측면충돌,안전거리미확보,건조,맑음,단일로 - 기타,승용,여,58세,상해없음,이륜,남,21세,경상
2017053000100356,2017년 5월 30일 15시,화요일,경상북도 영천시 화남면,경상사고,0,0,2,0,차대차 - 측면충돌,안전운전불이행,건조,맑음,교차로 - 교차로부근,승용,남,58세,상해없음,화물,남,49세,경상
2017053000100388,2017년 5월 30일 16시,화요일,경상북도 안동시 옥동,경상사고,0,0,1,0,차대차 - 측면충돌,안전운전불이행,건조,맑음,단일로 - 기타,승용,남,76세,상해없음,승용,남,35세,경상
2017053000100429,2017년 5월 30일 17시,화요일,경상북도 경주시 충효동,중상사고,0,1,0,0,차대차 - 측면충돌,안전운전불이행,건조,맑음,교차로 - 교차로안,승용,여,45세,상해없음,자전거,남,83세,중상
2017053000100430,2017년 5월 30일 17시,화요일,경상북도 문경시 문경읍,중상사고,0,2,1,0,차대차 - 측면충돌,안전운전불이행,건조,맑음,교차로 - 교차로안,화물,남,39세,경상,화물,남,54세,중상
2017053000100431,2017년 5월 30일 17시,화요일,경상북도 경산시 서상동,경상사고,0,0,1,0,차대사람 - 길가장자리구역통행중,안전운전불이행,건조,맑음,단일로 - 기타,승용,여,58세,상해없음,보행자,여,73세,경상
2017053000100432,2017년 5월 30일 17시,화요일,경상북도 포항시 남구 오천읍,중상사고,0,1,0,0,차대사람 - 차도통행중,안전운전불이행,건조,맑음,교차로 - 교차로안,화물,남,37세,상해없음,보행자,여,75세,중상
2017053000100433,2017년 5월 30일 17시,화요일,경상북도 포항시 남구 오천읍,경상사고,0,0,1,0,차대사람 - 기타,안전운전불이행,건조,맑음,단일로 - 기타,승용,여,28세,상해없음,보행자,남,4세,경상
2017053000100462,2017년 5월 30일 18시,화요일,경상북도 안동시 운흥동,경상사고,0,0,1,0,차대차 - 추돌,안전운전불이행,건조,맑음,기타 - 기타,승용,남,67세,상해없음,승용,여,50세,경상
2017053000100463,2017년 5월 30일 18시,화요일,경상북도 포항시 남구 대송면,경상사고,0,0,2,0,차대차 - 기타,안전운전불이행,건조,맑음,교차로 - 교차로부근,승용,남,38세,경상,화물,남,41세,경상
2017053000100487,2017년 5월 30일 19시,화요일,경상북도 칠곡군 약목면,경상사고,0,0,1,0,차대차 - 측면충돌,안전운전불이행,건조,맑음,단일로 - 기타,사륜오토바이(ATV),남,87세,경상,승합,남,69세,상해없음
2017053000100522,2017년 5월 30일 20시,화요일,경상북도 김천시 부곡동,경상사고,0,0,3,0,차대차 - 측면충돌,신호위반,건조,맑음,교차로 - 교차로안,승용,여,47세,상해없음,승용,남,53세,상해없음
2017053000100523,2017년 5월 30일 20시,화요일,경상북도 영주시 휴천동,경상사고,0,0,1,0,차대차 - 추돌,안전운전불이행,건조,맑음,단일로 - 기타,승용,남,42세,상해없음,승용,남,38세,경상
2017053000100524,2017년 5월 30일 20시,화요일,경상북도 경산시 압량면,경상사고,0,0,1,0,차대사람 - 횡단중,안전운전불이행,건조,맑음,단일로 - 기타,승용,여,41세,상해없음,보행자,여,19세,경상
2017053000100577,2017년 5월 30일 22시,화요일,경상북도 경주시 현곡면,경상사고,0,0,1,0,차대차 - 측면충돌,안전운전불이행,건조,맑음,교차로 - 교차로부근,자전거,남,13세,경상,승용,여,48세,상해없음
2017053000100578,2017년 5월 30일 22시,화요일,경상북도 영천시 화남면,중상사고,0,1,2,0,차대차 - 정면충돌,중앙선침범,건조,맑음,단일로 - 기타,농기계,남,61세,중상,승용,남,56세,경상
2017053000100579,2017년 5월 30일 22시,화요일,경상북도 구미시 원평동,경상사고,0,0,2,0,차대차 - 측면충돌,안전운전불이행,건조,맑음,교차로 - 교차로안,승용,남,32세,상해없음,승용,여,39세,경상
2017053100100058,2017년 5월 31일 04시,수요일,경상북도 구미시 선기동,중상사고,0,1,0,0,차대차 - 측면충돌,안전운전불이행,건조,맑음,단일로 - 기타,승용,여,24세,상해없음,화물,남,46세,중상
2017053100100078,2017년 5월 31일 06시,수요일,경상북도 경주시 천북면,중상사고,0,1,1,0,차대차 - 측면충돌,과속,건조,맑음,교차로 - 교차로부근,승용,남,36세,중상,승용,남,29세,경상
2017053100100132,2017년 5월 31일 08시,수요일,경상북도 포항시 북구 흥해읍,경상사고,0,0,3,0,차대차 - 추돌,안전거리미확보,건조,맑음,기타 - 기타,화물,남,56세,경상,승용,남,32세,상해없음
2017053100100133,2017년 5월 31일 08시,수요일,경상북도 성주군 선남면,중상사고,0,1,0,0,차대차 - 측면충돌,안전운전불이행,건조,맑음,미분류 - 미분류,이륜,여,70세,중상,화물,남,59세,상해없음
2017053100100167,2017년 5월 31일 09시,수요일,경상북도 포항시 북구 흥해읍,중상사고,0,1,0,0,차대차 - 측면충돌,신호위반,건조,맑음,교차로 - 교차로안,건설기계,남,59세,상해없음,이륜,남,71세,중상
2017053100100168,2017년 5월 31일 09시,수요일,경상북도 김천시 부곡동,중상사고,0,1,0,0,차대차 - 측면충돌,교차로운행방법위반,건조,맑음,교차로 - 교차로안,승용,남,52세,상해없음,이륜,남,66세,중상
2017053100100169,2017년 5월 31일 09시,수요일,경상북도 경산시 삼북동,경상사고,0,0,1,0,차대사람 - 차도통행중,안전운전불이행,건조,맑음,단일로 - 기타,승용,남,57세,상해없음,보행자,여,75세,경상
2017053100100193,2017년 5월 31일 10시,수요일,경상북도 안동시 송현동,중상사고,0,1,3,0,차대차 - 추돌,안전거리미확보,건조,맑음,단일로 - 기타,화물,남,67세,경상,승용,남,68세,중상
2017053100100194,2017년 5월 31일 10시,수요일,경상북도 구미시 선산읍,부상신고사고,0,0,0,1,차대차 - 기타,안전운전불이행,건조,맑음,교차로 - 교차로안,이륜,남,59세,부상신고,화물,남,50세,상해없음
2017053100100195,2017년 5월 31일 10시,수요일,경상북도 구미시 해평면,경상사고,0,0,3,0,차량단독 - 공작물충돌,안전운전불이행,건조,맑음,단일로 - 기타,승용,여,48세,경상,,,,
2017053100100196,2017년 5월 31일 10시,수요일,경상북도 포항시 남구 송도동,중상사고,0,1,0,0,차대차 - 측면충돌,안전거리미확보,건조,맑음,단일로 - 기타,승용,남,37세,상해없음,이륜,남,21세,중상
2017053100100217,2017년 5월 31일 11시,수요일,경상북도 김천시 지좌동,경상사고,0,0,1,0,차대차 - 정면충돌,신호위반,건조,맑음,단일로 - 기타,이륜,여,56세,경상,화물,남,51세,상해없음
2017053100100218,2017년 5월 31일 11시,수요일,경상북도 구미시 인의동,경상사고,0,0,3,0,차대차 - 측면충돌,신호위반,건조,맑음,교차로 - 교차로안,승용,여,50세,기타불명,승용,남,60세,경상
2017053100100263,2017년 5월 31일 13시,수요일,경상북도 영덕군 병곡면,경상사고,0,0,1,0,차대사람 - 기타,안전운전불이행,건조,맑음,주차장 - 주차장,기타불명,기타불명,미분류,기타불명,보행자,남,23세,경상
2017053100100292,2017년 5월 31일 14시,수요일,경상북도 구미시 공단동,중상사고,0,1,0,0,차량단독 - 전도전복,안전운전불이행,건조,맑음,단일로 - 기타,승합,여,54세,중상,미분류,미분류,미분류,미분류
2017053100100326,2017년 5월 31일 15시,수요일,경상북도 영덕군 영해면,중상사고,0,3,1,0,차대차 - 측면충돌,안전운전불이행,건조,맑음,단일로 - 기타,승용,남,37세,경상,승용,여,53세,중상
2017053100100327,2017년 5월 31일 15시,수요일,경상북도 봉화군 석포면,중상사고,0,1,0,0,차대차 - 기타,안전운전불이행,건조,맑음,단일로 - 기타,이륜,남,59세,중상,승용,남,34세,상해없음
2017053100100328,2017년 5월 31일 15시,수요일,경상북도 포항시 남구 대잠동,경상사고,0,0,3,0,차대차 - 측면충돌,안전운전불이행,건조,맑음,교차로 - 교차로안,승용,남,30세,경상,승용,여,34세,경상
2017053100100369,2017년 5월 31일 16시,수요일,경상북도 포항시 북구 창포동,경상사고,0,0,1,0,차대차 - 측면충돌,차로위반,건조,맑음,단일로 - 기타,승용,남,45세,상해없음,승용,여,45세,경상
2017053100100370,2017년 5월 31일 16시,수요일,경상북도 경산시 하양읍,중상사고,0,1,0,0,차대차 - 추돌,안전운전불이행,건조,맑음,교차로 - 교차로부근,승용,여,53세,상해없음,승용,남,65세,중상
2017053100100403,2017년 5월 31일 17시,수요일,경상북도 경주시 현곡면,중상사고,0,1,1,0,차대차 - 측면충돌,기타,건조,맑음,교차로 - 교차로안,화물,남,59세,상해없음,자전거,남,10세,중상
2017053100100446,2017년 5월 31일 18시,수요일,경상북도 상주시 낙양동,경상사고,0,0,1,0,차대차 - 측면충돌,안전운전불이행,건조,맑음,단일로 - 기타,자전거,남,60세,경상,승용,남,54세,상해없음
2017053100100447,2017년 5월 31일 18시,수요일,경상북도 문경시 모전동,경상사고,0,0,1,0,차대차 - 측면충돌,안전운전불이행,건조,맑음,교차로 - 교차로안,자전거,남,12세,경상,승합,남,56세,기타불명
2017053100100448,2017년 5월 31일 18시,수요일,경상북도 경산시 옥산동,경상사고,0,0,1,0,차대사람 - 길가장자리구역통행중,안전운전불이행,건조,맑음,교차로 - 교차로안,이륜,남,20세,상해없음,보행자,여,6세,경상
2017053100100449,2017년 5월 31일 18시,수요일,경상북도 구미시 산동면,부상신고사고,0,0,0,1,차량단독 - 전도전복,안전운전불이행,건조,흐림,단일로 - 기타,승용,남,43세,부상신고,미분류,미분류,미분류,미분류
2017053100100450,2017년 5월 31일 18시,수요일,경상북도 구미시 도량동,경상사고,0,0,3,0,차대차 - 기타,안전운전불이행,건조,맑음,단일로 - 기타,승용,남,20세,경상,승용,남,43세,경상
2017053100100451,2017년 5월 31일 18시,수요일,경상북도 포항시 남구 대도동,경상사고,0,0,1,0,차대사람 - 기타,신호위반,건조,맑음,교차로 - 교차로안,승용,남,50세,상해없음,보행자,남,21세,경상
2017053100100469,2017년 5월 31일 19시,수요일,경상북도 김천시 용두동,중상사고,0,1,0,0,차대차 - 측면충돌,신호위반,건조,맑음,교차로 - 교차로안,승용,여,49세,상해없음,승용,여,54세,중상
2017053100100470,2017년 5월 31일 19시,수요일,경상북도 구미시 고아읍,경상사고,0,0,1,0,차대차 - 측면충돌,안전운전불이행,건조,맑음,단일로 - 기타,승용,남,25세,상해없음,승용,여,51세,경상
2017053100100507,2017년 5월 31일 20시,수요일,경상북도 김천시 감문면,경상사고,0,0,1,0,차대차 - 정면충돌,안전운전불이행,건조,맑음,단일로 - 기타,승용,남,66세,상해없음,농기계,남,66세,경상
2017053100100508,2017년 5월 31일 20시,수요일,경상북도 경산시 자인면,경상사고,0,0,1,0,차대차 - 후진중충돌,안전운전불이행,건조,맑음,단일로 - 기타,화물,남,47세,상해없음,승용,여,47세,경상
2017053100100509,2017년 5월 31일 20시,수요일,경상북도 영덕군 영덕읍,중상사고,0,1,0,0,차량단독 - 전도전복,안전운전불이행,건조,맑음,단일로 - 기타,이륜,남,47세,중상,미분류,미분류,미분류,미분류
2017053100100535,2017년 5월 31일 21시,수요일,경상북도 경주시 배반동,경상사고,0,0,1,0,차대차 - 측면충돌,안전운전불이행,건조,맑음,교차로 - 교차로부근,승합,남,54세,상해없음,승용,남,55세,상해없음
2017053100100536,2017년 5월 31일 21시,수요일,경상북도 안동시 광석동,중상사고,0,1,0,0,차대사람 - 횡단중,안전운전불이행,건조,맑음,단일로 - 기타,승용,남,56세,상해없음,보행자,여,69세,중상
2017053100100537,2017년 5월 31일 21시,수요일,경상북도 포항시 남구 송도동,경상사고,0,0,1,0,차대차 - 측면충돌,신호위반,건조,맑음,교차로 - 교차로안,이륜,남,50세,경상,승용,여,55세,상해없음
2017053100100582,2017년 5월 31일 23시,수요일,경상북도 포항시 북구 양덕동,경상사고,0,0,1,0,차대사람 - 횡단중,안전운전불이행,건조,맑음,교차로 - 교차로부근,승용,남,61세,상해없음,보행자,남,23세,경상
2017060100100053,2017년 6월 1일 02시,목요일,경상북도 상주시 청리면,중상사고,0,1,1,0,차량단독 - 기타,안전운전불이행,건조,맑음,단일로 - 기타,이륜,남,17세,경상,,,,
2017060100100059,2017년 6월 1일 03시,목요일,경상북도 칠곡군 왜관읍,중상사고,0,1,0,0,차대차 - 기타,안전운전불이행,건조,맑음,기타 - 기타,특수,남,50세,상해없음,화물,남,46세,중상
2017060100100104,2017년 6월 1일 07시,목요일,경상북도 상주시 사벌면,경상사고,0,0,1,0,차대차 - 측면충돌,교차로운행방법위반,건조,맑음,교차로 - 교차로안,이륜,여,69세,경상,화물,남,47세,상해없음
2017060100100105,2017년 6월 1일 07시,목요일,경상북도 포항시 남구 연일읍,중상사고,0,1,0,0,차대차 - 추돌,안전운전불이행,건조,맑음,교차로 - 교차로부근,승용,남,36세,상해없음,화물,남,54세,중상
2017060100100130,2017년 6월 1일 08시,목요일,경상북도 영덕군 영덕읍,경상사고,0,0,1,0,차량단독 - 전도전복,안전운전불이행,젖음/습기,흐림,단일로 - 기타,자전거,남,10세,경상,미분류,미분류,미분류,미분류
2017060100100131,2017년 6월 1일 08시,목요일,경상북도 구미시 임은동,경상사고,0,0,1,0,차대차 - 정면충돌,안전운전불이행,건조,맑음,교차로 - 교차로안,승용,남,41세,상해없음,자전거,남,11세,경상
2017060100100167,2017년 6월 1일 09시,목요일,경상북도 영주시 문수면,중상사고,0,1,0,0,차대차 - 측면충돌,교차로운행방법위반,건조,맑음,교차로 - 교차로안,건설기계,남,23세,상해없음,승용,남,60세,상해없음
2017060100100168,2017년 6월 1일 09시,목요일,경상북도 경산시 자인면,경상사고,0,0,1,0,차대차 - 기타,교차로운행방법위반,건조,맑음,교차로 - 교차로안,승합,남,56세,상해없음,승용,여,35세,경상
2017060100100169,2017년 6월 1일 09시,목요일,경상북도 경산시 사정동,경상사고,0,0,1,0,차대차 - 추돌,안전거리미확보,건조,맑음,단일로 - 기타,화물,남,66세,상해없음,승용,여,25세,경상
2017060100100170,2017년 6월 1일 09시,목요일,경상북도 구미시 봉곡동,경상사고,0,0,1,1,차대차 - 측면충돌,안전운전불이행,기타,맑음,기타 - 기타,승용,여,36세,부상신고,승용,여,51세,경상
2017060100100171,2017년 6월 1일 09시,목요일,경상북도 구미시 광평동,사망사고,1,0,0,0,차량단독 - 전도전복 - 전도,안전운전불이행,건조,맑음,단일로 - 기타,자전거,남,78세,사망,,,,
2017060100100172,2017년 6월 1일 09시,목요일,경상북도 포항시 남구 오천읍,중상사고,0,1,0,0,차대차 - 기타,안전거리미확보,건조,맑음,교차로 - 교차로안,자전거,남,82세,중상,화물,남,30세,상해없음
2017060100100220,2017년 6월 1일 11시,목요일,경상북도 김천시 성내동,경상사고,0,0,1,0,차대차 - 추돌,안전운전불이행,건조,맑음,단일로 - 기타,승용,남,71세,상해없음,승용,남,36세,경상
2017060100100221,2017년 6월 1일 11시,목요일,경상북도 의성군 안평면,중상사고,0,1,0,0,차량단독 - 전도전복,안전운전불이행,건조,맑음,단일로 - 기타,이륜,남,61세,중상,미분류,미분류,미분류,미분류
2017060100100222,2017년 6월 1일 11시,목요일,경상북도 구미시 신평동,경상사고,0,0,1,0,차대차 - 기타,안전운전불이행,건조,맑음,교차로 - 교차로부근,이륜,남,56세,경상,승용,여,52세,상해없음
2017060100100223,2017년 6월 1일 11시,목요일,경상북도 포항시 남구 대도동,경상사고,0,0,1,0,차대차 - 기타,안전운전불이행,건조,맑음,교차로 - 교차로부근,승용,남,22세,상해없음,이륜,남,17세,경상
2017060100100246,2017년 6월 1일 12시,목요일,경상북도 경주시 진현동,중상사고,0,2,3,0,차대차 - 측면충돌,안전운전불이행,건조,맑음,교차로 - 교차로안,승용,남,49세,상해없음,승용,남,48세,경상
2017060100100247,2017년 6월 1일 12시,목요일,경상북도 영덕군 영덕읍,중상사고,0,1,0,0,차대사람 - 횡단중,교차로운행방법위반,건조,맑음,교차로 - 교차로안,화물,남,55세,상해없음,보행자,여,29세,중상
2017060100100281,2017년 6월 1일 13시,목요일,경상북도 안동시 풍산읍,경상사고,0,0,2,0,차대차 - 측면충돌,안전운전불이행,건조,맑음,단일로 - 기타,화물,남,79세,경상,승용,남,70세,상해없음
2017060100100311,2017년 6월 1일 14시,목요일,경상북도 상주시 개운동,경상사고,0,0,1,0,차대차 - 측면충돌,안전거리미확보,건조,맑음,단일로 - 기타,화물,남,45세,상해없음,승용,남,33세,경상
2017060100100349,2017년 6월 1일 15시,목요일,경상북도 구미시 옥계동,경상사고,0,0,1,0,차대차 - 기타,안전거리미확보,건조,맑음,교차로 - 교차로부근,승합,남,53세,상해없음,화물,남,31세,경상
2017060100100378,2017년 6월 1일 16시,목요일,경상북도 경주시 안강읍,중상사고,0,2,2,0,차대차 - 측면충돌,안전운전불이행,젖음/습기,흐림,단일로 - 기타,화물,남,69세,중상,승합,남,68세,중상
2017060100100379,2017년 6월 1일 16시,목요일,경상북도 의성군 금성면,중상사고,0,1,1,0,차대차 - 측면충돌,직진우회전진행방해,건조,맑음,교차로 - 교차로안,승용,여,52세,중상,화물,남,57세,경상
2017060100100380,2017년 6월 1일 16시,목요일,경상북도 경산시 하양읍,경상사고,0,0,1,0,차대사람 - 횡단중,기타,건조,맑음,기타 - 기타,승용,남,64세,상해없음,보행자,여,24세,경상
2017060100100381,2017년 6월 1일 16시,목요일,경상북도 구미시 인의동,경상사고,0,0,1,0,차대차 - 측면충돌,안전운전불이행,건조,맑음,교차로 - 교차로부근,승용,여,49세,상해없음,자전거,남,66세,경상
2017060100100431,2017년 6월 1일 17시,목요일,경상북도 경주시 외동읍,경상사고,0,0,1,0,차대차 - 기타,직진우회전진행방해,건조,맑음,교차로 - 교차로안,승용,남,70세,상해없음,승용,남,50세,경상
2017060100100432,2017년 6월 1일 17시,목요일,경상북도 칠곡군 지천면,중상사고,0,1,0,0,차대차 - 추돌,안전운전불이행,건조,맑음,단일로 - 기타,화물,남,64세,상해없음,이륜,남,80세,중상
2017060100100433,2017년 6월 1일 17시,목요일,경상북도 구미시 고아읍,경상사고,0,0,1,0,차대사람 - 횡단중,신호위반,건조,맑음,교차로 - 교차로횡단보도내,승용,여,44세,상해없음,보행자,여,7세,경상
2017060100100482,2017년 6월 1일 18시,목요일,경상북도 포항시 남구 연일읍,중상사고,0,1,0,0,차대차 - 기타,직진우회전진행방해,건조,맑음,교차로 - 교차로안,승용,남,47세,상해없음,이륜,남,48세,중상
2017060100100518,2017년 6월 1일 19시,목요일,경상북도 봉화군 봉화읍,경상사고,0,0,1,0,차대차 - 기타,중앙선침범,건조,맑음,단일로 - 기타,화물,남,80세,상해없음,승용,남,30세,경상
2017060100100545,2017년 6월 1일 20시,목요일,경상북도 경주시 성동동,경상사고,0,0,2,0,차대차 - 측면충돌,안전운전불이행,건조,맑음,단일로 - 기타,이륜,남,20세,경상,화물,남,44세,상해없음
2017060100100546,2017년 6월 1일 20시,목요일,경상북도 경산시 정평동,중상사고,0,1,0,0,차대차 - 정면충돌,중앙선침범,건조,맑음,단일로 - 기타,승용,여,30세,상해없음,이륜,남,28세,중상
2017060100100569,2017년 6월 1일 21시,목요일,경상북도 경주시 황성동,경상사고,0,0,2,0,차대차 - 측면충돌,안전운전불이행,건조,맑음,교차로 - 교차로안,승용,여,45세,상해없음,승용,여,39세,경상
2017060100100570,2017년 6월 1일 21시,목요일,경상북도 구미시 지산동,중상사고,0,1,6,0,차대차 - 측면충돌,안전운전불이행,건조,맑음,교차로 - 교차로부근,승합,남,47세,경상,승용,남,49세,상해없음
2017060100100612,2017년 6월 1일 23시,목요일,경상북도 영주시 영주동,경상사고,0,0,1,0,차대사람 - 차도통행중,안전운전불이행,건조,맑음,기타 - 기타,승용,여,62세,상해없음,보행자,남,24세,경상
2017060100100613,2017년 6월 1일 23시,목요일,경상북도 영천시 금노동,사망사고,1,0,0,0,차량단독 - 전도전복 - 전도,안전운전불이행,건조,맑음,교차로 - 교차로부근,원동기,남,46세,사망,,,,
2017060200100043,2017년 6월 2일 00시,금요일,경상북도 포항시 남구 송도동,중상사고,0,1,0,0,차대차 - 기타,안전운전불이행,건조,맑음,단일로 - 기타,화물,남,54세,중상,화물,남,60세,기타불명
2017060200100058,2017년 6월 2일 01시,금요일,경상북도 구미시 도개면,중상사고,0,1,0,0,차량단독 - 전도전복,안전운전불이행,건조,맑음,교차로 - 교차로부근,승용,남,48세,중상,미분류,미분류,미분류,미분류
2017060200100078,2017년 6월 2일 04시,금요일,경상북도 칠곡군 왜관읍,경상사고,0,0,1,0,차대차 - 측면충돌,교차로운행방법위반,건조,맑음,교차로 - 교차로안,승용,여,63세,상해없음,이륜,남,46세,경상
2017060200100093,2017년 6월 2일 05시,금요일,경상북도 포항시 북구 장성동,중상사고,0,1,0,0,차대사람 - 횡단중,중앙선침범,건조,맑음,단일로 - 기타,승용,여,23세,상해없음,보행자,남,77세,중상
2017060200100094,2017년 6월 2일 05시,금요일,경상북도 경산시 자인면,경상사고,0,0,2,0,차대차 - 정면충돌,신호위반,건조,맑음,교차로 - 교차로안,승용,남,37세,상해없음,승용,남,47세,경상
2017060200100111,2017년 6월 2일 06시,금요일,경상북도 군위군 효령면,중상사고,0,1,2,0,차대차 - 정면충돌,직진우회전진행방해,건조,맑음,교차로 - 교차로안,승합,남,57세,경상,화물,남,61세,경상
2017060200100136,2017년 6월 2일 07시,금요일,경상북도 상주시 서성동,경상사고,0,0,1,0,차대차 - 측면충돌,안전운전불이행,건조,맑음,단일로 - 기타,승합,남,24세,상해없음,자전거,여,13세,경상
2017060200100137,2017년 6월 2일 07시,금요일,경상북도 문경시 모전동,부상신고사고,0,0,0,1,차대차 - 기타,안전운전불이행,건조,맑음,교차로 - 교차로횡단보도내,자전거,남,71세,부상신고,승용,남,39세,상해없음
2017060200100138,2017년 6월 2일 07시,금요일,경상북도 포항시 남구 오천읍,경상사고,0,0,1,0,차대사람 - 기타,기타,건조,맑음,단일로 - 기타,화물,남,73세,상해없음,보행자,남,16세,경상
2017060200100189,2017년 6월 2일 08시,금요일,경상북도 상주시 무양동,사망사고,1,0,0,0,차대사람 - 횡단중,안전운전불이행,건조,맑음,교차로 - 교차로안,화물,남,35세,상해없음,보행자,여,72세,사망
2017060200100190,2017년 6월 2일 08시,금요일,경상북도 문경시 문경읍,부상신고사고,0,0,0,1,차량단독 - 기타,안전운전불이행,건조,맑음,단일로 - 기타,자전거,남,69세,부상신고,,,,
2017060200100251,2017년 6월 2일 10시,금요일,경상북도 청도군 각북면,경상사고,0,0,1,0,차대차 - 측면충돌,교차로운행방법위반,건조,맑음,교차로 - 교차로안,화물,남,50세,상해없음,승용,여,35세,경상
2017060200100275,2017년 6월 2일 11시,금요일,경상북도 김천시 대항면,경상사고,0,0,1,0,차대차 - 측면충돌,안전운전불이행,건조,맑음,단일로 - 기타,승용,남,61세,상해없음,화물,남,32세,경상
2017060200100293,2017년 6월 2일 12시,금요일,경상북도 구미시 원평동,경상사고,0,0,2,0,차대차 - 추돌,안전거리미확보,건조,맑음,단일로 - 기타,승용,남,46세,상해없음,승용,여,54세,경상