사고번호,사고일시,요일,시군구,사고내용,사망자수,중상자수,경상자수,부상신고자수,사고유형,법규위반,노면상태,기상상태,도로형태,가해운전자 차종,가해운전자 성별,가해운전자 연령,가해운전자 상해정도,피해운전자 차종,피해운전자 성별,피해운전자 연령,피해운전자 상해정도
2017060200100318,2017년 6월 2일 13시,금요일,경상북도 포항시 북구 장성동,중상사고,0,1,0,0,차대차 - 측면충돌,중앙선침범,건조,맑음,단일로 - 기타,승용,여,21세,상해없음,승용,남,51세,상해없음
2017060200100319,2017년 6월 2일 13시,금요일,경상북도 안동시 녹전면,경상사고,0,0,1,0,차량단독 - 전도전복,안전운전불이행,기타,맑음,기타 - 기타,화물,남,50세,경상,미분류,미분류,미분류,미분류
2017060200100320,2017년 6월 2일 13시,금요일,경상북도 포항시 남구 해도동,경상사고,0,0,2,0,차대차 - 측면충돌,중앙선침범,건조,맑음,단일로 - 기타,승용,남,51세,상해없음,승용,남,40세,경상
2017060200100349,2017년 6월 2일 14시,금요일,경상북도 상주시 공검면,중상사고,0,1,0,0,차대차 - 측면충돌,교차로운행방법위반,건조,맑음,교차로 - 교차로안,이륜,여,59세,중상,특수,남,51세,상해없음
2017060200100350,2017년 6월 2일 14시,금요일,경상북도 상주시 무양동,경상사고,0,0,1,0,차대차 - 측면충돌,신호위반,건조,맑음,교차로 - 교차로안,사륜오토바이(ATV),남,83세,경상,화물,남,55세,상해없음
2017060200100351,2017년 6월 2일 14시,금요일,경상북도 영주시 조암동,중상사고,0,1,0,0,차대사람 - 횡단중,안전운전불이행,건조,맑음,교차로 - 교차로안,승용,여,51세,상해없음,보행자,남,75세,중상
2017060200100352,2017년 6월 2일 14시,금요일,경상북도 문경시 동로면,중상사고,0,1,0,0,차대차 - 측면충돌,안전운전불이행,건조,맑음,단일로 - 기타,승합,남,46세,상해없음,사륜오토바이(ATV),남,74세,상해없음
2017060200100380,2017년 6월 2일 15시,금요일,경상북도 영천시 문외동,중상사고,0,1,0,0,차대차 - 기타,안전운전불이행,건조,맑음,단일로 - 기타,승용,여,64세,상해없음,자전거,남,52세,중상
2017060200100381,2017년 6월 2일 15시,금요일,경상북도 안동시 일직면,경상사고,0,0,1,0,차대차 - 측면충돌,안전운전불이행,건조,맑음,단일로 - 기타,승용,남,18세,상해없음,승용,남,18세,경상
2017060200100423,2017년 6월 2일 16시,금요일,경상북도 안동시 용상동,경상사고,0,0,1,1,차대차 - 추돌,안전거리미확보,건조,맑음,교차로 - 교차로부근,승용,남,61세,상해없음,승용,여,30세,경상
2017060200100424,2017년 6월 2일 16시,금요일,경상북도 청도군 각북면,사망사고,1,0,0,0,차량단독 - 전도전복 - 전도,안전운전불이행,건조,맑음,단일로 - 기타,건설기계,남,51세,사망,,,,
2017060200100462,2017년 6월 2일 17시,금요일,경상북도 경주시 외동읍,경상사고,0,0,1,0,차대차 - 측면충돌,안전운전불이행,건조,맑음,교차로 - 교차로안,승용,여,43세,상해없음,승용,여,44세,경상
2017060200100509,2017년 6월 2일 18시,금요일,경상북도 경주시 황오동,중상사고,0,1,0,0,차대차 - 측면충돌,신호위반,건조,맑음,단일로 - 기타,화물,여,62세,상해없음,자전거,남,72세,중상
2017060200100510,2017년 6월 2일 18시,금요일,경상북도 경주시 현곡면,경상사고,0,0,1,0,차대차 - 측면충돌,안전운전불이행,건조,맑음,교차로 - 교차로안,화물,남,68세,상해없음,승용,남,59세,경상
2017060200100511,2017년 6월 2일 18시,금요일,경상북도 김천시 개령면,경상사고,0,0,1,0,차대차 - 측면충돌,교차로운행방법위반,건조,맑음,교차로 - 교차로안,화물,남,32세,상해없음,자전거,남,73세,경상
2017060200100512,2017년 6월 2일 18시,금요일,경상북도 영덕군 강구면,경상사고,0,0,1,0,차대차 - 기타,안전운전불이행,건조,맑음,교차로 - 교차로안,원동기,남,33세,경상,승용,남,19세,상해없음
2017060200100513,2017년 6월 2일 18시,금요일,경상북도 구미시 남통동,경상사고,0,0,1,0,차량단독 - 기타,안전운전불이행,건조,맑음,단일로 - 기타,승합,남,48세,상해없음,,,,
2017060200100514,2017년 6월 2일 18시,금요일,경상북도 포항시 남구 연일읍,경상사고,0,0,1,0,차대차 - 기타,중앙선침범,건조,맑음,단일로 - 기타,승용,여,43세,상해없음,승합,남,49세,경상
2017060200100545,2017년 6월 2일 19시,금요일,경상북도 영주시 가흥동,경상사고,0,0,2,0,차대차 - 측면충돌,안전운전불이행,건조,맑음,교차로 - 교차로안,승용,남,23세,상해없음,승용,여,57세,경상
2017060200100546,2017년 6월 2일 19시,금요일,경상북도 칠곡군 석적읍,중상사고,0,1,0,0,차대차 - 측면충돌,신호위반,건조,맑음,교차로 - 교차로안,승용,남,59세,상해없음,승용,남,41세,중상
2017060200100588,2017년 6월 2일 20시,금요일,경상북도 포항시 북구 죽도동,경상사고,0,0,1,0,차대차 - 정면충돌,안전운전불이행,건조,맑음,교차로 - 교차로안,이륜,남,40세,상해없음,이륜,남,16세,경상
2017060200100589,2017년 6월 2일 20시,금요일,경상북도 경산시 진량읍,경상사고,0,0,1,0,차대차 - 정면충돌,안전운전불이행,건조,맑음,교차로 - 교차로안,화물,남,47세,상해없음,승용,남,26세,경상
2017060200100619,2017년 6월 2일 21시,금요일,경상북도 울진군 죽변면,중상사고,0,1,0,0,차대차 - 기타,안전운전불이행,건조,맑음,단일로 - 기타,승용,남,47세,중상,승용,남,49세,기타불명
2017060200100650,2017년 6월 2일 22시,금요일,경상북도 경주시 충효동,경상사고,0,0,1,0,차대차 - 측면충돌,차로위반,건조,맑음,단일로 - 기타,승용,남,49세,상해없음,이륜,남,24세,경상
2017060200100651,2017년 6월 2일 22시,금요일,경상북도 구미시 원평동,경상사고,0,0,1,0,차대차 - 기타,안전운전불이행,건조,맑음,단일로 - 기타,이륜,남,18세,상해없음,승용,여,47세,경상
2017060200100652,2017년 6월 2일 22시,금요일,경상북도 구미시 임수동,중상사고,0,1,2,1,차대차 - 정면충돌,안전운전불이행,건조,맑음,기타 - 기타,승용,남,60세,상해없음,승용,남,51세,중상
2017060200100653,2017년 6월 2일 22시,금요일,경상북도 포항시 남구 지곡동,중상사고,0,1,0,0,차대사람 - 횡단중,보행자보호의무위반,건조,맑음,교차로 - 교차로안,승용,여,62세,상해없음,보행자,여,21세,중상
2017060300100037,2017년 6월 3일 00시,토요일,경상북도 포항시 남구 오천읍,중상사고,0,1,0,0,차대사람 - 기타,안전운전불이행,건조,맑음,단일로 - 기타,승용,남,49세,상해없음,보행자,남,49세,중상
2017060300100057,2017년 6월 3일 01시,토요일,경상북도 구미시 임수동,경상사고,0,0,1,0,차대차 - 추돌,안전운전불이행,건조,맑음,단일로 - 기타,승용,남,31세,상해없음,승용,남,31세,경상
2017060300100090,2017년 6월 3일 03시,토요일,경상북도 포항시 북구 대흥동,경상사고,0,0,2,0,차대차 - 측면충돌,신호위반,건조,맑음,교차로 - 교차로안,승용,남,22세,상해없음,승용,남,61세,경상
2017060300100105,2017년 6월 3일 05시,토요일,경상북도 경주시 건천읍,경상사고,0,0,1,0,차량단독 - 기타,안전운전불이행,건조,맑음,단일로 - 기타,승용,남,54세,경상,,,,
2017060300100106,2017년 6월 3일 05시,토요일,경상북도 상주시 모동면,사망사고,1,0,0,0,차대차 - 측면충돌,교차로운행방법위반,건조,맑음,교차로 - 교차로안,이륜,남,70세,사망,화물,남,43세,상해없음
2017060300100160,2017년 6월 3일 08시,토요일,경상북도 경주시 성건동,중상사고,0,2,0,0,차대차 - 측면충돌,중앙선침범,건조,맑음,단일로 - 기타,승용,여,47세,상해없음,이륜,남,59세,중상
2017060300100161,2017년 6월 3일 08시,토요일,경상북도 영천시 망정동,경상사고,0,0,1,0,차대사람 - 횡단중,안전운전불이행,건조,맑음,단일로 - 기타,승합,여,38세,상해없음,보행자,남,10세,경상
2017060300100162,2017년 6월 3일 08시,토요일,경상북도 포항시 남구 이동,경상사고,0,0,1,0,차대차 - 측면충돌,안전운전불이행,건조,맑음,교차로 - 교차로안,승용,남,25세,상해없음,승용,여,50세,경상
2017060300100163,2017년 6월 3일 08시,토요일,경상북도 구미시 신평동,경상사고,0,0,2,0,차대차 - 기타,안전운전불이행,건조,맑음,단일로 - 기타,승용,여,56세,상해없음,승용,남,62세,상해없음
2017060300100183,2017년 6월 3일 09시,토요일,경상북도 포항시 북구 흥해읍,중상사고,0,1,1,0,차대차 - 측면충돌,안전운전불이행,건조,맑음,교차로 - 교차로안,승용,여,30세,경상,승용,여,63세,중상
2017060300100184,2017년 6월 3일 09시,토요일,경상북도 영덕군 병곡면,중상사고,0,1,0,0,차대차 - 기타,교차로운행방법위반,건조,맑음,교차로 - 교차로안,승용,여,63세,상해없음,이륜,남,79세,중상
2017060300100207,2017년 6월 3일 10시,토요일,경상북도 칠곡군 왜관읍,부상신고사고,0,0,0,1,차대차 - 측면충돌,안전운전불이행,건조,맑음,단일로 - 기타,이륜,남,78세,부상신고,승용,남,30세,상해없음
2017060300100245,2017년 6월 3일 11시,토요일,경상북도 김천시 농소면,중상사고,0,1,1,0,차대차 - 측면충돌,신호위반,건조,맑음,교차로 - 교차로안,승용,남,60세,중상,건설기계,남,39세,경상
2017060300100246,2017년 6월 3일 11시,토요일,경상북도 김천시 평화동,경상사고,0,0,1,0,차대사람 - 기타,안전운전불이행,건조,맑음,단일로 - 기타,승용,남,32세,상해없음,보행자,남,59세,경상
2017060300100247,2017년 6월 3일 11시,토요일,경상북도 포항시 남구 대송면,중상사고,0,3,4,0,차대차 - 추돌,안전운전불이행,건조,맑음,단일로 - 기타,승용,남,32세,경상,승용,여,52세,중상
2017060300100284,2017년 6월 3일 12시,토요일,경상북도 김천시 부곡동,경상사고,0,0,2,0,차대차 - 측면충돌,신호위반,건조,맑음,교차로 - 교차로안,화물,남,76세,상해없음,승용,남,52세,경상
2017060300100285,2017년 6월 3일 12시,토요일,경상북도 영천시 신령면,중상사고,0,1,3,0,차량단독 - 공작물충돌,안전운전불이행,건조,맑음,단일로 - 기타,승용,남,19세,경상,,,,
2017060300100322,2017년 6월 3일 13시,토요일,경상북도 안동시 풍천면,경상사고,0,0,1,0,차대차 - 정면충돌,중앙선침범,건조,맑음,단일로 - 기타,승용,여,57세,경상,승용,남,64세,상해없음
2017060300100323,2017년 6월 3일 13시,토요일,경상북도 칠곡군 왜관읍,중상사고,0,1,1,0,차대사람 - 횡단중,보행자보호의무위반,건조,맑음,교차로 - 교차로횡단보도내,승용,여,54세,상해없음,보행자,남,45세,경상
2017060300100324,2017년 6월 3일 13시,토요일,경상북도 칠곡군 석적읍,경상사고,0,0,1,0,차대차 - 측면충돌,신호위반,건조,맑음,교차로 - 교차로안,승용,남,25세,상해없음,승용,남,65세,경상
2017060300100325,2017년 6월 3일 13시,토요일,경상북도 영천시 대창면,경상사고,0,0,2,0,차대차 - 측면충돌,안전운전불이행,건조,맑음,단일로 - 기타,승용,여,58세,경상,화물,남,49세,경상
2017060300100326,2017년 6월 3일 13시,토요일,경상북도 경산시 백천동,경상사고,0,0,1,0,차대사람 - 기타,안전운전불이행,건조,맑음,단일로 - 기타,승합,남,36세,상해없음,보행자,여,39세,경상
2017060300100362,2017년 6월 3일 14시,토요일,경상북도 경주시 남산동,중상사고,0,1,0,0,차대사람 - 차도통행중,안전운전불이행,건조,맑음,단일로 - 기타,승용,여,29세,상해없음,보행자,여,64세,중상
2017060300100363,2017년 6월 3일 14시,토요일,경상북도 고령군 대가야읍,중상사고,0,1,1,0,차대차 - 측면충돌,직진우회전진행방해,건조,맑음,교차로 - 교차로안,승용,남,69세,상해없음,승용,여,55세,경상
2017060300100392,2017년 6월 3일 15시,토요일,경상북도 안동시 운흥동,중상사고,0,1,0,0,차대차 - 측면충돌,기타,건조,맑음,교차로 - 교차로안,자전거,남,62세,중상,승용,여,71세,상해없음
2017060300100393,2017년 6월 3일 15시,토요일,경상북도 안동시 풍산읍,중상사고,0,1,2,0,차대차 - 측면충돌,교차로운행방법위반,건조,맑음,단일로 - 기타,승용,남,20세,상해없음,승합,남,54세,중상
2017060300100394,2017년 6월 3일 15시,토요일,경상북도 상주시 낙동면,중상사고,0,1,0,0,차대차 - 추돌,안전운전불이행,건조,맑음,단일로 - 기타,이륜,남,83세,중상,승용,남,54세,상해없음
2017060300100395,2017년 6월 3일 15시,토요일,경상북도 경산시 중산동,중상사고,0,3,0,0,차대차 - 측면충돌,안전운전불이행,건조,맑음,교차로 - 교차로안,승용,여,57세,상해없음,승용,남,59세,중상
2017060300100396,2017년 6월 3일 15시,토요일,경상북도 영덕군 강구면,경상사고,0,0,3,0,차대차 - 후진중충돌,안전운전불이행,건조,맑음,주차장 - 주차장,승합,남,34세,상해없음,승용,남,33세,경상
2017060300100434,2017년 6월 3일 16시,토요일,경상북도 구미시 사곡동,경상사고,0,0,1,0,차대차 - 추돌,안전거리미확보,건조,맑음,교차로 - 교차로부근,승용,여,26세,상해없음,승용,여,47세,경상
2017060300100435,2017년 6월 3일 16시,토요일,경상북도 포항시 남구 효자동,경상사고,0,0,1,0,차대차 - 측면충돌,안전운전불이행,건조,맑음,교차로 - 교차로부근,이륜,남,17세,경상,승용,남,66세,상해없음
2017060300100436,2017년 6월 3일 16시,토요일,경상북도 포항시 남구 동해면,경상사고,0,0,1,0,차대차 - 기타,직진우회전진행방해,건조,맑음,교차로 - 교차로안,승용,남,50세,상해없음,자전거,남,41세,경상
2017060300100485,2017년 6월 3일 17시,토요일,경상북도 경주시 강동면,사망사고,1,0,0,0,차대사람 - 횡단중,안전운전불이행,건조,맑음,단일로 - 기타,화물,남,60세,상해없음,보행자,남,58세,사망
2017060300100486,2017년 6월 3일 17시,토요일,경상북도 포항시 북구 양덕동,중상사고,0,1,0,0,차대차 - 측면충돌,안전운전불이행,건조,맑음,교차로 - 교차로횡단보도내,승합,남,55세,상해없음,기타불명,남,10세,중상
2017060300100487,2017년 6월 3일 17시,토요일,경상북도 상주시 중동면,경상사고,0,0,1,0,차대차 - 측면충돌,안전운전불이행,건조,맑음,단일로 - 기타,승용,여,45세,상해없음,이륜,여,62세,경상
2017060300100488,2017년 6월 3일 17시,토요일,경상북도 의성군 점곡면,경상사고,0,0,2,0,차대차 - 정면충돌,중앙선침범,건조,맑음,단일로 - 기타,화물,남,63세,경상,승용,남,30세,경상
2017060300100489,2017년 6월 3일 17시,토요일,경상북도 경산시 평산동,경상사고,0,0,1,0,차대차 - 정면충돌,교차로운행방법위반,건조,맑음,교차로 - 교차로안,화물,남,58세,상해없음,이륜,남,24세,경상
2017060300100537,2017년 6월 3일 18시,토요일,경상북도 경주시 황오동,경상사고,0,0,1,0,차대사람 - 차도통행중,안전운전불이행,건조,맑음,단일로 - 기타,승용,여,58세,상해없음,보행자,남,12세,경상
2017060300100538,2017년 6월 3일 18시,토요일,경상북도 포항시 북구 창포동,경상사고,0,0,1,0,차대차 - 측면충돌,신호위반,건조,맑음,교차로 - 교차로안,이륜,남,25세,상해없음,이륜,남,37세,경상
2017060300100539,2017년 6월 3일 18시,토요일,경상북도 포항시 북구 흥해읍,경상사고,0,0,2,0,차대차 - 측면충돌,안전운전불이행,건조,맑음,단일로 - 기타,승용,남,68세,상해없음,화물,남,37세,경상
2017060300100540,2017년 6월 3일 18시,토요일,경상북도 김천시 교동,경상사고,0,0,1,0,차대차 - 측면충돌,안전운전불이행,건조,맑음,교차로 - 교차로부근,승용,남,29세,상해없음,승용,여,37세,경상
2017060300100541,2017년 6월 3일 18시,토요일,경상북도 영천시 야사동,경상사고,0,0,1,0,차대사람 - 횡단중,안전운전불이행,건조,맑음,교차로 - 교차로부근,화물,남,46세,상해없음,보행자,남,5세,경상
2017060300100542,2017년 6월 3일 18시,토요일,경상북도 구미시 사곡동,경상사고,0,0,1,0,차대차 - 측면충돌,중앙선침범,건조,맑음,교차로 - 교차로부근,승용,남,58세,상해없음,승용,남,43세,경상
2017060300100570,2017년 6월 3일 19시,토요일,경상북도 경주시 보문동,경상사고,0,0,3,0,차대차 - 기타,안전운전불이행,건조,맑음,단일로 - 기타,승용,남,48세,상해없음,승용,남,36세,상해없음
2017060300100571,2017년 6월 3일 19시,토요일,경상북도 포항시 남구 연일읍,경상사고,0,0,1,0,차대차 - 후진중충돌,안전운전불이행,건조,맑음,교차로 - 교차로부근,승용,남,32세,상해없음,승용,여,48세,경상
2017060300100596,2017년 6월 3일 20시,토요일,경상북도 구미시 형곡동,중상사고,0,1,0,0,차대차 - 측면충돌,안전운전불이행,건조,맑음,교차로 - 교차로부근,이륜,남,50세,상해없음,자전거,남,59세,중상
2017060300100629,2017년 6월 3일 21시,토요일,경상북도 구미시 원평동,경상사고,0,0,4,0,차대차 - 측면충돌,안전운전불이행,건조,맑음,단일로 - 기타,승용,남,41세,상해없음,승용,여,40세,경상
2017060300100670,2017년 6월 3일 23시,토요일,경상북도 상주시 냉림동,경상사고,0,0,1,0,차대차 - 측면충돌,안전거리미확보,건조,맑음,교차로 - 교차로부근,화물,남,66세,상해없음,승용,남,39세,경상
2017060400100039,2017년 6월 4일 01시,일요일,경상북도 구미시 진평동,경상사고,0,0,2,0,차대차 - 정면충돌,신호위반,건조,맑음,교차로 - 교차로안,승용,여,24세,상해없음,승용,여,36세,경상
2017060400100053,2017년 6월 4일 02시,일요일,경상북도 포항시 북구 죽도동,경상사고,0,0,1,0,차대사람 - 차도통행중,안전운전불이행,건조,맑음,단일로 - 기타,승용,남,49세,상해없음,보행자,남,23세,경상
2017060400100054,2017년 6월 4일 02시,일요일,경상북도 구미시 사곡동,중상사고,0,2,0,0,차대차 - 기타,안전운전불이행,건조,맑음,단일로 - 기타,승용,남,54세,중상,승용,남,62세,상해없음
2017060400100055,2017년 6월 4일 02시,일요일,경상북도 구미시 공단동,경상사고,0,0,3,0,차대차 - 추돌,안전운전불이행,건조,맑음,교차로 - 교차로부근,승용,남,35세,상해없음,승용,남,30세,경상
2017060400100065,2017년 6월 4일 03시,일요일,경상북도 안동시 태화동,중상사고,0,1,1,0,차대차 - 측면충돌,직진우회전진행방해,건조,맑음,교차로 - 교차로안,승용,남,33세,중상,승용,남,39세,경상
2017060400100073,2017년 6월 4일 04시,일요일,경상북도 상주시 무양동,경상사고,0,0,1,0,차량단독 - 기타,안전운전불이행,건조,맑음,교차로 - 교차로부근,승용,여,51세,경상,,,,
2017060400100111,2017년 6월 4일 07시,일요일,경상북도 영주시 상망동,경상사고,0,0,1,0,차대차 - 측면충돌,신호위반,건조,맑음,교차로 - 교차로안,승용,남,70세,상해없음,화물,남,75세,경상
2017060400100112,2017년 6월 4일 07시,일요일,경상북도 문경시 모전동,중상사고,0,2,1,0,차대차 - 측면충돌,직진우회전진행방해,건조,맑음,교차로 - 교차로안,승용,남,27세,상해없음,화물,남,34세,경상
2017060400100126,2017년 6월 4일 08시,일요일,경상북도 경주시 용강동,중상사고,0,2,1,0,차대차 - 측면충돌,신호위반,건조,맑음,교차로 - 교차로안,승용,남,26세,상해없음,승용,남,52세,중상
2017060400100142,2017년 6월 4일 09시,일요일,경상북도 안동시 남선면,중상사고,0,1,0,0,차대차 - 측면충돌,직진우회전진행방해,건조,맑음,교차로 - 교차로안,승합,남,59세,상해없음,이륜,남,28세,중상
2017060400100143,2017년 6월 4일 09시,일요일,경상북도 상주시 냉림동,경상사고,0,0,1,0,차대차 - 추돌,안전운전불이행,건조,맑음,교차로 - 교차로횡단보도내,자전거,남,9세,상해없음,자전거,여,62세,경상
2017060400100144,2017년 6월 4일 09시,일요일,경상북도 구미시 공단동,경상사고,0,0,5,4,차대차 - 측면충돌,신호위반,건조,맑음,교차로 - 교차로안,승합,남,56세,경상,승용,여,22세,경상
2017060400100145,2017년 6월 4일 09시,일요일,경상북도 문경시 유곡동,경상사고,0,0,1,0,차대사람 - 횡단중,안전운전불이행,건조,맑음,기타 - 기타,승용,남,70세,상해없음,보행자,여,58세,경상
2017060400100168,2017년 6월 4일 10시,일요일,경상북도 김천시 신음동,중상사고,0,2,3,0,차대차 - 측면충돌,신호위반,건조,맑음,교차로 - 교차로부근,승합,남,70세,상해없음,승용,남,45세,상해없음
2017060400100169,2017년 6월 4일 10시,일요일,경상북도 칠곡군 지천면,경상사고,0,0,1,0,차대차 - 측면충돌,교차로운행방법위반,건조,맑음,교차로 - 교차로안,건설기계,남,58세,상해없음,자전거,여,15세,경상
2017060400100170,2017년 6월 4일 10시,일요일,경상북도 청송군 현동면,사망사고,1,0,0,0,차량단독 - 전도전복,안전운전불이행,건조,맑음,단일로 - 기타,이륜,남,36세,사망,미분류,미분류,미분류,미분류
2017060400100188,2017년 6월 4일 11시,일요일,경상북도 칠곡군 왜관읍,경상사고,0,0,1,0,차대차 - 기타,안전운전불이행,건조,맑음,단일로 - 기타,승용,여,29세,상해없음,자전거,남,62세,경상
2017060400100218,2017년 6월 4일 12시,일요일,경상북도 안동시 이천동,경상사고,0,0,2,0,차대차 - 추돌,안전거리미확보,건조,맑음,단일로 - 기타,화물,남,68세,상해없음,승용,여,44세,경상
2017060400100219,2017년 6월 4일 12시,일요일,경상북도 칠곡군 가산면,경상사고,0,0,5,0,차대차 - 측면충돌,안전운전불이행,건조,맑음,교차로 - 교차로안,화물,남,71세,상해없음,승용,남,49세,경상
2017060400100220,2017년 6월 4일 12시,일요일,경상북도 구미시 봉곡동,부상신고사고,0,0,0,1,차대차 - 기타,기타,건조,맑음,단일로 - 기타,승합,남,46세,상해없음,이륜,남,19세,상해없음
2017060400100221,2017년 6월 4일 12시,일요일,경상북도 구미시 신평동,사망사고,1,0,0,0,차량단독 - 전도전복 - 전도,안전운전불이행,건조,맑음,교차로 - 교차로안,승용,남,54세,사망,,,,
2017060400100245,2017년 6월 4일 13시,일요일,경상북도 영주시 가흥동,경상사고,0,0,1,0,차대차 - 후진중충돌,안전운전불이행,건조,맑음,단일로 - 기타,승용,남,35세,상해없음,승용,여,45세,경상
2017060400100270,2017년 6월 4일 14시,일요일,경상북도 경주시 안강읍,경상사고,0,0,2,0,차대차 - 기타,안전운전불이행,건조,맑음,단일로 - 기타,승용,남,60세,상해없음,승용,남,28세,경상
2017060400100271,2017년 6월 4일 14시,일요일,경상북도 포항시 북구 흥해읍,경상사고,0,0,2,0,차대차 - 추돌,안전운전불이행,건조,맑음,단일로 - 기타,화물,남,42세,상해없음,농기계,남,63세,경상
2017060400100272,2017년 6월 4일 14시,일요일,경상북도 상주시 사벌면,사망사고,1,0,0,0,차대사람 - 차도통행중,안전운전불이행,건조,맑음,단일로 - 기타,건설기계,남,28세,상해없음,보행자,남,1세,사망
2017060400100273,2017년 6월 4일 14시,일요일,경상북도 포항시 남구 오천읍,경상사고,0,0,1,0,차대차 - 추돌,안전운전불이행,건조,맑음,단일로 - 기타,승용,여,35세,경상,승용,남,36세,상해없음
2017060400100310,2017년 6월 4일 15시,일요일,경상북도 군위군 군위읍,사망사고,1,0,0,0,차대사람 - 횡단중,안전운전불이행,건조,맑음,단일로 - 기타,승용,남,35세,상해없음,보행자,여,90세 이상,사망
2017060400100335,2017년 6월 4일 16시,일요일,경상북도 포항시 북구 대흥동,경상사고,0,0,1,0,차대차 - 정면충돌,안전운전불이행,건조,맑음,단일로 - 기타,승용,여,65세,상해없음,승용,여,25세,경상
2017060400100336,2017년 6월 4일 16시,일요일,경상북도 칠곡군 지천면,경상사고,0,0,1,0,차대차 - 측면충돌,기타,건조,맑음,단일로 - 기타,승용,남,52세,상해없음,화물,남,41세,경상
2017060400100359,2017년 6월 4일 17시,일요일,경상북도 경주시 동천동,중상사고,0,1,0,0,차대차 - 측면충돌,직진우회전진행방해,건조,맑음,교차로 - 교차로안,승용,남,21세,상해없음,이륜,남,16세,중상
2017060400100360,2017년 6월 4일 17시,일요일,경상북도 포항시 북구 덕수동,경상사고,0,0,1,0,차대차 - 후진중충돌,안전운전불이행,건조,맑음,교차로 - 교차로부근,승용,여,51세,상해없음,승용,여,38세,경상
2017060400100361,2017년 6월 4일 17시,일요일,경상북도 김천시 부곡동,중상사고,0,1,0,0,차대차 - 측면충돌,안전운전불이행,건조,맑음,단일로 - 기타,이륜,남,32세,상해없음,자전거,남,10세,중상
2017060400100362,2017년 6월 4일 17시,일요일,경상북도 구미시 진평동,경상사고,0,0,2,0,차대차 - 정면충돌,안전운전불이행,건조,맑음,단일로 - 기타,자전거,남,18세,상해없음,승용,남,36세,경상
2017060400100396,2017년 6월 4일 18시,일요일,경상북도 구미시 구평동,중상사고,0,1,0,0,차대차 - 기타,안전운전불이행,건조,맑음,교차로 - 교차로안,승용,여,36세,상해없음,이륜,남,33세,중상
2017060400100397,2017년 6월 4일 18시,일요일,경상북도 구미시 오태동,경상사고,0,0,2,0,차대차 - 추돌,안전운전불이행,건조,맑음,교차로 - 교차로부근,승용,남,30세,상해없음,승용,남,37세,경상
2017060400100398,2017년 6월 4일 18시,일요일,경상북도 구미시 원평동,경상사고,0,0,2,0,차대차 - 추돌,안전운전불이행,건조,맑음,교차로 - 교차로부근,화물,남,46세,상해없음,승용,여,33세,경상
2017060400100399,2017년 6월 4일 18시,일요일,경상북도 포항시 남구 오천읍,중상사고,0,1,0,0,차대차 - 측면충돌,안전운전불이행,건조,맑음,단일로 - 기타,승용,남,51세,상해없음,자전거,여,7세,중상
2017060400100400,2017년 6월 4일 18시,일요일,경상북도 포항시 남구 대잠동,경상사고,0,0,1,0,차대차 - 기타,안전운전불이행,건조,맑음,교차로 - 교차로안,이륜,남,29세,경상,승용,여,51세,상해없음
2017060400100424,2017년 6월 4일 19시,일요일,경상북도 김천시 신음동,경상사고,0,0,2,0,차대차 - 후진중충돌,안전운전불이행,건조,맑음,교차로 - 교차로횡단보도내,승용,여,53세,상해없음,승용,남,23세,경상
2017060400100425,2017년 6월 4일 19시,일요일,경상북도 포항시 남구 연일읍,중상사고,0,1,0,0,차대차 - 측면충돌,차로위반,건조,맑음,교차로 - 교차로부근,이륜,남,19세,중상,승용,남,49세,상해없음
2017060400100467,2017년 6월 4일 21시,일요일,경상북도 영덕군 강구면,경상사고,0,0,1,0,차대사람 - 횡단중,교차로운행방법위반,건조,맑음,교차로 - 교차로안,화물,남,50세,상해없음,보행자,여,18세,경상
2017060500100026,2017년 6월 5일 00시,월요일,경상북도 경주시 광명동,경상사고,0,0,3,0,차대차 - 측면충돌,안전운전불이행,건조,맑음,단일로 - 기타,승용,남,54세,경상,승용,남,45세,경상
2017060500100090,2017년 6월 5일 07시,월요일,경상북도 의성군 비안면,중상사고,0,1,0,0,차대차 - 측면충돌,직진우회전진행방해,건조,맑음,교차로 - 교차로안,승용,남,42세,상해없음,사륜오토바이(ATV),여,67세,중상
2017060500100091,2017년 6월 5일 07시,월요일,경상북도 영천시 화남면,중상사고,0,1,1,0,차대차 - 추돌,안전운전불이행,건조,맑음,단일로 - 기타,승용,여,56세,경상,화물,남,35세,중상
2017060500100092,2017년 6월 5일 07시,월요일,경상북도 문경시 모전동,경상사고,0,0,3,0,차대차 - 측면충돌,안전거리미확보,건조,맑음,단일로 - 기타,승용,여,36세,경상,승용,남,59세,경상
2017060500100125,2017년 6월 5일 08시,월요일,경상북도 경주시 황오동,경상사고,0,0,1,0,차대차 - 측면충돌,안전운전불이행,건조,맑음,교차로 - 교차로부근,승용,여,49세,상해없음,자전거,여,73세,경상
2017060500100161,2017년 6월 5일 09시,월요일,경상북도 경주시 황오동,경상사고,0,0,1,0,차대차 - 측면충돌,안전운전불이행,건조,맑음,교차로 - 교차로부근,화물,남,44세,상해없음,이륜,남,53세,경상
2017060500100162,2017년 6월 5일 09시,월요일,경상북도 포항시 북구 학잠동,경상사고,0,0,1,0,차대사람 - 횡단중,보행자보호의무위반,건조,맑음,교차로 - 교차로안,승용,남,65세,상해없음,보행자,여,59세,경상
2017060500100163,2017년 6월 5일 09시,월요일,경상북도 영주시 휴천동,중상사고,0,2,0,0,차대차 - 추돌,안전운전불이행,건조,맑음,단일로 - 기타,화물,남,62세,중상,농기계,남,82세,중상
2017060500100164,2017년 6월 5일 09시,월요일,경상북도 문경시 가은읍,중상사고,0,1,0,0,차대차 - 기타,안전운전불이행,건조,맑음,교차로 - 교차로안,화물,남,30세,상해없음,이륜,남,60세,중상