사고번호,사고일시,요일,시군구,사고내용,사망자수,중상자수,경상자수,부상신고자수,사고유형,법규위반,노면상태,기상상태,도로형태,가해운전자 차종,가해운전자 성별,가해운전자 연령,가해운전자 상해정도,피해운전자 차종,피해운전자 성별,피해운전자 연령,피해운전자 상해정도
2017060500100196,2017년 6월 5일 10시,월요일,경상북도 안동시 와룡면,경상사고,0,0,1,0,차대차 - 측면충돌,안전운전불이행,건조,맑음,단일로 - 기타,승용,남,76세,상해없음,승용,남,70세,경상
2017060500100197,2017년 6월 5일 10시,월요일,경상북도 안동시 운흥동,경상사고,0,0,2,0,차대차 - 추돌,안전운전불이행,건조,맑음,교차로 - 교차로안,승용,남,59세,상해없음,화물,남,45세,경상
2017060500100198,2017년 6월 5일 10시,월요일,경상북도 청도군 청도읍,경상사고,0,0,1,0,차대차 - 측면충돌,교차로운행방법위반,건조,맑음,교차로 - 교차로안,승용,남,60세,상해없음,승용,남,63세,경상
2017060500100199,2017년 6월 5일 10시,월요일,경상북도 구미시 고아읍,경상사고,0,0,1,0,차대차 - 측면충돌,기타,건조,맑음,교차로 - 교차로안,승용,여,24세,상해없음,이륜,남,69세,경상
2017060500100225,2017년 6월 5일 11시,월요일,경상북도 영주시 영주동,부상신고사고,0,0,0,1,차대사람 - 횡단중,안전운전불이행,건조,맑음,교차로 - 교차로부근,승용,여,36세,상해없음,보행자,여,68세,부상신고
2017060500100226,2017년 6월 5일 11시,월요일,경상북도 구미시 고아읍,경상사고,0,0,1,0,차대차 - 추돌,안전운전불이행,건조,맑음,단일로 - 기타,승용,남,49세,상해없음,승용,여,73세,경상
2017060500100252,2017년 6월 5일 12시,월요일,경상북도 안동시 용상동,경상사고,0,0,1,0,차대차 - 측면충돌,안전운전불이행,건조,맑음,단일로 - 기타,승용,남,52세,상해없음,자전거,남,70세,경상
2017060500100253,2017년 6월 5일 12시,월요일,경상북도 영주시 가흥동,경상사고,0,0,2,0,차대차 - 측면충돌,중앙선침범,건조,맑음,단일로 - 기타,승용,여,39세,경상,승용,여,46세,경상
2017060500100254,2017년 6월 5일 12시,월요일,경상북도 영천시 북안면,중상사고,0,1,0,0,차대차 - 측면충돌,안전운전불이행,건조,맑음,단일로 - 기타,화물,남,66세,상해없음,이륜,여,70세,중상
2017060500100255,2017년 6월 5일 12시,월요일,경상북도 경산시 백천동,경상사고,0,0,1,0,차대차 - 기타,안전운전불이행,건조,맑음,교차로 - 교차로부근,원동기,남,30세,경상,승용,여,61세,상해없음
2017060500100281,2017년 6월 5일 13시,월요일,경상북도 경주시 안강읍,경상사고,0,0,1,0,차대차 - 측면충돌,안전운전불이행,건조,맑음,단일로 - 기타,화물,남,50세,상해없음,이륜,남,64세,경상
2017060500100282,2017년 6월 5일 13시,월요일,경상북도 영천시 화산면,경상사고,0,0,1,0,차대차 - 정면충돌,안전운전불이행,건조,맑음,단일로 - 기타,원동기,남,70세,경상,화물,남,67세,상해없음
2017060500100316,2017년 6월 5일 14시,월요일,경상북도 상주시 함창읍,중상사고,0,1,2,0,차대차 - 측면충돌,교차로운행방법위반,건조,맑음,교차로 - 교차로안,승용,여,63세,상해없음,화물,남,38세,중상
2017060500100317,2017년 6월 5일 14시,월요일,경상북도 영주시 가흥동,경상사고,0,0,1,0,차대차 - 측면충돌,안전운전불이행,건조,맑음,교차로 - 교차로안,승용,여,47세,상해없음,승용,여,57세,경상
2017060500100340,2017년 6월 5일 15시,월요일,경상북도 상주시 복룡동,중상사고,0,1,0,0,차량단독 - 전도전복,안전운전불이행,건조,맑음,단일로 - 지하차도(도로)내,자전거,여,11세,중상,미분류,미분류,미분류,미분류
2017060500100395,2017년 6월 5일 16시,월요일,경상북도 포항시 북구 용흥동,중상사고,0,1,1,0,차대차 - 측면충돌,안전운전불이행,건조,맑음,교차로 - 교차로안,승용,남,26세,경상,승용,남,27세,중상
2017060500100396,2017년 6월 5일 16시,월요일,경상북도 김천시 부곡동,중상사고,0,1,0,0,차대차 - 측면충돌,안전운전불이행,건조,맑음,단일로 - 기타,화물,남,63세,상해없음,이륜,남,22세,중상
2017060500100397,2017년 6월 5일 16시,월요일,경상북도 구미시 봉곡동,중상사고,0,1,0,0,차대차 - 기타,안전운전불이행,건조,맑음,교차로 - 교차로안,화물,남,42세,상해없음,이륜,남,47세,중상
2017060500100433,2017년 6월 5일 17시,월요일,경상북도 구미시 고아읍,중상사고,0,2,0,0,차대차 - 정면충돌,안전운전불이행,건조,맑음,교차로 - 교차로안,승합,남,74세,상해없음,화물,남,66세,중상
2017060500100479,2017년 6월 5일 18시,월요일,경상북도 경주시 용강동,중상사고,0,1,2,0,차대차 - 측면충돌,과속,건조,맑음,교차로 - 교차로안,승용,남,58세,경상,화물,남,48세,경상
2017060500100480,2017년 6월 5일 18시,월요일,경상북도 안동시 임동면,중상사고,0,2,0,0,차대차 - 측면충돌,중앙선침범,건조,맑음,단일로 - 기타,승용,남,60세,상해없음,화물,남,52세,중상
2017060500100481,2017년 6월 5일 18시,월요일,경상북도 영주시 가흥동,경상사고,0,0,1,0,차대차 - 측면충돌,교차로운행방법위반,건조,맑음,교차로 - 교차로안,승용,여,33세,상해없음,자전거,남,66세,경상
2017060500100482,2017년 6월 5일 18시,월요일,경상북도 경산시 중방동,중상사고,0,1,0,0,차대사람 - 기타,불법유턴,건조,맑음,단일로 - 기타,승용,남,57세,상해없음,보행자,남,47세,중상
2017060500100519,2017년 6월 5일 19시,월요일,경상북도 문경시 모전동,중상사고,0,1,0,0,차대차 - 측면충돌,안전운전불이행,건조,맑음,단일로 - 기타,원동기,남,50세,상해없음,원동기,남,35세,중상
2017060500100520,2017년 6월 5일 19시,월요일,경상북도 구미시 인의동,경상사고,0,0,1,0,차대차 - 추돌,안전운전불이행,건조,맑음,단일로 - 교량,승용,여,50세,상해없음,승용,여,34세,경상
2017060500100562,2017년 6월 5일 20시,월요일,경상북도 안동시 정하동,중상사고,0,1,2,0,차대차 - 측면충돌,교차로운행방법위반,건조,맑음,교차로 - 교차로부근,승용,남,59세,상해없음,승용,남,19세,경상
2017060500100594,2017년 6월 5일 21시,월요일,경상북도 경주시 율동,경상사고,0,0,1,0,차대차 - 측면충돌,안전거리미확보,건조,맑음,단일로 - 기타,기타불명,기타불명,미분류,기타불명,승용,남,19세,경상
2017060500100653,2017년 6월 5일 23시,월요일,경상북도 영주시 가흥동,부상신고사고,0,0,0,1,차대차 - 측면충돌,차로위반,건조,맑음,교차로 - 교차로안,승용,여,60세,상해없음,승용,남,61세,부상신고
2017060600100034,2017년 6월 6일 01시,화요일,경상북도 칠곡군 북삼읍,경상사고,0,0,2,1,차대차 - 측면충돌,직진우회전진행방해,건조,맑음,교차로 - 교차로안,승용,남,40세,상해없음,승용,여,42세,경상
2017060600100057,2017년 6월 6일 03시,화요일,경상북도 포항시 남구 이동,중상사고,0,1,2,0,차대차 - 측면충돌,직진우회전진행방해,건조,맑음,교차로 - 교차로안,승용,남,46세,중상,승용,남,61세,경상
2017060600100113,2017년 6월 6일 08시,화요일,경상북도 포항시 북구 두호동,경상사고,0,0,1,0,차대차 - 측면충돌,신호위반,건조,맑음,교차로 - 교차로안,승용,남,50세,상해없음,승용,남,41세,상해없음
2017060600100126,2017년 6월 6일 09시,화요일,경상북도 상주시 신봉동,중상사고,0,1,0,0,차대차 - 측면충돌,교차로운행방법위반,건조,맑음,교차로 - 교차로안,사륜오토바이(ATV),남,32세,중상,화물,남,62세,상해없음
2017060600100147,2017년 6월 6일 10시,화요일,경상북도 경주시 충효동,경상사고,0,0,2,0,차대차 - 측면충돌,안전운전불이행,건조,맑음,단일로 - 교량,승용,남,29세,상해없음,승합,남,48세,경상
2017060600100148,2017년 6월 6일 10시,화요일,경상북도 청도군 청도읍,중상사고,0,2,0,0,차대차 - 추돌,안전운전불이행,건조,맑음,교차로 - 교차로부근,이륜,남,88세,중상,이륜,남,72세,중상
2017060600100149,2017년 6월 6일 10시,화요일,경상북도 울진군 울진읍,중상사고,0,1,0,0,차대차 - 추돌,안전운전불이행,건조,맑음,단일로 - 기타,승용,남,80세,상해없음,승용,여,48세,중상
2017060600100150,2017년 6월 6일 10시,화요일,경상북도 구미시 옥계동,경상사고,0,0,1,0,차대차 - 추돌,안전거리미확보,건조,맑음,교차로 - 교차로안,승용,여,32세,상해없음,승용,여,31세,경상
2017060600100151,2017년 6월 6일 10시,화요일,경상북도 구미시 오태동,사망사고,1,0,0,0,차대차 - 추돌,안전운전불이행,건조,흐림,단일로 - 기타,화물,남,42세,사망,화물,남,58세,상해없음
2017060600100170,2017년 6월 6일 11시,화요일,경상북도 김천시 부곡동,경상사고,0,0,1,0,차대사람 - 횡단중,안전운전불이행,건조,맑음,단일로 - 기타,승용,여,52세,상해없음,보행자,남,72세,경상
2017060600100195,2017년 6월 6일 12시,화요일,경상북도 상주시 함창읍,경상사고,0,0,1,0,차대차 - 측면충돌,교차로운행방법위반,건조,맑음,교차로 - 교차로안,이륜,남,81세,경상,화물,남,71세,상해없음
2017060600100196,2017년 6월 6일 12시,화요일,경상북도 포항시 남구 연일읍,중상사고,0,1,1,0,차대차 - 기타,안전운전불이행,건조,흐림,교차로 - 교차로안,승용,남,55세,상해없음,승용,남,39세,경상
2017060600100226,2017년 6월 6일 13시,화요일,경상북도 칠곡군 왜관읍,경상사고,0,0,2,0,차대차 - 측면충돌,안전운전불이행,건조,맑음,단일로 - 기타,승용,여,58세,경상,승용,남,38세,경상
2017060600100227,2017년 6월 6일 13시,화요일,경상북도 영천시 화산면,사망사고,1,0,0,0,차량단독 - 기타,안전운전불이행,건조,맑음,교차로 - 교차로부근,화물,여,57세,상해없음,,,,
2017060600100228,2017년 6월 6일 13시,화요일,경상북도 구미시 오태동,경상사고,0,0,1,0,차대차 - 기타,안전운전불이행,건조,맑음,교차로 - 교차로부근,승용,남,59세,상해없음,승용,남,57세,상해없음
2017060600100290,2017년 6월 6일 15시,화요일,경상북도 김천시 평화동,중상사고,0,1,0,0,차대차 - 측면충돌,차로위반,건조,맑음,단일로 - 기타,이륜,여,60세,중상,승용,남,41세,상해없음
2017060600100291,2017년 6월 6일 15시,화요일,경상북도 상주시 화서면,중상사고,0,1,0,0,차량단독 - 전도전복,안전운전불이행,젖음/습기,비,단일로 - 기타,승용,남,54세,상해없음,미분류,미분류,미분류,미분류
2017060600100292,2017년 6월 6일 15시,화요일,경상북도 문경시 모전동,경상사고,0,0,4,1,차대차 - 측면충돌,신호위반,젖음/습기,비,교차로 - 교차로안,승용,여,65세,부상신고,승용,여,40세,경상
2017060600100293,2017년 6월 6일 15시,화요일,경상북도 경산시 남산면,중상사고,0,1,0,0,차대차 - 추돌,안전운전불이행,건조,맑음,교차로 - 교차로부근,승용,남,56세,상해없음,승용,남,57세,중상
2017060600100294,2017년 6월 6일 15시,화요일,경상북도 구미시 임수동,경상사고,0,0,2,0,차대차 - 기타,안전운전불이행,건조,맑음,단일로 - 기타,승용,남,30세,상해없음,승용,여,22세,경상
2017060600100318,2017년 6월 6일 16시,화요일,경상북도 의성군 봉양면,중상사고,0,1,0,0,차대차 - 정면충돌,중앙선침범,건조,맑음,단일로 - 기타,화물,남,55세,상해없음,승용,남,59세,상해없음
2017060600100350,2017년 6월 6일 17시,화요일,경상북도 군위군 부계면,중상사고,0,1,2,0,차대차 - 정면충돌,중앙선침범,젖음/습기,비,단일로 - 기타,승용,여,34세,경상,승용,남,62세,경상
2017060600100380,2017년 6월 6일 18시,화요일,경상북도 상주시 중덕동,중상사고,0,1,0,0,차대차 - 측면충돌,교차로운행방법위반,젖음/습기,비,단일로 - 기타,화물,남,48세,상해없음,화물,남,46세,중상
2017060600100381,2017년 6월 6일 18시,화요일,경상북도 경산시 옥산동,경상사고,0,0,1,0,차대차 - 측면충돌,안전운전불이행,젖음/습기,비,단일로 - 기타,승용,남,44세,상해없음,승용,남,61세,경상
2017060600100382,2017년 6월 6일 18시,화요일,경상북도 예천군 예천읍,중상사고,0,1,0,0,차대차 - 측면충돌,안전운전불이행,젖음/습기,비,단일로 - 기타,승용,여,32세,상해없음,이륜,남,35세,중상
2017060600100414,2017년 6월 6일 19시,화요일,경상북도 안동시 송현동,중상사고,0,1,2,0,차대차 - 추돌,안전운전불이행,건조,맑음,단일로 - 기타,승용,여,29세,상해없음,승용,남,70세,경상
2017060600100415,2017년 6월 6일 19시,화요일,경상북도 상주시 서성동,중상사고,0,1,0,0,차대차 - 측면충돌,교차로운행방법위반,젖음/습기,비,교차로 - 교차로안,이륜,남,23세,중상,승용,여,52세,상해없음
2017060600100416,2017년 6월 6일 19시,화요일,경상북도 경산시 중산동,경상사고,0,0,1,0,차대차 - 측면충돌,직진우회전진행방해,건조,맑음,교차로 - 교차로안,이륜,남,37세,경상,승용,여,25세,상해없음
2017060600100489,2017년 6월 6일 21시,화요일,경상북도 포항시 남구 해도동,경상사고,0,0,1,0,차대차 - 기타,안전운전불이행,젖음/습기,비,교차로 - 교차로안,승용,남,48세,상해없음,이륜,남,25세,경상
2017060600100524,2017년 6월 6일 22시,화요일,경상북도 안동시 정하동,중상사고,0,1,0,0,차량단독 - 전도전복,안전운전불이행,젖음/습기,비,단일로 - 기타,이륜,여,46세,중상,미분류,미분류,미분류,미분류
2017060700100054,2017년 6월 7일 02시,수요일,경상북도 경산시 정평동,경상사고,0,0,1,0,차대차 - 정면충돌,신호위반,젖음/습기,비,교차로 - 교차로안,승용,남,28세,상해없음,승용,남,25세,경상
2017060700100180,2017년 6월 7일 09시,수요일,경상북도 경주시 서악동,경상사고,0,0,1,0,차대차 - 정면충돌,안전운전불이행,건조,맑음,단일로 - 기타,건설기계,남,47세,상해없음,승용,여,62세,경상
2017060700100181,2017년 6월 7일 09시,수요일,경상북도 청송군 파천면,중상사고,0,1,0,0,차대차 - 측면충돌,교차로운행방법위반,건조,맑음,교차로 - 교차로안,화물,남,36세,상해없음,승용,남,83세,중상
2017060700100362,2017년 6월 7일 15시,수요일,경상북도 경주시 용강동,중상사고,0,2,0,0,차대차 - 추돌,안전운전불이행,건조,맑음,교차로 - 교차로안,승용,남,58세,상해없음,승용,여,59세,중상
2017060700100363,2017년 6월 7일 15시,수요일,경상북도 김천시 아포읍,중상사고,0,1,1,0,차대차 - 측면충돌,교차로운행방법위반,건조,맑음,교차로 - 교차로안,승용,여,59세,상해없음,승용,남,66세,경상
2017060700100364,2017년 6월 7일 15시,수요일,경상북도 경산시 신교동,중상사고,0,1,0,0,차대사람 - 횡단중,신호위반,건조,맑음,교차로 - 교차로횡단보도내,승용,남,73세,상해없음,보행자,남,9세,중상
2017060700100416,2017년 6월 7일 17시,수요일,경상북도 경주시 내남면,중상사고,0,1,0,0,차대차 - 측면충돌,안전운전불이행,건조,맑음,단일로 - 기타,자전거,남,67세,중상,승용,여,44세,상해없음
2017060700100417,2017년 6월 7일 17시,수요일,경상북도 문경시 유곡동,중상사고,0,1,0,0,차대차 - 측면충돌,중앙선침범,건조,맑음,단일로 - 기타,원동기,여,68세,중상,승용,남,38세,상해없음
2017060700100418,2017년 6월 7일 17시,수요일,경상북도 포항시 남구 오천읍,경상사고,0,0,1,1,차대차 - 기타,안전운전불이행,건조,맑음,단일로 - 기타,승용,여,42세,상해없음,이륜,남,16세,경상
2017060700100419,2017년 6월 7일 17시,수요일,경상북도 칠곡군 지천면,경상사고,0,0,1,0,차대차 - 기타,안전거리미확보,건조,맑음,단일로 - 기타,승용,남,66세,상해없음,승용,남,56세,경상
2017060700100452,2017년 6월 7일 18시,수요일,경상북도 구미시 옥계동,경상사고,0,0,1,0,차대사람 - 기타,안전운전불이행,건조,맑음,단일로 - 기타,승용,남,47세,상해없음,보행자,여,24세,경상
2017060700100480,2017년 6월 7일 19시,수요일,경상북도 경주시 마동,경상사고,0,0,2,1,차대차 - 측면충돌,안전운전불이행,건조,맑음,교차로 - 교차로안,승용,여,62세,부상신고,승용,남,70세,경상
2017060700100481,2017년 6월 7일 19시,수요일,경상북도 경산시 정평동,중상사고,0,1,0,0,차대사람 - 길가장자리구역통행중,안전운전불이행,건조,맑음,주차장 - 주차장,승합,남,58세,상해없음,보행자,남,61세,중상
2017060700100482,2017년 6월 7일 19시,수요일,경상북도 구미시 형곡동,경상사고,0,0,1,0,차대차 - 후진중충돌,안전운전불이행,건조,맑음,단일로 - 기타,승용,남,27세,상해없음,승용,남,58세,경상
2017060700100483,2017년 6월 7일 19시,수요일,경상북도 포항시 남구 오천읍,경상사고,0,0,1,0,차대차 - 기타,안전운전불이행,건조,맑음,교차로 - 교차로안,이륜,남,38세,경상,승용,여,45세,상해없음
2017060700100503,2017년 6월 7일 20시,수요일,경상북도 경주시 동천동,중상사고,0,1,0,0,차대차 - 측면충돌,신호위반,건조,맑음,교차로 - 교차로안,승용,남,26세,상해없음,승용,남,22세,중상
2017060700100504,2017년 6월 7일 20시,수요일,경상북도 칠곡군 지천면,경상사고,0,0,1,0,차대차 - 추돌,안전운전불이행,건조,맑음,단일로 - 기타,승용,남,41세,상해없음,농기계,남,58세,경상
2017060700100563,2017년 6월 7일 22시,수요일,경상북도 구미시 임은동,경상사고,0,0,1,0,차대차 - 정면충돌,안전운전불이행,건조,흐림,단일로 - 기타,승용,남,37세,상해없음,화물,여,56세,경상
2017060800100028,2017년 6월 8일 00시,목요일,경상북도 영천시 문외동,중상사고,0,1,3,0,차대차 - 추돌,안전운전불이행,건조,맑음,교차로 - 교차로부근,승용,남,33세,상해없음,승용,여,57세,중상
2017060800100068,2017년 6월 8일 04시,목요일,경상북도 구미시 형곡동,경상사고,0,0,2,1,차대차 - 측면충돌,신호위반,건조,맑음,교차로 - 교차로안,승용,남,29세,상해없음,승용,남,56세,경상
2017060800100069,2017년 6월 8일 04시,목요일,경상북도 구미시 광평동,중상사고,0,2,2,0,차대차 - 추돌,안전운전불이행,건조,맑음,교차로 - 교차로부근,승용,남,29세,상해없음,승용,남,20세,중상
2017060800100089,2017년 6월 8일 06시,목요일,경상북도 경주시 인왕동,경상사고,0,0,2,0,차대차 - 측면충돌,안전운전불이행,건조,맑음,교차로 - 교차로안,화물,남,71세,상해없음,승용,남,36세,경상
2017060800100090,2017년 6월 8일 06시,목요일,경상북도 의성군 의성읍,중상사고,0,1,0,0,차대차 - 기타,안전운전불이행,건조,맑음,단일로 - 기타,화물,남,67세,상해없음,자전거,여,70세,중상
2017060800100103,2017년 6월 8일 07시,목요일,경상북도 안동시 와룡면,중상사고,0,1,2,0,차대차 - 정면충돌,중앙선침범,건조,맑음,단일로 - 기타,승용,남,60세,경상,화물,남,62세,중상
2017060800100122,2017년 6월 8일 08시,목요일,경상북도 경주시 노동동,중상사고,0,1,0,0,차대차 - 측면충돌,안전운전불이행,건조,맑음,교차로 - 교차로부근,승용,여,35세,상해없음,자전거,남,71세,중상
2017060800100123,2017년 6월 8일 08시,목요일,경상북도 경주시 산내면,중상사고,0,1,0,0,차대사람 - 차도통행중,안전운전불이행,건조,맑음,단일로 - 기타,승용,여,51세,상해없음,보행자,남,76세,중상
2017060800100124,2017년 6월 8일 08시,목요일,경상북도 안동시 풍산읍,중상사고,0,1,0,0,차대차 - 추돌,안전거리미확보,건조,맑음,단일로 - 기타,승용,남,27세,상해없음,승용,여,42세,중상
2017060800100160,2017년 6월 8일 09시,목요일,경상북도 포항시 북구 장성동,경상사고,0,0,1,0,차대차 - 추돌,안전거리미확보,건조,맑음,단일로 - 기타,화물,남,29세,상해없음,승용,여,43세,경상
2017060800100161,2017년 6월 8일 09시,목요일,경상북도 칠곡군 가산면,부상신고사고,0,0,0,1,차대차 - 측면충돌,교차로운행방법위반,건조,맑음,교차로 - 교차로안,승용,남,80세,부상신고,화물,남,60세,상해없음
2017060800100162,2017년 6월 8일 09시,목요일,경상북도 구미시 송정동,중상사고,0,1,0,0,차대차 - 정면충돌,안전운전불이행,건조,맑음,교차로 - 교차로안,승용,남,60세,상해없음,이륜,남,35세,중상
2017060800100186,2017년 6월 8일 10시,목요일,경상북도 경주시 외동읍,중상사고,0,1,0,0,차대차 - 측면충돌,안전운전불이행,건조,맑음,단일로 - 기타,화물,남,23세,상해없음,승용,남,62세,중상
2017060800100187,2017년 6월 8일 10시,목요일,경상북도 경주시 신평동,경상사고,0,0,2,0,차대차 - 측면충돌,신호위반,건조,맑음,교차로 - 교차로안,승용,여,58세,경상,승용,남,45세,경상
2017060800100188,2017년 6월 8일 10시,목요일,경상북도 안동시 서후면,중상사고,0,1,0,0,차대차 - 측면충돌,교차로운행방법위반,건조,맑음,기타 - 기타,승용,여,55세,상해없음,화물,남,45세,중상
2017060800100189,2017년 6월 8일 10시,목요일,경상북도 구미시 오태동,경상사고,0,0,1,0,차대차 - 측면충돌,신호위반,건조,맑음,교차로 - 교차로안,승용,여,45세,상해없음,승용,남,42세,경상
2017060800100212,2017년 6월 8일 11시,목요일,경상북도 안동시 옥동,경상사고,0,0,1,0,차대차 - 측면충돌,교차로운행방법위반,건조,맑음,교차로 - 교차로안,화물,남,26세,상해없음,승용,남,71세,경상
2017060800100213,2017년 6월 8일 11시,목요일,경상북도 영천시 대창면,부상신고사고,0,0,0,1,차대차 - 기타,안전운전불이행,건조,맑음,단일로 - 기타,승용,남,75세,부상신고,화물,남,52세,상해없음
2017060800100214,2017년 6월 8일 11시,목요일,경상북도 포항시 남구 장기면,중상사고,0,1,0,0,차대사람 - 기타,안전운전불이행,건조,맑음,단일로 - 기타,승용,남,69세,상해없음,보행자,여,60세,중상
2017060800100241,2017년 6월 8일 12시,목요일,경상북도 경주시 동천동,중상사고,0,1,0,0,차대사람 - 차도통행중,안전운전불이행,건조,맑음,단일로 - 기타,화물,남,56세,상해없음,보행자,남,74세,중상
2017060800100242,2017년 6월 8일 12시,목요일,경상북도 안동시 수상동,경상사고,0,0,1,0,차대차 - 측면충돌,안전운전불이행,건조,맑음,단일로 - 기타,자전거,남,46세,경상,이륜,남,34세,상해없음
2017060800100273,2017년 6월 8일 13시,목요일,경상북도 포항시 북구 장성동,경상사고,0,0,1,0,차대차 - 측면충돌,안전운전불이행,건조,맑음,단일로 - 기타,승용,여,41세,상해없음,승용,여,26세,경상
2017060800100274,2017년 6월 8일 13시,목요일,경상북도 김천시 지좌동,경상사고,0,0,1,0,차대차 - 측면충돌,안전운전불이행,건조,맑음,교차로 - 교차로부근,승용,여,53세,상해없음,이륜,남,75세,경상
2017060800100275,2017년 6월 8일 13시,목요일,경상북도 울진군 후포면,중상사고,0,1,0,0,차대차 - 추돌,안전거리미확보,건조,맑음,단일로 - 기타,이륜,남,57세,중상,승용,여,23세,상해없음
2017060800100299,2017년 6월 8일 14시,목요일,경상북도 경주시 동방동,중상사고,0,1,0,0,차대차 - 측면충돌,안전운전불이행,건조,맑음,단일로 - 기타,승용,남,23세,상해없음,승용,남,30세,중상
2017060800100300,2017년 6월 8일 14시,목요일,경상북도 상주시 낙동면,경상사고,0,0,2,0,차대차 - 추돌,안전운전불이행,건조,맑음,단일로 - 기타,화물,남,62세,상해없음,화물,남,64세,경상
2017060800100301,2017년 6월 8일 14시,목요일,경상북도 영주시 가흥동,경상사고,0,0,2,0,차대차 - 측면충돌,교차로운행방법위반,건조,맑음,교차로 - 교차로안,승용,남,18세,기타불명,승용,남,41세,경상
2017060800100302,2017년 6월 8일 14시,목요일,경상북도 포항시 남구 대도동,경상사고,0,0,1,0,차대차 - 측면충돌,안전운전불이행,건조,맑음,단일로 - 기타,화물,남,48세,상해없음,자전거,여,55세,경상
2017060800100333,2017년 6월 8일 15시,목요일,경상북도 영주시 하망동,경상사고,0,0,1,0,차대차 - 측면충돌,교차로운행방법위반,건조,맑음,교차로 - 교차로안,승용,여,37세,상해없음,화물,남,57세,경상
2017060800100334,2017년 6월 8일 15시,목요일,경상북도 구미시 송정동,경상사고,0,0,2,0,차대차 - 기타,안전운전불이행,건조,맑음,단일로 - 기타,승용,남,30세,상해없음,승용,여,39세,경상
2017060800100362,2017년 6월 8일 16시,목요일,경상북도 경주시 북군동,중상사고,0,1,0,0,차대차 - 측면충돌,신호위반,건조,맑음,단일로 - 기타,승용,여,52세,상해없음,원동기,남,65세,중상
2017060800100363,2017년 6월 8일 16시,목요일,경상북도 경주시 용강동,경상사고,0,0,1,0,차대차 - 측면충돌,안전운전불이행,건조,맑음,기타 - 기타,승용,여,60세,상해없음,승용,남,22세,경상
2017060800100364,2017년 6월 8일 16시,목요일,경상북도 경주시 황성동,경상사고,0,0,1,0,차대차 - 측면충돌,안전운전불이행,건조,맑음,교차로 - 교차로부근,승용,남,19세,상해없음,승용,여,35세,경상
2017060800100365,2017년 6월 8일 16시,목요일,경상북도 경산시 압량면,경상사고,0,0,1,0,차대사람 - 횡단중,신호위반,건조,맑음,교차로 - 교차로안,승용,여,58세,상해없음,보행자,남,7세,경상
2017060800100366,2017년 6월 8일 16시,목요일,경상북도 울진군 울진읍,경상사고,0,0,1,0,차대차 - 추돌,안전운전불이행,건조,맑음,교차로 - 교차로부근,승용,남,50세,상해없음,승용,남,37세,경상
2017060800100367,2017년 6월 8일 16시,목요일,경상북도 울릉군 울릉읍,경상사고,0,0,2,0,차량단독 - 전도전복,안전운전불이행,건조,맑음,단일로 - 기타,승용,남,52세,경상,미분류,미분류,미분류,미분류
2017060800100368,2017년 6월 8일 16시,목요일,경상북도 구미시 부곡동,경상사고,0,0,1,0,차대차 - 추돌,안전운전불이행,건조,맑음,교차로 - 교차로부근,화물,남,72세,상해없음,승용,여,57세,경상
2017060800100369,2017년 6월 8일 16시,목요일,경상북도 포항시 남구 연일읍,중상사고,0,1,0,0,차대차 - 기타,안전운전불이행,기타,맑음,단일로 - 교량,기타불명,기타불명,미분류,기타불명,자전거,남,63세,중상
2017060800100411,2017년 6월 8일 17시,목요일,경상북도 안동시 정하동,경상사고,0,0,1,0,차대차 - 추돌,안전거리미확보,건조,맑음,단일로 - 기타,화물,남,54세,상해없음,화물,남,42세,경상
2017060800100412,2017년 6월 8일 17시,목요일,경상북도 칠곡군 기산면,경상사고,0,0,3,0,차대차 - 측면충돌,안전운전불이행,건조,맑음,단일로 - 교량,화물,남,51세,상해없음,승용,남,34세,경상
2017060800100413,2017년 6월 8일 17시,목요일,경상북도 포항시 남구 대잠동,경상사고,0,0,1,0,차대차 - 측면충돌,직진우회전진행방해,건조,맑음,교차로 - 교차로안,승용,남,56세,상해없음,승용,남,30세,경상
2017060800100489,2017년 6월 8일 19시,목요일,경상북도 안동시 태화동,경상사고,0,0,1,0,차대사람 - 길가장자리구역통행중,안전운전불이행,건조,맑음,단일로 - 기타,자전거,여,10세,상해없음,보행자,여,56세,경상
2017060800100490,2017년 6월 8일 19시,목요일,경상북도 칠곡군 석적읍,경상사고,0,0,1,0,차대차 - 측면충돌,안전운전불이행,건조,맑음,교차로 - 교차로안,승용,여,31세,상해없음,승용,남,31세,경상
2017060800100513,2017년 6월 8일 20시,목요일,경상북도 영주시 하망동,경상사고,0,0,1,0,차대차 - 측면충돌,안전운전불이행,건조,맑음,교차로 - 교차로안,승용,남,78세,상해없음,이륜,남,17세,상해없음
2017060800100514,2017년 6월 8일 20시,목요일,경상북도 경산시 압량면,사망사고,1,0,0,0,차량단독 - 전도전복,안전운전불이행,건조,맑음,단일로 - 기타,이륜,남,56세,사망,미분류,미분류,미분류,미분류
2017060800100534,2017년 6월 8일 21시,목요일,경상북도 포항시 북구 죽도동,경상사고,0,0,1,0,차대차 - 측면충돌,안전운전불이행,건조,맑음,교차로 - 교차로안,승합,남,47세,상해없음,승용,남,26세,경상
2017060800100535,2017년 6월 8일 21시,목요일,경상북도 경산시 진량읍,중상사고,0,1,0,0,차대차 - 측면충돌,안전운전불이행,건조,맑음,단일로 - 기타,승용,남,61세,상해없음,승용,남,44세,중상
2017060800100536,2017년 6월 8일 21시,목요일,경상북도 울진군 후포면,중상사고,0,1,0,0,차대사람 - 횡단중,안전운전불이행,건조,맑음,단일로 - 기타,화물,남,37세,상해없음,보행자,여,78세,중상