사고번호,사고일시,요일,시군구,사고내용,사망자수,중상자수,경상자수,부상신고자수,사고유형,법규위반,노면상태,기상상태,도로형태,가해운전자 차종,가해운전자 성별,가해운전자 연령,가해운전자 상해정도,피해운전자 차종,피해운전자 성별,피해운전자 연령,피해운전자 상해정도
2017060800100537,2017년 6월 8일 21시,목요일,경상북도 구미시 황상동,경상사고,0,0,3,0,차대차 - 측면충돌,신호위반,건조,맑음,교차로 - 교차로부근,승용,남,21세,경상,승용,여,25세,경상
2017060900100041,2017년 6월 9일 01시,금요일,경상북도 안동시 동부동,경상사고,0,0,1,0,차대차 - 정면충돌,안전운전불이행,건조,맑음,교차로 - 교차로안,이륜,남,21세,경상,승용,남,33세,상해없음
2017060900100042,2017년 6월 9일 01시,금요일,경상북도 경주시 내남면,중상사고,0,1,0,0,차대차 - 추돌,안전운전불이행,건조,맑음,단일로 - 기타,화물,남,44세,상해없음,승용,여,28세,중상
2017060900100052,2017년 6월 9일 02시,금요일,경상북도 경산시 진량읍,중상사고,0,1,0,0,차대사람 - 기타,안전운전불이행,건조,맑음,단일로 - 기타,화물,남,61세,상해없음,보행자,남,40세,중상
2017060900100097,2017년 6월 9일 07시,금요일,경상북도 청도군 청도읍,중상사고,0,1,0,0,차대차 - 측면충돌,교차로운행방법위반,건조,맑음,교차로 - 교차로안,화물,남,35세,상해없음,이륜,남,16세,중상
2017060900100098,2017년 6월 9일 07시,금요일,경상북도 구미시 인의동,중상사고,0,1,0,0,차대차 - 측면충돌,교차로운행방법위반,건조,맑음,교차로 - 교차로안,승용,남,44세,상해없음,자전거,남,13세,중상
2017060900100136,2017년 6월 9일 08시,금요일,경상북도 구미시 도량동,중상사고,0,1,2,0,차대차 - 측면충돌,교차로운행방법위반,건조,맑음,교차로 - 교차로안,화물,남,69세,중상,화물,남,45세,경상
2017060900100164,2017년 6월 9일 09시,금요일,경상북도 군위군 의흥면,중상사고,0,1,0,0,차대차 - 측면충돌,안전운전불이행,건조,맑음,교차로 - 교차로안,화물,남,69세,상해없음,이륜,여,58세,중상
2017060900100221,2017년 6월 9일 11시,금요일,경상북도 영천시 임고면,경상사고,0,0,1,0,차대차 - 측면충돌,직진우회전진행방해,건조,맑음,교차로 - 교차로안,화물,남,64세,상해없음,화물,남,57세,경상
2017060900100246,2017년 6월 9일 12시,금요일,경상북도 포항시 남구 오천읍,경상사고,0,0,1,1,차대차 - 추돌,안전운전불이행,건조,맑음,단일로 - 기타,화물,남,59세,경상,특수,남,48세,부상신고
2017060900100271,2017년 6월 9일 13시,금요일,경상북도 영주시 가흥동,경상사고,0,0,1,0,차대차 - 측면충돌,안전운전불이행,건조,맑음,교차로 - 교차로안,승용,여,65세,상해없음,승용,남,75세,경상
2017060900100304,2017년 6월 9일 14시,금요일,경상북도 안동시 일직면,중상사고,0,5,0,0,차대차 - 정면충돌,중앙선침범,건조,맑음,단일로 - 기타,화물,남,58세,중상,승용,남,56세,중상
2017060900100305,2017년 6월 9일 14시,금요일,경상북도 영천시 작산동,경상사고,0,0,3,0,차대차 - 측면충돌,안전운전불이행,건조,맑음,교차로 - 교차로안,승용,남,41세,경상,승용,남,36세,경상
2017060900100335,2017년 6월 9일 15시,금요일,경상북도 경주시 성동동,경상사고,0,0,3,0,차대차 - 추돌,안전운전불이행,건조,맑음,단일로 - 기타,승용,남,47세,상해없음,승용,여,37세,경상
2017060900100336,2017년 6월 9일 15시,금요일,경상북도 김천시 신음동,중상사고,0,1,0,0,차대사람 - 횡단중,안전운전불이행,건조,맑음,단일로 - 기타,승용,남,56세,상해없음,보행자,남,12세,중상
2017060900100337,2017년 6월 9일 15시,금요일,경상북도 성주군 대가면,경상사고,0,0,2,0,차대차 - 측면충돌,안전운전불이행,건조,맑음,미분류 - 미분류,승용,여,46세,경상,승용,남,66세,경상
2017060900100338,2017년 6월 9일 15시,금요일,경상북도 포항시 남구 지곡동,중상사고,0,1,0,0,차대사람 - 기타,안전운전불이행,건조,맑음,기타 - 기타,승용,남,26세,상해없음,보행자,남,1세,중상
2017060900100339,2017년 6월 9일 15시,금요일,경상북도 포항시 남구 연일읍,경상사고,0,0,1,0,차대차 - 기타,중앙선침범,건조,맑음,단일로 - 기타,이륜,남,33세,경상,승용,남,55세,상해없음
2017060900100384,2017년 6월 9일 16시,금요일,경상북도 경주시 황성동,경상사고,0,0,1,0,차대차 - 측면충돌,안전운전불이행,건조,맑음,교차로 - 교차로부근,승용,여,32세,상해없음,자전거,남,12세,상해없음
2017060900100427,2017년 6월 9일 17시,금요일,경상북도 경주시 충효동,경상사고,0,0,1,0,차대차 - 측면충돌,안전운전불이행,건조,맑음,교차로 - 교차로안,자전거,남,14세,경상,자전거,남,12세,상해없음
2017060900100428,2017년 6월 9일 17시,금요일,경상북도 경주시 효현동,경상사고,0,0,1,0,차대차 - 추돌,안전운전불이행,건조,맑음,교차로 - 교차로부근,승용,남,77세,상해없음,승용,여,37세,경상
2017060900100429,2017년 6월 9일 17시,금요일,경상북도 포항시 북구 죽도동,경상사고,0,0,1,0,차량단독 - 전도전복,안전운전불이행,건조,맑음,단일로 - 기타,이륜,남,17세,경상,미분류,미분류,미분류,미분류
2017060900100430,2017년 6월 9일 17시,금요일,경상북도 상주시 함창읍,경상사고,0,0,1,0,차대사람 - 횡단중,안전운전불이행,건조,맑음,교차로 - 교차로안,승용,남,83세,상해없음,보행자,여,15세,경상
2017060900100431,2017년 6월 9일 17시,금요일,경상북도 구미시 신평동,경상사고,0,0,1,0,차대차 - 측면충돌,안전거리미확보,건조,맑음,단일로 - 기타,승용,여,50세,경상,승용,여,47세,상해없음
2017060900100471,2017년 6월 9일 18시,금요일,경상북도 울진군 북면,경상사고,0,0,1,0,차대차 - 측면충돌,안전운전불이행,건조,맑음,단일로 - 기타,승용,남,34세,상해없음,자전거,남,70세,경상
2017060900100472,2017년 6월 9일 18시,금요일,경상북도 포항시 남구 송도동,경상사고,0,0,2,0,차대차 - 추돌,안전운전불이행,건조,맑음,교차로 - 교차로부근,기타불명,기타불명,미분류,기타불명,승용,여,51세,경상
2017060900100506,2017년 6월 9일 19시,금요일,경상북도 영천시 완산동,경상사고,0,0,1,0,차대차 - 측면충돌,직진우회전진행방해,건조,맑음,교차로 - 교차로안,화물,남,59세,상해없음,자전거,여,78세,경상
2017060900100573,2017년 6월 9일 21시,금요일,경상북도 구미시 황상동,경상사고,0,0,1,0,차대사람 - 횡단중,안전운전불이행,건조,맑음,교차로 - 교차로부근,이륜,남,17세,상해없음,보행자,남,23세,경상
2017060900100597,2017년 6월 9일 22시,금요일,경상북도 구미시 고아읍,경상사고,0,0,3,0,차대차 - 정면충돌,안전운전불이행,건조,맑음,교차로 - 교차로부근,승용,여,48세,상해없음,승합,여,43세,경상
2017061000100029,2017년 6월 10일 00시,토요일,경상북도 구미시 인의동,부상신고사고,0,0,0,1,차대차 - 정면충돌,안전운전불이행,건조,맑음,교차로 - 교차로안,이륜,남,21세,부상신고,승용,남,32세,상해없음
2017061000100082,2017년 6월 10일 04시,토요일,경상북도 울진군 후포면,부상신고사고,0,0,0,1,차대차 - 추돌,안전운전불이행,건조,맑음,단일로 - 기타,화물,남,36세,부상신고,화물,남,61세,상해없음
2017061000100097,2017년 6월 10일 05시,토요일,경상북도 경주시 천북면,중상사고,0,1,0,0,차량단독 - 공작물충돌,안전운전불이행,건조,맑음,단일로 - 기타,승용,남,24세,중상,,,,
2017061000100098,2017년 6월 10일 05시,토요일,경상북도 경산시 진량읍,경상사고,0,0,1,0,차량단독 - 전도전복 - 전도,안전운전불이행,건조,맑음,교차로 - 교차로안,이륜,남,33세,경상,,,,
2017061000100099,2017년 6월 10일 05시,토요일,경상북도 포항시 남구 해도동,경상사고,0,0,1,0,차대차 - 측면충돌,안전운전불이행,건조,맑음,단일로 - 기타,승용,남,53세,상해없음,승합,남,30세,경상
2017061000100110,2017년 6월 10일 06시,토요일,경상북도 포항시 북구 죽도동,중상사고,0,1,0,0,차대사람 - 차도통행중,안전운전불이행,건조,맑음,단일로 - 기타,화물,남,31세,상해없음,보행자,남,26세,중상
2017061000100111,2017년 6월 10일 06시,토요일,경상북도 포항시 북구 청하면,경상사고,0,0,1,0,차대차 - 측면충돌,직진우회전진행방해,건조,맑음,교차로 - 교차로안,화물,남,57세,상해없음,농기계,남,64세,경상
2017061000100123,2017년 6월 10일 07시,토요일,경상북도 영주시 순흥면,중상사고,0,1,1,0,차대차 - 추돌,안전운전불이행,젖음/습기,비,단일로 - 기타,승용,남,61세,상해없음,화물,남,65세,경상
2017061000100142,2017년 6월 10일 08시,토요일,경상북도 포항시 북구 죽도동,중상사고,0,1,0,0,차대사람 - 길가장자리구역통행중,안전운전불이행,건조,맑음,단일로 - 기타,승용,여,72세,상해없음,보행자,남,71세,중상
2017061000100143,2017년 6월 10일 08시,토요일,경상북도 상주시 함창읍,경상사고,0,0,1,0,차대사람 - 차도통행중,안전운전불이행,건조,맑음,단일로 - 기타,화물,남,47세,상해없음,보행자,여,84세,경상
2017061000100144,2017년 6월 10일 08시,토요일,경상북도 경산시 삼북동,경상사고,0,0,1,0,차대차 - 기타,차로위반,건조,맑음,단일로 - 기타,자전거,남,87세,경상,승용,여,46세,상해없음
2017061000100174,2017년 6월 10일 09시,토요일,경상북도 경주시 천북면,중상사고,0,1,0,0,차대차 - 측면충돌,직진우회전진행방해,건조,맑음,교차로 - 교차로안,이륜,남,85세,중상,승용,여,44세,상해없음
2017061000100175,2017년 6월 10일 09시,토요일,경상북도 경산시 옥곡동,경상사고,0,0,1,0,차대차 - 측면충돌,안전운전불이행,건조,맑음,단일로 - 기타,승용,남,48세,상해없음,자전거,남,13세,경상
2017061000100201,2017년 6월 10일 10시,토요일,경상북도 경주시 서부동,경상사고,0,0,1,0,차대차 - 측면충돌,신호위반,건조,맑음,교차로 - 교차로안,자전거,남,85세,경상,승용,남,62세,상해없음
2017061000100202,2017년 6월 10일 10시,토요일,경상북도 경산시 압량면,중상사고,0,1,0,0,차대차 - 기타,안전운전불이행,건조,맑음,단일로 - 기타,화물,남,65세,상해없음,원동기,여,59세,중상
2017061000100203,2017년 6월 10일 10시,토요일,경상북도 포항시 남구 이동,경상사고,0,0,2,0,차대차 - 측면충돌,안전운전불이행,건조,맑음,단일로 - 기타,승용,남,65세,상해없음,화물,남,48세,경상
2017061000100239,2017년 6월 10일 11시,토요일,경상북도 경주시 안강읍,경상사고,0,0,1,0,차대차 - 측면충돌,안전운전불이행,건조,맑음,교차로 - 교차로부근,화물,남,61세,상해없음,승용,여,23세,경상
2017061000100240,2017년 6월 10일 11시,토요일,경상북도 칠곡군 동명면,중상사고,0,1,0,0,차대차 - 측면충돌,안전운전불이행,건조,맑음,단일로 - 기타,화물,남,46세,상해없음,화물,남,25세,중상
2017061000100241,2017년 6월 10일 11시,토요일,경상북도 경산시 옥곡동,경상사고,0,0,3,0,차대차 - 정면충돌,안전운전불이행,건조,맑음,단일로 - 기타,승용,남,28세,상해없음,승용,남,32세,경상
2017061000100242,2017년 6월 10일 11시,토요일,경상북도 영덕군 영해면,경상사고,0,0,2,0,차대차 - 측면충돌,안전운전불이행,건조,맑음,단일로 - 기타,승용,남,63세,경상,화물,남,67세,경상
2017061000100243,2017년 6월 10일 11시,토요일,경상북도 청도군 이서면,중상사고,0,2,1,0,차대차 - 기타,안전운전불이행,건조,맑음,단일로 - 기타,승용,남,67세,경상,승용,여,36세,중상
2017061000100280,2017년 6월 10일 12시,토요일,경상북도 포항시 북구 흥해읍,경상사고,0,0,1,0,차대차 - 기타,안전운전불이행,건조,맑음,단일로 - 기타,승용,남,24세,경상,승용,남,66세,상해없음
2017061000100281,2017년 6월 10일 12시,토요일,경상북도 포항시 북구 장성동,경상사고,0,0,1,0,차대차 - 측면충돌,차로위반,건조,맑음,단일로 - 기타,승용,여,48세,상해없음,승합,남,31세,경상
2017061000100320,2017년 6월 10일 13시,토요일,경상북도 김천시 평화동,경상사고,0,0,1,0,차대사람 - 횡단중,안전운전불이행,건조,맑음,단일로 - 기타,이륜,남,56세,상해없음,보행자,남,45세,경상
2017061000100321,2017년 6월 10일 13시,토요일,경상북도 김천시 신음동,중상사고,0,1,0,0,차대차 - 기타,기타,건조,맑음,단일로 - 기타,건설기계,남,44세,상해없음,승용,남,74세,중상
2017061000100322,2017년 6월 10일 13시,토요일,경상북도 경산시 용성면,사망사고,1,0,0,0,차량단독 - 전도전복 - 전도,안전운전불이행,건조,맑음,단일로 - 기타,이륜,남,32세,사망,,,,
2017061000100361,2017년 6월 10일 14시,토요일,경상북도 경주시 용강동,부상신고사고,0,0,0,1,차대차 - 측면충돌,차로위반,건조,맑음,단일로 - 기타,승용,남,30세,상해없음,이륜,남,17세,부상신고
2017061000100362,2017년 6월 10일 14시,토요일,경상북도 포항시 북구 양덕동,경상사고,0,0,1,0,차대차 - 측면충돌,중앙선침범,건조,맑음,교차로 - 교차로안,원동기,남,16세,경상,승용,남,37세,상해없음
2017061000100363,2017년 6월 10일 14시,토요일,경상북도 경산시 임당동,경상사고,0,0,1,0,차대사람 - 길가장자리구역통행중,안전운전불이행,건조,맑음,단일로 - 기타,화물,남,49세,상해없음,보행자,남,33세,경상
2017061000100364,2017년 6월 10일 14시,토요일,경상북도 영덕군 남정면,경상사고,0,0,4,0,차대차 - 추돌,안전거리미확보,건조,맑음,단일로 - 기타,화물,남,54세,상해없음,승용,남,41세,경상
2017061000100365,2017년 6월 10일 14시,토요일,경상북도 포항시 남구 구룡포읍,경상사고,0,0,3,0,차대차 - 측면충돌,중앙선침범,건조,맑음,단일로 - 기타,승용,남,46세,기타불명,승용,남,66세,상해없음
2017061000100420,2017년 6월 10일 16시,토요일,경상북도 영주시 영주동,중상사고,0,1,0,0,차대차 - 측면충돌,안전운전불이행,건조,맑음,교차로 - 교차로부근,승용,남,72세,상해없음,자전거,남,77세,중상
2017061000100460,2017년 6월 10일 17시,토요일,경상북도 영천시 망정동,경상사고,0,0,1,0,차대차 - 후진중충돌,안전운전불이행,건조,맑음,단일로 - 기타,승용,남,51세,상해없음,자전거,남,5세,경상
2017061000100461,2017년 6월 10일 17시,토요일,경상북도 문경시 흥덕동,중상사고,0,1,0,0,차대사람 - 횡단중,안전운전불이행,건조,맑음,단일로 - 기타,화물,남,59세,상해없음,보행자,남,6세,중상
2017061000100462,2017년 6월 10일 17시,토요일,경상북도 포항시 남구 오천읍,중상사고,0,1,0,0,차대차 - 기타,교차로운행방법위반,건조,맑음,교차로 - 교차로부근,승용,남,39세,상해없음,자전거,남,36세,중상
2017061000100523,2017년 6월 10일 19시,토요일,경상북도 포항시 남구 연일읍,중상사고,0,2,0,0,차대차 - 측면충돌,중앙선침범,건조,흐림,단일로 - 기타,자전거,남,77세,중상,승용,여,62세,중상
2017061000100549,2017년 6월 10일 20시,토요일,경상북도 영천시 완산동,경상사고,0,0,1,0,차대차 - 측면충돌,중앙선침범,건조,맑음,교차로 - 교차로부근,승용,여,41세,상해없음,이륜,남,34세,경상
2017061000100550,2017년 6월 10일 20시,토요일,경상북도 구미시 형곡동,경상사고,0,0,1,0,차대차 - 정면충돌,중앙선침범,건조,맑음,단일로 - 기타,승용,여,47세,상해없음,승용,남,26세,경상
2017061000100551,2017년 6월 10일 20시,토요일,경상북도 영천시 매산동,중상사고,0,4,0,0,차대차 - 측면충돌,과속,건조,맑음,단일로 - 기타,승용,남,26세,상해없음,승용,남,27세,중상
2017061000100582,2017년 6월 10일 21시,토요일,경상북도 경산시 삼북동,중상사고,0,1,0,0,차대차 - 정면충돌,안전운전불이행,건조,맑음,단일로 - 기타,화물,남,50세,상해없음,이륜,남,27세,중상
2017061000100583,2017년 6월 10일 21시,토요일,경상북도 구미시 봉곡동,중상사고,0,2,0,0,차대차 - 측면충돌,안전운전불이행,건조,맑음,교차로 - 교차로안,이륜,남,36세,중상,승용,여,28세,중상
2017061000100584,2017년 6월 10일 21시,토요일,경상북도 포항시 남구 오천읍,경상사고,0,0,1,0,차대차 - 추돌,안전운전불이행,건조,맑음,단일로 - 기타,승용,남,40세,상해없음,승용,여,37세,경상
2017061000100631,2017년 6월 10일 23시,토요일,경상북도 영천시 북안면,사망사고,1,0,0,0,차대사람 - 횡단중,안전운전불이행,건조,맑음,단일로 - 기타,승용,여,60세,상해없음,보행자,남,21세,사망
2017061100100024,2017년 6월 11일 00시,일요일,경상북도 청송군 파천면,경상사고,0,0,1,0,차대차 - 추돌,안전운전불이행,건조,맑음,단일로 - 기타,승용,여,41세,상해없음,특수,남,50세,경상
2017061100100042,2017년 6월 11일 01시,일요일,경상북도 문경시 농암면,중상사고,0,1,0,0,차대차 - 추돌,안전운전불이행,건조,맑음,단일로 - 기타,화물,남,51세,상해없음,화물,남,41세,중상
2017061100100060,2017년 6월 11일 02시,일요일,경상북도 구미시 진평동,경상사고,0,0,1,0,차대차 - 측면충돌,안전거리미확보,건조,맑음,단일로 - 기타,승용,남,35세,상해없음,이륜,남,17세,경상
2017061100100061,2017년 6월 11일 02시,일요일,경상북도 포항시 남구 해도동,경상사고,0,0,3,0,차대차 - 기타,차로위반,건조,맑음,단일로 - 기타,승용,여,47세,상해없음,승용,남,45세,경상
2017061100100121,2017년 6월 11일 07시,일요일,경상북도 김천시 개령면,중상사고,0,1,1,0,차대차 - 측면충돌,안전운전불이행,건조,맑음,단일로 - 기타,화물,남,76세,상해없음,승용,남,59세,중상
2017061100100122,2017년 6월 11일 07시,일요일,경상북도 상주시 낙양동,사망사고,1,0,0,0,차대차 - 측면충돌,신호위반,건조,맑음,교차로 - 교차로안,화물,남,61세,사망,승용,남,61세,상해없음
2017061100100139,2017년 6월 11일 08시,일요일,경상북도 구미시 고아읍,중상사고,0,1,1,0,차대차 - 정면충돌,신호위반,건조,맑음,교차로 - 교차로안,승용,남,61세,상해없음,화물,남,58세,경상
2017061100100165,2017년 6월 11일 09시,일요일,경상북도 의성군 금성면,중상사고,0,2,0,0,차대차 - 정면충돌,중앙선침범,건조,맑음,단일로 - 기타,화물,남,65세,중상,승용,여,60세,중상
2017061100100166,2017년 6월 11일 09시,일요일,경상북도 봉화군 춘양면,중상사고,0,1,0,0,차대차 - 정면충돌,교차로운행방법위반,건조,맑음,교차로 - 교차로안,이륜,남,88세,중상,승용,여,54세,상해없음
2017061100100167,2017년 6월 11일 09시,일요일,경상북도 구미시 인의동,경상사고,0,0,1,0,차대차 - 기타,기타,건조,맑음,교차로 - 교차로부근,승용,남,53세,상해없음,이륜,남,39세,경상
2017061100100200,2017년 6월 11일 11시,일요일,경상북도 포항시 북구 흥해읍,경상사고,0,0,1,0,차대차 - 측면충돌,직진우회전진행방해,건조,맑음,교차로 - 교차로안,화물,남,33세,상해없음,승용,남,43세,경상
2017061100100201,2017년 6월 11일 11시,일요일,경상북도 포항시 북구 학잠동,경상사고,0,0,1,0,차대사람 - 길가장자리구역통행중,안전운전불이행,건조,맑음,단일로 - 기타,승용,남,52세,상해없음,보행자,여,74세,경상
2017061100100202,2017년 6월 11일 11시,일요일,경상북도 칠곡군 왜관읍,경상사고,0,0,1,1,차대차 - 측면충돌,안전운전불이행,건조,맑음,교차로 - 교차로안,이륜,남,17세,경상,승용,남,26세,상해없음
2017061100100245,2017년 6월 11일 13시,일요일,경상북도 영주시 영주동,경상사고,0,0,1,0,차대차 - 후진중충돌,안전운전불이행,건조,맑음,단일로 - 기타,승용,남,55세,상해없음,승용,남,60세,경상
2017061100100246,2017년 6월 11일 13시,일요일,경상북도 성주군 금수면,경상사고,0,0,1,0,차량단독 - 전도전복 - 전도,안전운전불이행,건조,맑음,미분류 - 미분류,이륜,남,46세,경상,,,,
2017061100100280,2017년 6월 11일 14시,일요일,경상북도 예천군 예천읍,중상사고,0,1,0,0,차대차 - 측면충돌,직진우회전진행방해,건조,맑음,교차로 - 교차로안,승용,남,40세,상해없음,이륜,남,75세,중상
2017061100100309,2017년 6월 11일 15시,일요일,경상북도 포항시 북구 죽도동,경상사고,0,0,1,0,차대사람 - 차도통행중,안전운전불이행,건조,맑음,단일로 - 기타,승용,여,45세,상해없음,보행자,여,71세,경상
2017061100100310,2017년 6월 11일 15시,일요일,경상북도 포항시 남구 해도동,경상사고,0,0,2,0,차대차 - 측면충돌,안전운전불이행,건조,맑음,단일로 - 기타,승용,남,66세,상해없음,승용,남,39세,경상
2017061100100345,2017년 6월 11일 16시,일요일,경상북도 영덕군 영해면,중상사고,0,1,0,0,차대차 - 측면충돌,기타,건조,맑음,교차로 - 교차로안,승용,남,67세,상해없음,자전거,여,21세,중상
2017061100100381,2017년 6월 11일 17시,일요일,경상북도 포항시 북구 대신동,경상사고,0,0,3,0,차대차 - 추돌,안전거리미확보,건조,맑음,단일로 - 기타,승용,남,65세,상해없음,승용,남,53세,상해없음
2017061100100382,2017년 6월 11일 17시,일요일,경상북도 경산시 계양동,경상사고,0,0,1,0,차대차 - 기타,안전운전불이행,건조,맑음,교차로 - 교차로부근,이륜,남,43세,상해없음,승용,남,26세,경상
2017061100100383,2017년 6월 11일 17시,일요일,경상북도 구미시 임은동,경상사고,0,0,1,0,차대사람 - 횡단중,기타,건조,맑음,단일로 - 기타,승합,남,44세,상해없음,보행자,남,18세,경상
2017061100100446,2017년 6월 11일 19시,일요일,경상북도 포항시 북구 용흥동,경상사고,0,0,2,0,차대차 - 측면충돌,안전거리미확보,건조,맑음,단일로 - 기타,승용,남,28세,상해없음,승용,여,27세,경상
2017061100100447,2017년 6월 11일 19시,일요일,경상북도 구미시 송정동,중상사고,0,1,0,0,차대사람 - 횡단중,보행자보호의무위반,건조,맑음,교차로 - 교차로부근,승용,여,27세,상해없음,보행자,여,74세,중상
2017061100100473,2017년 6월 11일 20시,일요일,경상북도 김천시 부곡동,경상사고,0,0,1,0,차대사람 - 차도통행중,안전운전불이행,건조,맑음,단일로 - 기타,승용,남,69세,상해없음,보행자,여,3세,경상
2017061100100474,2017년 6월 11일 20시,일요일,경상북도 김천시 평화동,경상사고,0,0,1,0,차대차 - 측면충돌,안전운전불이행,건조,맑음,교차로 - 교차로안,승용,남,68세,상해없음,화물,남,55세,경상
2017061100100475,2017년 6월 11일 20시,일요일,경상북도 의성군 안평면,중상사고,0,2,1,0,차대차 - 추돌,안전운전불이행,건조,맑음,단일로 - 기타,자전거,남,46세,중상,화물,남,63세,경상
2017061100100476,2017년 6월 11일 20시,일요일,경상북도 영천시 도동,경상사고,0,0,4,0,차대차 - 측면충돌,직진우회전진행방해,건조,맑음,교차로 - 교차로안,승용,여,61세,경상,승용,남,44세,경상
2017061100100499,2017년 6월 11일 21시,일요일,경상북도 경주시 성건동,중상사고,0,1,0,0,차대차 - 측면충돌,안전운전불이행,건조,맑음,교차로 - 교차로부근,기타불명,기타불명,미분류,기타불명,자전거,여,74세,중상
2017061100100500,2017년 6월 11일 21시,일요일,경상북도 칠곡군 북삼읍,중상사고,0,1,2,0,차대차 - 측면충돌,중앙선침범,건조,맑음,단일로 - 기타,승용,여,42세,상해없음,승용,여,43세,경상
2017061100100516,2017년 6월 11일 22시,일요일,경상북도 포항시 남구 연일읍,경상사고,0,0,4,0,차대차 - 추돌,안전운전불이행,건조,맑음,단일로 - 기타,승용,남,58세,상해없음,승용,여,36세,경상
2017061100100517,2017년 6월 11일 22시,일요일,경상북도 포항시 남구 해도동,경상사고,0,0,2,0,차대차 - 정면충돌,안전운전불이행,건조,맑음,단일로 - 기타,자전거,남,35세,경상,이륜,여,26세,경상
2017061200100069,2017년 6월 12일 06시,월요일,경상북도 경산시 대동,부상신고사고,0,0,0,1,차대차 - 기타,안전운전불이행,건조,맑음,단일로 - 기타,승합,남,66세,상해없음,승합,남,56세,부상신고
2017061200100088,2017년 6월 12일 07시,월요일,경상북도 경주시 황성동,중상사고,0,1,0,0,차대차 - 측면충돌,중앙선침범,건조,맑음,단일로 - 기타,자전거,여,66세,중상,승용,여,60세,상해없음
2017061200100089,2017년 6월 12일 07시,월요일,경상북도 영주시 상망동,중상사고,0,1,1,0,차대차 - 추돌,안전운전불이행,건조,맑음,교차로 - 교차로부근,화물,남,72세,상해없음,승용,여,62세,경상
2017061200100090,2017년 6월 12일 07시,월요일,경상북도 칠곡군 왜관읍,경상사고,0,0,2,0,차대차 - 기타,안전운전불이행,건조,맑음,단일로 - 기타,승용,남,59세,상해없음,승용,여,51세,경상
2017061200100091,2017년 6월 12일 07시,월요일,경상북도 고령군 쌍림면,경상사고,0,0,1,0,차대차 - 측면충돌,교차로운행방법위반,건조,맑음,교차로 - 교차로안,승용,남,48세,경상,건설기계,남,58세,상해없음
2017061200100134,2017년 6월 12일 08시,월요일,경상북도 구미시 공단동,경상사고,0,0,1,0,차대차 - 측면충돌,신호위반,건조,맑음,교차로 - 교차로안,승용,남,25세,상해없음,승용,남,39세,경상
2017061200100135,2017년 6월 12일 08시,월요일,경상북도 포항시 남구 구룡포읍,경상사고,0,0,1,0,차대차 - 기타,안전운전불이행,건조,맑음,교차로 - 교차로안,승용,남,54세,상해없음,승용,여,50세,경상
2017061200100166,2017년 6월 12일 09시,월요일,경상북도 포항시 북구 기계면,경상사고,0,0,1,0,차대차 - 측면충돌,직진우회전진행방해,건조,맑음,교차로 - 교차로안,사륜오토바이(ATV),남,62세,경상,승용,여,35세,상해없음
2017061200100200,2017년 6월 12일 10시,월요일,경상북도 봉화군 봉화읍,경상사고,0,0,1,0,차대사람 - 횡단중,안전운전불이행,건조,맑음,단일로 - 기타,승용,남,58세,상해없음,보행자,남,81세,경상
2017061200100201,2017년 6월 12일 10시,월요일,경상북도 포항시 남구 송도동,중상사고,0,2,0,0,차대차 - 기타,과속,건조,맑음,교차로 - 교차로안,승용,남,62세,중상,승용,여,57세,중상
2017061200100232,2017년 6월 12일 11시,월요일,경상북도 구미시 고아읍,부상신고사고,0,0,0,1,차대차 - 기타,안전운전불이행,건조,맑음,교차로 - 교차로부근,이륜,남,45세,부상신고,승용,여,48세,상해없음
2017061200100233,2017년 6월 12일 11시,월요일,경상북도 포항시 남구 연일읍,중상사고,0,1,1,0,차대차 - 기타,신호위반,건조,맑음,교차로 - 교차로안,승용,남,57세,상해없음,이륜,남,73세,경상
2017061200100252,2017년 6월 12일 12시,월요일,경상북도 고령군 다산면,경상사고,0,0,2,0,차대차 - 추돌,안전운전불이행,건조,맑음,교차로 - 교차로안,화물,남,50세,기타불명,화물,여,44세,경상
2017061200100287,2017년 6월 12일 13시,월요일,경상북도 칠곡군 기산면,부상신고사고,0,0,0,1,차대차 - 측면충돌,안전운전불이행,건조,맑음,교차로 - 교차로안,원동기,남,47세,부상신고,화물,남,70세,상해없음
2017061200100322,2017년 6월 12일 14시,월요일,경상북도 문경시 점촌동,중상사고,0,1,0,0,차대차 - 측면충돌,직진우회전진행방해,건조,맑음,교차로 - 교차로안,이륜,여,69세,중상,승용,여,43세,상해없음
2017061200100323,2017년 6월 12일 14시,월요일,경상북도 성주군 초전면,중상사고,0,1,0,0,차대차 - 측면충돌,안전운전불이행,건조,맑음,단일로 - 기타,사륜오토바이(ATV),남,88세,중상,화물,남,44세,상해없음
2017061200100324,2017년 6월 12일 14시,월요일,경상북도 청송군 청송읍,중상사고,0,2,2,0,차대차 - 정면충돌,중앙선침범,건조,맑음,단일로 - 기타,승용,남,74세,상해없음,승용,남,56세,경상
2017061200100361,2017년 6월 12일 15시,월요일,경상북도 포항시 북구 여천동,경상사고,0,0,1,0,차대차 - 측면충돌,안전운전불이행,건조,맑음,단일로 - 기타,승용,여,68세,상해없음,이륜,남,21세,경상
2017061200100362,2017년 6월 12일 15시,월요일,경상북도 포항시 북구 흥해읍,경상사고,0,0,1,0,차대사람 - 보도통행중,기타,건조,맑음,단일로 - 기타,자전거,남,9세,상해없음,보행자,남,90세 이상,경상