사고번호,사고일시,요일,시군구,사고내용,사망자수,중상자수,경상자수,부상신고자수,사고유형,법규위반,노면상태,기상상태,도로형태,가해운전자 차종,가해운전자 성별,가해운전자 연령,가해운전자 상해정도,피해운전자 차종,피해운전자 성별,피해운전자 연령,피해운전자 상해정도
2017061200100363,2017년 6월 12일 15시,월요일,경상북도 문경시 산양면,중상사고,0,1,0,0,차대차 - 추돌,안전거리미확보,건조,맑음,단일로 - 기타,건설기계,남,49세,상해없음,사륜오토바이(ATV),여,59세,중상
2017061200100364,2017년 6월 12일 15시,월요일,경상북도 봉화군 봉화읍,경상사고,0,0,1,0,차대차 - 측면충돌,교차로운행방법위반,건조,맑음,교차로 - 교차로안,화물,남,41세,상해없음,화물,남,55세,경상
2017061200100365,2017년 6월 12일 15시,월요일,경상북도 성주군 초전면,중상사고,0,1,1,0,차대차 - 측면충돌,중앙선침범,건조,맑음,미분류 - 미분류,화물,남,72세,상해없음,화물,남,29세,경상
2017061200100366,2017년 6월 12일 15시,월요일,경상북도 포항시 남구 대도동,경상사고,0,0,1,0,차량단독 - 기타,안전운전불이행,건조,맑음,교차로 - 교차로안,승용,남,61세,상해없음,,,,
2017061200100403,2017년 6월 12일 16시,월요일,경상북도 문경시 흥덕동,경상사고,0,0,1,0,차대차 - 기타,안전운전불이행,건조,맑음,단일로 - 기타,승용,남,62세,상해없음,승용,남,64세,경상
2017061200100404,2017년 6월 12일 16시,월요일,경상북도 구미시 도량동,부상신고사고,0,0,0,1,차대차 - 기타,중앙선침범,건조,맑음,단일로 - 기타,이륜,남,66세,부상신고,화물,남,74세,상해없음
2017061200100405,2017년 6월 12일 16시,월요일,경상북도 구미시 진평동,경상사고,0,0,1,0,차대차 - 측면충돌,교차로운행방법위반,건조,맑음,교차로 - 교차로안,승용,여,33세,상해없음,자전거,남,14세,경상
2017061200100406,2017년 6월 12일 16시,월요일,경상북도 포항시 남구 연일읍,중상사고,0,1,0,0,차대차 - 측면충돌,안전운전불이행,건조,맑음,단일로 - 기타,이륜,남,62세,상해없음,승용,남,45세,중상
2017061200100435,2017년 6월 12일 17시,월요일,경상북도 상주시 서문동,경상사고,0,0,1,0,차대차 - 측면충돌,안전운전불이행,건조,맑음,교차로 - 교차로안,자전거,남,52세,경상,화물,남,60세,상해없음
2017061200100436,2017년 6월 12일 17시,월요일,경상북도 영덕군 축산면,경상사고,0,0,2,0,차대차 - 정면충돌,교차로운행방법위반,건조,맑음,교차로 - 교차로안,승용,남,49세,경상,승용,남,39세,경상
2017061200100472,2017년 6월 12일 18시,월요일,경상북도 경주시 안강읍,중상사고,0,1,0,0,차대차 - 측면충돌,신호위반,건조,맑음,교차로 - 교차로안,화물,남,74세,상해없음,이륜,남,68세,중상
2017061200100473,2017년 6월 12일 18시,월요일,경상북도 성주군 성주읍,경상사고,0,0,4,0,차대차 - 측면충돌,안전운전불이행,건조,맑음,단일로 - 기타,승용,남,59세,상해없음,승용,남,28세,경상
2017061200100515,2017년 6월 12일 20시,월요일,경상북도 포항시 북구 두호동,중상사고,0,1,0,0,차대사람 - 길가장자리구역통행중,안전운전불이행,건조,맑음,기타 - 기타,승용,여,45세,상해없음,보행자,여,60세,중상
2017061200100516,2017년 6월 12일 20시,월요일,경상북도 안동시 태화동,경상사고,0,0,1,0,차대사람 - 기타,보행자보호의무위반,건조,맑음,단일로 - 기타,화물,남,74세,상해없음,보행자,남,54세,경상
2017061200100517,2017년 6월 12일 20시,월요일,경상북도 김천시 신음동,경상사고,0,0,1,0,차대차 - 측면충돌,차로위반,젖음/습기,비,교차로 - 교차로안,승용,여,26세,상해없음,이륜,남,18세,경상
2017061200100518,2017년 6월 12일 20시,월요일,경상북도 영주시 하망동,경상사고,0,0,1,0,차대차 - 측면충돌,중앙선침범,건조,맑음,단일로 - 기타,승용,남,63세,상해없음,승용,여,39세,경상
2017061200100519,2017년 6월 12일 20시,월요일,경상북도 문경시 모전동,경상사고,0,0,1,0,차대차 - 측면충돌,안전운전불이행,건조,맑음,교차로 - 교차로안,승용,남,27세,상해없음,자전거,남,90세 이상,경상
2017061200100549,2017년 6월 12일 21시,월요일,경상북도 상주시 서문동,경상사고,0,0,1,0,차대차 - 측면충돌,안전운전불이행,건조,맑음,교차로 - 교차로부근,승용,남,62세,상해없음,승용,남,41세,경상
2017061200100569,2017년 6월 12일 22시,월요일,경상북도 경주시 황성동,경상사고,0,0,1,0,차량단독 - 전도전복,안전운전불이행,건조,맑음,단일로 - 기타,승용,남,62세,상해없음,미분류,미분류,미분류,미분류
2017061200100570,2017년 6월 12일 22시,월요일,경상북도 포항시 북구 양덕동,경상사고,0,0,1,0,차량단독 - 전도전복,안전운전불이행,건조,맑음,단일로 - 기타,화물,남,61세,경상,미분류,미분류,미분류,미분류
2017061200100571,2017년 6월 12일 22시,월요일,경상북도 구미시 인의동,경상사고,0,0,1,0,차대사람 - 횡단중,안전운전불이행,건조,맑음,기타 - 기타,승용,남,30세,상해없음,보행자,남,53세,경상
2017061200100585,2017년 6월 12일 23시,월요일,경상북도 영양군 영양읍,중상사고,0,1,0,0,차량단독 - 도로외이탈 - 추락,안전운전불이행,건조,맑음,단일로 - 기타,승용,남,33세,중상,,,,
2017061300100026,2017년 6월 13일 00시,화요일,경상북도 포항시 북구 장성동,중상사고,0,1,0,0,차대차 - 측면충돌,중앙선침범,건조,맑음,단일로 - 기타,승용,남,44세,상해없음,승용,남,32세,중상
2017061300100027,2017년 6월 13일 00시,화요일,경상북도 성주군 월항면,중상사고,0,1,1,0,차대차 - 측면충돌,신호위반,건조,맑음,교차로 - 교차로안,화물,남,67세,중상,특수,남,53세,경상
2017061300100053,2017년 6월 13일 05시,화요일,경상북도 군위군 우보면,사망사고,1,0,0,0,차대사람 - 횡단중,중앙선침범,건조,맑음,단일로 - 기타,화물,남,78세,상해없음,보행자,남,77세,사망
2017061300100059,2017년 6월 13일 06시,화요일,경상북도 포항시 북구 송라면,중상사고,0,1,0,0,차대차 - 측면충돌,안전운전불이행,건조,맑음,교차로 - 교차로안,승합,남,63세,상해없음,화물,남,55세,중상
2017061300100060,2017년 6월 13일 06시,화요일,경상북도 영천시 신령면,중상사고,0,1,0,0,차대차 - 측면충돌,안전운전불이행,건조,맑음,교차로 - 교차로안,화물,남,60세,상해없음,원동기,여,60세,중상
2017061300100061,2017년 6월 13일 06시,화요일,경상북도 구미시 옥계동,부상신고사고,0,0,0,1,차량단독 - 전도전복,안전운전불이행,건조,맑음,단일로 - 기타,이륜,남,34세,부상신고,미분류,미분류,미분류,미분류
2017061300100082,2017년 6월 13일 07시,화요일,경상북도 칠곡군 가산면,경상사고,0,0,1,0,차대차 - 추돌,안전운전불이행,건조,맑음,교차로 - 교차로부근,화물,남,56세,상해없음,승용,남,39세,경상
2017061300100116,2017년 6월 13일 08시,화요일,경상북도 경주시 현곡면,경상사고,0,0,1,0,차대차 - 기타,안전운전불이행,건조,맑음,교차로 - 교차로부근,승용,여,48세,상해없음,자전거,여,44세,경상
2017061300100117,2017년 6월 13일 08시,화요일,경상북도 경주시 황성동,중상사고,0,1,0,0,차대차 - 추돌,안전운전불이행,건조,맑음,교차로 - 교차로부근,승용,남,39세,상해없음,승용,여,39세,중상
2017061300100118,2017년 6월 13일 08시,화요일,경상북도 상주시 신봉동,중상사고,0,1,0,0,차대사람 - 횡단중,보행자보호의무위반,건조,맑음,교차로 - 교차로횡단보도내,승용,여,39세,상해없음,보행자,여,58세,중상
2017061300100119,2017년 6월 13일 08시,화요일,경상북도 구미시 원평동,경상사고,0,0,3,0,차대차 - 정면충돌,신호위반,건조,맑음,교차로 - 교차로안,승용,남,84세,상해없음,승용,여,40세,경상
2017061300100186,2017년 6월 13일 10시,화요일,경상북도 구미시 산동면,경상사고,0,0,2,0,차대차 - 측면충돌,교차로운행방법위반,건조,맑음,교차로 - 교차로안,화물,남,55세,상해없음,화물,남,61세,경상
2017061300100231,2017년 6월 13일 12시,화요일,경상북도 경주시 동부동,중상사고,0,1,0,0,차대차 - 기타,안전운전불이행,건조,맑음,단일로 - 기타,승용,남,68세,상해없음,승합,남,46세,상해없음
2017061300100254,2017년 6월 13일 13시,화요일,경상북도 경주시 외동읍,중상사고,0,4,0,0,차대차 - 정면충돌,안전운전불이행,건조,맑음,단일로 - 기타,화물,남,62세,상해없음,승용,남,40세,중상
2017061300100255,2017년 6월 13일 13시,화요일,경상북도 경주시 충효동,경상사고,0,0,1,0,차량단독 - 기타,안전운전불이행,건조,맑음,교차로 - 교차로부근,승합,남,50세,상해없음,,,,
2017061300100256,2017년 6월 13일 13시,화요일,경상북도 문경시 점촌동,중상사고,0,2,0,0,차대차 - 측면충돌,직진우회전진행방해,건조,맑음,교차로 - 교차로안,승용,여,74세,상해없음,이륜,남,73세,중상
2017061300100257,2017년 6월 13일 13시,화요일,경상북도 포항시 남구 대잠동,중상사고,0,1,3,0,차대차 - 추돌,안전운전불이행,건조,맑음,단일로 - 기타,승용,남,65세,상해없음,승용,남,44세,경상
2017061300100287,2017년 6월 13일 14시,화요일,경상북도 포항시 북구 죽도동,경상사고,0,0,2,0,차대차 - 측면충돌,안전거리미확보,건조,맑음,단일로 - 기타,화물,남,37세,상해없음,승용,남,48세,상해없음
2017061300100288,2017년 6월 13일 14시,화요일,경상북도 구미시 원평동,경상사고,0,0,2,0,차대차 - 추돌,안전운전불이행,건조,맑음,교차로 - 교차로안,화물,남,34세,상해없음,화물,남,54세,경상
2017061300100289,2017년 6월 13일 14시,화요일,경상북도 구미시 고아읍,부상신고사고,0,0,0,1,차대차 - 기타,안전운전불이행,건조,맑음,교차로 - 교차로안,이륜,남,73세,부상신고,화물,남,37세,상해없음
2017061300100290,2017년 6월 13일 14시,화요일,경상북도 포항시 남구 효자동,경상사고,0,0,2,0,차대차 - 추돌,안전운전불이행,건조,맑음,교차로 - 교차로안,승용,여,34세,경상,승용,남,54세,경상
2017061300100322,2017년 6월 13일 15시,화요일,경상북도 경주시 황오동,경상사고,0,0,1,0,차대차 - 측면충돌,안전운전불이행,건조,맑음,단일로 - 기타,승용,남,50세,상해없음,이륜,남,79세,경상
2017061300100323,2017년 6월 13일 15시,화요일,경상북도 포항시 북구 창포동,경상사고,0,0,1,0,차대차 - 추돌,교차로운행방법위반,건조,맑음,단일로 - 기타,이륜,남,37세,경상,승용,남,28세,상해없음
2017061300100324,2017년 6월 13일 15시,화요일,경상북도 문경시 점촌동,경상사고,0,0,1,0,차대차 - 측면충돌,안전운전불이행,건조,맑음,교차로 - 교차로횡단보도내,승용,남,52세,상해없음,자전거,남,65세,경상
2017061300100325,2017년 6월 13일 15시,화요일,경상북도 경산시 진량읍,중상사고,0,1,0,0,차대사람 - 횡단중,안전운전불이행,건조,맑음,단일로 - 기타,승용,여,46세,상해없음,보행자,남,80세,중상
2017061300100358,2017년 6월 13일 16시,화요일,경상북도 포항시 북구 동빈1가,경상사고,0,0,1,0,차대차 - 측면충돌,안전운전불이행,건조,맑음,단일로 - 기타,승용,여,67세,상해없음,승용,남,70세,경상
2017061300100359,2017년 6월 13일 16시,화요일,경상북도 안동시 풍산읍,경상사고,0,0,2,0,차대차 - 추돌,안전거리미확보,건조,맑음,단일로 - 기타,화물,남,34세,상해없음,승용,남,62세,상해없음
2017061300100360,2017년 6월 13일 16시,화요일,경상북도 영천시 북안면,중상사고,0,1,0,0,차대차 - 측면충돌,안전운전불이행,건조,맑음,단일로 - 기타,화물,남,52세,상해없음,이륜,남,77세,중상
2017061300100361,2017년 6월 13일 16시,화요일,경상북도 구미시 봉곡동,부상신고사고,0,0,0,1,차대차 - 정면충돌,안전운전불이행,건조,맑음,교차로 - 교차로부근,이륜,남,29세,부상신고,승용,남,68세,상해없음
2017061300100410,2017년 6월 13일 17시,화요일,경상북도 울진군 북면,중상사고,0,1,0,0,차대차 - 기타,교차로운행방법위반,젖음/습기,흐림,교차로 - 교차로안,승용,남,37세,상해없음,이륜,남,56세,중상
2017061300100453,2017년 6월 13일 18시,화요일,경상북도 경주시 안강읍,경상사고,0,0,1,0,차대차 - 측면충돌,안전운전불이행,건조,맑음,단일로 - 기타,승용,여,21세,상해없음,승용,남,66세,경상
2017061300100454,2017년 6월 13일 18시,화요일,경상북도 봉화군 소천면,경상사고,0,0,1,0,차량단독 - 전도전복 - 전복,안전운전불이행,건조,맑음,단일로 - 기타,승용,여,33세,상해없음,,,,
2017061300100455,2017년 6월 13일 18시,화요일,경상북도 구미시 오태동,경상사고,0,0,1,0,차량단독 - 전도전복,안전운전불이행,젖음/습기,비,단일로 - 기타,이륜,남,45세,경상,미분류,미분류,미분류,미분류
2017061300100456,2017년 6월 13일 18시,화요일,경상북도 구미시 원평동,사망사고,1,0,0,0,차대차 - 측면충돌,중앙선침범,젖음/습기,비,단일로 - 기타,이륜,남,55세,사망,승용,남,52세,상해없음
2017061300100457,2017년 6월 13일 18시,화요일,경상북도 김천시 삼락동,경상사고,0,0,1,0,차량단독 - 기타,기타,건조,맑음,단일로 - 기타,승합,남,54세,상해없음,,,,
2017061300100495,2017년 6월 13일 19시,화요일,경상북도 포항시 북구 우현동,경상사고,0,0,2,0,차대차 - 측면충돌,교차로운행방법위반,건조,맑음,교차로 - 교차로안,승용,여,42세,상해없음,승용,남,75세,경상
2017061300100496,2017년 6월 13일 19시,화요일,경상북도 영주시 상망동,부상신고사고,0,0,0,1,차대사람 - 횡단중,안전운전불이행,젖음/습기,비,단일로 - 기타,승용,남,45세,상해없음,보행자,남,13세,부상신고
2017061300100497,2017년 6월 13일 19시,화요일,경상북도 포항시 남구 오천읍,중상사고,0,1,0,0,차대차 - 측면충돌,직진우회전진행방해,건조,맑음,교차로 - 교차로안,이륜,남,34세,중상,승용,여,44세,상해없음
2017061300100526,2017년 6월 13일 20시,화요일,경상북도 경산시 진량읍,중상사고,0,1,0,0,차대차 - 측면충돌,직진우회전진행방해,건조,맑음,교차로 - 교차로안,승용,남,62세,상해없음,이륜,남,59세,중상
2017061300100527,2017년 6월 13일 20시,화요일,경상북도 구미시 봉곡동,경상사고,0,0,1,0,차대차 - 기타,안전운전불이행,건조,맑음,교차로 - 교차로안,승용,남,37세,상해없음,승합,남,58세,상해없음
2017061300100556,2017년 6월 13일 21시,화요일,경상북도 경산시 진량읍,경상사고,0,0,1,0,차대차 - 정면충돌,신호위반,젖음/습기,비,교차로 - 교차로안,승용,남,21세,상해없음,이륜,남,43세,경상
2017061300100557,2017년 6월 13일 21시,화요일,경상북도 성주군 벽진면,중상사고,0,1,0,0,차대사람 - 길가장자리구역통행중,안전운전불이행,젖음/습기,비,단일로 - 기타,승용,남,59세,상해없음,보행자,남,74세,중상
2017061300100558,2017년 6월 13일 21시,화요일,경상북도 구미시 봉곡동,경상사고,0,0,2,0,차대차 - 추돌,안전운전불이행,젖음/습기,비,단일로 - 기타,승용,남,36세,상해없음,승용,남,46세,경상
2017061300100559,2017년 6월 13일 21시,화요일,경상북도 칠곡군 동명면,부상신고사고,0,0,0,1,차대차 - 기타,안전운전불이행,건조,맑음,단일로 - 기타,기타불명,기타불명,미분류,기타불명,승용,여,42세,부상신고
2017061300100587,2017년 6월 13일 22시,화요일,경상북도 고령군 덕곡면,경상사고,0,0,1,0,차대차 - 기타,안전운전불이행,젖음/습기,비,단일로 - 기타,화물,남,57세,경상,승용,여,55세,기타불명
2017061300100614,2017년 6월 13일 23시,화요일,경상북도 안동시 옥동,경상사고,0,0,1,0,차대차 - 기타,안전운전불이행,건조,맑음,교차로 - 교차로안,승용,남,45세,상해없음,이륜,남,22세,경상
2017061300100615,2017년 6월 13일 23시,화요일,경상북도 경산시 중방동,중상사고,0,1,0,0,차량단독 - 전도전복 - 전도,안전운전불이행,젖음/습기,비,단일로 - 기타,승용,남,45세,중상,,,,
2017061400100053,2017년 6월 14일 01시,수요일,경상북도 경주시 신평동,경상사고,0,0,1,0,차대차 - 측면충돌,신호위반,젖음/습기,흐림,교차로 - 교차로안,승용,남,22세,상해없음,승용,여,24세,경상
2017061400100095,2017년 6월 14일 06시,수요일,경상북도 구미시 부곡동,경상사고,0,0,1,1,차대차 - 정면충돌,중앙선침범,건조,맑음,단일로 - 기타,승용,남,39세,부상신고,승용,여,46세,경상
2017061400100124,2017년 6월 14일 07시,수요일,경상북도 경주시 안강읍,경상사고,0,0,1,0,차대사람 - 길가장자리구역통행중,안전운전불이행,건조,맑음,단일로 - 기타,승용,남,66세,상해없음,보행자,여,62세,경상
2017061400100125,2017년 6월 14일 07시,수요일,경상북도 김천시 평화동,경상사고,0,0,1,0,차대차 - 측면충돌,안전운전불이행,건조,맑음,교차로 - 교차로부근,승용,남,79세,상해없음,자전거,여,23세,경상
2017061400100126,2017년 6월 14일 07시,수요일,경상북도 칠곡군 왜관읍,경상사고,0,0,2,0,차대차 - 정면충돌,교차로운행방법위반,건조,맑음,교차로 - 교차로안,승용,남,30세,경상,승용,남,31세,경상
2017061400100127,2017년 6월 14일 07시,수요일,경상북도 칠곡군 북삼읍,중상사고,0,1,0,0,차대차 - 기타,안전운전불이행,건조,맑음,교차로 - 교차로부근,화물,남,75세,상해없음,자전거,남,26세,중상
2017061400100154,2017년 6월 14일 08시,수요일,경상북도 경주시 충효동,경상사고,0,0,1,0,차대차 - 측면충돌,안전운전불이행,건조,맑음,교차로 - 교차로안,승용,여,42세,상해없음,승용,여,45세,경상
2017061400100155,2017년 6월 14일 08시,수요일,경상북도 의성군 의성읍,경상사고,0,0,1,0,차대차 - 측면충돌,직진우회전진행방해,건조,맑음,교차로 - 교차로안,승용,여,21세,경상,승용,남,31세,상해없음
2017061400100156,2017년 6월 14일 08시,수요일,경상북도 구미시 사곡동,부상신고사고,0,0,0,1,차량단독 - 전도전복 - 전도,안전운전불이행,건조,맑음,단일로 - 기타,자전거,남,13세,부상신고,,,,
2017061400100157,2017년 6월 14일 08시,수요일,경상북도 포항시 남구 대잠동,경상사고,0,0,2,0,차대차 - 측면충돌,안전운전불이행,건조,맑음,교차로 - 교차로안,승용,여,44세,경상,승용,남,52세,경상
2017061400100218,2017년 6월 14일 10시,수요일,경상북도 경주시 외동읍,경상사고,0,0,1,0,차대차 - 추돌,안전운전불이행,건조,맑음,단일로 - 기타,화물,남,40세,상해없음,화물,남,54세,경상
2017061400100219,2017년 6월 14일 10시,수요일,경상북도 포항시 북구 용흥동,경상사고,0,0,2,0,차대차 - 추돌,안전운전불이행,건조,맑음,단일로 - 기타,승용,남,26세,상해없음,승용,남,53세,경상
2017061400100220,2017년 6월 14일 10시,수요일,경상북도 포항시 북구 장성동,경상사고,0,0,2,0,차대차 - 측면충돌,직진우회전진행방해,건조,맑음,교차로 - 교차로안,승용,남,61세,경상,승용,남,64세,경상
2017061400100249,2017년 6월 14일 11시,수요일,경상북도 포항시 북구 장성동,경상사고,0,0,1,0,차대차 - 측면충돌,직진우회전진행방해,건조,맑음,교차로 - 교차로안,승용,남,61세,상해없음,승용,남,24세,경상
2017061400100250,2017년 6월 14일 11시,수요일,경상북도 경산시 중방동,중상사고,0,2,1,0,차대차 - 측면충돌,안전운전불이행,건조,맑음,교차로 - 교차로안,화물,남,58세,상해없음,승용,여,49세,중상
2017061400100251,2017년 6월 14일 11시,수요일,경상북도 영덕군 축산면,경상사고,0,0,1,0,차대차 - 추돌,안전운전불이행,건조,맑음,단일로 - 기타,승용,남,18세,상해없음,화물,남,25세,경상
2017061400100279,2017년 6월 14일 12시,수요일,경상북도 김천시 남면,사망사고,1,0,1,0,차대차 - 측면충돌,중앙선침범,건조,맑음,단일로 - 기타,승용,여,55세,사망,화물,남,45세,경상
2017061400100280,2017년 6월 14일 12시,수요일,경상북도 고령군 대가야읍,중상사고,0,1,0,0,차대사람 - 기타,안전운전불이행,건조,맑음,기타 - 기타,승합,남,65세,상해없음,보행자,여,82세,중상
2017061400100281,2017년 6월 14일 12시,수요일,경상북도 군위군 군위읍,경상사고,0,0,1,0,차대차 - 후진중충돌,안전운전불이행,건조,맑음,단일로 - 기타,화물,남,57세,상해없음,이륜,남,36세,경상
2017061400100282,2017년 6월 14일 12시,수요일,경상북도 구미시 원평동,경상사고,0,0,1,0,차대차 - 측면충돌,신호위반,건조,맑음,단일로 - 기타,승용,남,53세,상해없음,자전거,남,57세,경상
2017061400100314,2017년 6월 14일 13시,수요일,경상북도 경주시 용강동,경상사고,0,0,1,0,차대차 - 측면충돌,안전운전불이행,건조,맑음,단일로 - 기타,이륜,남,46세,경상,승용,남,33세,상해없음
2017061400100315,2017년 6월 14일 13시,수요일,경상북도 의성군 단밀면,중상사고,0,1,0,0,차대사람 - 횡단중,안전운전불이행,건조,맑음,단일로 - 기타,승용,남,37세,상해없음,보행자,남,61세,중상
2017061400100316,2017년 6월 14일 13시,수요일,경상북도 구미시 형곡동,중상사고,0,1,0,0,차대차 - 측면충돌,안전운전불이행,건조,맑음,교차로 - 교차로안,승용,여,48세,상해없음,승용,남,38세,중상
2017061400100343,2017년 6월 14일 14시,수요일,경상북도 포항시 북구 죽도동,경상사고,0,0,1,0,차대차 - 측면충돌,직진우회전진행방해,건조,맑음,교차로 - 교차로안,승용,남,65세,상해없음,이륜,남,25세,경상
2017061400100379,2017년 6월 14일 15시,수요일,경상북도 포항시 북구 기계면,경상사고,0,0,1,0,차대차 - 측면충돌,교차로운행방법위반,건조,맑음,교차로 - 교차로안,승용,여,58세,상해없음,원동기,남,74세,경상
2017061400100380,2017년 6월 14일 15시,수요일,경상북도 김천시 대덕면,중상사고,0,1,0,0,차대사람 - 기타,안전운전불이행,건조,맑음,단일로 - 기타,화물,남,31세,상해없음,보행자,남,58세,중상
2017061400100381,2017년 6월 14일 15시,수요일,경상북도 영덕군 영덕읍,경상사고,0,0,1,0,차대차 - 측면충돌,직진우회전진행방해,건조,맑음,교차로 - 교차로안,승용,여,50세,상해없음,승용,남,36세,경상
2017061400100382,2017년 6월 14일 15시,수요일,경상북도 군위군 효령면,사망사고,1,2,0,0,차대차 - 정면충돌,중앙선침범,건조,맑음,단일로 - 기타,화물,남,64세,사망,화물,남,26세,중상
2017061400100431,2017년 6월 14일 16시,수요일,경상북도 안동시 송현동,경상사고,0,0,2,0,차대차 - 측면충돌,안전운전불이행,건조,맑음,교차로 - 교차로부근,승합,남,18세,상해없음,화물,남,34세,경상
2017061400100432,2017년 6월 14일 16시,수요일,경상북도 영덕군 남정면,경상사고,0,0,3,0,차대차 - 추돌,안전거리미확보,건조,맑음,단일로 - 기타,승용,여,56세,상해없음,승용,남,34세,경상
2017061400100433,2017년 6월 14일 16시,수요일,경상북도 구미시 원평동,경상사고,0,0,2,0,차대차 - 측면충돌,안전운전불이행,건조,맑음,단일로 - 기타,승용,여,47세,상해없음,승용,여,54세,경상
2017061400100473,2017년 6월 14일 17시,수요일,경상북도 문경시 흥덕동,중상사고,0,1,0,0,차대차 - 측면충돌,직진우회전진행방해,건조,맑음,교차로 - 교차로안,승용,남,55세,상해없음,이륜,남,74세,중상
2017061400100474,2017년 6월 14일 17시,수요일,경상북도 경산시 진량읍,경상사고,0,0,1,0,차대차 - 측면충돌,안전운전불이행,건조,맑음,교차로 - 교차로안,기타불명,기타불명,미분류,기타불명,승용,여,40세,경상
2017061400100475,2017년 6월 14일 17시,수요일,경상북도 경산시 중방동,경상사고,0,0,2,0,차대차 - 측면충돌,불법유턴,건조,맑음,교차로 - 교차로안,자전거,여,14세,경상,승용,여,45세,경상
2017061400100476,2017년 6월 14일 17시,수요일,경상북도 성주군 성주읍,중상사고,0,1,0,0,차대차 - 측면충돌,직진우회전진행방해,건조,맑음,교차로 - 교차로안,승용,남,34세,상해없음,자전거,여,76세,중상
2017061400100522,2017년 6월 14일 18시,수요일,경상북도 영주시 풍기읍,경상사고,0,0,1,0,차대차 - 측면충돌,안전운전불이행,건조,맑음,교차로 - 교차로안,승용,여,50세,상해없음,이륜,남,22세,경상
2017061400100523,2017년 6월 14일 18시,수요일,경상북도 영천시 금호읍,경상사고,0,0,1,0,차대차 - 측면충돌,안전운전불이행,건조,맑음,단일로 - 기타,승용,여,56세,상해없음,화물,남,51세,경상
2017061400100524,2017년 6월 14일 18시,수요일,경상북도 성주군 성주읍,경상사고,0,0,1,0,차대차 - 측면충돌,안전운전불이행,건조,맑음,미분류 - 미분류,승용,여,34세,상해없음,자전거,남,16세,경상
2017061400100556,2017년 6월 14일 19시,수요일,경상북도 포항시 북구 장성동,경상사고,0,0,1,0,차대차 - 측면충돌,차로위반,건조,맑음,단일로 - 기타,승용,여,61세,상해없음,이륜,남,24세,경상
2017061400100557,2017년 6월 14일 19시,수요일,경상북도 구미시 봉곡동,중상사고,0,1,0,0,차대차 - 측면충돌,교차로운행방법위반,건조,맑음,교차로 - 교차로안,승용,여,18세,상해없음,자전거,남,11세,중상
2017061400100594,2017년 6월 14일 20시,수요일,경상북도 안동시 북후면,중상사고,0,1,1,0,차대차 - 정면충돌,안전운전불이행,건조,맑음,단일로 - 기타,승용,남,37세,경상,승용,남,39세,중상
2017061400100595,2017년 6월 14일 20시,수요일,경상북도 영주시 휴천동,경상사고,0,0,1,0,차대차 - 측면충돌,안전운전불이행,건조,맑음,교차로 - 교차로부근,승용,남,36세,상해없음,자전거,남,14세,경상
2017061400100596,2017년 6월 14일 20시,수요일,경상북도 경산시 하양읍,경상사고,0,0,1,0,차대차 - 정면충돌,중앙선침범,건조,맑음,단일로 - 기타,승용,남,25세,상해없음,이륜,남,23세,경상
2017061400100597,2017년 6월 14일 20시,수요일,경상북도 울진군 북면,경상사고,0,0,1,0,차대사람 - 횡단중,안전운전불이행,건조,맑음,단일로 - 기타,화물,남,66세,상해없음,보행자,남,63세,경상
2017061400100632,2017년 6월 14일 21시,수요일,경상북도 김천시 교동,부상신고사고,0,0,0,1,차대차 - 측면충돌,안전운전불이행,건조,맑음,단일로 - 기타,승용,남,48세,상해없음,이륜,남,19세,부상신고
2017061500100027,2017년 6월 15일 00시,목요일,경상북도 안동시 용상동,경상사고,0,0,1,0,차량단독 - 전도전복,안전운전불이행,건조,맑음,단일로 - 기타,화물,남,41세,경상,미분류,미분류,미분류,미분류
2017061500100028,2017년 6월 15일 00시,목요일,경상북도 구미시 상모동,중상사고,0,2,0,0,차대차 - 기타,안전운전불이행,건조,맑음,단일로 - 기타,승용,남,52세,상해없음,이륜,남,18세,중상
2017061500100100,2017년 6월 15일 07시,목요일,경상북도 포항시 북구 양덕동,중상사고,0,1,0,0,차대차 - 측면충돌,신호위반,건조,맑음,교차로 - 교차로안,화물,남,51세,상해없음,승용,남,45세,상해없음
2017061500100139,2017년 6월 15일 08시,목요일,경상북도 안동시 정하동,경상사고,0,0,1,0,차대차 - 정면충돌,안전운전불이행,건조,맑음,교차로 - 교차로부근,승용,남,45세,상해없음,승용,여,31세,경상
2017061500100140,2017년 6월 15일 08시,목요일,경상북도 김천시 율곡동,경상사고,0,0,1,2,차대차 - 추돌,안전운전불이행,건조,맑음,교차로 - 교차로부근,승용,남,34세,부상신고,승용,남,34세,부상신고
2017061500100176,2017년 6월 15일 09시,목요일,경상북도 포항시 북구 용흥동,경상사고,0,0,1,0,차대차 - 측면충돌,안전운전불이행,건조,맑음,단일로 - 기타,승용,남,66세,상해없음,승용,남,45세,경상
2017061500100177,2017년 6월 15일 09시,목요일,경상북도 구미시 임은동,부상신고사고,0,0,0,1,차량단독 - 전도전복,안전운전불이행,건조,맑음,교차로 - 교차로부근,승용,여,25세,부상신고,미분류,미분류,미분류,미분류
2017061500100219,2017년 6월 15일 10시,목요일,경상북도 의성군 금성면,중상사고,0,1,0,0,차대차 - 측면충돌,직진우회전진행방해,건조,맑음,교차로 - 교차로안,승용,여,33세,중상,농기계,남,62세,상해없음