사고번호,사고일시,요일,시군구,사고내용,사망자수,중상자수,경상자수,부상신고자수,사고유형,법규위반,노면상태,기상상태,도로형태,가해운전자 차종,가해운전자 성별,가해운전자 연령,가해운전자 상해정도,피해운전자 차종,피해운전자 성별,피해운전자 연령,피해운전자 상해정도
2017061500100220,2017년 6월 15일 10시,목요일,경상북도 영주시 가흥동,부상신고사고,0,0,0,1,차대사람 - 기타,안전운전불이행,건조,맑음,단일로 - 기타,승합,남,61세,상해없음,보행자,여,80세,부상신고
2017061500100249,2017년 6월 15일 11시,목요일,경상북도 영주시 하망동,경상사고,0,0,2,0,차대차 - 측면충돌,안전운전불이행,건조,맑음,단일로 - 기타,승용,남,63세,상해없음,이륜,남,78세,경상
2017061500100250,2017년 6월 15일 11시,목요일,경상북도 영천시 고경면,중상사고,0,1,2,0,차대차 - 측면충돌,안전운전불이행,건조,맑음,교차로 - 교차로부근,화물,남,64세,상해없음,승용,남,62세,경상
2017061500100286,2017년 6월 15일 12시,목요일,경상북도 포항시 북구 죽장면,중상사고,0,1,0,0,차대차 - 측면충돌,안전운전불이행,건조,맑음,단일로 - 기타,농기계,남,76세,중상,승용,남,78세,상해없음
2017061500100287,2017년 6월 15일 12시,목요일,경상북도 안동시 풍산읍,중상사고,0,1,3,0,차대차 - 측면충돌,교차로운행방법위반,건조,맑음,교차로 - 교차로안,승용,남,53세,상해없음,승용,여,61세,경상
2017061500100288,2017년 6월 15일 12시,목요일,경상북도 구미시 공단동,중상사고,0,1,0,0,차대차 - 측면충돌,교차로운행방법위반,건조,맑음,교차로 - 교차로안,화물,남,35세,상해없음,자전거,남,34세,중상
2017061500100321,2017년 6월 15일 13시,목요일,경상북도 경주시 동부동,경상사고,0,0,1,0,차량단독 - 공작물충돌,안전운전불이행,건조,맑음,단일로 - 기타,기타불명,기타불명,미분류,기타불명,,,,
2017061500100322,2017년 6월 15일 13시,목요일,경상북도 포항시 북구 죽도동,경상사고,0,0,2,0,차대차 - 측면충돌,신호위반,건조,맑음,교차로 - 교차로안,승용,여,29세,상해없음,이륜,남,54세,상해없음
2017061500100323,2017년 6월 15일 13시,목요일,경상북도 포항시 북구 죽도동,경상사고,0,0,1,0,차대차 - 측면충돌,안전운전불이행,건조,맑음,단일로 - 기타,화물,남,64세,상해없음,승용,여,54세,경상
2017061500100324,2017년 6월 15일 13시,목요일,경상북도 경산시 하양읍,중상사고,0,1,0,0,차대사람 - 횡단중,보행자보호의무위반,건조,맑음,교차로 - 교차로횡단보도내,건설기계,남,56세,상해없음,보행자,여,78세,중상
2017061500100325,2017년 6월 15일 13시,목요일,경상북도 구미시 해평면,중상사고,0,1,1,0,차대차 - 추돌,안전운전불이행,건조,맑음,단일로 - 기타,화물,남,58세,상해없음,화물,남,59세,경상
2017061500100362,2017년 6월 15일 14시,목요일,경상북도 안동시 태화동,중상사고,0,1,0,0,차대차 - 측면충돌,안전운전불이행,건조,맑음,단일로 - 기타,화물,남,70세,상해없음,이륜,남,81세,중상
2017061500100428,2017년 6월 15일 16시,목요일,경상북도 칠곡군 왜관읍,경상사고,0,0,3,0,차대차 - 측면충돌,신호위반,건조,맑음,교차로 - 교차로안,승용,남,35세,경상,승합,여,40세,경상
2017061500100468,2017년 6월 15일 17시,목요일,경상북도 구미시 산동면,경상사고,0,0,1,0,차대차 - 측면충돌,교차로운행방법위반,건조,맑음,교차로 - 교차로안,승용,남,62세,상해없음,승용,남,43세,경상
2017061500100506,2017년 6월 15일 18시,목요일,경상북도 경주시 안강읍,부상신고사고,0,0,0,1,차대차 - 측면충돌,신호위반,건조,맑음,교차로 - 교차로안,이륜,남,81세,부상신고,승용,남,43세,상해없음
2017061500100507,2017년 6월 15일 18시,목요일,경상북도 청송군 청송읍,중상사고,0,1,0,0,차대차 - 측면충돌,안전운전불이행,건조,맑음,단일로 - 기타,승용,여,50세,상해없음,승용,여,58세,중상
2017061500100537,2017년 6월 15일 19시,목요일,경상북도 영주시 가흥동,중상사고,0,1,1,0,차대차 - 측면충돌,안전운전불이행,건조,맑음,단일로 - 기타,승용,남,38세,상해없음,승용,여,42세,중상
2017061500100538,2017년 6월 15일 19시,목요일,경상북도 칠곡군 약목면,부상신고사고,0,0,0,1,차량단독 - 공작물충돌,안전운전불이행,건조,맑음,단일로 - 고가도로위,승용,여,49세,부상신고,,,,
2017061500100539,2017년 6월 15일 19시,목요일,경상북도 칠곡군 약목면,부상신고사고,0,0,0,1,차량단독 - 공작물충돌,안전운전불이행,건조,맑음,단일로 - 기타,승용,남,47세,부상신고,,,,
2017061500100576,2017년 6월 15일 20시,목요일,경상북도 영주시 풍기읍,경상사고,0,0,1,0,차대차 - 측면충돌,안전운전불이행,건조,맑음,교차로 - 교차로안,자전거,남,32세,경상,승용,여,64세,상해없음
2017061500100577,2017년 6월 15일 20시,목요일,경상북도 칠곡군 북삼읍,경상사고,0,0,1,0,차대차 - 측면충돌,신호위반,건조,맑음,교차로 - 교차로부근,승용,남,31세,상해없음,승용,여,40세,경상
2017061500100578,2017년 6월 15일 20시,목요일,경상북도 경산시 진량읍,중상사고,0,1,0,0,차대차 - 기타,중앙선침범,건조,맑음,단일로 - 기타,승용,여,59세,상해없음,이륜,남,31세,중상
2017061500100579,2017년 6월 15일 20시,목요일,경상북도 청도군 풍각면,사망사고,1,0,0,0,차대사람 - 횡단중,안전운전불이행,건조,맑음,단일로 - 기타,화물,남,58세,상해없음,보행자,남,54세,사망
2017061500100606,2017년 6월 15일 21시,목요일,경상북도 경주시 동천동,경상사고,0,0,1,0,차대차 - 측면충돌,안전운전불이행,건조,맑음,단일로 - 기타,승용,여,42세,상해없음,승용,남,22세,경상
2017061500100607,2017년 6월 15일 21시,목요일,경상북도 구미시 신동,중상사고,0,1,0,0,차대차 - 정면충돌,중앙선침범,건조,맑음,단일로 - 기타,승용,남,36세,상해없음,승용,남,50세,중상
2017061500100634,2017년 6월 15일 22시,목요일,경상북도 경주시 황성동,경상사고,0,0,2,0,차대차 - 측면충돌,신호위반,건조,맑음,교차로 - 교차로안,승용,여,49세,상해없음,승용,남,39세,경상
2017061500100655,2017년 6월 15일 23시,목요일,경상북도 포항시 북구 죽도동,경상사고,0,0,1,0,차대차 - 측면충돌,신호위반,건조,맑음,교차로 - 교차로안,이륜,남,48세,경상,승용,남,47세,상해없음
2017061500100656,2017년 6월 15일 23시,목요일,경상북도 상주시 복룡동,경상사고,0,0,2,0,차대차 - 측면충돌,교차로운행방법위반,건조,맑음,교차로 - 교차로안,승용,남,57세,경상,승용,여,48세,경상
2017061500100657,2017년 6월 15일 23시,목요일,경상북도 경산시 계양동,경상사고,0,0,1,0,차대차 - 측면충돌,안전거리미확보,건조,맑음,단일로 - 기타,승용,남,40세,상해없음,화물,남,54세,상해없음
2017061600100071,2017년 6월 16일 05시,금요일,경상북도 영천시 작산동,중상사고,0,1,0,0,차량단독 - 공작물충돌,안전운전불이행,건조,맑음,교차로 - 교차로부근,승용,남,35세,중상,,,,
2017061600100095,2017년 6월 16일 07시,금요일,경상북도 경주시 노서동,경상사고,0,0,2,0,차대차 - 측면충돌,안전운전불이행,건조,맑음,단일로 - 기타,승용,남,58세,상해없음,이륜,남,81세,경상
2017061600100096,2017년 6월 16일 07시,금요일,경상북도 경산시 하양읍,경상사고,0,0,1,0,차대차 - 측면충돌,차로위반,건조,맑음,단일로 - 기타,승합,남,58세,상해없음,승용,남,40세,경상
2017061600100134,2017년 6월 16일 08시,금요일,경상북도 포항시 남구 송도동,사망사고,1,0,0,0,차대사람 - 차도통행중,과속,건조,맑음,단일로 - 기타,승용,남,23세,상해없음,보행자,여,73세,사망
2017061600100164,2017년 6월 16일 09시,금요일,경상북도 경주시 성건동,중상사고,0,1,0,0,차대차 - 측면충돌,안전운전불이행,건조,맑음,교차로 - 교차로안,승용,남,76세,상해없음,자전거,남,59세,중상
2017061600100190,2017년 6월 16일 10시,금요일,경상북도 포항시 북구 흥해읍,경상사고,0,0,1,0,차대차 - 기타,안전운전불이행,건조,맑음,단일로 - 기타,승용,남,45세,경상,화물,남,53세,상해없음
2017061600100191,2017년 6월 16일 10시,금요일,경상북도 포항시 북구 장성동,경상사고,0,0,2,0,차대차 - 측면충돌,차로위반,건조,맑음,단일로 - 기타,승용,여,34세,상해없음,승용,여,36세,경상
2017061600100192,2017년 6월 16일 10시,금요일,경상북도 경산시 진량읍,중상사고,0,1,0,0,차대사람 - 기타,안전운전불이행,건조,맑음,단일로 - 기타,화물,남,55세,상해없음,보행자,남,35세,중상
2017061600100193,2017년 6월 16일 10시,금요일,경상북도 봉화군 봉성면,사망사고,1,0,0,0,차대차 - 기타,안전운전불이행,건조,맑음,교차로 - 교차로부근,농기계,남,62세,사망,화물,남,55세,기타불명
2017061600100230,2017년 6월 16일 11시,금요일,경상북도 구미시 원평동,경상사고,0,0,1,0,차대차 - 기타,안전운전불이행,건조,맑음,교차로 - 교차로부근,승용,여,53세,상해없음,자전거,남,60세,경상
2017061600100231,2017년 6월 16일 11시,금요일,경상북도 포항시 남구 송도동,경상사고,0,0,2,0,차대차 - 기타,안전운전불이행,건조,맑음,단일로 - 기타,화물,남,62세,상해없음,자전거,남,74세,경상
2017061600100232,2017년 6월 16일 11시,금요일,경상북도 칠곡군 지천면,경상사고,0,0,1,0,차대차 - 추돌,안전운전불이행,건조,맑음,단일로 - 기타,승용,여,22세,상해없음,승합,여,41세,경상
2017061600100255,2017년 6월 16일 12시,금요일,경상북도 고령군 대가야읍,경상사고,0,0,1,0,차대차 - 측면충돌,직진우회전진행방해,건조,맑음,교차로 - 교차로안,이륜,남,83세,경상,승용,남,42세,상해없음
2017061600100256,2017년 6월 16일 12시,금요일,경상북도 군위군 효령면,중상사고,0,1,0,0,차대사람 - 기타,중앙선침범,건조,맑음,단일로 - 기타,승용,남,50세,상해없음,보행자,여,51세,중상
2017061600100287,2017년 6월 16일 13시,금요일,경상북도 경주시 현곡면,경상사고,0,0,2,0,차대차 - 측면충돌,안전운전불이행,건조,맑음,교차로 - 교차로안,승용,여,70세,경상,화물,여,41세,경상
2017061600100288,2017년 6월 16일 13시,금요일,경상북도 경주시 황성동,경상사고,0,0,1,0,차대차 - 추돌,안전운전불이행,건조,맑음,교차로 - 교차로부근,승용,남,84세,상해없음,승용,남,30세,경상
2017061600100289,2017년 6월 16일 13시,금요일,경상북도 구미시 공단동,경상사고,0,0,1,0,차대차 - 정면충돌,안전운전불이행,건조,맑음,교차로 - 교차로안,승용,남,69세,상해없음,승용,남,35세,경상
2017061600100318,2017년 6월 16일 14시,금요일,경상북도 포항시 북구 덕수동,중상사고,0,1,2,0,차대차 - 추돌,안전거리미확보,건조,맑음,단일로 - 기타,승용,남,52세,상해없음,승용,여,24세,경상
2017061600100319,2017년 6월 16일 14시,금요일,경상북도 칠곡군 기산면,중상사고,0,2,0,0,차대차 - 정면충돌,안전운전불이행,건조,맑음,단일로 - 기타,화물,여,47세,중상,화물,남,74세,중상
2017061600100320,2017년 6월 16일 14시,금요일,경상북도 성주군 성주읍,중상사고,0,1,0,0,차대차 - 측면충돌,안전운전불이행,건조,맑음,단일로 - 기타,화물,남,60세,상해없음,이륜,남,79세,중상
2017061600100353,2017년 6월 16일 15시,금요일,경상북도 포항시 북구 죽도동,중상사고,0,1,0,0,차대차 - 기타,안전운전불이행,건조,맑음,단일로 - 기타,승용,남,63세,상해없음,자전거,남,67세,중상
2017061600100354,2017년 6월 16일 15시,금요일,경상북도 김천시 아포읍,경상사고,0,0,5,2,차대차 - 기타,안전운전불이행,건조,맑음,단일로 - 기타,화물,남,54세,상해없음,승용,남,48세,경상
2017061600100397,2017년 6월 16일 16시,금요일,경상북도 안동시 이천동,경상사고,0,0,1,0,차대사람 - 기타,안전운전불이행,건조,맑음,단일로 - 기타,승합,남,57세,상해없음,보행자,여,9세,경상
2017061600100398,2017년 6월 16일 16시,금요일,경상북도 성주군 용암면,중상사고,0,1,1,0,차대차 - 정면충돌,중앙선침범,건조,맑음,단일로 - 기타,승용,여,29세,경상,화물,남,51세,중상
2017061600100399,2017년 6월 16일 16시,금요일,경상북도 울릉군 울릉읍,경상사고,0,0,1,0,차대차 - 정면충돌,안전운전불이행,건조,맑음,기타 - 기타,건설기계,남,47세,상해없음,승용,남,50세,상해없음
2017061600100436,2017년 6월 16일 17시,금요일,경상북도 경주시 노서동,중상사고,0,1,1,0,차대차 - 정면충돌,중앙선침범,건조,맑음,단일로 - 교량,화물,남,28세,상해없음,승용,남,49세,경상
2017061600100437,2017년 6월 16일 17시,금요일,경상북도 안동시 옥동,경상사고,0,0,2,0,차대차 - 추돌,안전거리미확보,건조,맑음,단일로 - 기타,승용,남,42세,상해없음,화물,남,23세,경상
2017061600100438,2017년 6월 16일 17시,금요일,경상북도 구미시 인의동,중상사고,0,5,1,0,차대차 - 측면충돌,교차로운행방법위반,건조,맑음,교차로 - 교차로안,화물,남,56세,경상,승용,여,23세,중상
2017061600100439,2017년 6월 16일 17시,금요일,경상북도 구미시 형곡동,경상사고,0,0,1,0,차대차 - 기타,안전운전불이행,건조,맑음,단일로 - 기타,이륜,남,70세,상해없음,이륜,남,50세,경상
2017061600100481,2017년 6월 16일 18시,금요일,경상북도 경주시 현곡면,중상사고,0,1,0,0,차대차 - 측면충돌,안전운전불이행,건조,맑음,교차로 - 교차로안,승용,여,45세,상해없음,자전거,남,11세,중상
2017061600100482,2017년 6월 16일 18시,금요일,경상북도 문경시 흥덕동,경상사고,0,0,1,0,차대사람 - 차도통행중,안전운전불이행,건조,맑음,교차로 - 교차로안,승용,여,60세,상해없음,보행자,여,14세,경상
2017061600100509,2017년 6월 16일 19시,금요일,경상북도 경주시 용강동,경상사고,0,0,1,0,차대차 - 추돌,안전운전불이행,건조,맑음,단일로 - 기타,화물,여,50세,상해없음,화물,남,42세,경상
2017061600100510,2017년 6월 16일 19시,금요일,경상북도 경산시 하양읍,경상사고,0,0,1,0,차대차 - 정면충돌,안전운전불이행,건조,맑음,단일로 - 기타,승용,남,79세,상해없음,이륜,남,33세,경상
2017061600100511,2017년 6월 16일 19시,금요일,경상북도 청도군 청도읍,중상사고,0,1,0,0,차대사람 - 횡단중,안전운전불이행,건조,맑음,단일로 - 기타,승용,남,78세,상해없음,보행자,여,89세,중상
2017061600100534,2017년 6월 16일 20시,금요일,경상북도 구미시 옥계동,경상사고,0,0,1,0,차대차 - 정면충돌,안전운전불이행,건조,맑음,교차로 - 교차로부근,승용,남,60세,상해없음,승합,여,41세,경상
2017061600100564,2017년 6월 16일 21시,금요일,경상북도 포항시 북구 우현동,경상사고,0,0,1,0,차대차 - 추돌,안전거리미확보,건조,맑음,단일로 - 기타,승용,남,56세,상해없음,승용,여,50세,경상
2017061600100565,2017년 6월 16일 21시,금요일,경상북도 안동시 태화동,중상사고,0,1,2,0,차대차 - 측면충돌,신호위반,건조,맑음,교차로 - 교차로안,승용,여,46세,경상,승용,남,27세,경상
2017061600100566,2017년 6월 16일 21시,금요일,경상북도 경산시 중방동,중상사고,0,1,0,0,차대차 - 정면충돌,안전거리미확보,건조,맑음,단일로 - 기타,승용,남,56세,상해없음,승합,남,44세,상해없음
2017061600100567,2017년 6월 16일 21시,금요일,경상북도 영덕군 병곡면,중상사고,0,2,3,0,차대차 - 측면충돌,교차로운행방법위반,건조,맑음,교차로 - 교차로안,승용,남,41세,상해없음,승용,여,56세,중상
2017061600100568,2017년 6월 16일 21시,금요일,경상북도 청도군 청도읍,경상사고,0,0,1,0,차대사람 - 횡단중,안전운전불이행,건조,맑음,단일로 - 기타,이륜,남,60세,상해없음,보행자,남,60세,경상
2017061600100569,2017년 6월 16일 21시,금요일,경상북도 구미시 황상동,중상사고,0,1,0,0,차대차 - 측면충돌,안전운전불이행,건조,맑음,교차로 - 교차로안,승용,남,54세,상해없음,자전거,남,14세,중상
2017061600100642,2017년 6월 16일 23시,금요일,경상북도 안동시 용상동,중상사고,0,1,0,0,차대사람 - 횡단중,신호위반,건조,맑음,교차로 - 교차로안,승용,여,45세,상해없음,보행자,남,18세,중상
2017061600100643,2017년 6월 16일 23시,금요일,경상북도 경산시 중방동,경상사고,0,0,1,0,차대차 - 추돌,안전운전불이행,건조,맑음,단일로 - 기타,승용,남,27세,상해없음,승용,남,72세,경상
2017061600100644,2017년 6월 16일 23시,금요일,경상북도 경산시 삼북동,중상사고,0,1,0,0,차대차 - 측면충돌,교차로운행방법위반,건조,맑음,교차로 - 교차로안,승용,남,56세,상해없음,승용,여,50세,중상
2017061700100053,2017년 6월 17일 01시,토요일,경상북도 경주시 동천동,경상사고,0,0,1,0,차대사람 - 길가장자리구역통행중,안전운전불이행,건조,맑음,단일로 - 기타,승용,남,56세,상해없음,보행자,남,41세,경상
2017061700100054,2017년 6월 17일 01시,토요일,경상북도 경산시 하양읍,부상신고사고,0,0,0,1,차대차 - 측면충돌,중앙선침범,건조,맑음,단일로 - 기타,승용,남,21세,상해없음,화물,남,51세,부상신고
2017061700100103,2017년 6월 17일 05시,토요일,경상북도 경주시 현곡면,중상사고,0,1,0,0,차량단독 - 공작물충돌,안전운전불이행,건조,맑음,단일로 - 기타,승용,남,34세,상해없음,,,,
2017061700100124,2017년 6월 17일 07시,토요일,경상북도 칠곡군 가산면,경상사고,0,0,1,0,차대차 - 측면충돌,교차로운행방법위반,건조,맑음,교차로 - 교차로안,승용,남,66세,상해없음,승용,남,70세,경상
2017061700100143,2017년 6월 17일 08시,토요일,경상북도 안동시 녹전면,경상사고,0,0,1,0,차대차 - 측면충돌,안전운전불이행,건조,맑음,단일로 - 기타,화물,남,57세,상해없음,원동기,남,55세,경상
2017061700100144,2017년 6월 17일 08시,토요일,경상북도 안동시 옥야동,경상사고,0,0,2,0,차대차 - 측면충돌,안전운전불이행,건조,맑음,단일로 - 기타,화물,남,67세,상해없음,승용,남,64세,상해없음
2017061700100145,2017년 6월 17일 08시,토요일,경상북도 청도군 화양읍,사망사고,1,0,0,0,차량단독 - 기타,안전운전불이행,건조,맑음,단일로 - 기타,농기계,남,79세,상해없음,,,,
2017061700100181,2017년 6월 17일 09시,토요일,경상북도 의성군 단촌면,경상사고,0,0,2,0,차대차 - 추돌,안전거리미확보,건조,맑음,단일로 - 기타,승용,남,37세,경상,승용,남,54세,경상
2017061700100259,2017년 6월 17일 11시,토요일,경상북도 상주시 서문동,경상사고,0,0,1,0,차대사람 - 횡단중,안전운전불이행,건조,맑음,교차로 - 교차로횡단보도내,승용,남,38세,상해없음,보행자,남,50세,경상
2017061700100260,2017년 6월 17일 11시,토요일,경상북도 영덕군 강구면,경상사고,0,0,1,0,차대차 - 측면충돌,안전거리미확보,건조,맑음,단일로 - 기타,이륜,여,63세,경상,승용,남,58세,상해없음
2017061700100261,2017년 6월 17일 11시,토요일,경상북도 김천시 아포읍,중상사고,0,1,1,0,차대차 - 추돌,안전운전불이행,건조,맑음,단일로 - 기타,승용,남,56세,중상,승용,여,46세,상해없음
2017061700100303,2017년 6월 17일 12시,토요일,경상북도 영주시 가흥동,경상사고,0,0,1,0,차대차 - 측면충돌,직진우회전진행방해,건조,맑음,교차로 - 교차로안,승용,여,51세,상해없음,승합,남,49세,경상
2017061700100304,2017년 6월 17일 12시,토요일,경상북도 구미시 원평동,경상사고,0,0,1,0,차대사람 - 횡단중,안전운전불이행,건조,맑음,교차로 - 교차로안,승용,여,52세,상해없음,보행자,여,64세,경상
2017061700100339,2017년 6월 17일 13시,토요일,경상북도 경주시 용강동,경상사고,0,0,3,0,차대차 - 추돌,안전운전불이행,건조,맑음,교차로 - 교차로횡단보도내,승용,남,34세,상해없음,승용,여,36세,경상
2017061700100340,2017년 6월 17일 13시,토요일,경상북도 안동시 용상동,경상사고,0,0,1,0,차대차 - 측면충돌,신호위반,건조,맑음,교차로 - 교차로안,승합,여,23세,상해없음,승용,여,65세,경상
2017061700100367,2017년 6월 17일 14시,토요일,경상북도 안동시 풍산읍,중상사고,0,1,0,0,차대차 - 정면충돌,중앙선침범,건조,맑음,단일로 - 기타,이륜,남,46세,중상,승용,여,61세,상해없음
2017061700100368,2017년 6월 17일 14시,토요일,경상북도 경산시 하양읍,중상사고,0,1,0,0,차대사람 - 횡단중,보행자보호의무위반,건조,맑음,교차로 - 교차로횡단보도내,승용,남,44세,상해없음,보행자,여,79세,중상
2017061700100369,2017년 6월 17일 14시,토요일,경상북도 구미시 공단동,경상사고,0,0,2,0,차대차 - 측면충돌,신호위반,건조,맑음,교차로 - 교차로안,승용,여,49세,상해없음,승용,여,46세,경상
2017061700100398,2017년 6월 17일 15시,토요일,경상북도 김천시 지례면,중상사고,0,1,0,0,차대차 - 측면충돌,중앙선침범,건조,맑음,단일로 - 기타,이륜,남,54세,중상,승용,여,44세,상해없음
2017061700100399,2017년 6월 17일 15시,토요일,경상북도 영주시 문수면,사망사고,1,0,0,0,차량단독 - 전도전복,안전운전불이행,건조,맑음,단일로 - 기타,이륜,남,74세,사망,미분류,미분류,미분류,미분류
2017061700100400,2017년 6월 17일 15시,토요일,경상북도 영주시 가흥동,중상사고,0,1,0,0,차대사람 - 기타,안전운전불이행,건조,맑음,기타 - 기타,승합,남,43세,상해없음,보행자,여,69세,중상
2017061700100401,2017년 6월 17일 15시,토요일,경상북도 경산시 하양읍,중상사고,0,1,0,0,차대사람 - 기타,신호위반,건조,맑음,교차로 - 교차로안,승용,여,53세,상해없음,보행자,남,16세,중상
2017061700100426,2017년 6월 17일 16시,토요일,경상북도 문경시 영신동,경상사고,0,0,1,0,차대차 - 기타,안전운전불이행,건조,맑음,교차로 - 교차로안,승용,남,58세,상해없음,승용,남,36세,경상
2017061700100427,2017년 6월 17일 16시,토요일,경상북도 포항시 남구 지곡동,경상사고,0,0,2,0,차대차 - 추돌,직진우회전진행방해,건조,맑음,교차로 - 교차로안,승용,남,62세,상해없음,승용,남,39세,경상
2017061700100473,2017년 6월 17일 17시,토요일,경상북도 칠곡군 지천면,중상사고,0,1,0,0,차대차 - 정면충돌,중앙선침범,건조,맑음,단일로 - 기타,승용,여,39세,상해없음,자전거,남,27세,중상
2017061700100474,2017년 6월 17일 17시,토요일,경상북도 영천시 청통면,경상사고,0,0,1,0,차대차 - 추돌,안전운전불이행,건조,맑음,교차로 - 교차로부근,화물,남,27세,상해없음,승용,여,44세,경상
2017061700100475,2017년 6월 17일 17시,토요일,경상북도 구미시 신평동,중상사고,0,1,3,0,차대차 - 측면충돌,신호위반,건조,맑음,교차로 - 교차로안,승용,남,29세,상해없음,승용,남,40세,경상
2017061700100512,2017년 6월 17일 18시,토요일,경상북도 경주시 건천읍,경상사고,0,0,1,0,차대차 - 측면충돌,안전운전불이행,건조,맑음,단일로 - 기타,농기계,남,82세,경상,승용,여,43세,상해없음
2017061700100513,2017년 6월 17일 18시,토요일,경상북도 영주시 순흥면,중상사고,0,1,0,0,차대차 - 측면충돌,교차로운행방법위반,건조,맑음,교차로 - 교차로안,화물,남,60세,상해없음,이륜,남,28세,중상
2017061700100514,2017년 6월 17일 18시,토요일,경상북도 영주시 가흥동,경상사고,0,0,1,0,차대차 - 측면충돌,안전운전불이행,건조,맑음,단일로 - 기타,화물,남,44세,상해없음,자전거,남,39세,경상
2017061700100515,2017년 6월 17일 18시,토요일,경상북도 칠곡군 왜관읍,중상사고,0,1,0,1,차대차 - 측면충돌,안전운전불이행,건조,맑음,단일로 - 기타,승용,남,53세,부상신고,승용,여,64세,중상
2017061700100516,2017년 6월 17일 18시,토요일,경상북도 경산시 압량면,중상사고,0,1,0,0,차대차 - 추돌,안전운전불이행,건조,맑음,단일로 - 기타,이륜,남,34세,중상,승합,남,35세,상해없음
2017061700100517,2017년 6월 17일 18시,토요일,경상북도 구미시 진평동,경상사고,0,0,1,0,차대사람 - 횡단중,신호위반,건조,맑음,교차로 - 교차로안,이륜,남,19세,상해없음,보행자,남,6세,경상
2017061700100558,2017년 6월 17일 19시,토요일,경상북도 칠곡군 가산면,부상신고사고,0,0,0,1,차량단독 - 전도전복 - 전도,안전운전불이행,건조,맑음,단일로 - 기타,승용,남,54세,부상신고,,,,
2017061700100594,2017년 6월 17일 20시,토요일,경상북도 경주시 시래동,경상사고,0,0,1,0,차대차 - 측면충돌,안전운전불이행,건조,맑음,교차로 - 교차로안,승용,남,45세,상해없음,원동기,남,56세,경상
2017061700100595,2017년 6월 17일 20시,토요일,경상북도 구미시 인의동,경상사고,0,0,1,0,차대사람 - 횡단중,안전운전불이행,건조,맑음,교차로 - 교차로안,이륜,남,27세,상해없음,보행자,여,65세,경상
2017061700100629,2017년 6월 17일 21시,토요일,경상북도 포항시 남구 인덕동,중상사고,0,1,1,0,차대차 - 정면충돌,신호위반,건조,맑음,교차로 - 교차로안,승용,남,26세,경상,승용,여,25세,중상
2017061700100655,2017년 6월 17일 22시,토요일,경상북도 포항시 북구 남빈동,경상사고,0,0,1,0,차대차 - 추돌,안전운전불이행,건조,맑음,단일로 - 기타,승용,여,45세,상해없음,승용,남,60세,경상
2017061700100656,2017년 6월 17일 22시,토요일,경상북도 영주시 휴천동,경상사고,0,0,1,0,차대차 - 기타,안전운전불이행,건조,맑음,단일로 - 기타,승용,여,35세,상해없음,이륜,남,17세,경상
2017061700100657,2017년 6월 17일 22시,토요일,경상북도 영천시 문외동,경상사고,0,0,1,0,차대사람 - 길가장자리구역통행중,안전운전불이행,건조,맑음,단일로 - 기타,승합,남,50세,상해없음,보행자,여,19세,경상
2017061700100658,2017년 6월 17일 22시,토요일,경상북도 문경시 모전동,경상사고,0,0,1,1,차대차 - 측면충돌,안전운전불이행,건조,맑음,교차로 - 교차로부근,이륜,남,42세,경상,승용,남,25세,부상신고
2017061800100035,2017년 6월 18일 01시,일요일,경상북도 포항시 북구 동빈1가,경상사고,0,0,2,0,차대차 - 추돌,안전운전불이행,건조,맑음,단일로 - 기타,화물,남,25세,상해없음,승용,남,56세,경상
2017061800100036,2017년 6월 18일 01시,일요일,경상북도 구미시 진평동,중상사고,0,1,0,0,차대차 - 기타,안전운전불이행,건조,맑음,교차로 - 교차로부근,승합,남,30세,상해없음,자전거,여,61세,중상
2017061800100070,2017년 6월 18일 04시,일요일,경상북도 구미시 상모동,경상사고,0,0,1,0,차량단독 - 전도전복,안전운전불이행,건조,맑음,단일로 - 기타,이륜,남,21세,경상,미분류,미분류,미분류,미분류
2017061800100087,2017년 6월 18일 06시,일요일,경상북도 포항시 북구 장성동,사망사고,1,0,1,0,차대차 - 측면충돌,신호위반,건조,맑음,교차로 - 교차로안,승용,남,32세,경상,원동기,남,21세,사망
2017061800100088,2017년 6월 18일 06시,일요일,경상북도 구미시 광평동,중상사고,0,1,0,0,차량단독 - 전도전복 - 전도,안전운전불이행,건조,맑음,단일로 - 기타,원동기,남,58세,중상,,,,
2017061800100094,2017년 6월 18일 07시,일요일,경상북도 김천시 덕곡동,중상사고,0,1,0,0,차대차 - 측면충돌,신호위반,건조,맑음,교차로 - 교차로안,이륜,남,83세,중상,승용,남,78세,상해없음
2017061800100095,2017년 6월 18일 07시,일요일,경상북도 고령군 쌍림면,중상사고,0,1,1,0,차대차 - 측면충돌,교차로운행방법위반,건조,맑음,교차로 - 교차로안,화물,남,58세,상해없음,화물,남,53세,중상
2017061800100096,2017년 6월 18일 07시,일요일,경상북도 구미시 형곡동,중상사고,0,1,0,0,차대차 - 정면충돌,중앙선침범,건조,맑음,교차로 - 교차로부근,승용,남,26세,기타불명,화물,남,55세,기타불명
2017061800100118,2017년 6월 18일 09시,일요일,경상북도 구미시 비산동,경상사고,0,0,1,0,차대차 - 측면충돌,안전운전불이행,건조,맑음,단일로 - 기타,자전거,남,24세,경상,승용,남,55세,상해없음
2017061800100119,2017년 6월 18일 09시,일요일,경상북도 구미시 원평동,경상사고,0,0,2,0,차대차 - 측면충돌,신호위반,건조,맑음,교차로 - 교차로부근,승용,여,56세,상해없음,승합,남,61세,경상