사고번호,사고일시,요일,시군구,사고내용,사망자수,중상자수,경상자수,부상신고자수,사고유형,법규위반,노면상태,기상상태,도로형태,가해운전자 차종,가해운전자 성별,가해운전자 연령,가해운전자 상해정도,피해운전자 차종,피해운전자 성별,피해운전자 연령,피해운전자 상해정도
2017062100100227,2017년 6월 21일 11시,수요일,경상북도 경주시 용강동,경상사고,0,0,1,0,차대차 - 추돌,안전운전불이행,건조,맑음,교차로 - 교차로부근,이륜,남,57세,경상,승용,남,56세,상해없음
2017062100100228,2017년 6월 21일 11시,수요일,경상북도 구미시 형곡동,경상사고,0,0,1,1,차대차 - 후진중충돌,안전운전불이행,건조,맑음,단일로 - 기타,승용,여,41세,부상신고,승용,남,29세,경상
2017062100100251,2017년 6월 21일 12시,수요일,경상북도 포항시 북구 흥해읍,경상사고,0,0,1,0,차대차 - 정면충돌,안전운전불이행,건조,맑음,단일로 - 기타,화물,남,73세,상해없음,승용,남,27세,경상
2017062100100252,2017년 6월 21일 12시,수요일,경상북도 영주시 하망동,중상사고,0,1,0,0,차량단독 - 전도전복,안전운전불이행,건조,맑음,단일로 - 기타,이륜,남,48세,중상,미분류,미분류,미분류,미분류
2017062100100253,2017년 6월 21일 12시,수요일,경상북도 구미시 황상동,경상사고,0,0,2,0,차대차 - 기타,안전운전불이행,건조,맑음,교차로 - 교차로부근,화물,남,35세,상해없음,승용,남,33세,경상
2017062100100270,2017년 6월 21일 13시,수요일,경상북도 안동시 풍산읍,중상사고,0,1,0,0,차대차 - 측면충돌,안전운전불이행,건조,맑음,단일로 - 기타,승용,여,35세,상해없음,승용,여,27세,중상
2017062100100271,2017년 6월 21일 13시,수요일,경상북도 성주군 성주읍,중상사고,0,1,1,0,차량단독 - 전도전복,안전운전불이행,건조,맑음,단일로 - 기타,승용,여,53세,중상,미분류,미분류,미분류,미분류
2017062100100272,2017년 6월 21일 13시,수요일,경상북도 구미시 원평동,중상사고,0,1,0,0,차대차 - 측면충돌,안전운전불이행,건조,맑음,단일로 - 기타,원동기,남,50세,중상,건설기계,남,56세,상해없음
2017062100100295,2017년 6월 21일 14시,수요일,경상북도 경산시 삼풍동,경상사고,0,0,1,0,차대사람 - 횡단중,보행자보호의무위반,건조,맑음,교차로 - 교차로안,승용,남,60세,상해없음,보행자,여,73세,경상
2017062100100364,2017년 6월 21일 16시,수요일,경상북도 경주시 인왕동,중상사고,0,1,3,0,차대차 - 측면충돌,신호위반,건조,맑음,교차로 - 교차로안,승용,남,49세,경상,승용,남,62세,경상
2017062100100365,2017년 6월 21일 16시,수요일,경상북도 경주시 성건동,경상사고,0,0,2,0,차대차 - 기타,안전운전불이행,건조,맑음,단일로 - 기타,승용,남,50세,상해없음,승합,남,43세,상해없음
2017062100100366,2017년 6월 21일 16시,수요일,경상북도 포항시 북구 장성동,중상사고,0,1,0,0,차대차 - 측면충돌,안전운전불이행,건조,맑음,단일로 - 기타,승용,여,43세,상해없음,승용,여,57세,중상
2017062100100399,2017년 6월 21일 17시,수요일,경상북도 영천시 야사동,중상사고,0,1,1,0,차대차 - 측면충돌,직진우회전진행방해,건조,맑음,교차로 - 교차로안,승용,남,38세,중상,승용,남,24세,경상
2017062100100444,2017년 6월 21일 18시,수요일,경상북도 포항시 남구 장기면,중상사고,0,2,0,0,차대차 - 기타,중앙선침범,건조,맑음,단일로 - 기타,승용,여,44세,기타불명,승용,여,37세,중상
2017062100100474,2017년 6월 21일 19시,수요일,경상북도 경주시 천북면,중상사고,0,1,0,0,차대차 - 측면충돌,안전운전불이행,건조,맑음,교차로 - 교차로안,승용,남,36세,상해없음,이륜,여,57세,중상
2017062100100475,2017년 6월 21일 19시,수요일,경상북도 김천시 응명동,중상사고,0,1,0,0,차대차 - 측면충돌,교차로운행방법위반,건조,맑음,교차로 - 교차로안,승용,남,36세,상해없음,자전거,남,17세,중상
2017062100100508,2017년 6월 21일 20시,수요일,경상북도 영주시 문정동,중상사고,0,1,0,0,차대사람 - 횡단중,안전운전불이행,건조,맑음,교차로 - 교차로안,승용,남,77세,상해없음,보행자,남,83세,중상
2017062100100564,2017년 6월 21일 22시,수요일,경상북도 안동시 안막동,경상사고,0,0,2,0,차대차 - 측면충돌,중앙선침범,건조,맑음,단일로 - 기타,승용,여,53세,상해없음,승용,여,27세,경상
2017062100100584,2017년 6월 21일 23시,수요일,경상북도 경산시 하양읍,사망사고,1,0,0,0,차대사람 - 길가장자리구역통행중,안전운전불이행,건조,맑음,단일로 - 교량,승용,남,48세,상해없음,보행자,남,27세,사망
2017062200100029,2017년 6월 22일 01시,목요일,경상북도 상주시 무양동,중상사고,0,1,0,0,차대차 - 측면충돌,교차로운행방법위반,건조,맑음,교차로 - 교차로안,승용,남,25세,상해없음,화물,여,52세,중상
2017062200100080,2017년 6월 22일 07시,목요일,경상북도 안동시 대석동,경상사고,0,0,1,0,차대차 - 추돌,안전거리미확보,건조,맑음,교차로 - 교차로부근,승용,여,65세,상해없음,승용,여,46세,경상
2017062200100081,2017년 6월 22일 07시,목요일,경상북도 경산시 자인면,경상사고,0,0,1,0,차대차 - 측면충돌,중앙선침범,건조,맑음,단일로 - 기타,승용,남,24세,상해없음,승용,남,33세,경상
2017062200100163,2017년 6월 22일 09시,목요일,경상북도 김천시 부곡동,부상신고사고,0,0,0,2,차대차 - 측면충돌,안전운전불이행,건조,맑음,단일로 - 기타,승용,남,63세,상해없음,승용,남,40세,부상신고
2017062200100164,2017년 6월 22일 09시,목요일,경상북도 구미시 도개면,경상사고,0,0,1,0,차대차 - 추돌,안전운전불이행,건조,맑음,단일로 - 기타,화물,남,70세,상해없음,승용,여,56세,경상
2017062200100193,2017년 6월 22일 10시,목요일,경상북도 칠곡군 왜관읍,중상사고,0,1,0,0,차대차 - 측면충돌,안전운전불이행,건조,맑음,교차로 - 교차로부근,건설기계,남,44세,상해없음,자전거,남,33세,중상
2017062200100194,2017년 6월 22일 10시,목요일,경상북도 영천시 고경면,경상사고,0,0,1,0,차대차 - 측면충돌,신호위반,건조,맑음,교차로 - 교차로안,건설기계,남,47세,상해없음,승용,여,53세,경상
2017062200100230,2017년 6월 22일 11시,목요일,경상북도 고령군 다산면,중상사고,0,1,0,0,차대차 - 측면충돌,교차로운행방법위반,건조,맑음,교차로 - 교차로안,승용,여,43세,상해없음,이륜,여,68세,중상
2017062200100231,2017년 6월 22일 11시,목요일,경상북도 구미시 남통동,경상사고,0,0,1,0,차대사람 - 기타,안전운전불이행,건조,맑음,교차로 - 교차로안,승용,남,52세,상해없음,보행자,여,55세,경상
2017062200100232,2017년 6월 22일 11시,목요일,경상북도 구미시 고아읍,중상사고,0,2,0,0,차대차 - 추돌,안전운전불이행,건조,맑음,교차로 - 교차로부근,승용,남,53세,상해없음,승용,남,58세,중상
2017062200100233,2017년 6월 22일 11시,목요일,경상북도 포항시 남구 연일읍,경상사고,0,0,1,0,차대차 - 측면충돌,안전운전불이행,건조,맑음,단일로 - 기타,특수,남,57세,상해없음,승용,여,58세,경상
2017062200100285,2017년 6월 22일 13시,목요일,경상북도 안동시 용상동,경상사고,0,0,1,0,차대차 - 측면충돌,직진우회전진행방해,건조,맑음,교차로 - 교차로안,승용,여,56세,상해없음,이륜,남,53세,경상
2017062200100286,2017년 6월 22일 13시,목요일,경상북도 의성군 의성읍,사망사고,1,0,0,0,차대차 - 추돌,안전운전불이행,건조,맑음,기타 - 기타,화물,남,49세,상해없음,농기계,남,78세,사망
2017062200100287,2017년 6월 22일 13시,목요일,경상북도 영덕군 영해면,중상사고,0,1,0,0,차대차 - 정면충돌,교차로운행방법위반,건조,맑음,교차로 - 교차로안,이륜,남,63세,중상,승용,남,68세,상해없음
2017062200100318,2017년 6월 22일 14시,목요일,경상북도 김천시 아포읍,중상사고,0,1,0,0,차대차 - 측면충돌,안전거리미확보,건조,맑음,단일로 - 기타,화물,남,65세,상해없음,승합,남,26세,중상
2017062200100319,2017년 6월 22일 14시,목요일,경상북도 상주시 무양동,경상사고,0,0,2,0,차대사람 - 차도통행중,안전운전불이행,건조,맑음,교차로 - 교차로부근,이륜,여,69세,경상,보행자,남,56세,경상
2017062200100320,2017년 6월 22일 14시,목요일,경상북도 구미시 공단동,중상사고,0,1,4,0,차대차 - 측면충돌,신호위반,건조,맑음,교차로 - 교차로안,승용,여,34세,상해없음,승용,여,40세,경상
2017062200100321,2017년 6월 22일 14시,목요일,경상북도 구미시 원평동,경상사고,0,0,1,0,차대차 - 측면충돌,중앙선침범,건조,맑음,단일로 - 기타,자전거,남,26세,경상,승용,여,64세,상해없음
2017062200100353,2017년 6월 22일 15시,목요일,경상북도 포항시 북구 학산동,중상사고,0,1,0,0,차대사람 - 차도통행중,안전운전불이행,건조,맑음,단일로 - 기타,승용,남,59세,상해없음,보행자,남,6세,중상
2017062200100354,2017년 6월 22일 15시,목요일,경상북도 김천시 신음동,경상사고,0,0,1,0,차대차 - 정면충돌,교차로운행방법위반,건조,맑음,교차로 - 교차로안,승용,여,38세,상해없음,이륜,남,48세,경상
2017062200100355,2017년 6월 22일 15시,목요일,경상북도 포항시 남구 오천읍,경상사고,0,0,1,0,차대차 - 측면충돌,직진우회전진행방해,건조,맑음,교차로 - 교차로안,승용,남,32세,기타불명,승용,여,34세,경상
2017062200100392,2017년 6월 22일 16시,목요일,경상북도 예천군 예천읍,중상사고,0,1,0,0,차대차 - 측면충돌,안전운전불이행,건조,맑음,교차로 - 교차로안,승용,남,55세,상해없음,원동기,여,67세,중상
2017062200100393,2017년 6월 22일 16시,목요일,경상북도 성주군 성주읍,경상사고,0,0,1,0,차대차 - 측면충돌,안전운전불이행,건조,맑음,교차로 - 교차로안,이륜,여,63세,경상,승용,여,45세,상해없음
2017062200100394,2017년 6월 22일 16시,목요일,경상북도 포항시 남구 이동,경상사고,0,0,1,0,차대차 - 기타,교차로운행방법위반,건조,맑음,교차로 - 교차로안,승용,여,50세,경상,화물,남,59세,상해없음
2017062200100428,2017년 6월 22일 17시,목요일,경상북도 경주시 건천읍,중상사고,0,1,0,0,차대사람 - 기타,안전운전불이행,건조,맑음,기타 - 기타,승용,남,58세,상해없음,보행자,남,60세,중상
2017062200100429,2017년 6월 22일 17시,목요일,경상북도 영주시 하망동,경상사고,0,0,1,0,차대차 - 기타,안전운전불이행,건조,맑음,교차로 - 교차로안,화물,남,76세,상해없음,자전거,여,79세,경상
2017062200100430,2017년 6월 22일 17시,목요일,경상북도 영천시 오수동,경상사고,0,0,1,0,차대차 - 측면충돌,안전운전불이행,건조,맑음,교차로 - 교차로안,승용,남,37세,상해없음,승용,여,64세,경상
2017062200100431,2017년 6월 22일 17시,목요일,경상북도 영천시 고경면,중상사고,0,1,2,0,차대차 - 측면충돌,안전운전불이행,건조,맑음,교차로 - 교차로안,승용,남,66세,상해없음,화물,남,31세,중상
2017062200100432,2017년 6월 22일 17시,목요일,경상북도 영덕군 영덕읍,경상사고,0,0,1,0,차대차 - 측면충돌,직진우회전진행방해,건조,맑음,교차로 - 교차로안,승용,여,47세,상해없음,승용,여,47세,경상
2017062200100433,2017년 6월 22일 17시,목요일,경상북도 예천군 은풍면,중상사고,0,1,0,0,차대차 - 기타,안전운전불이행,건조,맑음,교차로 - 교차로부근,건설기계,남,43세,상해없음,원동기,남,72세,중상
2017062200100434,2017년 6월 22일 17시,목요일,경상북도 구미시 형곡동,중상사고,0,1,0,0,차대차 - 측면충돌,안전운전불이행,건조,맑음,교차로 - 교차로부근,승용,여,49세,상해없음,이륜,남,56세,중상
2017062200100483,2017년 6월 22일 18시,목요일,경상북도 포항시 북구 학산동,경상사고,0,0,1,0,차대차 - 후진중충돌,안전운전불이행,건조,맑음,단일로 - 기타,승용,남,33세,상해없음,자전거,여,17세,경상
2017062200100484,2017년 6월 22일 18시,목요일,경상북도 김천시 교동,경상사고,0,0,1,0,차대차 - 측면충돌,안전운전불이행,건조,맑음,교차로 - 교차로안,승용,여,48세,상해없음,화물,남,49세,경상
2017062200100485,2017년 6월 22일 18시,목요일,경상북도 상주시 낙양동,경상사고,0,0,1,0,차대사람 - 횡단중,안전운전불이행,건조,맑음,단일로 - 기타,승용,여,50세,상해없음,보행자,남,8세,경상
2017062200100486,2017년 6월 22일 18시,목요일,경상북도 영주시 휴천동,경상사고,0,0,1,0,차대차 - 추돌,안전운전불이행,건조,맑음,교차로 - 교차로부근,승용,남,55세,상해없음,승용,여,43세,경상
2017062200100487,2017년 6월 22일 18시,목요일,경상북도 문경시 모전동,경상사고,0,0,1,0,차대차 - 기타,안전운전불이행,건조,맑음,단일로 - 기타,승용,남,73세,상해없음,승용,여,68세,경상
2017062200100488,2017년 6월 22일 18시,목요일,경상북도 구미시 인의동,경상사고,0,0,1,0,차대차 - 측면충돌,교차로운행방법위반,건조,맑음,교차로 - 교차로안,이륜,남,36세,상해없음,이륜,남,36세,경상
2017062200100489,2017년 6월 22일 18시,목요일,경상북도 포항시 남구 송도동,중상사고,0,1,0,0,차대차 - 측면충돌,안전운전불이행,건조,맑음,단일로 - 기타,승용,여,25세,상해없음,이륜,여,36세,중상
2017062200100490,2017년 6월 22일 18시,목요일,경상북도 포항시 남구 장흥동,경상사고,0,0,2,0,차대차 - 추돌,안전운전불이행,건조,맑음,교차로 - 교차로부근,승용,남,53세,상해없음,승용,여,41세,경상
2017062200100491,2017년 6월 22일 18시,목요일,경상북도 칠곡군 가산면,경상사고,0,0,1,0,차대차 - 추돌,안전거리미확보,건조,맑음,단일로 - 기타,승용,남,46세,상해없음,승용,남,53세,경상
2017062200100577,2017년 6월 22일 21시,목요일,경상북도 포항시 북구 동빈2가,경상사고,0,0,2,0,차대차 - 측면충돌,교차로운행방법위반,건조,맑음,교차로 - 교차로안,승용,남,21세,상해없음,승용,남,59세,경상
2017062200100578,2017년 6월 22일 21시,목요일,경상북도 안동시 법흥동,경상사고,0,0,1,0,차대차 - 측면충돌,안전운전불이행,건조,맑음,단일로 - 기타,이륜,남,62세,경상,화물,남,56세,상해없음
2017062200100579,2017년 6월 22일 21시,목요일,경상북도 칠곡군 약목면,경상사고,0,0,1,1,차대차 - 측면충돌,신호위반,건조,맑음,교차로 - 교차로안,승용,남,44세,부상신고,승용,여,52세,경상
2017062200100580,2017년 6월 22일 21시,목요일,경상북도 성주군 성주읍,경상사고,0,0,1,0,차대차 - 추돌,안전운전불이행,건조,맑음,단일로 - 기타,승용,남,48세,상해없음,농기계,남,71세,경상
2017062200100581,2017년 6월 22일 21시,목요일,경상북도 구미시 공단동,경상사고,0,0,2,0,차대차 - 정면충돌,안전운전불이행,건조,맑음,교차로 - 교차로부근,승용,여,48세,상해없음,승용,여,21세,경상
2017062200100582,2017년 6월 22일 21시,목요일,경상북도 구미시 고아읍,사망사고,1,0,0,0,차대차 - 측면충돌,신호위반,건조,맑음,교차로 - 교차로부근,이륜,남,22세,사망,승용,남,37세,상해없음
2017062200100614,2017년 6월 22일 22시,목요일,경상북도 칠곡군 석적읍,경상사고,0,0,1,0,차대차 - 기타,안전운전불이행,건조,맑음,단일로 - 기타,이륜,남,16세,경상,승용,남,26세,상해없음
2017062200100640,2017년 6월 22일 23시,목요일,경상북도 상주시 낙동면,중상사고,0,1,0,0,차대차 - 측면충돌,안전운전불이행,건조,맑음,단일로 - 기타,승용,여,45세,중상,특수,남,56세,상해없음
2017062300100055,2017년 6월 23일 01시,금요일,경상북도 경주시 용강동,중상사고,0,1,0,1,차대차 - 추돌,안전운전불이행,건조,맑음,단일로 - 기타,승용,남,41세,부상신고,승용,남,39세,중상
2017062300100068,2017년 6월 23일 03시,금요일,경상북도 포항시 남구 연일읍,중상사고,0,1,0,0,차대사람 - 보도통행중,안전운전불이행,건조,맑음,교차로 - 교차로안,승용,남,33세,상해없음,보행자,여,49세,중상
2017062300100093,2017년 6월 23일 06시,금요일,경상북도 울릉군 울릉읍,경상사고,0,0,1,0,차대차 - 정면충돌,안전운전불이행,건조,맑음,단일로 - 기타,승용,남,51세,기타불명,이륜,남,49세,경상
2017062300100114,2017년 6월 23일 07시,금요일,경상북도 경주시 천군동,경상사고,0,0,1,0,차량단독 - 전도전복,안전운전불이행,건조,맑음,단일로 - 기타,자전거,남,35세,경상,미분류,미분류,미분류,미분류
2017062300100115,2017년 6월 23일 07시,금요일,경상북도 경주시 황성동,경상사고,0,0,1,0,차대차 - 측면충돌,안전운전불이행,건조,맑음,교차로 - 교차로안,승용,남,62세,상해없음,자전거,남,79세,경상
2017062300100116,2017년 6월 23일 07시,금요일,경상북도 포항시 북구 동빈2가,경상사고,0,0,2,0,차대차 - 추돌,안전운전불이행,건조,맑음,단일로 - 기타,이륜,남,68세,경상,화물,남,56세,경상
2017062300100117,2017년 6월 23일 07시,금요일,경상북도 김천시 황금동,중상사고,0,1,0,0,차대사람 - 횡단중,보행자보호의무위반,건조,맑음,단일로 - 기타,승용,여,74세,상해없음,보행자,여,68세,중상
2017062300100160,2017년 6월 23일 08시,금요일,경상북도 김천시 대항면,사망사고,1,0,0,0,차량단독 - 전도전복,안전운전불이행,건조,맑음,단일로 - 기타,농기계,남,79세,사망,미분류,미분류,미분류,미분류
2017062300100161,2017년 6월 23일 08시,금요일,경상북도 문경시 점촌동,중상사고,0,1,0,0,차대차 - 측면충돌,안전운전불이행,건조,맑음,교차로 - 교차로부근,이륜,남,75세,중상,승합,여,65세,상해없음
2017062300100198,2017년 6월 23일 09시,금요일,경상북도 안동시 정하동,경상사고,0,0,1,0,차대차 - 추돌,안전운전불이행,건조,맑음,교차로 - 교차로안,승용,남,26세,상해없음,승용,남,28세,경상
2017062300100199,2017년 6월 23일 09시,금요일,경상북도 청도군 화양읍,경상사고,0,0,5,0,차대차 - 추돌,안전운전불이행,건조,맑음,교차로 - 교차로부근,승용,남,19세,경상,화물,남,55세,상해없음
2017062300100231,2017년 6월 23일 10시,금요일,경상북도 경주시 동천동,중상사고,0,1,0,0,차대차 - 측면충돌,안전운전불이행,건조,맑음,단일로 - 기타,승용,남,33세,상해없음,이륜,여,58세,중상
2017062300100232,2017년 6월 23일 10시,금요일,경상북도 칠곡군 왜관읍,중상사고,0,1,0,0,차대사람 - 차도통행중,안전운전불이행,건조,맑음,단일로 - 기타,승용,여,59세,상해없음,보행자,여,45세,중상
2017062300100233,2017년 6월 23일 10시,금요일,경상북도 봉화군 법전면,경상사고,0,0,1,0,차대차 - 기타,안전운전불이행,건조,맑음,기타 - 기타,승용,남,60세,상해없음,승용,여,51세,경상
2017062300100234,2017년 6월 23일 10시,금요일,경상북도 포항시 남구 오천읍,중상사고,0,1,0,0,차대차 - 측면충돌,안전운전불이행,건조,맑음,단일로 - 기타,화물,여,53세,상해없음,자전거,남,77세,중상
2017062300100266,2017년 6월 23일 11시,금요일,경상북도 포항시 북구 흥해읍,경상사고,0,0,3,0,차대차 - 정면충돌,안전운전불이행,건조,맑음,단일로 - 기타,화물,남,84세,경상,승용,여,43세,경상
2017062300100267,2017년 6월 23일 11시,금요일,경상북도 영주시 봉현면,경상사고,0,0,1,0,차대차 - 측면충돌,안전운전불이행,건조,맑음,단일로 - 기타,화물,남,67세,상해없음,화물,남,37세,경상
2017062300100292,2017년 6월 23일 12시,금요일,경상북도 경주시 성건동,중상사고,0,1,0,0,차대차 - 정면충돌,안전운전불이행,건조,맑음,교차로 - 교차로안,화물,남,54세,상해없음,이륜,남,45세,중상
2017062300100293,2017년 6월 23일 12시,금요일,경상북도 경주시 탑동,중상사고,0,1,2,0,차대차 - 측면충돌,안전운전불이행,건조,맑음,단일로 - 기타,화물,남,68세,경상,승용,남,66세,경상
2017062300100294,2017년 6월 23일 12시,금요일,경상북도 울진군 후포면,경상사고,0,0,1,0,차대차 - 추돌,안전운전불이행,건조,맑음,단일로 - 기타,화물,남,40세,경상,화물,남,58세,상해없음
2017062300100295,2017년 6월 23일 12시,금요일,경상북도 포항시 남구 장흥동,중상사고,0,2,1,0,차대차 - 측면충돌,안전운전불이행,건조,맑음,교차로 - 교차로부근,이륜,남,66세,기타불명,화물,여,39세,중상
2017062300100320,2017년 6월 23일 13시,금요일,경상북도 경산시 압량면,경상사고,0,0,1,0,차대차 - 측면충돌,직진우회전진행방해,건조,맑음,교차로 - 교차로안,이륜,남,25세,경상,승용,여,39세,상해없음
2017062300100321,2017년 6월 23일 13시,금요일,경상북도 포항시 남구 오천읍,중상사고,0,1,0,0,차대차 - 측면충돌,안전운전불이행,건조,맑음,교차로 - 교차로부근,이륜,남,77세,중상,승용,남,29세,상해없음
2017062300100340,2017년 6월 23일 14시,금요일,경상북도 경산시 자인면,경상사고,0,0,2,0,차대차 - 측면충돌,안전운전불이행,건조,맑음,단일로 - 기타,화물,남,46세,상해없음,승용,여,46세,경상
2017062300100341,2017년 6월 23일 14시,금요일,경상북도 구미시 금전동,중상사고,0,1,1,0,차대차 - 측면충돌,안전운전불이행,건조,맑음,교차로 - 교차로안,승용,여,49세,중상,승용,남,46세,경상
2017062300100377,2017년 6월 23일 15시,금요일,경상북도 포항시 북구 장성동,경상사고,0,0,1,0,차대차 - 측면충돌,교차로운행방법위반,건조,맑음,교차로 - 교차로부근,건설기계,남,61세,상해없음,승용,남,60세,경상
2017062300100378,2017년 6월 23일 15시,금요일,경상북도 안동시 운안동,경상사고,0,0,1,0,차대차 - 추돌,안전거리미확보,건조,맑음,교차로 - 교차로부근,승용,남,59세,상해없음,승용,여,29세,경상
2017062300100379,2017년 6월 23일 15시,금요일,경상북도 영천시 임고면,중상사고,0,1,1,0,차대차 - 측면충돌,안전운전불이행,건조,맑음,단일로 - 기타,승용,여,45세,중상,승용,남,67세,경상
2017062300100380,2017년 6월 23일 15시,금요일,경상북도 구미시 송정동,중상사고,0,1,0,0,차대차 - 측면충돌,안전운전불이행,건조,맑음,교차로 - 교차로안,승용,여,64세,상해없음,원동기,남,48세,중상
2017062300100381,2017년 6월 23일 15시,금요일,경상북도 구미시 사곡동,경상사고,0,0,1,0,차대차 - 추돌,안전거리미확보,건조,맑음,단일로 - 기타,이륜,남,26세,상해없음,승용,남,46세,경상
2017062300100382,2017년 6월 23일 15시,금요일,경상북도 포항시 남구 이동,경상사고,0,0,1,0,차대차 - 기타,안전운전불이행,건조,맑음,교차로 - 교차로안,승용,여,47세,상해없음,승용,남,35세,경상
2017062300100427,2017년 6월 23일 16시,금요일,경상북도 포항시 북구 상원동,부상신고사고,0,0,0,1,차대차 - 기타,안전운전불이행,건조,맑음,단일로 - 기타,화물,남,38세,상해없음,자전거,남,74세,부상신고
2017062300100428,2017년 6월 23일 16시,금요일,경상북도 포항시 남구 청림동,경상사고,0,0,2,0,차대차 - 추돌,안전운전불이행,건조,맑음,교차로 - 교차로부근,이륜,남,24세,경상,승용,여,34세,경상
2017062300100477,2017년 6월 23일 17시,금요일,경상북도 경주시 황성동,경상사고,0,0,1,0,차대사람 - 횡단중,신호위반,건조,맑음,교차로 - 교차로안,이륜,남,29세,상해없음,보행자,여,4세,경상
2017062300100478,2017년 6월 23일 17시,금요일,경상북도 안동시 옥동,경상사고,0,0,2,0,차대사람 - 횡단중,보행자보호의무위반,건조,맑음,교차로 - 교차로횡단보도내,승합,여,60세,상해없음,보행자,남,23세,경상
2017062300100479,2017년 6월 23일 17시,금요일,경상북도 경산시 와촌면,경상사고,0,0,1,0,차대차 - 정면충돌,신호위반,건조,맑음,교차로 - 교차로안,승용,남,52세,상해없음,화물,남,77세,경상
2017062300100480,2017년 6월 23일 17시,금요일,경상북도 구미시 공단동,경상사고,0,0,1,0,차대차 - 정면충돌,신호위반,건조,맑음,단일로 - 기타,승용,여,61세,상해없음,자전거,남,59세,경상
2017062300100481,2017년 6월 23일 17시,금요일,경상북도 포항시 남구 대잠동,경상사고,0,0,1,0,차대차 - 기타,안전운전불이행,건조,맑음,교차로 - 교차로안,승용,남,68세,경상,승용,남,49세,상해없음
2017062300100526,2017년 6월 23일 18시,금요일,경상북도 경주시 용강동,중상사고,0,1,0,0,차대차 - 측면충돌,신호위반,건조,맑음,교차로 - 교차로안,승용,남,49세,상해없음,승용,여,57세,중상
2017062300100527,2017년 6월 23일 18시,금요일,경상북도 포항시 남구 연일읍,중상사고,0,1,4,2,차대차 - 측면충돌,안전운전불이행,건조,맑음,단일로 - 기타,화물,남,65세,경상,승용,남,25세,경상
2017062300100569,2017년 6월 23일 19시,금요일,경상북도 영주시 가흥동,경상사고,0,0,1,0,차대차 - 측면충돌,교차로운행방법위반,건조,맑음,교차로 - 교차로안,승용,여,45세,상해없음,이륜,남,38세,경상
2017062300100570,2017년 6월 23일 19시,금요일,경상북도 예천군 예천읍,경상사고,0,0,1,0,차대사람 - 횡단중,보행자보호의무위반,건조,맑음,교차로 - 교차로부근,화물,남,54세,상해없음,보행자,여,46세,경상
2017062300100571,2017년 6월 23일 19시,금요일,경상북도 구미시 신평동,경상사고,0,0,1,0,차대차 - 측면충돌,교차로운행방법위반,건조,맑음,교차로 - 교차로안,승용,남,46세,상해없음,승용,여,27세,경상
2017062300100632,2017년 6월 23일 21시,금요일,경상북도 포항시 북구 흥해읍,중상사고,0,1,0,0,차량단독 - 전도전복,안전운전불이행,건조,맑음,단일로 - 기타,이륜,남,56세,중상,미분류,미분류,미분류,미분류
2017062300100633,2017년 6월 23일 21시,금요일,경상북도 구미시 사곡동,중상사고,0,1,0,0,차대사람 - 횡단중,안전운전불이행,건조,맑음,교차로 - 교차로안,승용,남,44세,상해없음,보행자,남,43세,중상
2017062300100634,2017년 6월 23일 21시,금요일,경상북도 구미시 사곡동,중상사고,0,1,0,0,차량단독 - 기타,안전운전불이행,건조,맑음,단일로 - 기타,승합,남,39세,상해없음,,,,
2017062300100671,2017년 6월 23일 22시,금요일,경상북도 영주시 하망동,경상사고,0,0,1,0,차대사람 - 차도통행중,안전운전불이행,건조,맑음,교차로 - 교차로부근,승합,남,60세,상해없음,보행자,남,62세,경상
2017062300100672,2017년 6월 23일 22시,금요일,경상북도 포항시 남구 송도동,경상사고,0,0,1,0,차대차 - 후진중충돌,안전운전불이행,건조,맑음,단일로 - 기타,승용,남,43세,상해없음,승용,남,36세,경상
2017062300100703,2017년 6월 23일 23시,금요일,경상북도 경주시 석장동,경상사고,0,0,1,0,차량단독 - 전도전복,안전운전불이행,건조,맑음,단일로 - 기타,이륜,남,18세,상해없음,미분류,미분류,미분류,미분류
2017062300100704,2017년 6월 23일 23시,금요일,경상북도 칠곡군 석적읍,경상사고,0,0,1,0,차대사람 - 기타,안전운전불이행,건조,맑음,단일로 - 기타,자전거,남,40세,경상,보행자,남,14세,상해없음
2017062300100705,2017년 6월 23일 23시,금요일,경상북도 구미시 상모동,경상사고,0,0,1,0,차대차 - 측면충돌,안전운전불이행,건조,맑음,단일로 - 기타,승용,여,31세,상해없음,승용,남,44세,경상
2017062400100028,2017년 6월 24일 00시,토요일,경상북도 구미시 고아읍,부상신고사고,0,0,0,1,차대사람 - 보도통행중,안전운전불이행,건조,맑음,기타 - 기타,승용,남,56세,상해없음,보행자,남,36세,부상신고
2017062400100045,2017년 6월 24일 01시,토요일,경상북도 경산시 조영동,중상사고,0,1,0,0,차대사람 - 차도통행중,안전운전불이행,건조,맑음,교차로 - 교차로안,승용,남,27세,상해없음,보행자,남,21세,중상
2017062400100046,2017년 6월 24일 01시,토요일,경상북도 경산시 정평동,중상사고,0,1,0,0,차대차 - 기타,안전운전불이행,건조,맑음,단일로 - 기타,승용,남,28세,상해없음,승용,남,24세,중상
2017062400100063,2017년 6월 24일 02시,토요일,경상북도 포항시 북구 용흥동,경상사고,0,0,3,0,차대차 - 측면충돌,안전운전불이행,건조,맑음,단일로 - 기타,승용,남,46세,상해없음,승용,남,49세,경상
2017062400100089,2017년 6월 24일 04시,토요일,경상북도 칠곡군 기산면,경상사고,0,0,3,0,차대차 - 추돌,안전운전불이행,건조,맑음,단일로 - 기타,승용,남,56세,상해없음,승합,남,38세,경상