사고번호,사고일시,요일,시군구,사고내용,사망자수,중상자수,경상자수,부상신고자수,사고유형,법규위반,노면상태,기상상태,도로형태,가해운전자 차종,가해운전자 성별,가해운전자 연령,가해운전자 상해정도,피해운전자 차종,피해운전자 성별,피해운전자 연령,피해운전자 상해정도
2017062400100097,2017년 6월 24일 05시,토요일,경상북도 칠곡군 가산면,중상사고,0,1,1,0,차대차 - 측면충돌,안전운전불이행,건조,맑음,교차로 - 교차로부근,승용,여,56세,중상,화물,남,52세,경상
2017062400100098,2017년 6월 24일 05시,토요일,경상북도 경산시 자인면,경상사고,0,0,1,0,차대차 - 정면충돌,교차로운행방법위반,건조,맑음,교차로 - 교차로안,승용,남,24세,상해없음,화물,남,57세,경상
2017062400100125,2017년 6월 24일 07시,토요일,경상북도 칠곡군 왜관읍,경상사고,0,0,2,0,차대차 - 측면충돌,신호위반,건조,맑음,교차로 - 교차로안,화물,남,55세,경상,화물,남,53세,경상
2017062400100126,2017년 6월 24일 07시,토요일,경상북도 구미시 상모동,중상사고,0,3,0,0,차대차 - 측면충돌,직진우회전진행방해,건조,맑음,교차로 - 교차로안,승용,남,49세,중상,승용,남,54세,중상
2017062400100153,2017년 6월 24일 08시,토요일,경상북도 경주시 동천동,경상사고,0,0,1,0,차대사람 - 횡단중,신호위반,건조,맑음,교차로 - 교차로횡단보도내,승용,남,55세,상해없음,보행자,여,68세,경상
2017062400100154,2017년 6월 24일 08시,토요일,경상북도 경주시 동천동,중상사고,0,1,0,0,차대차 - 측면충돌,안전운전불이행,건조,맑음,교차로 - 교차로안,승용,여,46세,상해없음,승용,남,28세,상해없음
2017062400100205,2017년 6월 24일 10시,토요일,경상북도 경주시 노동동,중상사고,0,1,0,0,차대차 - 기타,신호위반,건조,맑음,교차로 - 교차로횡단보도내,승용,남,67세,상해없음,자전거,여,55세,중상
2017062400100206,2017년 6월 24일 10시,토요일,경상북도 구미시 인의동,경상사고,0,0,1,0,차대사람 - 횡단중,안전운전불이행,건조,맑음,단일로 - 기타,승용,남,31세,상해없음,보행자,여,12세,경상
2017062400100207,2017년 6월 24일 10시,토요일,경상북도 구미시 원평동,중상사고,0,1,0,0,차대차 - 측면충돌,안전운전불이행,건조,맑음,교차로 - 교차로안,승용,남,50세,상해없음,자전거,여,62세,중상
2017062400100291,2017년 6월 24일 13시,토요일,경상북도 안동시 길안면,중상사고,0,2,4,0,차대차 - 정면충돌,중앙선침범,건조,맑음,단일로 - 기타,승용,남,69세,상해없음,화물,남,62세,경상
2017062400100292,2017년 6월 24일 13시,토요일,경상북도 구미시 고아읍,중상사고,0,1,0,0,차대차 - 기타,신호위반,건조,맑음,교차로 - 교차로안,승용,여,54세,상해없음,이륜,여,60세,중상
2017062400100326,2017년 6월 24일 14시,토요일,경상북도 울릉군 서면,중상사고,0,2,5,0,차대차 - 정면충돌,신호위반,건조,맑음,단일로 - 기타,승합,남,56세,상해없음,화물,남,41세,상해없음
2017062400100369,2017년 6월 24일 15시,토요일,경상북도 안동시 옥야동,경상사고,0,0,3,0,차대차 - 추돌,안전거리미확보,건조,맑음,단일로 - 기타,화물,남,64세,상해없음,승용,남,29세,경상
2017062400100370,2017년 6월 24일 15시,토요일,경상북도 김천시 조마면,경상사고,0,0,1,0,차대차 - 정면충돌,중앙선침범,건조,맑음,단일로 - 기타,농기계,남,56세,경상,화물,남,70세,상해없음
2017062400100398,2017년 6월 24일 16시,토요일,경상북도 안동시 풍산읍,사망사고,1,0,0,0,차량단독 - 전도전복,안전운전불이행,건조,맑음,단일로 - 기타,사륜오토바이(ATV),남,78세,사망,미분류,미분류,미분류,미분류
2017062400100399,2017년 6월 24일 16시,토요일,경상북도 예천군 호명면,중상사고,0,2,2,0,차대차 - 측면충돌,신호위반,건조,맑음,교차로 - 교차로안,승용,남,41세,상해없음,승용,남,52세,중상
2017062400100427,2017년 6월 24일 17시,토요일,경상북도 영주시 가흥동,경상사고,0,0,1,0,차대차 - 측면충돌,안전운전불이행,건조,맑음,교차로 - 교차로부근,이륜,남,23세,경상,승용,여,29세,상해없음
2017062400100456,2017년 6월 24일 18시,토요일,경상북도 청도군 각북면,중상사고,0,1,0,0,차대차 - 측면충돌,안전운전불이행,건조,맑음,교차로 - 교차로안,이륜,남,56세,중상,승용,남,53세,상해없음
2017062400100479,2017년 6월 24일 19시,토요일,경상북도 구미시 송정동,중상사고,0,1,2,0,차대차 - 기타,안전거리미확보,젖음/습기,비,교차로 - 교차로부근,화물,남,25세,상해없음,승용,남,58세,경상
2017062400100506,2017년 6월 24일 20시,토요일,경상북도 경산시 자인면,경상사고,0,0,1,0,차대차 - 후진중충돌,안전운전불이행,건조,맑음,단일로 - 기타,기타불명,기타불명,미분류,기타불명,승용,여,65세,경상
2017062400100537,2017년 6월 24일 21시,토요일,경상북도 포항시 남구 해도동,중상사고,0,1,0,0,차대차 - 측면충돌,안전운전불이행,건조,맑음,교차로 - 교차로안,승용,남,56세,상해없음,자전거,남,43세,중상
2017062400100605,2017년 6월 24일 23시,토요일,경상북도 포항시 북구 동빈1가,경상사고,0,0,3,0,차대차 - 측면충돌,안전거리미확보,건조,맑음,교차로 - 교차로안,승용,여,40세,경상,승용,남,54세,경상
2017062400100606,2017년 6월 24일 23시,토요일,경상북도 문경시 흥덕동,중상사고,0,1,0,0,차대사람 - 차도통행중,안전운전불이행,건조,맑음,단일로 - 기타,승용,남,70세,상해없음,보행자,여,37세,중상
2017062500100029,2017년 6월 25일 00시,일요일,경상북도 구미시 진평동,경상사고,0,0,1,0,차대차 - 측면충돌,신호위반,건조,맑음,교차로 - 교차로안,승용,남,54세,상해없음,이륜,남,37세,경상
2017062500100083,2017년 6월 25일 05시,일요일,경상북도 포항시 남구 오천읍,경상사고,0,0,1,0,차대차 - 정면충돌,안전운전불이행,건조,맑음,교차로 - 교차로부근,이륜,남,24세,경상,승용,여,36세,기타불명
2017062500100090,2017년 6월 25일 06시,일요일,경상북도 상주시 공검면,중상사고,0,1,0,0,차대차 - 측면충돌,안전운전불이행,건조,맑음,교차로 - 교차로안,이륜,여,67세,중상,승용,남,48세,상해없음
2017062500100110,2017년 6월 25일 07시,일요일,경상북도 안동시 신안동,경상사고,0,0,1,0,차대차 - 기타,안전운전불이행,건조,맑음,단일로 - 기타,승용,남,26세,상해없음,승합,남,56세,상해없음
2017062500100111,2017년 6월 25일 07시,일요일,경상북도 구미시 도개면,중상사고,0,1,0,0,차대차 - 측면충돌,안전운전불이행,건조,맑음,단일로 - 기타,승용,남,19세,상해없음,화물,남,51세,중상
2017062500100131,2017년 6월 25일 09시,일요일,경상북도 청송군 안덕면,중상사고,0,1,0,0,차대차 - 측면충돌,중앙선침범,건조,맑음,단일로 - 기타,승용,여,27세,상해없음,화물,여,61세,중상
2017062500100132,2017년 6월 25일 09시,일요일,경상북도 구미시 상모동,경상사고,0,0,1,0,차대차 - 측면충돌,교차로운행방법위반,건조,맑음,교차로 - 교차로안,승용,여,57세,상해없음,승용,남,49세,경상
2017062500100133,2017년 6월 25일 09시,일요일,경상북도 포항시 남구 이동,경상사고,0,0,5,0,차대차 - 기타,안전운전불이행,건조,맑음,단일로 - 기타,승용,여,74세,기타불명,승용,남,33세,경상
2017062500100153,2017년 6월 25일 10시,일요일,경상북도 경주시 양북면,중상사고,0,1,0,0,차량단독 - 기타,안전운전불이행,건조,맑음,단일로 - 기타,승용,여,54세,중상,,,,
2017062500100154,2017년 6월 25일 10시,일요일,경상북도 포항시 북구 덕수동,중상사고,0,1,0,0,차대차 - 측면충돌,안전운전불이행,건조,맑음,단일로 - 기타,승용,남,46세,상해없음,원동기,남,65세,중상
2017062500100173,2017년 6월 25일 11시,일요일,경상북도 경주시 성동동,중상사고,0,1,0,0,차대차 - 측면충돌,안전운전불이행,건조,맑음,교차로 - 교차로안,기타불명,기타불명,미분류,기타불명,자전거,남,54세,중상
2017062500100174,2017년 6월 25일 11시,일요일,경상북도 문경시 가은읍,중상사고,0,1,2,0,차대차 - 측면충돌,안전운전불이행,건조,맑음,단일로 - 기타,승용,남,51세,경상,승용,남,61세,중상
2017062500100175,2017년 6월 25일 11시,일요일,경상북도 영덕군 병곡면,경상사고,0,0,5,0,차대차 - 측면충돌,직진우회전진행방해,건조,맑음,교차로 - 교차로안,화물,남,66세,경상,승용,남,38세,경상
2017062500100193,2017년 6월 25일 12시,일요일,경상북도 구미시 원평동,경상사고,0,0,1,0,차대차 - 기타,신호위반,건조,흐림,교차로 - 교차로안,기타불명,기타불명,미분류,기타불명,원동기,남,20세,경상
2017062500100194,2017년 6월 25일 12시,일요일,경상북도 포항시 남구 효자동,경상사고,0,0,1,0,차대차 - 측면충돌,중앙선침범,건조,맑음,단일로 - 기타,승용,여,23세,상해없음,이륜,남,20세,경상
2017062500100254,2017년 6월 25일 15시,일요일,경상북도 구미시 도량동,경상사고,0,0,2,0,차대차 - 측면충돌,교차로운행방법위반,건조,맑음,교차로 - 교차로안,승용,남,43세,상해없음,승용,여,26세,경상
2017062500100255,2017년 6월 25일 15시,일요일,경상북도 영천시 청통면,중상사고,0,6,1,0,차량단독 - 공작물충돌,안전운전불이행,건조,맑음,단일로 - 기타,승합,여,60세,상해없음,,,,
2017062500100279,2017년 6월 25일 16시,일요일,경상북도 포항시 북구 덕수동,경상사고,0,0,1,0,차대차 - 측면충돌,직진우회전진행방해,건조,맑음,교차로 - 교차로안,승용,남,62세,상해없음,승용,남,44세,경상
2017062500100280,2017년 6월 25일 16시,일요일,경상북도 구미시 송정동,중상사고,0,1,0,0,차대사람 - 횡단중,보행자보호의무위반,건조,맑음,교차로 - 교차로횡단보도내,승용,여,49세,상해없음,보행자,여,64세,중상
2017062500100281,2017년 6월 25일 16시,일요일,경상북도 포항시 남구 장기면,중상사고,0,1,0,0,차대사람 - 횡단중,안전운전불이행,건조,맑음,단일로 - 기타,이륜,남,38세,상해없음,보행자,여,60세,중상
2017062500100306,2017년 6월 25일 17시,일요일,경상북도 포항시 북구 두호동,중상사고,0,1,0,0,차대사람 - 횡단중,보행자보호의무위반,건조,맑음,단일로 - 기타,승용,여,63세,상해없음,보행자,여,6세,중상
2017062500100307,2017년 6월 25일 17시,일요일,경상북도 포항시 북구 득량동,경상사고,0,0,1,0,차대차 - 추돌,안전운전불이행,젖음/습기,비,교차로 - 교차로안,승용,남,30세,상해없음,승용,여,52세,경상
2017062500100308,2017년 6월 25일 17시,일요일,경상북도 안동시 일직면,중상사고,0,1,2,0,차량단독 - 전도전복,안전운전불이행,젖음/습기,비,단일로 - 기타,승합,남,62세,상해없음,미분류,미분류,미분류,미분류
2017062500100309,2017년 6월 25일 17시,일요일,경상북도 안동시 수상동,경상사고,0,0,4,0,차대차 - 추돌,안전거리미확보,젖음/습기,비,단일로 - 기타,승용,남,36세,경상,승용,남,50세,상해없음
2017062500100310,2017년 6월 25일 17시,일요일,경상북도 상주시 낙동면,경상사고,0,0,2,0,차대차 - 추돌,안전운전불이행,젖음/습기,비,단일로 - 기타,승용,남,31세,상해없음,승용,남,47세,상해없음
2017062500100311,2017년 6월 25일 17시,일요일,경상북도 영주시 안정면,중상사고,0,1,0,0,차량단독 - 전도전복 - 전도,안전운전불이행,건조,맑음,단일로 - 기타,승합,남,57세,상해없음,,,,
2017062500100367,2017년 6월 25일 19시,일요일,경상북도 경산시 압량면,경상사고,0,0,1,0,차대차 - 정면충돌,중앙선침범,건조,맑음,단일로 - 기타,화물,남,70세,상해없음,원동기,남,30세,경상
2017062500100368,2017년 6월 25일 19시,일요일,경상북도 구미시 도량동,경상사고,0,0,1,0,차대사람 - 횡단중,안전운전불이행,건조,맑음,단일로 - 기타,이륜,남,17세,기타불명,보행자,남,56세,경상
2017062500100393,2017년 6월 25일 20시,일요일,경상북도 칠곡군 왜관읍,경상사고,0,0,1,1,차대사람 - 횡단중,안전운전불이행,젖음/습기,비,교차로 - 교차로안,이륜,남,21세,부상신고,보행자,여,40세,경상
2017062500100394,2017년 6월 25일 20시,일요일,경상북도 고령군 쌍림면,중상사고,0,2,0,0,차대차 - 추돌,안전운전불이행,젖음/습기,비,기타 - 기타,승용,남,62세,중상,승용,남,39세,중상
2017062500100417,2017년 6월 25일 21시,일요일,경상북도 상주시 냉림동,중상사고,0,1,0,0,차대사람 - 차도통행중,안전운전불이행,젖음/습기,비,단일로 - 기타,승용,남,58세,상해없음,보행자,남,64세,중상
2017062500100418,2017년 6월 25일 21시,일요일,경상북도 경산시 중산동,경상사고,0,0,1,0,차대차 - 기타,신호위반,젖음/습기,비,교차로 - 교차로안,승용,남,62세,상해없음,승용,남,42세,경상
2017062500100419,2017년 6월 25일 21시,일요일,경상북도 포항시 남구 이동,경상사고,0,0,1,0,차대차 - 정면충돌,안전운전불이행,건조,맑음,단일로 - 기타,승용,남,60세,상해없음,승용,남,25세,경상
2017062500100440,2017년 6월 25일 22시,일요일,경상북도 문경시 모전동,중상사고,0,1,0,0,차대사람 - 횡단중,안전운전불이행,젖음/습기,비,교차로 - 교차로안,승용,남,58세,상해없음,보행자,여,65세,중상
2017062500100441,2017년 6월 25일 22시,일요일,경상북도 문경시 점촌동,경상사고,0,0,2,0,차대차 - 측면충돌,교차로운행방법위반,젖음/습기,비,교차로 - 교차로안,승용,남,28세,경상,승용,남,60세,경상
2017062500100442,2017년 6월 25일 22시,일요일,경상북도 구미시 원평동,경상사고,0,0,1,0,차대차 - 추돌,안전운전불이행,젖음/습기,비,단일로 - 고가도로위,승용,남,35세,상해없음,승용,남,43세,경상
2017062500100443,2017년 6월 25일 22시,일요일,경상북도 포항시 남구 송도동,경상사고,0,0,1,0,차대차 - 기타,안전운전불이행,젖음/습기,비,단일로 - 기타,이륜,남,52세,상해없음,승합,남,48세,상해없음
2017062600100028,2017년 6월 26일 00시,월요일,경상북도 영덕군 병곡면,중상사고,0,1,0,0,차량단독 - 도로외이탈 - 추락,안전운전불이행,건조,맑음,단일로 - 기타,승합,남,55세,상해없음,,,,
2017062600100034,2017년 6월 26일 01시,월요일,경상북도 청도군 청도읍,경상사고,0,0,1,0,차대차 - 측면충돌,안전운전불이행,기타,비,단일로 - 기타,화물,남,42세,상해없음,화물,남,43세,경상
2017062600100060,2017년 6월 26일 05시,월요일,경상북도 경주시 탑동,경상사고,0,0,1,0,차량단독 - 전도전복 - 전도,안전운전불이행,건조,맑음,단일로 - 기타,승용,남,46세,경상,,,,
2017062600100101,2017년 6월 26일 07시,월요일,경상북도 경주시 동천동,중상사고,0,1,0,0,차대차 - 측면충돌,안전운전불이행,건조,맑음,교차로 - 교차로안,승용,남,47세,상해없음,승용,남,26세,중상
2017062600100102,2017년 6월 26일 07시,월요일,경상북도 의성군 의성읍,중상사고,0,1,0,0,차대사람 - 길가장자리구역통행중,안전운전불이행,건조,맑음,단일로 - 지하차도(도로)내,기타불명,기타불명,미분류,기타불명,보행자,여,68세,중상
2017062600100138,2017년 6월 26일 08시,월요일,경상북도 경주시 동천동,중상사고,0,1,0,0,차대차 - 측면충돌,안전운전불이행,건조,맑음,교차로 - 교차로안,이륜,남,79세,중상,승용,남,19세,상해없음
2017062600100139,2017년 6월 26일 08시,월요일,경상북도 경주시 황성동,경상사고,0,0,2,0,차대차 - 기타,직진우회전진행방해,건조,맑음,교차로 - 교차로안,승용,여,36세,경상,승용,여,31세,경상
2017062600100140,2017년 6월 26일 08시,월요일,경상북도 구미시 구포동,경상사고,0,0,1,0,차대차 - 측면충돌,안전운전불이행,건조,맑음,교차로 - 교차로횡단보도내,기타불명,기타불명,미분류,기타불명,자전거,남,15세,경상
2017062600100171,2017년 6월 26일 09시,월요일,경상북도 영양군 입암면,중상사고,0,1,0,0,차대차 - 추돌,안전운전불이행,건조,맑음,단일로 - 기타,승용,여,60세,상해없음,사륜오토바이(ATV),남,79세,중상
2017062600100172,2017년 6월 26일 09시,월요일,경상북도 영천시 화남면,중상사고,0,1,0,0,차량단독 - 공작물충돌,안전운전불이행,건조,맑음,단일로 - 기타,승용,남,40세,상해없음,,,,
2017062600100197,2017년 6월 26일 10시,월요일,경상북도 영주시 휴천동,경상사고,0,0,2,1,차대차 - 측면충돌,안전운전불이행,건조,맑음,교차로 - 교차로안,승용,여,76세,부상신고,승용,여,50세,경상
2017062600100198,2017년 6월 26일 10시,월요일,경상북도 영덕군 지품면,경상사고,0,0,4,0,차대차 - 측면충돌,안전운전불이행,건조,맑음,단일로 - 기타,승합,남,47세,상해없음,화물,남,69세,상해없음
2017062600100199,2017년 6월 26일 10시,월요일,경상북도 봉화군 춘양면,경상사고,0,0,1,0,차대차 - 기타,안전운전불이행,건조,맑음,단일로 - 기타,건설기계,남,57세,상해없음,농기계,남,66세,경상
2017062600100229,2017년 6월 26일 11시,월요일,경상북도 영덕군 영해면,중상사고,0,2,0,0,차대차 - 정면충돌,안전운전불이행,젖음/습기,흐림,단일로 - 기타,화물,남,47세,중상,화물,남,22세,중상
2017062600100255,2017년 6월 26일 12시,월요일,경상북도 상주시 사벌면,부상신고사고,0,0,0,1,차량단독 - 전도전복,안전운전불이행,건조,맑음,단일로 - 기타,이륜,여,62세,부상신고,미분류,미분류,미분류,미분류
2017062600100256,2017년 6월 26일 12시,월요일,경상북도 의성군 옥산면,중상사고,0,1,1,0,차대차 - 정면충돌,안전운전불이행,건조,맑음,단일로 - 기타,이륜,남,64세,중상,승용,여,61세,경상
2017062600100257,2017년 6월 26일 12시,월요일,경상북도 의성군 봉양면,중상사고,0,1,1,0,차대차 - 추돌,안전운전불이행,건조,맑음,단일로 - 기타,승합,남,27세,경상,승용,남,53세,중상
2017062600100258,2017년 6월 26일 12시,월요일,경상북도 경산시 중방동,중상사고,0,1,0,0,차대사람 - 기타,안전운전불이행,건조,맑음,단일로 - 기타,승용,남,39세,상해없음,보행자,여,63세,중상
2017062600100259,2017년 6월 26일 12시,월요일,경상북도 포항시 남구 대잠동,경상사고,0,0,1,0,차대차 - 측면충돌,신호위반,젖음/습기,비,교차로 - 교차로안,승용,남,77세,상해없음,승용,여,44세,경상
2017062600100288,2017년 6월 26일 13시,월요일,경상북도 김천시 대덕면,경상사고,0,0,1,0,차량단독 - 공작물충돌,안전운전불이행,건조,맑음,단일로 - 기타,승용,남,69세,상해없음,,,,
2017062600100289,2017년 6월 26일 13시,월요일,경상북도 청도군 청도읍,중상사고,0,2,0,0,차대차 - 측면충돌,신호위반,건조,흐림,교차로 - 교차로안,승합,남,49세,상해없음,화물,여,42세,중상
2017062600100365,2017년 6월 26일 15시,월요일,경상북도 영천시 대창면,중상사고,0,1,1,0,차량단독 - 전도전복 - 전복,안전운전불이행,건조,맑음,단일로 - 기타,승용,남,64세,경상,,,,
2017062600100408,2017년 6월 26일 16시,월요일,경상북도 성주군 금수면,중상사고,0,1,0,0,차대사람 - 기타,안전운전불이행,건조,맑음,단일로 - 기타,화물,남,26세,상해없음,보행자,여,84세,중상
2017062600100447,2017년 6월 26일 17시,월요일,경상북도 구미시 공단동,중상사고,0,1,0,0,차대차 - 측면충돌,신호위반,젖음/습기,비,교차로 - 교차로안,화물,남,39세,상해없음,화물,남,41세,중상
2017062600100477,2017년 6월 26일 18시,월요일,경상북도 안동시 삼산동,중상사고,0,1,0,0,차대차 - 추돌,안전운전불이행,건조,맑음,단일로 - 기타,승용,남,19세,상해없음,승용,여,36세,중상
2017062600100478,2017년 6월 26일 18시,월요일,경상북도 영주시 평은면,부상신고사고,0,0,0,2,차대차 - 추돌,안전운전불이행,건조,맑음,단일로 - 기타,승용,여,34세,상해없음,승용,남,72세,상해없음
2017062600100479,2017년 6월 26일 18시,월요일,경상북도 성주군 성주읍,중상사고,0,1,1,0,차대차 - 측면충돌,신호위반,젖음/습기,비,교차로 - 교차로안,승용,남,21세,상해없음,승용,남,48세,중상
2017062600100480,2017년 6월 26일 18시,월요일,경상북도 구미시 상모동,경상사고,0,0,2,0,차대사람 - 차도통행중,안전운전불이행,젖음/습기,비,단일로 - 기타,승용,여,43세,상해없음,보행자,여,13세,경상
2017062600100481,2017년 6월 26일 18시,월요일,경상북도 구미시 원평동,경상사고,0,0,1,0,차대차 - 기타,안전운전불이행,젖음/습기,비,단일로 - 기타,승용,남,65세,상해없음,승용,여,24세,상해없음
2017062600100512,2017년 6월 26일 19시,월요일,경상북도 봉화군 석포면,중상사고,0,1,2,0,차대차 - 정면충돌,안전운전불이행,건조,맑음,단일로 - 기타,승합,남,59세,경상,화물,남,64세,중상
2017062600100533,2017년 6월 26일 20시,월요일,경상북도 칠곡군 석적읍,경상사고,0,0,3,0,차대차 - 추돌,안전거리미확보,건조,맑음,교차로 - 교차로안,승용,남,57세,상해없음,승합,남,32세,경상
2017062600100534,2017년 6월 26일 20시,월요일,경상북도 영천시 청통면,사망사고,1,2,1,0,차대차 - 측면충돌,안전운전불이행,건조,흐림,단일로 - 기타,승합,남,54세,경상,농기계,남,67세,사망
2017062600100535,2017년 6월 26일 20시,월요일,경상북도 포항시 남구 연일읍,경상사고,0,0,1,0,차대차 - 추돌,안전운전불이행,건조,맑음,교차로 - 교차로부근,화물,남,57세,상해없음,승용,남,46세,상해없음
2017062600100560,2017년 6월 26일 21시,월요일,경상북도 안동시 풍산읍,경상사고,0,0,1,0,차대차 - 추돌,안전운전불이행,건조,맑음,단일로 - 기타,이륜,남,54세,경상,화물,남,50세,상해없음
2017062600100561,2017년 6월 26일 21시,월요일,경상북도 영주시 휴천동,경상사고,0,0,1,0,차대사람 - 횡단중,교차로운행방법위반,건조,맑음,교차로 - 교차로안,승용,여,52세,상해없음,보행자,남,49세,경상
2017062600100562,2017년 6월 26일 21시,월요일,경상북도 영주시 봉현면,경상사고,0,0,2,0,차대차 - 측면충돌,교차로운행방법위반,건조,맑음,교차로 - 교차로안,승합,남,59세,경상,승용,남,48세,경상
2017062600100563,2017년 6월 26일 21시,월요일,경상북도 경산시 진량읍,경상사고,0,0,2,0,차대차 - 정면충돌,안전운전불이행,젖음/습기,비,단일로 - 기타,화물,남,50세,상해없음,화물,남,34세,경상
2017062600100564,2017년 6월 26일 21시,월요일,경상북도 구미시 인의동,경상사고,0,0,1,0,차대차 - 추돌,안전운전불이행,젖음/습기,비,교차로 - 교차로부근,승용,남,37세,상해없음,승용,남,30세,경상
2017062600100565,2017년 6월 26일 21시,월요일,경상북도 포항시 남구 해도동,경상사고,0,0,1,0,차대차 - 추돌,안전거리미확보,건조,맑음,교차로 - 교차로부근,승용,남,31세,상해없음,승용,여,33세,경상
2017062600100589,2017년 6월 26일 22시,월요일,경상북도 청도군 청도읍,경상사고,0,0,2,0,차대차 - 추돌,안전운전불이행,건조,맑음,교차로 - 교차로부근,화물,남,57세,상해없음,이륜,남,68세,경상
2017062600100590,2017년 6월 26일 22시,월요일,경상북도 포항시 남구 상도동,경상사고,0,0,1,0,차대차 - 추돌,안전운전불이행,건조,맑음,교차로 - 교차로부근,승합,남,53세,상해없음,화물,남,37세,경상
2017062600100616,2017년 6월 26일 23시,월요일,경상북도 영천시 야사동,경상사고,0,0,1,0,차대차 - 측면충돌,신호위반,건조,맑음,교차로 - 교차로안,승용,남,39세,상해없음,승용,여,49세,경상
2017062700100037,2017년 6월 27일 00시,화요일,경상북도 칠곡군 석적읍,중상사고,0,1,1,0,차대사람 - 기타,안전운전불이행,건조,맑음,단일로 - 교량,승용,남,31세,상해없음,보행자,남,26세,경상
2017062700100038,2017년 6월 27일 00시,화요일,경상북도 포항시 남구 해도동,중상사고,0,1,0,0,차대차 - 기타,직진우회전진행방해,건조,맑음,교차로 - 교차로안,승용,여,54세,상해없음,승용,여,64세,중상
2017062700100105,2017년 6월 27일 07시,화요일,경상북도 구미시 임수동,경상사고,0,0,3,0,차대차 - 기타,중앙선침범,건조,맑음,단일로 - 기타,승용,남,57세,상해없음,승용,남,32세,경상
2017062700100144,2017년 6월 27일 08시,화요일,경상북도 안동시 대석동,중상사고,0,1,1,0,차대차 - 측면충돌,불법유턴,건조,맑음,단일로 - 기타,승용,여,49세,상해없음,이륜,남,65세,경상
2017062700100145,2017년 6월 27일 08시,화요일,경상북도 구미시 선산읍,경상사고,0,0,1,1,차대차 - 측면충돌,교차로운행방법위반,건조,흐림,교차로 - 교차로안,승용,남,73세,부상신고,화물,남,36세,경상
2017062700100183,2017년 6월 27일 09시,화요일,경상북도 상주시 남적동,중상사고,0,1,0,0,차량단독 - 전도전복,안전운전불이행,건조,맑음,단일로 - 기타,이륜,남,83세,중상,미분류,미분류,미분류,미분류
2017062700100184,2017년 6월 27일 09시,화요일,경상북도 예천군 풍양면,중상사고,0,1,0,0,차대차 - 측면충돌,직진우회전진행방해,건조,맑음,교차로 - 교차로안,승용,남,57세,상해없음,원동기,여,74세,중상
2017062700100211,2017년 6월 27일 10시,화요일,경상북도 칠곡군 동명면,경상사고,0,0,1,0,차대차 - 측면충돌,안전운전불이행,건조,맑음,교차로 - 교차로안,화물,남,58세,상해없음,승용,남,26세,경상
2017062700100212,2017년 6월 27일 10시,화요일,경상북도 영천시 녹전동,중상사고,0,1,0,0,차대차 - 측면충돌,직진우회전진행방해,건조,맑음,교차로 - 교차로안,화물,남,78세,상해없음,농기계,여,66세,중상
2017062700100213,2017년 6월 27일 10시,화요일,경상북도 포항시 남구 오천읍,중상사고,0,1,1,0,차대차 - 기타,안전운전불이행,건조,맑음,교차로 - 교차로안,승용,여,32세,경상,이륜,남,18세,중상
2017062700100265,2017년 6월 27일 12시,화요일,경상북도 영천시 금호읍,경상사고,0,0,3,0,차대차 - 추돌,안전운전불이행,건조,맑음,단일로 - 기타,승용,남,45세,상해없음,화물,남,31세,경상
2017062700100266,2017년 6월 27일 12시,화요일,경상북도 포항시 남구 오천읍,중상사고,0,1,0,0,차대차 - 기타,신호위반,건조,맑음,교차로 - 교차로안,이륜,남,68세,중상,승용,여,63세,상해없음
2017062700100308,2017년 6월 27일 13시,화요일,경상북도 구미시 선산읍,경상사고,0,0,1,0,차대차 - 기타,안전운전불이행,건조,맑음,교차로 - 교차로안,승용,남,63세,상해없음,승용,여,47세,경상
2017062700100332,2017년 6월 27일 14시,화요일,경상북도 포항시 북구 여천동,중상사고,0,1,0,0,차대차 - 측면충돌,안전운전불이행,건조,맑음,단일로 - 기타,승용,여,44세,상해없음,자전거,남,80세,중상
2017062700100333,2017년 6월 27일 14시,화요일,경상북도 영주시 영주동,경상사고,0,0,1,0,차대차 - 측면충돌,안전운전불이행,건조,맑음,단일로 - 기타,이륜,남,63세,경상,승용,남,40세,상해없음
2017062700100365,2017년 6월 27일 15시,화요일,경상북도 영주시 휴천동,중상사고,0,1,0,0,차대사람 - 기타,안전운전불이행,건조,맑음,교차로 - 교차로안,화물,남,44세,상해없음,보행자,여,81세,중상
2017062700100366,2017년 6월 27일 15시,화요일,경상북도 청도군 이서면,중상사고,0,2,1,0,차대차 - 측면충돌,신호위반,건조,맑음,교차로 - 교차로안,승용,여,61세,경상,승용,여,32세,중상
2017062700100399,2017년 6월 27일 16시,화요일,경상북도 포항시 북구 두호동,경상사고,0,0,1,0,차대사람 - 횡단중,보행자보호의무위반,건조,맑음,교차로 - 교차로횡단보도내,화물,남,52세,상해없음,보행자,남,5세,경상
2017062700100400,2017년 6월 27일 16시,화요일,경상북도 김천시 감문면,사망사고,1,0,2,0,차대차 - 측면충돌,교차로운행방법위반,건조,맑음,교차로 - 교차로안,이륜,남,83세,사망,승합,남,64세,경상
2017062700100401,2017년 6월 27일 16시,화요일,경상북도 청도군 각남면,중상사고,0,1,0,0,차대차 - 측면충돌,안전운전불이행,건조,맑음,단일로 - 기타,이륜,남,80세,중상,승용,남,54세,상해없음
2017062700100402,2017년 6월 27일 16시,화요일,경상북도 구미시 남통동,중상사고,0,1,0,0,차대사람 - 횡단중,보행자보호의무위반,건조,맑음,단일로 - 기타,승용,남,53세,기타불명,보행자,남,68세,중상