사고번호,사고일시,요일,시군구,사고내용,사망자수,중상자수,경상자수,부상신고자수,사고유형,법규위반,노면상태,기상상태,도로형태,가해운전자 차종,가해운전자 성별,가해운전자 연령,가해운전자 상해정도,피해운전자 차종,피해운전자 성별,피해운전자 연령,피해운전자 상해정도
2017062700100442,2017년 6월 27일 17시,화요일,경상북도 상주시 만산동,경상사고,0,0,1,0,차대차 - 추돌,차로위반,건조,맑음,단일로 - 기타,승용,남,36세,상해없음,승용,여,49세,경상
2017062700100443,2017년 6월 27일 17시,화요일,경상북도 성주군 선남면,중상사고,0,1,1,0,차대차 - 측면충돌,중앙선침범,건조,맑음,기타 - 기타,이륜,여,70세,중상,승용,남,27세,경상
2017062700100477,2017년 6월 27일 18시,화요일,경상북도 포항시 북구 죽도동,중상사고,0,1,0,0,차대차 - 측면충돌,중앙선침범,건조,맑음,단일로 - 기타,승용,남,30세,상해없음,이륜,남,39세,중상
2017062700100478,2017년 6월 27일 18시,화요일,경상북도 포항시 북구 죽도동,경상사고,0,0,1,0,차대사람 - 길가장자리구역통행중,안전운전불이행,건조,맑음,단일로 - 기타,승용,여,23세,상해없음,보행자,여,62세,경상
2017062700100479,2017년 6월 27일 18시,화요일,경상북도 영덕군 영해면,중상사고,0,1,0,0,차대사람 - 길가장자리구역통행중,안전운전불이행,건조,맑음,교차로 - 교차로부근,이륜,남,31세,상해없음,보행자,여,89세,중상
2017062700100480,2017년 6월 27일 18시,화요일,경상북도 청송군 청송읍,경상사고,0,0,3,0,차대차 - 측면충돌,안전운전불이행,건조,맑음,교차로 - 교차로안,승용,남,48세,상해없음,승용,남,70세,경상
2017062700100481,2017년 6월 27일 18시,화요일,경상북도 구미시 인의동,경상사고,0,0,3,0,차대차 - 정면충돌,안전운전불이행,건조,맑음,교차로 - 교차로안,승용,남,66세,상해없음,승용,남,20세,상해없음
2017062700100522,2017년 6월 27일 19시,화요일,경상북도 구미시 봉곡동,부상신고사고,0,0,0,1,차대차 - 정면충돌,안전운전불이행,건조,맑음,교차로 - 교차로부근,자전거,남,14세,부상신고,승용,여,43세,상해없음
2017062700100544,2017년 6월 27일 20시,화요일,경상북도 경주시 안강읍,경상사고,0,0,1,0,차대차 - 측면충돌,안전운전불이행,건조,맑음,교차로 - 교차로안,화물,남,55세,상해없음,자전거,남,9세,경상
2017062700100545,2017년 6월 27일 20시,화요일,경상북도 영천시 신령면,경상사고,0,0,2,0,차대차 - 추돌,안전운전불이행,건조,맑음,단일로 - 기타,승용,남,38세,경상,농기계,남,38세,경상
2017062700100546,2017년 6월 27일 20시,화요일,경상북도 구미시 봉곡동,중상사고,0,1,0,0,차대사람 - 차도통행중,안전운전불이행,건조,맑음,교차로 - 교차로부근,이륜,남,20세,상해없음,보행자,여,4세,중상
2017062700100547,2017년 6월 27일 20시,화요일,경상북도 구미시 구평동,경상사고,0,0,1,0,차대사람 - 횡단중,안전운전불이행,건조,맑음,단일로 - 기타,승용,남,54세,기타불명,보행자,여,41세,경상
2017062700100577,2017년 6월 27일 21시,화요일,경상북도 경주시 동천동,경상사고,0,0,1,0,차대차 - 측면충돌,안전운전불이행,건조,맑음,교차로 - 교차로안,화물,남,40세,상해없음,이륜,남,17세,경상
2017062700100598,2017년 6월 27일 22시,화요일,경상북도 영주시 휴천동,경상사고,0,0,2,0,차대차 - 측면충돌,안전운전불이행,젖음/습기,비,교차로 - 교차로안,승용,여,24세,상해없음,승용,남,55세,경상
2017062700100599,2017년 6월 27일 22시,화요일,경상북도 구미시 상모동,경상사고,0,0,1,0,차대차 - 측면충돌,안전운전불이행,건조,흐림,단일로 - 기타,승용,남,59세,상해없음,승용,남,51세,상해없음
2017062700100600,2017년 6월 27일 22시,화요일,경상북도 포항시 남구 효자동,경상사고,0,0,1,0,차대차 - 기타,교차로운행방법위반,건조,맑음,교차로 - 교차로안,승용,남,51세,상해없음,승용,남,24세,경상
2017062700100601,2017년 6월 27일 22시,화요일,경상북도 포항시 남구 지곡동,경상사고,0,0,2,0,차대차 - 추돌,안전운전불이행,건조,맑음,교차로 - 교차로부근,승용,여,48세,상해없음,승용,여,44세,경상
2017062700100602,2017년 6월 27일 22시,화요일,경상북도 포항시 남구 대송면,경상사고,0,0,1,0,차대차 - 기타,안전운전불이행,건조,맑음,교차로 - 교차로안,화물,남,52세,경상,화물,남,62세,상해없음
2017062700100630,2017년 6월 27일 23시,화요일,경상북도 포항시 남구 지곡동,경상사고,0,0,1,0,차대사람 - 횡단중,안전운전불이행,건조,맑음,단일로 - 기타,이륜,남,19세,경상,보행자,남,21세,상해없음
2017062800100046,2017년 6월 28일 01시,수요일,경상북도 구미시 형곡동,중상사고,0,1,0,0,차대사람 - 횡단중,안전운전불이행,건조,맑음,단일로 - 기타,이륜,남,19세,상해없음,보행자,남,54세,중상
2017062800100070,2017년 6월 28일 04시,수요일,경상북도 구미시 구평동,중상사고,0,1,0,0,차대차 - 정면충돌,교차로운행방법위반,건조,맑음,교차로 - 교차로안,승용,남,32세,상해없음,이륜,남,59세,중상
2017062800100080,2017년 6월 28일 05시,수요일,경상북도 군위군 군위읍,중상사고,0,1,0,0,차량단독 - 전도전복,안전운전불이행,건조,맑음,단일로 - 기타,승용,여,56세,중상,미분류,미분류,미분류,미분류
2017062800100093,2017년 6월 28일 06시,수요일,경상북도 김천시 개령면,경상사고,0,0,1,0,차대차 - 기타,안전운전불이행,건조,맑음,단일로 - 기타,이륜,여,75세,경상,농기계,남,71세,상해없음
2017062800100132,2017년 6월 28일 08시,수요일,경상북도 의성군 안평면,사망사고,1,0,0,0,차대차 - 기타,중앙선침범,건조,맑음,단일로 - 기타,승용,남,66세,상해없음,이륜,남,78세,사망
2017062800100133,2017년 6월 28일 08시,수요일,경상북도 경산시 계양동,경상사고,0,0,1,0,차대사람 - 횡단중,안전운전불이행,건조,맑음,교차로 - 교차로안,승용,여,42세,상해없음,보행자,여,81세,경상
2017062800100134,2017년 6월 28일 08시,수요일,경상북도 구미시 도량동,경상사고,0,0,1,0,차대차 - 기타,교차로운행방법위반,건조,맑음,교차로 - 교차로안,화물,남,44세,상해없음,승용,남,50세,경상
2017062800100135,2017년 6월 28일 08시,수요일,경상북도 구미시 남통동,경상사고,0,0,1,0,차대차 - 추돌,안전운전불이행,건조,맑음,단일로 - 기타,승용,남,63세,상해없음,승용,남,38세,경상
2017062800100176,2017년 6월 28일 09시,수요일,경상북도 경주시 외동읍,경상사고,0,0,1,0,차대차 - 측면충돌,안전운전불이행,건조,맑음,단일로 - 기타,승합,남,47세,상해없음,승용,여,37세,경상
2017062800100177,2017년 6월 28일 09시,수요일,경상북도 영천시 금노동,중상사고,0,1,0,0,차대차 - 기타,직진우회전진행방해,건조,맑음,교차로 - 교차로안,화물,남,32세,상해없음,이륜,남,85세,중상
2017062800100178,2017년 6월 28일 09시,수요일,경상북도 봉화군 봉화읍,중상사고,0,1,0,0,차대사람 - 횡단중,보행자보호의무위반,건조,맑음,교차로 - 교차로횡단보도내,화물,남,57세,상해없음,보행자,여,84세,중상
2017062800100207,2017년 6월 28일 10시,수요일,경상북도 안동시 풍산읍,경상사고,0,0,1,0,차대사람 - 횡단중,안전운전불이행,건조,맑음,단일로 - 기타,기타불명,기타불명,미분류,기타불명,보행자,여,77세,경상
2017062800100243,2017년 6월 28일 12시,수요일,경상북도 경산시 하양읍,중상사고,0,1,0,0,차대차 - 기타,직진우회전진행방해,건조,맑음,교차로 - 교차로안,화물,남,57세,상해없음,이륜,남,32세,중상
2017062800100244,2017년 6월 28일 12시,수요일,경상북도 성주군 대가면,중상사고,0,1,0,0,차량단독 - 전도전복,안전운전불이행,건조,맑음,단일로 - 기타,화물,남,64세,중상,미분류,미분류,미분류,미분류
2017062800100245,2017년 6월 28일 12시,수요일,경상북도 경주시 건천읍,경상사고,0,0,1,0,차대차 - 추돌,안전운전불이행,건조,맑음,단일로 - 기타,화물,남,58세,상해없음,화물,남,52세,경상
2017062800100296,2017년 6월 28일 14시,수요일,경상북도 경주시 보문동,경상사고,0,0,1,0,차대차 - 측면충돌,신호위반,건조,맑음,단일로 - 기타,승용,남,19세,상해없음,승합,남,48세,경상
2017062800100297,2017년 6월 28일 14시,수요일,경상북도 경주시 안강읍,중상사고,0,2,0,0,차대차 - 정면충돌,중앙선침범,건조,맑음,단일로 - 기타,승용,남,48세,상해없음,화물,남,58세,중상
2017062800100298,2017년 6월 28일 14시,수요일,경상북도 경산시 대평동,중상사고,0,1,0,0,차대차 - 기타,안전운전불이행,건조,맑음,단일로 - 기타,자전거,남,24세,중상,화물,남,37세,상해없음
2017062800100299,2017년 6월 28일 14시,수요일,경상북도 포항시 남구 청림동,경상사고,0,0,2,0,차대차 - 측면충돌,안전운전불이행,건조,맑음,단일로 - 기타,화물,남,62세,상해없음,승용,남,45세,경상
2017062800100320,2017년 6월 28일 15시,수요일,경상북도 포항시 북구 대신동,중상사고,0,1,0,0,차대사람 - 횡단중,중앙선침범,건조,맑음,단일로 - 기타,승용,남,59세,상해없음,보행자,여,56세,중상
2017062800100321,2017년 6월 28일 15시,수요일,경상북도 칠곡군 약목면,경상사고,0,0,4,0,차대차 - 추돌,안전운전불이행,건조,맑음,단일로 - 기타,화물,남,51세,상해없음,승용,남,28세,경상
2017062800100322,2017년 6월 28일 15시,수요일,경상북도 경산시 사동,중상사고,0,1,0,0,차대차 - 측면충돌,안전운전불이행,건조,맑음,단일로 - 기타,화물,남,55세,상해없음,승용,여,40세,중상
2017062800100347,2017년 6월 28일 16시,수요일,경상북도 포항시 북구 두호동,경상사고,0,0,1,0,차대사람 - 차도통행중,안전운전불이행,건조,맑음,단일로 - 기타,승합,남,43세,상해없음,보행자,여,59세,경상
2017062800100389,2017년 6월 28일 17시,수요일,경상북도 포항시 북구 대흥동,경상사고,0,0,1,0,차대사람 - 차도통행중,안전운전불이행,건조,맑음,단일로 - 기타,승용,여,28세,상해없음,보행자,남,20세,경상
2017062800100390,2017년 6월 28일 17시,수요일,경상북도 김천시 교동,중상사고,0,1,0,0,차대차 - 정면충돌,중앙선침범,건조,맑음,교차로 - 교차로부근,승용,남,63세,상해없음,자전거,여,55세,중상
2017062800100391,2017년 6월 28일 17시,수요일,경상북도 영주시 가흥동,경상사고,0,0,2,0,차대차 - 측면충돌,교차로운행방법위반,건조,맑음,교차로 - 교차로안,승용,남,64세,상해없음,승용,남,22세,경상
2017062800100392,2017년 6월 28일 17시,수요일,경상북도 영덕군 영덕읍,경상사고,0,0,1,0,차대차 - 기타,안전운전불이행,건조,맑음,단일로 - 기타,화물,남,59세,경상,승용,남,38세,상해없음
2017062800100439,2017년 6월 28일 18시,수요일,경상북도 봉화군 재산면,중상사고,0,4,0,0,차량단독 - 공작물충돌,안전운전불이행,건조,맑음,단일로 - 기타,승용,여,68세,중상,,,,
2017062800100440,2017년 6월 28일 18시,수요일,경상북도 포항시 남구 송도동,경상사고,0,0,4,0,차대차 - 추돌,안전운전불이행,건조,맑음,교차로 - 교차로부근,승용,여,58세,상해없음,승용,남,27세,경상
2017062800100484,2017년 6월 28일 19시,수요일,경상북도 구미시 상모동,경상사고,0,0,1,0,차대사람 - 횡단중,보행자보호의무위반,건조,맑음,교차로 - 교차로횡단보도내,승용,남,40세,상해없음,보행자,남,8세,경상
2017062800100511,2017년 6월 28일 20시,수요일,경상북도 포항시 북구 흥해읍,중상사고,0,2,1,0,차대차 - 측면충돌,신호위반,건조,맑음,교차로 - 교차로안,승용,남,67세,경상,승용,여,52세,상해없음
2017062800100512,2017년 6월 28일 20시,수요일,경상북도 경산시 진량읍,중상사고,0,1,0,0,차대사람 - 길가장자리구역통행중,안전운전불이행,건조,맑음,단일로 - 기타,자전거,남,67세,상해없음,보행자,여,69세,중상
2017062800100539,2017년 6월 28일 21시,수요일,경상북도 경주시 서부동,경상사고,0,0,1,0,차대사람 - 차도통행중,안전운전불이행,건조,맑음,단일로 - 기타,승용,여,66세,상해없음,보행자,남,16세,경상
2017062800100540,2017년 6월 28일 21시,수요일,경상북도 구미시 산동면,부상신고사고,0,0,0,2,차대차 - 기타,안전거리미확보,건조,맑음,단일로 - 기타,이륜,남,43세,부상신고,승용,여,57세,상해없음
2017062900100075,2017년 6월 29일 06시,목요일,경상북도 청도군 풍각면,중상사고,0,1,0,0,차량단독 - 기타,안전운전불이행,건조,맑음,단일로 - 기타,화물,남,74세,상해없음,,,,
2017062900100124,2017년 6월 29일 08시,목요일,경상북도 포항시 북구 우현동,중상사고,0,1,0,0,차대차 - 추돌,안전운전불이행,건조,맑음,교차로 - 교차로부근,승용,여,32세,상해없음,승용,남,67세,중상
2017062900100125,2017년 6월 29일 08시,목요일,경상북도 경산시 평산동,중상사고,0,2,4,0,차대차 - 추돌,안전운전불이행,건조,맑음,교차로 - 교차로부근,화물,남,64세,경상,화물,남,45세,중상
2017062900100126,2017년 6월 29일 08시,목요일,경상북도 경산시 압량면,경상사고,0,0,1,0,차대차 - 추돌,안전거리미확보,건조,맑음,단일로 - 기타,승용,남,27세,상해없음,승용,남,32세,경상
2017062900100156,2017년 6월 29일 09시,목요일,경상북도 포항시 북구 죽도동,중상사고,0,1,0,0,차대사람 - 횡단중,안전운전불이행,건조,맑음,교차로 - 교차로횡단보도내,승합,여,61세,상해없음,보행자,여,77세,중상
2017062900100157,2017년 6월 29일 09시,목요일,경상북도 경산시 계양동,경상사고,0,0,1,0,차대차 - 기타,안전운전불이행,건조,맑음,단일로 - 기타,승용,여,60세,상해없음,화물,남,50세,경상
2017062900100182,2017년 6월 29일 10시,목요일,경상북도 포항시 북구 죽도동,경상사고,0,0,2,0,차대차 - 측면충돌,신호위반,건조,맑음,교차로 - 교차로안,승용,여,62세,상해없음,화물,남,44세,경상
2017062900100183,2017년 6월 29일 10시,목요일,경상북도 안동시 서부동,중상사고,0,1,0,0,차대사람 - 횡단중,보행자보호의무위반,건조,맑음,교차로 - 교차로안,화물,남,76세,상해없음,보행자,여,54세,중상
2017062900100184,2017년 6월 29일 10시,목요일,경상북도 영천시 망정동,경상사고,0,0,2,0,차대차 - 측면충돌,신호위반,건조,맑음,교차로 - 교차로안,승용,여,48세,상해없음,화물,남,42세,경상
2017062900100185,2017년 6월 29일 10시,목요일,경상북도 고령군 개진면,중상사고,0,1,0,0,차대차 - 측면충돌,안전운전불이행,건조,맑음,기타 - 기타,농기계,남,81세,중상,승용,남,28세,상해없음
2017062900100186,2017년 6월 29일 10시,목요일,경상북도 포항시 남구 청림동,경상사고,0,0,1,0,차대차 - 측면충돌,직진우회전진행방해,건조,맑음,교차로 - 교차로안,승용,남,37세,상해없음,자전거,남,60세,경상
2017062900100237,2017년 6월 29일 12시,목요일,경상북도 구미시 도량동,부상신고사고,0,0,0,1,차대차 - 측면충돌,안전운전불이행,건조,맑음,단일로 - 기타,이륜,남,34세,부상신고,승용,남,51세,상해없음
2017062900100257,2017년 6월 29일 13시,목요일,경상북도 경주시 성동동,경상사고,0,0,1,0,차대차 - 측면충돌,안전운전불이행,건조,맑음,교차로 - 교차로안,승용,여,51세,상해없음,자전거,여,46세,경상
2017062900100283,2017년 6월 29일 14시,목요일,경상북도 포항시 북구 청하면,경상사고,0,0,4,0,차대차 - 추돌,안전거리미확보,건조,맑음,단일로 - 기타,특수,남,22세,상해없음,승용,남,24세,경상
2017062900100284,2017년 6월 29일 14시,목요일,경상북도 칠곡군 왜관읍,중상사고,0,1,0,0,차대차 - 기타,안전운전불이행,건조,맑음,교차로 - 교차로부근,승용,남,42세,상해없음,이륜,남,60세,중상
2017062900100285,2017년 6월 29일 14시,목요일,경상북도 칠곡군 북삼읍,중상사고,0,2,0,0,차대차 - 추돌,안전운전불이행,건조,맑음,교차로 - 교차로부근,건설기계,남,40세,상해없음,화물,남,57세,중상
2017062900100317,2017년 6월 29일 15시,목요일,경상북도 경주시 노서동,중상사고,0,1,0,0,차대차 - 측면충돌,안전운전불이행,건조,맑음,교차로 - 교차로안,승용,남,19세,상해없음,이륜,남,23세,중상
2017062900100318,2017년 6월 29일 15시,목요일,경상북도 김천시 봉산면,경상사고,0,0,1,0,차대사람 - 횡단중,안전운전불이행,건조,맑음,교차로 - 교차로횡단보도내,화물,남,56세,상해없음,보행자,여,85세,경상
2017062900100351,2017년 6월 29일 16시,목요일,경상북도 영주시 가흥동,경상사고,0,0,1,0,차대차 - 측면충돌,신호위반,건조,맑음,교차로 - 교차로안,승용,남,30세,상해없음,승용,남,42세,경상
2017062900100352,2017년 6월 29일 16시,목요일,경상북도 영주시 풍기읍,중상사고,0,1,2,0,차대차 - 측면충돌,안전운전불이행,건조,맑음,교차로 - 교차로부근,승용,여,22세,중상,승용,남,71세,경상
2017062900100353,2017년 6월 29일 16시,목요일,경상북도 경산시 진량읍,경상사고,0,0,4,0,차대차 - 측면충돌,안전거리미확보,건조,맑음,교차로 - 교차로부근,화물,남,52세,경상,승용,남,48세,경상
2017062900100354,2017년 6월 29일 16시,목요일,경상북도 예천군 개포면,중상사고,0,4,1,0,차대차 - 추돌,안전운전불이행,건조,맑음,교차로 - 교차로부근,승용,남,61세,상해없음,승용,남,50세,중상
2017062900100355,2017년 6월 29일 16시,목요일,경상북도 구미시 상모동,경상사고,0,0,1,0,차대차 - 측면충돌,안전운전불이행,건조,맑음,단일로 - 기타,화물,남,50세,상해없음,이륜,남,28세,경상
2017062900100395,2017년 6월 29일 17시,목요일,경상북도 구미시 진평동,경상사고,0,0,1,0,차대차 - 기타,교차로운행방법위반,건조,맑음,교차로 - 교차로안,승용,남,36세,상해없음,승용,남,33세,경상
2017062900100438,2017년 6월 29일 18시,목요일,경상북도 경주시 강동면,경상사고,0,0,1,0,차대차 - 측면충돌,안전운전불이행,건조,맑음,단일로 - 기타,승용,여,19세,상해없음,특수,남,56세,상해없음
2017062900100439,2017년 6월 29일 18시,목요일,경상북도 의성군 안계면,중상사고,0,1,1,0,차대차 - 정면충돌,교차로운행방법위반,건조,맑음,교차로 - 교차로안,승용,남,61세,경상,승용,남,68세,중상
2017062900100473,2017년 6월 29일 19시,목요일,경상북도 영주시 상망동,중상사고,0,1,0,0,차량단독 - 전도전복,안전운전불이행,건조,맑음,교차로 - 교차로부근,승합,남,63세,상해없음,미분류,미분류,미분류,미분류
2017062900100474,2017년 6월 29일 19시,목요일,경상북도 구미시 형곡동,부상신고사고,0,0,0,1,차대사람 - 횡단중,안전운전불이행,건조,맑음,단일로 - 기타,승용,남,59세,상해없음,보행자,여,22세,부상신고
2017062900100547,2017년 6월 29일 21시,목요일,경상북도 경주시 안강읍,경상사고,0,0,1,0,차대사람 - 길가장자리구역통행중,안전운전불이행,건조,맑음,단일로 - 기타,자전거,남,64세,상해없음,보행자,여,70세,경상
2017062900100548,2017년 6월 29일 21시,목요일,경상북도 영주시 평은면,경상사고,0,0,1,0,차대사람 - 횡단중,안전운전불이행,건조,맑음,단일로 - 기타,승용,남,50세,상해없음,보행자,여,57세,경상
2017062900100549,2017년 6월 29일 21시,목요일,경상북도 구미시 옥계동,중상사고,0,1,0,0,차대사람 - 횡단중,보행자보호의무위반,건조,맑음,교차로 - 교차로횡단보도내,승용,남,26세,상해없음,보행자,여,62세,중상
2017062900100577,2017년 6월 29일 22시,목요일,경상북도 구미시 인의동,중상사고,0,1,0,0,차대차 - 추돌,안전운전불이행,건조,맑음,교차로 - 교차로부근,승용,남,28세,상해없음,승용,남,33세,중상
2017062900100598,2017년 6월 29일 23시,목요일,경상북도 상주시 사벌면,경상사고,0,0,1,0,차대차 - 측면충돌,중앙선침범,건조,맑음,단일로 - 기타,승용,남,51세,상해없음,원동기,남,17세,경상
2017063000100025,2017년 6월 30일 00시,금요일,경상북도 경주시 충효동,경상사고,0,0,1,0,차대차 - 추돌,안전운전불이행,건조,흐림,교차로 - 교차로안,승용,남,49세,상해없음,이륜,남,32세,경상
2017063000100026,2017년 6월 30일 00시,금요일,경상북도 경주시 외동읍,경상사고,0,0,1,0,차대차 - 측면충돌,안전운전불이행,젖음/습기,흐림,교차로 - 교차로부근,승합,남,47세,상해없음,승용,남,40세,경상
2017063000100027,2017년 6월 30일 00시,금요일,경상북도 경주시 성건동,경상사고,0,0,4,0,차대차 - 추돌,안전운전불이행,건조,맑음,단일로 - 기타,승용,남,28세,상해없음,승용,남,52세,상해없음
2017063000100040,2017년 6월 30일 01시,금요일,경상북도 포항시 북구 죽도동,경상사고,0,0,2,0,차대차 - 측면충돌,신호위반,젖음/습기,맑음,교차로 - 교차로안,이륜,남,26세,경상,승용,남,27세,경상
2017063000100041,2017년 6월 30일 01시,금요일,경상북도 칠곡군 기산면,경상사고,0,0,1,0,차량단독 - 전도전복,안전운전불이행,건조,맑음,단일로 - 기타,승용,남,28세,경상,미분류,미분류,미분류,미분류
2017063000100042,2017년 6월 30일 01시,금요일,경상북도 구미시 봉곡동,경상사고,0,0,1,1,차대차 - 추돌,안전운전불이행,건조,맑음,교차로 - 교차로부근,승용,남,32세,부상신고,승용,남,34세,상해없음
2017063000100120,2017년 6월 30일 07시,금요일,경상북도 포항시 북구 장성동,경상사고,0,0,1,0,차대차 - 측면충돌,안전운전불이행,건조,맑음,단일로 - 기타,승용,여,55세,상해없음,승용,남,41세,경상
2017063000100121,2017년 6월 30일 07시,금요일,경상북도 포항시 북구 장성동,경상사고,0,0,2,0,차대차 - 측면충돌,안전운전불이행,건조,맑음,단일로 - 기타,승용,남,69세,상해없음,승용,남,45세,경상
2017063000100122,2017년 6월 30일 07시,금요일,경상북도 성주군 초전면,경상사고,0,0,1,0,차대차 - 기타,안전운전불이행,건조,맑음,단일로 - 기타,승용,남,26세,상해없음,승용,여,46세,경상
2017063000100123,2017년 6월 30일 07시,금요일,경상북도 구미시 임은동,중상사고,0,1,0,0,차량단독 - 전도전복 - 전도,안전운전불이행,건조,맑음,단일로 - 기타,승용,여,25세,중상,,,,
2017063000100156,2017년 6월 30일 08시,금요일,경상북도 상주시 외답동,중상사고,0,1,0,0,차대차 - 추돌,안전운전불이행,건조,맑음,단일로 - 기타,승용,여,45세,상해없음,승용,여,55세,중상
2017063000100157,2017년 6월 30일 08시,금요일,경상북도 영양군 영양읍,중상사고,0,1,0,0,차대차 - 정면충돌,안전운전불이행,건조,맑음,단일로 - 기타,승용,여,37세,상해없음,이륜,남,77세,중상
2017063000100183,2017년 6월 30일 09시,금요일,경상북도 경산시 용성면,중상사고,0,1,0,0,차대차 - 정면충돌,중앙선침범,건조,맑음,단일로 - 기타,화물,남,47세,상해없음,승용,남,56세,중상
2017063000100204,2017년 6월 30일 10시,금요일,경상북도 경주시 강동면,중상사고,0,1,1,0,차대차 - 기타,신호위반,건조,맑음,교차로 - 교차로부근,승용,남,39세,상해없음,승합,남,55세,상해없음
2017063000100205,2017년 6월 30일 10시,금요일,경상북도 칠곡군 석적읍,부상신고사고,0,0,0,1,차대차 - 측면충돌,안전운전불이행,건조,맑음,교차로 - 교차로부근,이륜,남,80세,부상신고,승용,여,37세,상해없음
2017063000100206,2017년 6월 30일 10시,금요일,경상북도 포항시 남구 오천읍,중상사고,0,1,3,0,차대차 - 측면충돌,신호위반,건조,맑음,교차로 - 교차로안,승용,남,50세,경상,승용,여,47세,중상
2017063000100238,2017년 6월 30일 11시,금요일,경상북도 의성군 의성읍,경상사고,0,0,3,0,차대차 - 추돌,중앙선침범,건조,맑음,교차로 - 교차로부근,화물,남,62세,경상,승용,남,27세,경상
2017063000100239,2017년 6월 30일 11시,금요일,경상북도 칠곡군 왜관읍,중상사고,0,1,0,0,차대차 - 측면충돌,안전운전불이행,건조,맑음,단일로 - 기타,승용,여,54세,상해없음,자전거,남,75세,중상
2017063000100268,2017년 6월 30일 12시,금요일,경상북도 울진군 온정면,중상사고,0,2,3,0,차대차 - 정면충돌,중앙선침범,건조,맑음,단일로 - 기타,승용,남,59세,중상,승용,남,38세,경상
2017063000100269,2017년 6월 30일 12시,금요일,경상북도 구미시 선산읍,경상사고,0,0,1,0,차대차 - 측면충돌,교차로운행방법위반,건조,맑음,교차로 - 교차로안,승합,남,59세,상해없음,이륜,여,51세,경상
2017063000100270,2017년 6월 30일 12시,금요일,경상북도 포항시 남구 동해면,경상사고,0,0,1,0,차대차 - 측면충돌,교차로운행방법위반,건조,맑음,교차로 - 교차로안,승합,남,38세,상해없음,승용,남,25세,경상
2017063000100271,2017년 6월 30일 12시,금요일,경상북도 포항시 남구 구룡포읍,경상사고,0,0,1,0,차량단독 - 기타,안전운전불이행,건조,맑음,교차로 - 교차로부근,승합,남,32세,상해없음,,,,
2017063000100304,2017년 6월 30일 13시,금요일,경상북도 경주시 외동읍,경상사고,0,0,1,0,차대사람 - 횡단중,안전운전불이행,건조,맑음,단일로 - 기타,승용,남,45세,상해없음,보행자,여,66세,경상
2017063000100305,2017년 6월 30일 13시,금요일,경상북도 청송군 안덕면,중상사고,0,3,1,0,차대차 - 정면충돌,안전운전불이행,건조,맑음,교차로 - 교차로안,승용,남,55세,중상,건설기계,남,56세,경상
2017063000100333,2017년 6월 30일 14시,금요일,경상북도 경산시 압량면,부상신고사고,0,0,0,1,차대차 - 측면충돌,안전운전불이행,건조,맑음,단일로 - 기타,원동기,남,80세,부상신고,승용,여,60세,상해없음
2017063000100371,2017년 6월 30일 15시,금요일,경상북도 구미시 선기동,중상사고,0,1,1,0,차대차 - 추돌,안전거리미확보,건조,맑음,단일로 - 기타,승용,남,45세,중상,화물,남,32세,경상
2017063000100410,2017년 6월 30일 16시,금요일,경상북도 포항시 북구 우현동,경상사고,0,0,1,0,차대차 - 측면충돌,안전운전불이행,건조,맑음,교차로 - 교차로안,승용,남,45세,상해없음,승용,여,66세,상해없음
2017063000100411,2017년 6월 30일 16시,금요일,경상북도 문경시 문경읍,경상사고,0,0,1,0,차대차 - 측면충돌,안전운전불이행,건조,맑음,교차로 - 교차로부근,사륜오토바이(ATV),남,80세,경상,승합,남,54세,상해없음
2017063000100463,2017년 6월 30일 17시,금요일,경상북도 포항시 북구 학산동,경상사고,0,0,1,0,차대차 - 측면충돌,안전운전불이행,건조,맑음,교차로 - 교차로안,화물,남,51세,상해없음,이륜,남,65세,경상
2017063000100464,2017년 6월 30일 17시,금요일,경상북도 예천군 예천읍,중상사고,0,1,0,0,차대사람 - 횡단중,안전운전불이행,건조,맑음,교차로 - 교차로안,승용,여,56세,상해없음,보행자,남,82세,중상
2017063000100465,2017년 6월 30일 17시,금요일,경상북도 포항시 남구 이동,경상사고,0,0,1,0,차대차 - 추돌,안전운전불이행,건조,맑음,교차로 - 교차로부근,승용,남,66세,상해없음,이륜,남,46세,경상
2017063000100516,2017년 6월 30일 18시,금요일,경상북도 구미시 인의동,경상사고,0,0,1,0,차대차 - 측면충돌,신호위반,건조,맑음,단일로 - 지하차도(도로)내,승용,남,30세,상해없음,이륜,남,32세,경상
2017063000100517,2017년 6월 30일 18시,금요일,경상북도 포항시 남구 대잠동,경상사고,0,0,2,0,차대차 - 측면충돌,직진우회전진행방해,건조,맑음,교차로 - 교차로안,승용,여,57세,경상,승용,남,65세,경상
2017063000100546,2017년 6월 30일 19시,금요일,경상북도 포항시 북구 죽도동,중상사고,0,1,0,0,차대차 - 기타,안전운전불이행,건조,맑음,단일로 - 기타,승용,남,68세,상해없음,승용,남,28세,기타불명
2017063000100577,2017년 6월 30일 20시,금요일,경상북도 영주시 영주동,경상사고,0,0,1,0,차대차 - 추돌,안전운전불이행,건조,맑음,단일로 - 기타,승용,여,57세,상해없음,승용,남,65세,경상
2017063000100578,2017년 6월 30일 20시,금요일,경상북도 칠곡군 석적읍,경상사고,0,0,1,1,차대차 - 측면충돌,직진우회전진행방해,건조,맑음,교차로 - 교차로안,승용,여,36세,부상신고,승용,남,34세,경상