사고번호,사고일시,요일,시군구,사고내용,사망자수,중상자수,경상자수,부상신고자수,사고유형,법규위반,노면상태,기상상태,도로형태,가해운전자 차종,가해운전자 성별,가해운전자 연령,가해운전자 상해정도,피해운전자 차종,피해운전자 성별,피해운전자 연령,피해운전자 상해정도
2017063000100579,2017년 6월 30일 20시,금요일,경상북도 경산시 중방동,중상사고,0,1,0,0,차대차 - 측면충돌,신호위반,건조,맑음,교차로 - 교차로안,자전거,남,13세,중상,승용,여,60세,상해없음
2017063000100580,2017년 6월 30일 20시,금요일,경상북도 구미시 산동면,중상사고,0,1,1,0,차대차 - 측면충돌,신호위반,젖음/습기,비,교차로 - 교차로안,승용,남,58세,상해없음,승용,남,25세,중상
2017063000100581,2017년 6월 30일 20시,금요일,경상북도 포항시 남구 지곡동,중상사고,0,1,0,0,차대사람 - 횡단중,보행자보호의무위반,건조,맑음,단일로 - 기타,화물,남,42세,상해없음,보행자,여,59세,중상
2017063000100615,2017년 6월 30일 21시,금요일,경상북도 안동시 삼산동,경상사고,0,0,1,0,차대사람 - 횡단중,안전운전불이행,건조,맑음,단일로 - 기타,승용,남,45세,상해없음,보행자,여,17세,경상
2017063000100616,2017년 6월 30일 21시,금요일,경상북도 안동시 옥동,중상사고,0,2,0,0,차대차 - 추돌,안전운전불이행,건조,맑음,교차로 - 교차로부근,승용,남,43세,상해없음,승용,남,31세,중상
2017063000100657,2017년 6월 30일 22시,금요일,경상북도 포항시 북구 대신동,중상사고,0,1,1,0,차대차 - 정면충돌,중앙선침범,건조,맑음,단일로 - 기타,승용,남,59세,상해없음,승용,남,61세,경상
2017063000100658,2017년 6월 30일 22시,금요일,경상북도 구미시 거의동,중상사고,0,1,0,0,차대차 - 정면충돌,안전운전불이행,젖음/습기,비,단일로 - 기타,승용,여,24세,상해없음,자전거,남,15세,중상
2017063000100659,2017년 6월 30일 22시,금요일,경상북도 구미시 진평동,경상사고,0,0,1,0,차대차 - 측면충돌,교차로운행방법위반,건조,맑음,교차로 - 교차로안,승용,남,47세,상해없음,자전거,남,43세,경상
2017070100100033,2017년 7월 1일 00시,토요일,경상북도 안동시 상아동,중상사고,0,1,0,0,차량단독 - 전도전복,안전운전불이행,건조,맑음,단일로 - 기타,승용,남,25세,중상,미분류,미분류,미분류,미분류
2017070100100034,2017년 7월 1일 00시,토요일,경상북도 김천시 신음동,경상사고,0,0,1,0,차대사람 - 횡단중,안전운전불이행,건조,맑음,단일로 - 기타,승용,남,26세,상해없음,보행자,남,23세,경상
2017070100100035,2017년 7월 1일 00시,토요일,경상북도 경산시 하양읍,중상사고,0,1,2,0,차대차 - 기타,안전거리미확보,젖음/습기,맑음,단일로 - 기타,승용,남,18세,상해없음,승용,남,23세,경상
2017070100100054,2017년 7월 1일 01시,토요일,경상북도 포항시 북구 흥해읍,중상사고,0,4,0,0,차량단독 - 전도전복,안전운전불이행,건조,맑음,단일로 - 기타,승용,남,18세,상해없음,미분류,미분류,미분류,미분류
2017070100100055,2017년 7월 1일 01시,토요일,경상북도 예천군 예천읍,중상사고,0,1,0,0,차대차 - 측면충돌,안전운전불이행,건조,흐림,단일로 - 기타,화물,남,25세,상해없음,승용,여,22세,중상
2017070100100056,2017년 7월 1일 01시,토요일,경상북도 포항시 남구 이동,경상사고,0,0,1,0,차대사람 - 기타,안전운전불이행,건조,맑음,단일로 - 기타,승용,여,25세,상해없음,보행자,남,24세,경상
2017070100100071,2017년 7월 1일 02시,토요일,경상북도 칠곡군 지천면,부상신고사고,0,0,0,1,차대차 - 정면충돌,중앙선침범,건조,맑음,단일로 - 기타,원동기,남,53세,부상신고,화물,남,59세,상해없음
2017070100100072,2017년 7월 1일 02시,토요일,경상북도 경산시 조영동,경상사고,0,0,2,0,차대차 - 측면충돌,안전운전불이행,건조,맑음,단일로 - 기타,승용,남,27세,상해없음,승용,여,26세,경상
2017070100100082,2017년 7월 1일 03시,토요일,경상북도 경주시 용강동,경상사고,0,0,1,0,차대차 - 측면충돌,신호위반,건조,맑음,교차로 - 교차로안,승용,여,44세,상해없음,승용,남,55세,경상
2017070100100108,2017년 7월 1일 05시,토요일,경상북도 영주시 가흥동,중상사고,0,1,0,0,차대사람 - 횡단중,보행자보호의무위반,건조,맑음,교차로 - 교차로부근,승용,남,39세,기타불명,보행자,남,69세,중상
2017070100100160,2017년 7월 1일 08시,토요일,경상북도 예천군 예천읍,경상사고,0,0,1,0,차대차 - 추돌,안전운전불이행,젖음/습기,비,교차로 - 교차로부근,승용,여,59세,상해없음,승용,남,56세,경상
2017070100100161,2017년 7월 1일 08시,토요일,경상북도 성주군 선남면,중상사고,0,2,1,0,차대차 - 측면충돌,직진우회전진행방해,건조,맑음,교차로 - 교차로안,화물,남,76세,중상,화물,남,50세,경상
2017070100100162,2017년 7월 1일 08시,토요일,경상북도 포항시 남구 오천읍,중상사고,0,1,1,0,차대차 - 측면충돌,안전운전불이행,건조,맑음,교차로 - 교차로안,승용,여,58세,상해없음,이륜,남,16세,경상
2017070100100204,2017년 7월 1일 10시,토요일,경상북도 김천시 신음동,중상사고,0,1,0,0,차대차 - 추돌,안전운전불이행,젖음/습기,비,단일로 - 기타,승용,남,19세,상해없음,승용,남,56세,중상
2017070100100205,2017년 7월 1일 10시,토요일,경상북도 구미시 광평동,경상사고,0,0,1,0,차대차 - 측면충돌,안전운전불이행,건조,맑음,단일로 - 기타,승용,여,29세,상해없음,승용,남,47세,경상
2017070100100206,2017년 7월 1일 10시,토요일,경상북도 포항시 남구 대도동,경상사고,0,0,2,0,차대차 - 측면충돌,안전거리미확보,건조,맑음,교차로 - 교차로부근,특수,남,60세,기타불명,승용,남,28세,경상
2017070100100294,2017년 7월 1일 13시,토요일,경상북도 경주시 안강읍,경상사고,0,0,1,0,차대차 - 추돌,안전운전불이행,건조,맑음,단일로 - 기타,승용,여,48세,상해없음,이륜,남,69세,경상
2017070100100295,2017년 7월 1일 13시,토요일,경상북도 안동시 법흥동,중상사고,0,4,1,0,차대차 - 정면충돌,안전운전불이행,젖음/습기,맑음,단일로 - 기타,화물,남,35세,상해없음,승용,남,44세,중상
2017070100100296,2017년 7월 1일 13시,토요일,경상북도 상주시 중동면,중상사고,0,1,0,0,차대차 - 기타,안전운전불이행,건조,맑음,단일로 - 기타,건설기계,남,46세,상해없음,사륜오토바이(ATV),남,80세,중상
2017070100100297,2017년 7월 1일 13시,토요일,경상북도 칠곡군 약목면,중상사고,0,1,2,0,차대차 - 측면충돌,교차로운행방법위반,젖음/습기,비,교차로 - 교차로안,화물,남,28세,경상,승용,여,52세,중상
2017070100100323,2017년 7월 1일 14시,토요일,경상북도 경주시 성동동,중상사고,0,1,1,0,차대차 - 추돌,안전운전불이행,건조,맑음,단일로 - 기타,승용,여,70세,상해없음,승용,여,56세,중상
2017070100100324,2017년 7월 1일 14시,토요일,경상북도 칠곡군 북삼읍,부상신고사고,0,0,0,1,차대차 - 추돌,안전거리미확보,건조,맑음,단일로 - 기타,화물,남,56세,부상신고,승용,남,40세,상해없음
2017070100100355,2017년 7월 1일 15시,토요일,경상북도 상주시 화동면,중상사고,0,1,0,0,차대차 - 측면충돌,중앙선침범,젖음/습기,비,단일로 - 기타,승용,남,49세,상해없음,화물,남,67세,중상
2017070100100356,2017년 7월 1일 15시,토요일,경상북도 영천시 망정동,경상사고,0,0,1,0,차대사람 - 횡단중,보행자보호의무위반,건조,맑음,교차로 - 교차로안,승용,남,32세,상해없음,보행자,여,64세,경상
2017070100100357,2017년 7월 1일 15시,토요일,경상북도 구미시 신동,경상사고,0,0,3,0,차대차 - 추돌,안전운전불이행,건조,맑음,교차로 - 교차로부근,승용,여,60세,경상,승용,남,41세,경상
2017070100100358,2017년 7월 1일 15시,토요일,경상북도 포항시 남구 해도동,경상사고,0,0,1,0,차대차 - 정면충돌,중앙선침범,건조,맑음,교차로 - 교차로안,승용,남,68세,상해없음,이륜,여,23세,경상
2017070100100384,2017년 7월 1일 16시,토요일,경상북도 칠곡군 기산면,경상사고,0,0,1,0,차량단독 - 전도전복,안전운전불이행,건조,맑음,단일로 - 기타,승용,남,60세,경상,미분류,미분류,미분류,미분류
2017070100100432,2017년 7월 1일 17시,토요일,경상북도 경주시 외동읍,경상사고,0,0,1,0,차대차 - 측면충돌,안전운전불이행,건조,맑음,교차로 - 교차로안,화물,남,55세,상해없음,승용,남,30세,경상
2017070100100433,2017년 7월 1일 17시,토요일,경상북도 김천시 교동,경상사고,0,0,1,0,차대차 - 기타,불법유턴,건조,맑음,교차로 - 교차로부근,승용,남,41세,상해없음,승용,남,52세,경상
2017070100100434,2017년 7월 1일 17시,토요일,경상북도 군위군 군위읍,중상사고,0,1,0,0,차대차 - 기타,직진우회전진행방해,젖음/습기,비,교차로 - 교차로안,화물,남,70세,상해없음,자전거,남,48세,중상
2017070100100435,2017년 7월 1일 17시,토요일,경상북도 경산시 진량읍,경상사고,0,0,2,0,차대차 - 측면충돌,안전거리미확보,건조,맑음,단일로 - 기타,승용,남,59세,상해없음,승용,남,44세,경상
2017070100100477,2017년 7월 1일 18시,토요일,경상북도 경주시 성건동,경상사고,0,0,1,0,차대차 - 측면충돌,안전운전불이행,건조,맑음,교차로 - 교차로부근,승용,남,70세,상해없음,자전거,남,64세,경상
2017070100100478,2017년 7월 1일 18시,토요일,경상북도 영천시 신령면,경상사고,0,0,1,0,차대차 - 기타,안전운전불이행,건조,맑음,단일로 - 기타,기타불명,기타불명,미분류,기타불명,자전거,여,83세,경상
2017070100100508,2017년 7월 1일 19시,토요일,경상북도 포항시 북구 장성동,경상사고,0,0,1,0,차대차 - 측면충돌,중앙선침범,건조,맑음,단일로 - 기타,승용,여,47세,상해없음,승용,남,50세,경상
2017070100100537,2017년 7월 1일 20시,토요일,경상북도 포항시 북구 죽도동,경상사고,0,0,3,1,차대차 - 추돌,안전거리미확보,건조,맑음,단일로 - 기타,승용,남,39세,상해없음,승용,남,63세,경상
2017070100100538,2017년 7월 1일 20시,토요일,경상북도 구미시 원평동,경상사고,0,0,3,0,차대차 - 추돌,안전운전불이행,건조,맑음,교차로 - 교차로부근,승용,남,33세,상해없음,승용,남,33세,경상
2017070100100539,2017년 7월 1일 20시,토요일,경상북도 포항시 남구 상도동,경상사고,0,0,1,0,차대차 - 측면충돌,중앙선침범,건조,맑음,단일로 - 기타,승용,남,61세,상해없음,이륜,남,23세,경상
2017070100100599,2017년 7월 1일 22시,토요일,경상북도 의성군 봉양면,사망사고,1,0,0,0,차대사람 - 기타,안전운전불이행,건조,맑음,교차로 - 교차로안,승용,남,28세,상해없음,보행자,남,59세,사망
2017070100100621,2017년 7월 1일 23시,토요일,경상북도 안동시 평화동,경상사고,0,0,1,0,차대차 - 정면충돌,신호위반,건조,맑음,교차로 - 교차로안,승용,남,31세,상해없음,이륜,남,21세,경상
2017070200100032,2017년 7월 2일 00시,일요일,경상북도 경주시 안강읍,중상사고,0,1,0,0,차대차 - 측면충돌,안전운전불이행,건조,맑음,단일로 - 기타,원동기,남,16세,중상,승용,남,67세,상해없음
2017070200100033,2017년 7월 2일 00시,일요일,경상북도 김천시 양천동,중상사고,0,1,0,0,차량단독 - 전도전복,안전운전불이행,건조,맑음,교차로 - 교차로안,승용,남,19세,상해없음,미분류,미분류,미분류,미분류
2017070200100034,2017년 7월 2일 00시,일요일,경상북도 구미시 거의동,경상사고,0,0,2,0,차대차 - 추돌,안전운전불이행,건조,맑음,교차로 - 교차로부근,승용,남,30세,상해없음,화물,남,34세,경상
2017070200100063,2017년 7월 2일 01시,일요일,경상북도 경주시 안강읍,경상사고,0,0,1,0,차량단독 - 전도전복,안전운전불이행,건조,맑음,단일로 - 기타,기타불명,기타불명,미분류,기타불명,미분류,미분류,미분류,미분류
2017070200100064,2017년 7월 2일 01시,일요일,경상북도 영주시 영주동,부상신고사고,0,0,0,3,차량단독 - 전도전복,안전운전불이행,젖음/습기,비,단일로 - 기타,승용,남,18세,상해없음,미분류,미분류,미분류,미분류
2017070200100065,2017년 7월 2일 01시,일요일,경상북도 영천시 완산동,경상사고,0,0,1,0,차대사람 - 횡단중,안전운전불이행,건조,맑음,단일로 - 기타,승용,남,40세,상해없음,보행자,남,34세,경상
2017070200100085,2017년 7월 2일 02시,일요일,경상북도 경주시 강동면,중상사고,0,1,0,0,차량단독 - 전도전복,안전운전불이행,건조,맑음,단일로 - 기타,승용,남,29세,중상,미분류,미분류,미분류,미분류
2017070200100124,2017년 7월 2일 04시,일요일,경상북도 포항시 북구 양덕동,중상사고,0,1,2,0,차대차 - 측면충돌,신호위반,건조,맑음,교차로 - 교차로안,승용,남,21세,경상,승용,남,52세,중상
2017070200100178,2017년 7월 2일 09시,일요일,경상북도 경주시 노동동,경상사고,0,0,1,0,차대사람 - 기타,안전운전불이행,건조,맑음,단일로 - 기타,승용,남,28세,상해없음,보행자,남,66세,경상
2017070200100179,2017년 7월 2일 09시,일요일,경상북도 칠곡군 기산면,경상사고,0,0,3,0,차대차 - 추돌,안전운전불이행,건조,맑음,교차로 - 교차로부근,승용,남,49세,상해없음,승용,여,61세,경상
2017070200100200,2017년 7월 2일 10시,일요일,경상북도 구미시 산동면,경상사고,0,0,3,0,차대차 - 추돌,안전거리미확보,건조,맑음,단일로 - 기타,승용,여,56세,상해없음,승용,남,31세,경상
2017070200100214,2017년 7월 2일 11시,일요일,경상북도 경주시 감포읍,경상사고,0,0,1,0,차대차 - 기타,교차로운행방법위반,건조,맑음,교차로 - 교차로안,승용,남,56세,상해없음,승합,남,51세,상해없음
2017070200100215,2017년 7월 2일 11시,일요일,경상북도 경주시 건천읍,경상사고,0,0,1,1,차대차 - 측면충돌,안전운전불이행,건조,맑음,단일로 - 기타,화물,남,60세,상해없음,승용,여,41세,경상
2017070200100228,2017년 7월 2일 12시,일요일,경상북도 경주시 성건동,경상사고,0,0,1,0,차대사람 - 보도통행중,기타,건조,맑음,단일로 - 기타,자전거,남,11세,상해없음,보행자,여,58세,경상
2017070200100229,2017년 7월 2일 12시,일요일,경상북도 영천시 본촌동,경상사고,0,0,1,0,차대차 - 추돌,안전운전불이행,건조,맑음,단일로 - 기타,승용,남,49세,상해없음,승용,남,34세,경상
2017070200100251,2017년 7월 2일 13시,일요일,경상북도 포항시 북구 양덕동,중상사고,0,2,0,0,차대차 - 측면충돌,신호위반,건조,맑음,교차로 - 교차로횡단보도내,이륜,남,24세,중상,자전거,여,17세,중상
2017070200100252,2017년 7월 2일 13시,일요일,경상북도 구미시 송정동,경상사고,0,0,3,0,차대차 - 기타,안전거리미확보,건조,맑음,교차로 - 교차로안,승용,여,44세,상해없음,승용,남,28세,경상
2017070200100253,2017년 7월 2일 13시,일요일,경상북도 군위군 소보면,사망사고,1,0,0,0,차량단독 - 공작물충돌,안전운전불이행,젖음/습기,비,단일로 - 기타,승용,남,38세,사망,,,,
2017070200100276,2017년 7월 2일 14시,일요일,경상북도 영주시 휴천동,경상사고,0,0,1,0,차대차 - 측면충돌,교차로운행방법위반,건조,맑음,교차로 - 교차로안,승용,남,64세,상해없음,화물,여,53세,경상
2017070200100277,2017년 7월 2일 14시,일요일,경상북도 포항시 남구 연일읍,중상사고,0,1,0,0,차대차 - 기타,안전운전불이행,건조,흐림,단일로 - 기타,기타불명,기타불명,미분류,기타불명,화물,남,55세,중상
2017070200100298,2017년 7월 2일 15시,일요일,경상북도 경주시 내남면,중상사고,0,1,2,0,차대차 - 추돌,안전운전불이행,건조,맑음,교차로 - 교차로부근,화물,남,70세,경상,승용,남,56세,경상
2017070200100299,2017년 7월 2일 15시,일요일,경상북도 영천시 도동,경상사고,0,0,1,0,차량단독 - 공작물충돌,안전운전불이행,젖음/습기,비,단일로 - 기타,화물,여,54세,경상,,,,
2017070200100321,2017년 7월 2일 16시,일요일,경상북도 경주시 안강읍,경상사고,0,0,1,0,차대차 - 측면충돌,안전운전불이행,건조,맑음,단일로 - 기타,농기계,남,69세,상해없음,승용,남,64세,상해없음
2017070200100322,2017년 7월 2일 16시,일요일,경상북도 성주군 월항면,경상사고,0,0,1,0,차대사람 - 횡단중,안전운전불이행,젖음/습기,비,교차로 - 교차로안,승용,여,46세,상해없음,보행자,여,7세,경상
2017070200100323,2017년 7월 2일 16시,일요일,경상북도 청송군 현동면,부상신고사고,0,0,0,2,차대차 - 측면충돌,안전운전불이행,젖음/습기,비,교차로 - 교차로안,승용,여,50세,부상신고,화물,남,23세,부상신고
2017070200100324,2017년 7월 2일 16시,일요일,경상북도 구미시 장천면,경상사고,0,0,2,0,차대차 - 추돌,안전거리미확보,젖음/습기,비,단일로 - 기타,승용,남,61세,상해없음,승용,남,42세,경상
2017070200100341,2017년 7월 2일 17시,일요일,경상북도 김천시 감천면,경상사고,0,0,1,0,차대차 - 측면충돌,안전운전불이행,건조,맑음,교차로 - 교차로부근,승용,남,61세,상해없음,승용,남,60세,경상
2017070200100375,2017년 7월 2일 18시,일요일,경상북도 영주시 풍기읍,경상사고,0,0,1,0,차대차 - 측면충돌,중앙선침범,건조,맑음,단일로 - 기타,승용,남,72세,상해없음,승용,여,52세,경상
2017070200100422,2017년 7월 2일 20시,일요일,경상북도 구미시 오태동,중상사고,0,2,1,0,차대차 - 측면충돌,안전운전불이행,젖음/습기,비,단일로 - 기타,승용,남,19세,상해없음,승용,남,33세,중상
2017070200100423,2017년 7월 2일 20시,일요일,경상북도 포항시 남구 이동,경상사고,0,0,1,0,차대차 - 측면충돌,안전거리미확보,건조,맑음,단일로 - 기타,승용,남,63세,기타불명,승용,남,30세,경상
2017070200100476,2017년 7월 2일 22시,일요일,경상북도 영덕군 영해면,중상사고,0,1,0,0,차대차 - 측면충돌,중앙선침범,건조,맑음,단일로 - 기타,승용,남,32세,상해없음,건설기계,남,46세,기타불명
2017070300100038,2017년 7월 3일 00시,월요일,경상북도 김천시 신음동,중상사고,0,1,1,0,차대차 - 측면충돌,신호위반,젖음/습기,흐림,교차로 - 교차로안,승용,남,36세,상해없음,승용,남,19세,경상
2017070300100039,2017년 7월 3일 00시,월요일,경상북도 칠곡군 북삼읍,경상사고,0,0,2,1,차대차 - 측면충돌,안전운전불이행,건조,맑음,교차로 - 교차로안,화물,남,57세,부상신고,승용,남,20세,경상
2017070300100078,2017년 7월 3일 06시,월요일,경상북도 청도군 화양읍,중상사고,0,1,0,0,차대차 - 측면충돌,직진우회전진행방해,건조,맑음,교차로 - 교차로안,이륜,여,68세,중상,화물,남,46세,상해없음
2017070300100101,2017년 7월 3일 07시,월요일,경상북도 포항시 북구 우현동,경상사고,0,0,2,0,차대차 - 측면충돌,안전거리미확보,건조,맑음,단일로 - 기타,승용,남,67세,경상,승용,여,55세,경상
2017070300100102,2017년 7월 3일 07시,월요일,경상북도 포항시 남구 대잠동,경상사고,0,0,1,0,차대차 - 추돌,안전운전불이행,건조,맑음,교차로 - 교차로부근,승용,여,34세,상해없음,승용,남,28세,경상
2017070300100127,2017년 7월 3일 08시,월요일,경상북도 포항시 북구 우현동,경상사고,0,0,1,0,차대차 - 측면충돌,직진우회전진행방해,건조,맑음,교차로 - 교차로안,자전거,남,55세,경상,승용,남,48세,상해없음
2017070300100128,2017년 7월 3일 08시,월요일,경상북도 영주시 가흥동,중상사고,0,1,0,0,차대차 - 추돌,안전운전불이행,젖음/습기,흐림,교차로 - 교차로부근,화물,남,78세,상해없음,승용,여,55세,중상
2017070300100129,2017년 7월 3일 08시,월요일,경상북도 고령군 대가야읍,중상사고,0,1,0,0,차대차 - 측면충돌,교차로운행방법위반,건조,맑음,교차로 - 교차로안,승용,남,50세,상해없음,자전거,남,19세,중상
2017070300100130,2017년 7월 3일 08시,월요일,경상북도 영양군 영양읍,경상사고,0,0,1,0,차대차 - 추돌,안전운전불이행,젖음/습기,비,교차로 - 교차로안,승용,여,46세,상해없음,화물,여,44세,경상
2017070300100131,2017년 7월 3일 08시,월요일,경상북도 구미시 송정동,경상사고,0,0,2,0,차대차 - 정면충돌,중앙선침범,건조,맑음,단일로 - 기타,승용,여,58세,경상,승용,남,34세,경상
2017070300100172,2017년 7월 3일 09시,월요일,경상북도 문경시 흥덕동,중상사고,0,1,0,0,차대사람 - 횡단중,보행자보호의무위반,젖음/습기,흐림,교차로 - 교차로부근,화물,남,74세,상해없음,보행자,여,48세,중상
2017070300100173,2017년 7월 3일 09시,월요일,경상북도 경산시 압량면,중상사고,0,1,0,0,차대사람 - 기타,기타,건조,맑음,기타 - 기타,승합,남,54세,상해없음,보행자,여,60세,중상
2017070300100174,2017년 7월 3일 09시,월요일,경상북도 성주군 성주읍,경상사고,0,0,3,0,차대차 - 측면충돌,중앙선침범,건조,맑음,교차로 - 교차로안,승용,남,18세,경상,승용,여,63세,경상
2017070300100205,2017년 7월 3일 10시,월요일,경상북도 경주시 인왕동,중상사고,0,1,2,0,차대차 - 측면충돌,중앙선침범,건조,맑음,단일로 - 기타,승용,여,45세,상해없음,승용,여,39세,중상
2017070300100206,2017년 7월 3일 10시,월요일,경상북도 영천시 봉동,중상사고,0,2,1,0,차대차 - 측면충돌,직진우회전진행방해,건조,맑음,단일로 - 기타,특수,남,46세,상해없음,승용,남,39세,경상
2017070300100207,2017년 7월 3일 10시,월요일,경상북도 영덕군 축산면,경상사고,0,0,1,0,차대차 - 측면충돌,안전운전불이행,젖음/습기,비,단일로 - 기타,승용,남,68세,상해없음,화물,남,39세,경상
2017070300100238,2017년 7월 3일 11시,월요일,경상북도 봉화군 봉화읍,중상사고,0,1,0,0,차대사람 - 횡단중,안전운전불이행,건조,맑음,교차로 - 교차로부근,화물,남,46세,상해없음,보행자,여,73세,중상
2017070300100268,2017년 7월 3일 12시,월요일,경상북도 포항시 남구 청림동,경상사고,0,0,4,0,차대차 - 기타,안전운전불이행,건조,맑음,교차로 - 교차로부근,승용,남,61세,경상,승합,남,50세,경상
2017070300100292,2017년 7월 3일 13시,월요일,경상북도 의성군 단북면,사망사고,1,0,0,0,차대차 - 측면충돌,신호위반,젖음/습기,비,교차로 - 교차로안,건설기계,남,37세,상해없음,승용,남,58세,사망
2017070300100293,2017년 7월 3일 13시,월요일,경상북도 의성군 안계면,경상사고,0,0,1,0,차대차 - 기타,중앙선침범,젖음/습기,비,단일로 - 기타,승용,남,42세,상해없음,승용,남,30세,경상
2017070300100327,2017년 7월 3일 14시,월요일,경상북도 포항시 북구 용흥동,경상사고,0,0,1,0,차대차 - 측면충돌,신호위반,건조,맑음,교차로 - 교차로안,승용,남,28세,상해없음,승용,남,53세,경상
2017070300100328,2017년 7월 3일 14시,월요일,경상북도 포항시 북구 득량동,경상사고,0,0,1,0,차대차 - 측면충돌,차로위반,건조,맑음,단일로 - 기타,승용,여,55세,상해없음,승용,여,48세,경상
2017070300100329,2017년 7월 3일 14시,월요일,경상북도 포항시 북구 용흥동,경상사고,0,0,2,0,차대차 - 측면충돌,신호위반,건조,맑음,교차로 - 교차로안,승용,남,75세,경상,승용,남,67세,경상
2017070300100330,2017년 7월 3일 14시,월요일,경상북도 김천시 증산면,중상사고,0,1,0,0,차대차 - 측면충돌,안전운전불이행,건조,맑음,단일로 - 기타,승합,여,60세,상해없음,농기계,남,67세,상해없음
2017070300100331,2017년 7월 3일 14시,월요일,경상북도 문경시 동로면,중상사고,0,2,0,0,차량단독 - 전도전복,안전운전불이행,건조,맑음,단일로 - 기타,승용,남,70세,중상,미분류,미분류,미분류,미분류
2017070300100367,2017년 7월 3일 15시,월요일,경상북도 경주시 성동동,경상사고,0,0,2,0,차량단독 - 기타,안전운전불이행,건조,맑음,교차로 - 교차로부근,승용,남,60세,상해없음,,,,
2017070300100368,2017년 7월 3일 15시,월요일,경상북도 성주군 수륜면,중상사고,0,1,0,0,차량단독 - 전도전복 - 전도,안전운전불이행,젖음/습기,비,미분류 - 미분류,사륜오토바이(ATV),남,23세,중상,,,,
2017070300100409,2017년 7월 3일 16시,월요일,경상북도 경주시 황오동,경상사고,0,0,2,0,차대차 - 측면충돌,안전운전불이행,건조,맑음,교차로 - 교차로부근,승용,남,62세,상해없음,화물,여,32세,경상
2017070300100410,2017년 7월 3일 16시,월요일,경상북도 의성군 봉양면,중상사고,0,1,0,0,차량단독 - 전도전복,안전운전불이행,젖음/습기,비,단일로 - 기타,화물,남,61세,중상,미분류,미분류,미분류,미분류
2017070300100411,2017년 7월 3일 16시,월요일,경상북도 구미시 선기동,경상사고,0,0,1,0,차대차 - 추돌,안전운전불이행,젖음/습기,비,단일로 - 기타,승용,여,32세,상해없음,승용,남,34세,경상
2017070300100444,2017년 7월 3일 17시,월요일,경상북도 경주시 건천읍,경상사고,0,0,2,0,차대차 - 측면충돌,안전운전불이행,젖음/습기,비,교차로 - 교차로안,승용,남,62세,경상,승용,남,60세,경상
2017070300100445,2017년 7월 3일 17시,월요일,경상북도 영주시 휴천동,중상사고,0,1,0,0,차대차 - 측면충돌,안전운전불이행,기타,맑음,교차로 - 교차로안,승용,남,44세,상해없음,자전거,남,57세,중상
2017070300100446,2017년 7월 3일 17시,월요일,경상북도 구미시 옥계동,경상사고,0,0,4,0,차대차 - 추돌,안전운전불이행,젖음/습기,비,단일로 - 기타,승용,남,29세,상해없음,승용,남,78세,경상
2017070300100447,2017년 7월 3일 17시,월요일,경상북도 포항시 남구 해도동,부상신고사고,0,0,0,1,차대차 - 기타,교차로운행방법위반,건조,맑음,교차로 - 교차로안,승용,남,67세,상해없음,이륜,남,16세,부상신고
2017070300100479,2017년 7월 3일 18시,월요일,경상북도 영주시 장수면,중상사고,0,1,0,0,차대차 - 추돌,안전운전불이행,건조,맑음,단일로 - 기타,화물,남,42세,중상,화물,남,48세,상해없음
2017070300100480,2017년 7월 3일 18시,월요일,경상북도 영천시 화남면,중상사고,0,1,0,0,차대차 - 측면충돌,안전운전불이행,젖음/습기,흐림,단일로 - 기타,승용,남,38세,상해없음,이륜,남,62세,중상
2017070300100481,2017년 7월 3일 18시,월요일,경상북도 경산시 와촌면,중상사고,0,1,0,0,차량단독 - 전도전복,안전운전불이행,젖음/습기,비,단일로 - 기타,승합,남,60세,중상,미분류,미분류,미분류,미분류
2017070300100482,2017년 7월 3일 18시,월요일,경상북도 구미시 형곡동,경상사고,0,0,1,0,차대차 - 기타,안전운전불이행,젖음/습기,비,교차로 - 교차로안,이륜,남,55세,상해없음,이륜,남,19세,경상
2017070300100483,2017년 7월 3일 18시,월요일,경상북도 구미시 고아읍,경상사고,0,0,2,0,차대차 - 정면충돌,안전운전불이행,젖음/습기,비,교차로 - 교차로부근,승용,남,52세,상해없음,승용,남,51세,경상
2017070300100521,2017년 7월 3일 19시,월요일,경상북도 안동시 옥동,경상사고,0,0,1,0,차대차 - 측면충돌,교차로운행방법위반,건조,맑음,단일로 - 기타,승용,여,51세,상해없음,이륜,남,34세,경상
2017070300100522,2017년 7월 3일 19시,월요일,경상북도 구미시 도량동,경상사고,0,0,1,0,차대사람 - 횡단중,안전운전불이행,젖음/습기,흐림,단일로 - 기타,승용,여,45세,상해없음,보행자,남,55세,경상
2017070300100582,2017년 7월 3일 21시,월요일,경상북도 경주시 성건동,중상사고,0,2,0,0,차대차 - 측면충돌,안전운전불이행,건조,맑음,교차로 - 교차로안,화물,남,48세,상해없음,승용,남,23세,중상
2017070300100583,2017년 7월 3일 21시,월요일,경상북도 포항시 북구 죽도동,경상사고,0,0,1,0,차대차 - 측면충돌,신호위반,건조,맑음,교차로 - 교차로횡단보도내,이륜,남,16세,상해없음,이륜,남,58세,경상
2017070300100584,2017년 7월 3일 21시,월요일,경상북도 경산시 임당동,경상사고,0,0,1,0,차대차 - 기타,안전운전불이행,건조,맑음,교차로 - 교차로안,승용,남,24세,상해없음,원동기,남,19세,경상
2017070300100585,2017년 7월 3일 21시,월요일,경상북도 경산시 대동,경상사고,0,0,1,0,차대차 - 측면충돌,신호위반,건조,맑음,교차로 - 교차로횡단보도내,원동기,남,21세,상해없음,자전거,남,22세,경상