사고번호,사고일시,요일,시군구,사고내용,사망자수,중상자수,경상자수,부상신고자수,사고유형,법규위반,노면상태,기상상태,도로형태,가해운전자 차종,가해운전자 성별,가해운전자 연령,가해운전자 상해정도,피해운전자 차종,피해운전자 성별,피해운전자 연령,피해운전자 상해정도
2017071300100469,2017년 7월 13일 19시,목요일,경상북도 구미시 공단동,경상사고,0,0,2,0,차대차 - 측면충돌,신호위반,건조,맑음,교차로 - 교차로안,자전거,남,12세,경상,화물,남,50세,상해없음
2017071300100470,2017년 7월 13일 19시,목요일,경상북도 경주시 건천읍,경상사고,0,0,1,0,차대차 - 추돌,안전운전불이행,건조,맑음,단일로 - 기타,승용,남,51세,상해없음,화물,남,59세,경상
2017071300100496,2017년 7월 13일 20시,목요일,경상북도 성주군 벽진면,경상사고,0,0,2,0,차대차 - 정면충돌,중앙선침범,건조,맑음,미분류 - 미분류,화물,남,47세,상해없음,승용,남,62세,경상
2017071300100525,2017년 7월 13일 21시,목요일,경상북도 김천시 율곡동,중상사고,0,1,0,0,차대차 - 측면충돌,안전운전불이행,건조,맑음,단일로 - 기타,승용,남,40세,상해없음,승용,여,49세,중상
2017071300100526,2017년 7월 13일 21시,목요일,경상북도 경산시 옥산동,중상사고,0,1,0,0,차대차 - 추돌,안전운전불이행,건조,맑음,교차로 - 교차로부근,승용,남,48세,상해없음,승용,남,31세,중상
2017071300100527,2017년 7월 13일 21시,목요일,경상북도 봉화군 법전면,경상사고,0,0,8,0,차대차 - 정면충돌,중앙선침범,건조,맑음,단일로 - 기타,화물,남,63세,상해없음,승용,남,72세,경상
2017071300100587,2017년 7월 13일 23시,목요일,경상북도 포항시 북구 창포동,경상사고,0,0,1,0,차대차 - 측면충돌,안전운전불이행,건조,맑음,단일로 - 기타,승용,남,30세,경상,건설기계,남,52세,기타불명
2017071400100023,2017년 7월 14일 00시,금요일,경상북도 김천시 평화동,경상사고,0,0,1,0,차대차 - 측면충돌,안전거리미확보,건조,맑음,단일로 - 기타,승용,남,48세,상해없음,이륜,남,18세,경상
2017071400100033,2017년 7월 14일 01시,금요일,경상북도 포항시 남구 장흥동,중상사고,0,1,3,0,차대차 - 측면충돌,신호위반,건조,맑음,교차로 - 교차로안,승용,남,22세,경상,특수,남,56세,경상
2017071400100057,2017년 7월 14일 03시,금요일,경상북도 포항시 남구 오천읍,경상사고,0,0,1,0,차대차 - 측면충돌,신호위반,건조,맑음,교차로 - 교차로안,이륜,남,30세,경상,화물,남,34세,상해없음
2017071400100073,2017년 7월 14일 05시,금요일,경상북도 포항시 북구 상원동,중상사고,0,1,0,0,차량단독 - 전도전복 - 전도,신호위반,건조,맑음,교차로 - 교차로안,이륜,남,20세,상해없음,,,,
2017071400100074,2017년 7월 14일 05시,금요일,경상북도 김천시 황금동,중상사고,0,1,0,0,차대사람 - 횡단중,보행자보호의무위반,건조,맑음,교차로 - 교차로횡단보도내,승용,남,50세,상해없음,보행자,여,79세,중상
2017071400100075,2017년 7월 14일 05시,금요일,경상북도 구미시 도량동,경상사고,0,0,1,0,차대차 - 측면충돌,안전운전불이행,건조,맑음,단일로 - 기타,승용,남,37세,상해없음,승용,남,53세,경상
2017071400100088,2017년 7월 14일 06시,금요일,경상북도 봉화군 물야면,중상사고,0,1,1,0,차대차 - 정면충돌,중앙선침범,건조,맑음,단일로 - 기타,승합,남,69세,중상,승용,남,55세,경상
2017071400100103,2017년 7월 14일 07시,금요일,경상북도 성주군 선남면,중상사고,0,3,0,0,차대차 - 측면충돌,직진우회전진행방해,건조,맑음,교차로 - 교차로안,화물,남,44세,중상,화물,남,30세,중상
2017071400100104,2017년 7월 14일 07시,금요일,경상북도 영양군 수비면,경상사고,0,0,2,0,차대차 - 정면충돌,중앙선침범,건조,맑음,단일로 - 기타,승합,여,48세,상해없음,화물,남,60세,상해없음
2017071400100105,2017년 7월 14일 07시,금요일,경상북도 구미시 황상동,경상사고,0,0,1,0,차대차 - 측면충돌,안전운전불이행,건조,맑음,교차로 - 교차로부근,승용,남,27세,상해없음,승용,남,61세,경상
2017071400100106,2017년 7월 14일 07시,금요일,경상북도 포항시 남구 연일읍,경상사고,0,0,2,0,차대차 - 측면충돌,중앙선침범,건조,맑음,교차로 - 교차로안,승용,남,67세,경상,승용,남,66세,경상
2017071400100140,2017년 7월 14일 08시,금요일,경상북도 김천시 구성면,중상사고,0,1,0,0,차대사람 - 기타,안전운전불이행,건조,맑음,단일로 - 기타,승합,남,54세,상해없음,보행자,여,73세,중상
2017071400100141,2017년 7월 14일 08시,금요일,경상북도 상주시 외남면,경상사고,0,0,1,0,차대사람 - 길가장자리구역통행중,안전운전불이행,건조,맑음,교차로 - 교차로안,화물,남,56세,상해없음,보행자,여,72세,경상
2017071400100142,2017년 7월 14일 08시,금요일,경상북도 영주시 휴천동,부상신고사고,0,0,0,1,차대사람 - 기타,안전운전불이행,건조,맑음,교차로 - 교차로안,승용,남,63세,상해없음,보행자,남,82세,부상신고
2017071400100143,2017년 7월 14일 08시,금요일,경상북도 포항시 남구 대잠동,중상사고,0,1,0,0,차량단독 - 전도전복,안전운전불이행,건조,맑음,단일로 - 기타,승용,여,67세,중상,미분류,미분류,미분류,미분류
2017071400100173,2017년 7월 14일 09시,금요일,경상북도 안동시 풍천면,경상사고,0,0,1,0,차대차 - 측면충돌,교차로운행방법위반,건조,맑음,단일로 - 기타,승용,남,75세,상해없음,화물,남,70세,경상
2017071400100174,2017년 7월 14일 09시,금요일,경상북도 상주시 함창읍,경상사고,0,0,1,0,차대차 - 측면충돌,안전운전불이행,건조,맑음,교차로 - 교차로안,원동기,여,69세,경상,건설기계,남,50세,상해없음
2017071400100175,2017년 7월 14일 09시,금요일,경상북도 예천군 예천읍,중상사고,0,1,0,0,차대차 - 측면충돌,안전운전불이행,건조,맑음,단일로 - 기타,화물,남,65세,상해없음,이륜,남,80세,중상
2017071400100176,2017년 7월 14일 09시,금요일,경상북도 울진군 기성면,중상사고,0,1,0,0,차대차 - 측면충돌,안전운전불이행,건조,맑음,단일로 - 기타,승용,여,58세,상해없음,이륜,남,79세,중상
2017071400100177,2017년 7월 14일 09시,금요일,경상북도 고령군 덕곡면,중상사고,0,1,0,0,차대사람 - 횡단중,안전운전불이행,건조,맑음,단일로 - 기타,승용,남,71세,상해없음,보행자,여,79세,중상
2017071400100277,2017년 7월 14일 13시,금요일,경상북도 포항시 북구 양덕동,경상사고,0,0,3,0,차대차 - 측면충돌,안전운전불이행,건조,맑음,교차로 - 교차로안,승용,여,36세,상해없음,승용,여,47세,경상
2017071400100306,2017년 7월 14일 14시,금요일,경상북도 상주시 무양동,경상사고,0,0,1,0,차대차 - 측면충돌,안전운전불이행,건조,맑음,단일로 - 기타,승용,여,52세,상해없음,자전거,남,14세,경상
2017071400100307,2017년 7월 14일 14시,금요일,경상북도 의성군 단밀면,경상사고,0,0,1,0,차대차 - 정면충돌,안전운전불이행,건조,맑음,단일로 - 기타,화물,남,43세,상해없음,화물,남,43세,경상
2017071400100308,2017년 7월 14일 14시,금요일,경상북도 성주군 수륜면,경상사고,0,0,1,0,차량단독 - 전도전복 - 전도,안전운전불이행,건조,맑음,미분류 - 미분류,화물,남,25세,상해없음,,,,
2017071400100309,2017년 7월 14일 14시,금요일,경상북도 울진군 기성면,경상사고,0,0,1,0,차대차 - 추돌,안전운전불이행,건조,맑음,단일로 - 터널,승용,남,18세,상해없음,승용,남,32세,경상
2017071400100342,2017년 7월 14일 15시,금요일,경상북도 칠곡군 가산면,경상사고,0,0,3,0,차대차 - 측면충돌,안전운전불이행,건조,맑음,단일로 - 기타,승용,여,60세,상해없음,승합,남,45세,경상
2017071400100343,2017년 7월 14일 15시,금요일,경상북도 포항시 남구 해도동,경상사고,0,0,1,0,차대차 - 추돌,안전운전불이행,건조,맑음,단일로 - 교량,화물,남,69세,상해없음,승용,남,58세,경상
2017071400100379,2017년 7월 14일 16시,금요일,경상북도 김천시 평화동,경상사고,0,0,1,0,차대차 - 측면충돌,안전운전불이행,젖음/습기,비,단일로 - 기타,승용,여,35세,상해없음,이륜,남,25세,경상
2017071400100380,2017년 7월 14일 16시,금요일,경상북도 경산시 진량읍,경상사고,0,0,1,0,차대차 - 기타,안전운전불이행,건조,맑음,교차로 - 교차로부근,건설기계,남,51세,상해없음,자전거,여,76세,경상
2017071400100381,2017년 7월 14일 16시,금요일,경상북도 포항시 남구 대잠동,경상사고,0,0,1,0,차대차 - 측면충돌,직진우회전진행방해,건조,맑음,교차로 - 교차로안,승용,남,62세,상해없음,승용,남,43세,경상
2017071400100412,2017년 7월 14일 17시,금요일,경상북도 구미시 상모동,중상사고,0,1,0,0,차대사람 - 횡단중,안전운전불이행,젖음/습기,비,교차로 - 교차로안,승용,여,29세,상해없음,보행자,남,17세,중상
2017071400100460,2017년 7월 14일 18시,금요일,경상북도 포항시 북구 용흥동,경상사고,0,0,1,0,차대차 - 측면충돌,안전운전불이행,건조,맑음,단일로 - 기타,승용,남,71세,상해없음,승용,여,40세,경상
2017071400100461,2017년 7월 14일 18시,금요일,경상북도 김천시 삼락동,중상사고,0,2,0,0,차대차 - 정면충돌,기타,젖음/습기,비,교차로 - 교차로안,승용,남,69세,중상,화물,남,58세,중상
2017071400100462,2017년 7월 14일 18시,금요일,경상북도 영주시 휴천동,경상사고,0,0,2,0,차대차 - 추돌,안전운전불이행,젖음/습기,비,단일로 - 기타,승용,여,48세,상해없음,승용,남,36세,경상
2017071400100489,2017년 7월 14일 19시,금요일,경상북도 포항시 북구 장성동,경상사고,0,0,1,0,차대차 - 측면충돌,교차로운행방법위반,젖음/습기,비,교차로 - 교차로안,화물,남,60세,상해없음,이륜,남,25세,경상
2017071400100490,2017년 7월 14일 19시,금요일,경상북도 안동시 태화동,경상사고,0,0,1,0,차대차 - 정면충돌,직진우회전진행방해,건조,맑음,단일로 - 기타,승용,남,44세,상해없음,화물,남,60세,경상
2017071400100491,2017년 7월 14일 19시,금요일,경상북도 안동시 상아동,중상사고,0,1,0,0,차량단독 - 전도전복,안전운전불이행,젖음/습기,비,단일로 - 기타,화물,남,59세,중상,미분류,미분류,미분류,미분류
2017071400100492,2017년 7월 14일 19시,금요일,경상북도 안동시 태화동,경상사고,0,0,2,0,차대차 - 측면충돌,안전운전불이행,젖음/습기,비,단일로 - 기타,원동기,남,19세,경상,승용,여,40세,상해없음
2017071400100493,2017년 7월 14일 19시,금요일,경상북도 경산시 중방동,중상사고,0,1,0,0,차대차 - 측면충돌,교차로운행방법위반,건조,맑음,교차로 - 교차로안,승용,여,40세,상해없음,이륜,남,52세,중상
2017071400100494,2017년 7월 14일 19시,금요일,경상북도 포항시 남구 연일읍,경상사고,0,0,1,0,차대차 - 측면충돌,안전운전불이행,젖음/습기,비,교차로 - 교차로안,이륜,남,16세,경상,승용,남,63세,상해없음
2017071400100526,2017년 7월 14일 20시,금요일,경상북도 경산시 사동,중상사고,0,1,0,0,차대사람 - 횡단중,보행자보호의무위반,건조,맑음,교차로 - 교차로안,승용,남,60세,상해없음,보행자,여,62세,중상
2017071400100527,2017년 7월 14일 20시,금요일,경상북도 경산시 사동,중상사고,0,1,0,0,차대차 - 기타,신호위반,젖음/습기,비,교차로 - 교차로안,승용,남,26세,상해없음,이륜,남,26세,중상
2017071400100528,2017년 7월 14일 20시,금요일,경상북도 포항시 남구 대잠동,경상사고,0,0,1,0,차대차 - 측면충돌,안전운전불이행,젖음/습기,비,단일로 - 기타,이륜,남,65세,경상,승용,여,50세,상해없음
2017071400100563,2017년 7월 14일 21시,금요일,경상북도 상주시 서성동,중상사고,0,1,1,0,차대차 - 측면충돌,신호위반,건조,맑음,교차로 - 교차로안,이륜,남,23세,중상,승용,여,59세,경상
2017071400100564,2017년 7월 14일 21시,금요일,경상북도 영천시 완산동,경상사고,0,0,1,0,차대차 - 측면충돌,직진우회전진행방해,젖음/습기,흐림,교차로 - 교차로안,화물,남,42세,상해없음,승용,여,56세,경상
2017071400100597,2017년 7월 14일 22시,금요일,경상북도 경주시 외동읍,경상사고,0,0,2,0,차량단독 - 전도전복,안전운전불이행,건조,맑음,교차로 - 교차로부근,승용,남,24세,상해없음,미분류,미분류,미분류,미분류
2017071400100598,2017년 7월 14일 22시,금요일,경상북도 문경시 점촌동,경상사고,0,0,1,0,차대사람 - 차도통행중,안전운전불이행,건조,맑음,교차로 - 교차로안,승용,남,24세,상해없음,보행자,남,41세,경상
2017071500100028,2017년 7월 15일 00시,토요일,경상북도 구미시 인의동,경상사고,0,0,1,1,차대차 - 측면충돌,신호위반,젖음/습기,흐림,교차로 - 교차로부근,승용,남,22세,부상신고,승용,남,29세,경상
2017071500100066,2017년 7월 15일 02시,토요일,경상북도 칠곡군 왜관읍,부상신고사고,0,0,0,1,차량단독 - 공작물충돌,안전운전불이행,건조,맑음,단일로 - 기타,승용,남,56세,부상신고,,,,
2017071500100067,2017년 7월 15일 02시,토요일,경상북도 영천시 문외동,경상사고,0,0,1,0,차대차 - 측면충돌,차로위반,건조,기타,교차로 - 교차로부근,승용,남,25세,상해없음,승용,여,56세,상해없음
2017071500100068,2017년 7월 15일 02시,토요일,경상북도 경산시 조영동,경상사고,0,0,2,0,차대차 - 측면충돌,안전운전불이행,건조,맑음,단일로 - 기타,승용,남,24세,상해없음,승용,남,56세,경상
2017071500100116,2017년 7월 15일 05시,토요일,경상북도 안동시 수상동,중상사고,0,1,0,0,차대차 - 측면충돌,안전운전불이행,젖음/습기,비,교차로 - 교차로안,화물,남,56세,상해없음,승용,남,59세,중상
2017071500100127,2017년 7월 15일 06시,토요일,경상북도 경주시 천군동,중상사고,0,1,0,0,차량단독 - 전도전복,안전운전불이행,건조,맑음,단일로 - 기타,승용,남,18세,중상,미분류,미분류,미분류,미분류
2017071500100128,2017년 7월 15일 06시,토요일,경상북도 청도군 화양읍,경상사고,0,0,1,0,차대차 - 측면충돌,안전운전불이행,건조,맑음,교차로 - 교차로안,승용,여,47세,상해없음,사륜오토바이(ATV),여,73세,경상
2017071500100178,2017년 7월 15일 09시,토요일,경상북도 포항시 남구 대잠동,경상사고,0,0,1,0,차대차 - 측면충돌,과속,건조,맑음,교차로 - 교차로안,승용,남,23세,상해없음,승용,여,53세,상해없음
2017071500100201,2017년 7월 15일 10시,토요일,경상북도 영덕군 강구면,경상사고,0,0,1,0,차대차 - 측면충돌,기타,건조,맑음,교차로 - 교차로안,이륜,남,74세,경상,승용,남,57세,상해없음
2017071500100228,2017년 7월 15일 11시,토요일,경상북도 경주시 동부동,중상사고,0,1,0,0,차대사람 - 차도통행중,안전운전불이행,건조,맑음,교차로 - 교차로안,승용,여,26세,상해없음,보행자,남,76세,중상
2017071500100229,2017년 7월 15일 11시,토요일,경상북도 영천시 금노동,중상사고,0,1,0,0,차대차 - 측면충돌,신호위반,건조,맑음,교차로 - 교차로안,화물,남,61세,상해없음,이륜,남,43세,중상
2017071500100266,2017년 7월 15일 12시,토요일,경상북도 청도군 풍각면,경상사고,0,0,3,0,차대차 - 추돌,안전운전불이행,건조,맑음,단일로 - 기타,승용,남,69세,상해없음,승용,여,34세,경상
2017071500100267,2017년 7월 15일 12시,토요일,경상북도 포항시 남구 오천읍,경상사고,0,0,2,0,차대차 - 기타,안전운전불이행,건조,맑음,교차로 - 교차로부근,승용,여,46세,상해없음,승용,여,27세,경상
2017071500100295,2017년 7월 15일 13시,토요일,경상북도 의성군 의성읍,경상사고,0,0,1,0,차대차 - 측면충돌,직진우회전진행방해,건조,맑음,교차로 - 교차로안,승용,남,51세,상해없음,승용,남,46세,경상
2017071500100296,2017년 7월 15일 13시,토요일,경상북도 영천시 문외동,경상사고,0,0,1,0,차대차 - 측면충돌,직진우회전진행방해,건조,맑음,교차로 - 교차로안,승용,여,29세,상해없음,승용,남,27세,경상
2017071500100327,2017년 7월 15일 14시,토요일,경상북도 경주시 동천동,중상사고,0,1,0,0,차대차 - 기타,기타,건조,맑음,단일로 - 기타,화물,남,47세,상해없음,자전거,여,26세,중상
2017071500100328,2017년 7월 15일 14시,토요일,경상북도 경주시 건천읍,중상사고,0,2,0,0,차대차 - 측면충돌,중앙선침범,건조,맑음,단일로 - 기타,승용,남,46세,상해없음,승용,여,54세,중상
2017071500100329,2017년 7월 15일 14시,토요일,경상북도 포항시 북구 덕산동,중상사고,0,1,0,0,차대사람 - 횡단중,보행자보호의무위반,건조,맑음,단일로 - 기타,승용,남,28세,상해없음,보행자,여,8세,중상
2017071500100330,2017년 7월 15일 14시,토요일,경상북도 청도군 청도읍,중상사고,0,1,0,0,차대차 - 측면충돌,교차로운행방법위반,건조,맑음,교차로 - 교차로안,승용,여,38세,상해없음,이륜,남,12세,중상
2017071500100331,2017년 7월 15일 14시,토요일,경상북도 구미시 진평동,경상사고,0,0,1,0,차대차 - 기타,안전운전불이행,젖음/습기,비,교차로 - 교차로부근,승용,남,65세,상해없음,이륜,남,61세,경상
2017071500100362,2017년 7월 15일 15시,토요일,경상북도 예천군 예천읍,사망사고,1,0,0,0,차대사람 - 기타,안전운전불이행,건조,흐림,교차로 - 교차로부근,승용,남,40세,상해없음,보행자,여,90세 이상,사망
2017071500100363,2017년 7월 15일 15시,토요일,경상북도 구미시 선기동,경상사고,0,0,1,0,차대차 - 추돌,안전운전불이행,젖음/습기,흐림,단일로 - 기타,승용,남,40세,상해없음,승용,여,42세,기타불명
2017071500100364,2017년 7월 15일 15시,토요일,경상북도 구미시 봉곡동,경상사고,0,0,2,0,차대차 - 추돌,안전거리미확보,건조,맑음,단일로 - 기타,승용,남,56세,상해없음,승용,남,36세,경상
2017071500100490,2017년 7월 15일 19시,토요일,경상북도 경주시 신평동,경상사고,0,0,2,0,차대차 - 측면충돌,안전운전불이행,건조,맑음,교차로 - 교차로안,승용,남,19세,상해없음,화물,남,29세,경상
2017071500100491,2017년 7월 15일 19시,토요일,경상북도 구미시 인의동,경상사고,0,0,1,0,차대차 - 측면충돌,교차로운행방법위반,건조,맑음,교차로 - 교차로안,승용,남,57세,상해없음,이륜,남,56세,경상
2017071500100527,2017년 7월 15일 20시,토요일,경상북도 칠곡군 북삼읍,경상사고,0,0,1,0,차대사람 - 횡단중,안전운전불이행,건조,맑음,교차로 - 교차로안,승용,여,28세,상해없음,보행자,남,42세,경상
2017071500100528,2017년 7월 15일 20시,토요일,경상북도 구미시 구평동,경상사고,0,0,1,0,차대사람 - 횡단중,안전운전불이행,건조,맑음,교차로 - 교차로부근,승용,남,22세,상해없음,보행자,남,42세,경상
2017071500100563,2017년 7월 15일 21시,토요일,경상북도 경주시 안강읍,중상사고,0,1,0,0,차대차 - 측면충돌,안전운전불이행,건조,맑음,단일로 - 기타,승용,여,47세,상해없음,승용,여,44세,상해없음
2017071500100564,2017년 7월 15일 21시,토요일,경상북도 고령군 쌍림면,중상사고,0,1,2,0,차대차 - 측면충돌,신호위반,건조,맑음,교차로 - 교차로안,승용,여,34세,경상,승용,남,54세,경상
2017071500100565,2017년 7월 15일 21시,토요일,경상북도 포항시 남구 상도동,경상사고,0,0,1,0,차대차 - 측면충돌,안전운전불이행,건조,맑음,단일로 - 기타,승용,남,22세,상해없음,이륜,남,17세,경상
2017071500100596,2017년 7월 15일 22시,토요일,경상북도 고령군 다산면,경상사고,0,0,1,0,차대사람 - 차도통행중,안전운전불이행,건조,맑음,단일로 - 기타,승용,남,50세,상해없음,보행자,남,18세,경상
2017071500100618,2017년 7월 15일 23시,토요일,경상북도 김천시 신음동,경상사고,0,0,2,0,차대차 - 기타,안전운전불이행,건조,맑음,단일로 - 기타,승용,남,22세,상해없음,승용,여,24세,경상
2017071600100024,2017년 7월 16일 00시,일요일,경상북도 안동시 풍산읍,중상사고,0,4,2,0,차대차 - 측면충돌,안전운전불이행,건조,맑음,교차로 - 교차로안,승용,여,23세,경상,승용,여,50세,경상
2017071600100025,2017년 7월 16일 00시,일요일,경상북도 김천시 봉산면,경상사고,0,0,1,0,차대차 - 추돌,안전운전불이행,건조,맑음,단일로 - 기타,승용,남,27세,상해없음,화물,남,43세,경상
2017071600100044,2017년 7월 16일 01시,일요일,경상북도 구미시 진평동,부상신고사고,0,0,0,1,차대차 - 추돌,안전운전불이행,건조,맑음,교차로 - 교차로부근,이륜,남,34세,부상신고,승용,남,55세,상해없음
2017071600100076,2017년 7월 16일 03시,일요일,경상북도 구미시 진평동,경상사고,0,0,1,0,차대차 - 측면충돌,안전운전불이행,건조,흐림,단일로 - 기타,승용,남,27세,상해없음,승용,남,55세,상해없음
2017071600100111,2017년 7월 16일 06시,일요일,경상북도 포항시 남구 청림동,경상사고,0,0,1,0,차대차 - 추돌,안전운전불이행,건조,맑음,교차로 - 교차로안,승용,남,51세,상해없음,승용,남,50세,경상
2017071600100120,2017년 7월 16일 07시,일요일,경상북도 안동시 옥동,경상사고,0,0,1,0,차대사람 - 횡단중,안전운전불이행,젖음/습기,흐림,단일로 - 기타,승용,여,40세,상해없음,보행자,남,26세,경상
2017071600100131,2017년 7월 16일 08시,일요일,경상북도 포항시 북구 죽도동,경상사고,0,0,1,0,차대차 - 기타,직진우회전진행방해,건조,맑음,교차로 - 교차로안,승용,남,51세,상해없음,자전거,남,19세,경상
2017071600100146,2017년 7월 16일 09시,일요일,경상북도 성주군 선남면,경상사고,0,0,1,0,차대차 - 측면충돌,안전운전불이행,젖음/습기,비,기타 - 기타,승용,남,63세,상해없음,승용,남,30세,경상
2017071600100166,2017년 7월 16일 10시,일요일,경상북도 포항시 북구 죽도동,경상사고,0,0,1,0,차대차 - 측면충돌,안전운전불이행,건조,맑음,단일로 - 기타,승용,남,77세,상해없음,승용,여,41세,경상
2017071600100167,2017년 7월 16일 10시,일요일,경상북도 김천시 신음동,중상사고,0,1,1,0,차대차 - 측면충돌,안전운전불이행,건조,맑음,단일로 - 기타,승합,여,50세,상해없음,이륜,남,83세,중상
2017071600100168,2017년 7월 16일 10시,일요일,경상북도 경산시 사정동,중상사고,0,1,0,0,차대사람 - 횡단중,안전운전불이행,건조,맑음,단일로 - 기타,화물,남,32세,상해없음,보행자,여,77세,중상
2017071600100220,2017년 7월 16일 12시,일요일,경상북도 영덕군 병곡면,중상사고,0,3,4,0,차대차 - 측면충돌,교차로운행방법위반,젖음/습기,비,교차로 - 교차로안,승용,남,26세,경상,승용,여,37세,경상
2017071600100246,2017년 7월 16일 13시,일요일,경상북도 문경시 마성면,중상사고,0,1,0,0,차량단독 - 기타,안전운전불이행,젖음/습기,비,단일로 - 기타,화물,남,51세,중상,,,,
2017071600100268,2017년 7월 16일 14시,일요일,경상북도 포항시 북구 용흥동,중상사고,0,1,0,0,차대사람 - 횡단중,안전운전불이행,건조,맑음,교차로 - 교차로안,승용,여,50세,상해없음,보행자,여,68세,중상
2017071600100269,2017년 7월 16일 14시,일요일,경상북도 상주시 성동동,경상사고,0,0,1,0,차대차 - 측면충돌,불법유턴,건조,맑음,교차로 - 교차로부근,이륜,남,83세,경상,화물,남,58세,상해없음
2017071600100270,2017년 7월 16일 14시,일요일,경상북도 구미시 상모동,중상사고,0,1,0,0,차대차 - 측면충돌,직진우회전진행방해,건조,맑음,교차로 - 교차로안,승용,남,46세,상해없음,이륜,남,37세,중상
2017071600100271,2017년 7월 16일 14시,일요일,경상북도 포항시 남구 대잠동,중상사고,0,1,0,0,차대차 - 기타,안전운전불이행,건조,맑음,교차로 - 교차로안,승용,남,57세,상해없음,승용,남,62세,중상
2017071600100302,2017년 7월 16일 15시,일요일,경상북도 경산시 옥곡동,중상사고,0,1,0,0,차대차 - 기타,안전운전불이행,건조,맑음,단일로 - 고가도로위,승용,남,56세,상해없음,승용,남,29세,기타불명
2017071600100303,2017년 7월 16일 15시,일요일,경상북도 청도군 청도읍,경상사고,0,0,2,0,차대차 - 측면충돌,기타,건조,맑음,교차로 - 교차로안,승용,여,55세,경상,승용,여,60세,경상
2017071600100336,2017년 7월 16일 16시,일요일,경상북도 영천시 완산동,중상사고,0,1,0,0,차량단독 - 전도전복 - 전도,안전운전불이행,건조,맑음,단일로 - 교량,원동기,남,35세,중상,,,,
2017071600100362,2017년 7월 16일 17시,일요일,경상북도 경주시 양북면,경상사고,0,0,3,0,차량단독 - 전도전복,안전운전불이행,건조,맑음,단일로 - 터널,승용,여,58세,상해없음,미분류,미분류,미분류,미분류
2017071600100363,2017년 7월 16일 17시,일요일,경상북도 영주시 가흥동,경상사고,0,0,2,0,차대차 - 추돌,안전운전불이행,건조,맑음,단일로 - 기타,승용,여,39세,상해없음,승용,여,40세,경상
2017071600100364,2017년 7월 16일 17시,일요일,경상북도 경산시 중방동,경상사고,0,0,2,0,차대차 - 측면충돌,중앙선침범,건조,맑음,단일로 - 기타,승용,남,57세,상해없음,승용,남,32세,경상
2017071600100365,2017년 7월 16일 17시,일요일,경상북도 경산시 진량읍,경상사고,0,0,3,0,차대차 - 정면충돌,중앙선침범,건조,맑음,단일로 - 기타,승용,남,44세,경상,화물,남,46세,경상
2017071600100389,2017년 7월 16일 18시,일요일,경상북도 경주시 용강동,경상사고,0,0,4,0,차대차 - 추돌,안전운전불이행,건조,맑음,단일로 - 기타,승용,여,42세,상해없음,승용,남,62세,경상
2017071600100390,2017년 7월 16일 18시,일요일,경상북도 경주시 외동읍,경상사고,0,0,3,0,차대차 - 측면충돌,안전운전불이행,건조,맑음,교차로 - 교차로부근,화물,여,64세,상해없음,승용,남,45세,상해없음
2017071600100413,2017년 7월 16일 19시,일요일,경상북도 구미시 형곡동,경상사고,0,0,2,0,차대차 - 추돌,안전운전불이행,건조,맑음,교차로 - 교차로부근,승용,남,33세,경상,화물,남,53세,경상
2017071600100414,2017년 7월 16일 19시,일요일,경상북도 포항시 남구 연일읍,중상사고,0,1,0,0,차대차 - 측면충돌,과속,건조,맑음,단일로 - 기타,승용,남,65세,상해없음,자전거,남,74세,중상
2017071600100445,2017년 7월 16일 20시,일요일,경상북도 예천군 용궁면,중상사고,0,1,0,0,차대차 - 추돌,안전운전불이행,건조,맑음,단일로 - 교량,특수,남,42세,상해없음,농기계,남,45세,중상
2017071600100446,2017년 7월 16일 20시,일요일,경상북도 구미시 도량동,경상사고,0,0,1,0,차대사람 - 횡단중,신호위반,건조,맑음,교차로 - 교차로부근,이륜,남,18세,상해없음,보행자,여,17세,경상
2017071600100477,2017년 7월 16일 21시,일요일,경상북도 고령군 대가야읍,경상사고,0,0,1,0,차대차 - 기타,기타,건조,맑음,단일로 - 기타,화물,남,61세,상해없음,화물,남,48세,경상
2017071600100511,2017년 7월 16일 23시,일요일,경상북도 경주시 충효동,중상사고,0,1,0,0,차량단독 - 전도전복,안전운전불이행,건조,맑음,교차로 - 교차로부근,승용,여,51세,상해없음,미분류,미분류,미분류,미분류
2017071700100026,2017년 7월 17일 00시,월요일,경상북도 포항시 남구 대잠동,경상사고,0,0,1,0,차대차 - 측면충돌,안전운전불이행,건조,맑음,단일로 - 기타,승용,남,30세,상해없음,승용,여,51세,경상
2017071700100075,2017년 7월 17일 06시,월요일,경상북도 포항시 남구 호동,경상사고,0,0,3,0,차대차 - 기타,중앙선침범,건조,맑음,교차로 - 교차로부근,승용,여,34세,경상,승용,남,43세,경상
2017071700100100,2017년 7월 17일 07시,월요일,경상북도 경주시 천북면,경상사고,0,0,1,0,차대차 - 측면충돌,안전운전불이행,건조,맑음,교차로 - 교차로부근,승합,남,58세,상해없음,승용,남,62세,경상
2017071700100137,2017년 7월 17일 08시,월요일,경상북도 안동시 임동면,경상사고,0,0,1,0,차대차 - 추돌,안전운전불이행,건조,맑음,단일로 - 기타,승용,여,48세,상해없음,승용,남,57세,경상
2017071700100138,2017년 7월 17일 08시,월요일,경상북도 김천시 대광동,경상사고,0,0,1,0,차대차 - 측면충돌,안전운전불이행,건조,맑음,단일로 - 기타,이륜,남,76세,경상,승용,남,53세,상해없음