사고번호,사고일시,요일,시군구,사고내용,사망자수,중상자수,경상자수,부상신고자수,사고유형,법규위반,노면상태,기상상태,도로형태,가해운전자 차종,가해운전자 성별,가해운전자 연령,가해운전자 상해정도,피해운전자 차종,피해운전자 성별,피해운전자 연령,피해운전자 상해정도
2017071700100139,2017년 7월 17일 08시,월요일,경상북도 구미시 공단동,중상사고,0,1,0,0,차대차 - 기타,기타,건조,맑음,교차로 - 교차로부근,원동기,남,26세,중상,승용,남,63세,상해없음
2017071700100140,2017년 7월 17일 08시,월요일,경상북도 포항시 남구 연일읍,경상사고,0,0,1,0,차대차 - 측면충돌,안전운전불이행,건조,맑음,교차로 - 교차로부근,승용,남,54세,상해없음,자전거,남,76세,경상
2017071700100200,2017년 7월 17일 10시,월요일,경상북도 구미시 구평동,부상신고사고,0,0,0,1,차대사람 - 차도통행중,안전운전불이행,건조,맑음,단일로 - 기타,화물,남,37세,상해없음,보행자,남,72세,부상신고
2017071700100201,2017년 7월 17일 10시,월요일,경상북도 구미시 도량동,중상사고,0,1,0,0,차대사람 - 횡단중,안전운전불이행,건조,맑음,단일로 - 기타,이륜,남,42세,상해없음,보행자,여,58세,중상
2017071700100237,2017년 7월 17일 11시,월요일,경상북도 포항시 남구 효자동,경상사고,0,0,1,0,차대차 - 측면충돌,안전운전불이행,건조,맑음,교차로 - 교차로안,승용,남,21세,상해없음,승용,여,64세,경상
2017071700100295,2017년 7월 17일 13시,월요일,경상북도 상주시 무양동,중상사고,0,1,0,0,차대차 - 측면충돌,안전운전불이행,건조,맑음,교차로 - 교차로안,화물,남,52세,상해없음,승용,여,49세,중상
2017071700100326,2017년 7월 17일 14시,월요일,경상북도 경주시 마동,경상사고,0,0,1,0,차량단독 - 전도전복 - 전도,안전운전불이행,건조,맑음,단일로 - 기타,이륜,남,40세,경상,,,,
2017071700100327,2017년 7월 17일 14시,월요일,경상북도 안동시 풍산읍,경상사고,0,0,1,0,차대차 - 측면충돌,안전운전불이행,건조,맑음,교차로 - 교차로부근,승용,여,63세,경상,승용,남,31세,상해없음
2017071700100328,2017년 7월 17일 14시,월요일,경상북도 영덕군 영덕읍,경상사고,0,0,1,0,차대차 - 추돌,안전운전불이행,건조,맑음,단일로 - 기타,승용,남,73세,상해없음,사륜오토바이(ATV),남,78세,경상
2017071700100329,2017년 7월 17일 14시,월요일,경상북도 구미시 상모동,경상사고,0,0,1,0,차대차 - 측면충돌,신호위반,젖음/습기,흐림,교차로 - 교차로횡단보도내,승용,남,32세,상해없음,자전거,남,12세,경상
2017071700100330,2017년 7월 17일 14시,월요일,경상북도 포항시 남구 상도동,경상사고,0,0,2,0,차대차 - 추돌,안전운전불이행,건조,맑음,단일로 - 기타,승용,남,36세,상해없음,승용,여,56세,경상
2017071700100364,2017년 7월 17일 15시,월요일,경상북도 상주시 남성동,경상사고,0,0,1,0,차대사람 - 차도통행중,안전운전불이행,건조,맑음,단일로 - 기타,화물,남,46세,상해없음,보행자,남,69세,경상
2017071700100365,2017년 7월 17일 15시,월요일,경상북도 영주시 평은면,중상사고,0,1,0,0,차대사람 - 기타,안전운전불이행,건조,맑음,단일로 - 교량,승용,남,47세,상해없음,보행자,남,60세,중상
2017071700100397,2017년 7월 17일 16시,월요일,경상북도 포항시 북구 송라면,중상사고,0,1,1,0,차대차 - 측면충돌,차로위반,건조,맑음,단일로 - 기타,이륜,남,72세,중상,승용,남,25세,경상
2017071700100398,2017년 7월 17일 16시,월요일,경상북도 포항시 북구 덕수동,경상사고,0,0,1,0,차대차 - 측면충돌,교차로운행방법위반,건조,맑음,교차로 - 교차로부근,이륜,여,54세,경상,승용,여,56세,상해없음
2017071700100399,2017년 7월 17일 16시,월요일,경상북도 상주시 신봉동,경상사고,0,0,1,0,차대차 - 측면충돌,안전운전불이행,건조,맑음,단일로 - 기타,승용,여,45세,경상,건설기계,남,57세,상해없음
2017071700100400,2017년 7월 17일 16시,월요일,경상북도 봉화군 소천면,중상사고,0,1,0,0,차대차 - 측면충돌,안전운전불이행,건조,맑음,단일로 - 기타,이륜,남,72세,중상,승용,남,62세,상해없음
2017071700100401,2017년 7월 17일 16시,월요일,경상북도 구미시 구평동,부상신고사고,0,0,0,1,차대사람 - 보도통행중,기타,건조,맑음,기타 - 기타,기타불명,기타불명,미분류,기타불명,보행자,남,45세,부상신고
2017071700100436,2017년 7월 17일 17시,월요일,경상북도 포항시 북구 죽도동,중상사고,0,1,0,0,차대차 - 측면충돌,신호위반,건조,맑음,단일로 - 기타,자전거,여,72세,중상,승용,남,63세,상해없음
2017071700100437,2017년 7월 17일 17시,월요일,경상북도 김천시 신음동,중상사고,0,1,0,0,차대차 - 추돌,안전운전불이행,젖음/습기,비,교차로 - 교차로안,승합,남,65세,상해없음,승용,여,48세,중상
2017071700100438,2017년 7월 17일 17시,월요일,경상북도 칠곡군 왜관읍,경상사고,0,0,2,0,차대차 - 측면충돌,안전운전불이행,젖음/습기,비,교차로 - 교차로안,화물,남,48세,상해없음,화물,남,67세,경상
2017071700100477,2017년 7월 17일 18시,월요일,경상북도 구미시 사곡동,중상사고,0,1,0,0,차대차 - 측면충돌,안전운전불이행,젖음/습기,비,교차로 - 교차로안,승용,여,42세,상해없음,이륜,남,35세,중상
2017071700100509,2017년 7월 17일 19시,월요일,경상북도 포항시 북구 용흥동,부상신고사고,0,0,0,1,차대차 - 기타,안전운전불이행,젖음/습기,비,단일로 - 기타,승용,여,26세,상해없음,원동기,남,24세,부상신고
2017071700100510,2017년 7월 17일 19시,월요일,경상북도 경산시 진량읍,중상사고,0,1,3,0,차대차 - 추돌,안전운전불이행,건조,맑음,단일로 - 기타,승용,남,58세,상해없음,승용,남,22세,경상
2017071700100534,2017년 7월 17일 20시,월요일,경상북도 경주시 구황동,중상사고,0,1,0,0,차대차 - 측면충돌,중앙선침범,젖음/습기,비,단일로 - 기타,승용,여,63세,상해없음,승용,여,33세,중상
2017071700100535,2017년 7월 17일 20시,월요일,경상북도 구미시 옥계동,경상사고,0,0,1,0,차대차 - 기타,직진우회전진행방해,젖음/습기,흐림,교차로 - 교차로안,승용,여,28세,상해없음,원동기,남,53세,경상
2017071700100567,2017년 7월 17일 21시,월요일,경상북도 경주시 인왕동,중상사고,0,1,1,0,차대차 - 측면충돌,신호위반,건조,맑음,교차로 - 교차로안,승용,남,29세,상해없음,승합,남,56세,경상
2017071700100568,2017년 7월 17일 21시,월요일,경상북도 구미시 상모동,경상사고,0,0,1,0,차대사람 - 차도통행중,안전운전불이행,건조,맑음,교차로 - 교차로부근,승용,남,50세,상해없음,보행자,여,60세,경상
2017071700100619,2017년 7월 17일 23시,월요일,경상북도 안동시 법흥동,경상사고,0,0,3,0,차대차 - 추돌,안전운전불이행,건조,맑음,교차로 - 교차로부근,승용,남,30세,상해없음,승용,남,67세,경상
2017071800100031,2017년 7월 18일 00시,화요일,경상북도 영천시 오수동,중상사고,0,1,3,0,차대차 - 정면충돌,중앙선침범,건조,맑음,단일로 - 기타,승용,여,35세,경상,승합,남,52세,경상
2017071800100064,2017년 7월 18일 04시,화요일,경상북도 경산시 중방동,사망사고,1,0,0,0,차대차 - 기타,안전운전불이행,건조,맑음,단일로 - 기타,승용,남,29세,상해없음,농기계,남,79세,사망
2017071800100093,2017년 7월 18일 07시,화요일,경상북도 경주시 도지동,중상사고,0,2,0,0,차대차 - 추돌,안전운전불이행,건조,맑음,단일로 - 기타,승용,남,35세,상해없음,승용,여,34세,중상
2017071800100094,2017년 7월 18일 07시,화요일,경상북도 영천시 완산동,경상사고,0,0,1,0,차대차 - 추돌,안전운전불이행,건조,맑음,교차로 - 교차로부근,승용,남,29세,상해없음,승용,여,29세,경상
2017071800100124,2017년 7월 18일 08시,화요일,경상북도 안동시 옥동,경상사고,0,0,2,0,차대차 - 추돌,안전거리미확보,건조,맑음,단일로 - 기타,승용,남,34세,상해없음,승용,남,36세,경상
2017071800100125,2017년 7월 18일 08시,화요일,경상북도 칠곡군 동명면,경상사고,0,0,2,0,차대차 - 추돌,안전운전불이행,건조,맑음,단일로 - 기타,승용,여,48세,상해없음,승용,남,27세,경상
2017071800100150,2017년 7월 18일 09시,화요일,경상북도 성주군 벽진면,중상사고,0,1,0,0,차대차 - 측면충돌,중앙선침범,건조,맑음,단일로 - 기타,승용,여,63세,상해없음,이륜,여,66세,중상
2017071800100180,2017년 7월 18일 10시,화요일,경상북도 경주시 황오동,경상사고,0,0,1,0,차대차 - 측면충돌,안전운전불이행,건조,맑음,교차로 - 교차로안,이륜,남,82세,경상,승용,남,44세,상해없음
2017071800100181,2017년 7월 18일 10시,화요일,경상북도 칠곡군 동명면,부상신고사고,0,0,0,1,차량단독 - 전도전복,안전운전불이행,건조,맑음,단일로 - 기타,화물,남,63세,부상신고,미분류,미분류,미분류,미분류
2017071800100182,2017년 7월 18일 10시,화요일,경상북도 영천시 금노동,경상사고,0,0,1,0,차대차 - 측면충돌,안전운전불이행,건조,맑음,단일로 - 기타,승용,여,55세,경상,승합,남,34세,기타불명
2017071800100201,2017년 7월 18일 11시,화요일,경상북도 문경시 불정동,경상사고,0,0,1,0,차량단독 - 도로외이탈 - 추락,안전운전불이행,건조,맑음,단일로 - 기타,승용,여,55세,경상,,,,
2017071800100202,2017년 7월 18일 11시,화요일,경상북도 경산시 자인면,사망사고,1,0,1,0,차대차 - 정면충돌,안전운전불이행,건조,맑음,교차로 - 교차로안,이륜,남,66세,사망,승용,여,67세,경상
2017071800100226,2017년 7월 18일 12시,화요일,경상북도 경산시 옥산동,경상사고,0,0,2,0,차대차 - 기타,신호위반,건조,맑음,교차로 - 교차로안,승용,남,60세,상해없음,승용,남,65세,경상
2017071800100227,2017년 7월 18일 12시,화요일,경상북도 성주군 성주읍,중상사고,0,1,0,0,차대차 - 측면충돌,안전운전불이행,건조,맑음,단일로 - 기타,이륜,남,72세,중상,승용,여,49세,상해없음
2017071800100257,2017년 7월 18일 13시,화요일,경상북도 경주시 성건동,경상사고,0,0,2,0,차대차 - 측면충돌,안전운전불이행,건조,맑음,교차로 - 교차로부근,자전거,남,24세,경상,승용,여,56세,경상
2017071800100258,2017년 7월 18일 13시,화요일,경상북도 김천시 덕곡동,중상사고,0,1,1,0,차대차 - 추돌,안전운전불이행,건조,맑음,교차로 - 교차로부근,화물,남,46세,상해없음,승용,남,63세,상해없음
2017071800100281,2017년 7월 18일 14시,화요일,경상북도 성주군 벽진면,경상사고,0,0,1,0,차대차 - 측면충돌,안전운전불이행,건조,맑음,기타 - 기타,화물,남,65세,경상,승용,남,62세,상해없음
2017071800100282,2017년 7월 18일 14시,화요일,경상북도 김천시 아포읍,중상사고,0,1,1,0,차대차 - 추돌,안전운전불이행,건조,맑음,교차로 - 교차로안,승용,남,43세,경상,화물,남,47세,중상
2017071800100312,2017년 7월 18일 15시,화요일,경상북도 경주시 노서동,중상사고,0,1,0,0,차대차 - 추돌,안전운전불이행,건조,맑음,단일로 - 지하차도(도로)내,승용,남,79세,상해없음,이륜,여,63세,중상
2017071800100313,2017년 7월 18일 15시,화요일,경상북도 김천시 평화동,경상사고,0,0,2,0,차대차 - 측면충돌,신호위반,건조,맑음,교차로 - 교차로안,승용,여,60세,경상,승용,남,26세,경상
2017071800100314,2017년 7월 18일 15시,화요일,경상북도 봉화군 재산면,경상사고,0,0,1,0,차대차 - 측면충돌,교차로운행방법위반,건조,맑음,교차로 - 교차로안,화물,남,42세,상해없음,승용,여,33세,경상
2017071800100315,2017년 7월 18일 15시,화요일,경상북도 울릉군 울릉읍,중상사고,0,1,8,0,차대차 - 정면충돌,안전운전불이행,건조,맑음,기타 - 기타,화물,남,80세,경상,승합,남,72세,경상
2017071800100316,2017년 7월 18일 15시,화요일,경상북도 구미시 상모동,경상사고,0,0,1,0,차대차 - 측면충돌,안전운전불이행,건조,맑음,단일로 - 기타,승용,남,65세,상해없음,승용,여,58세,경상
2017071800100317,2017년 7월 18일 15시,화요일,경상북도 포항시 남구 연일읍,중상사고,0,1,0,0,차대차 - 측면충돌,안전운전불이행,건조,맑음,단일로 - 기타,승용,남,60세,상해없음,승용,여,34세,중상
2017071800100377,2017년 7월 18일 17시,화요일,경상북도 상주시 화개동,경상사고,0,0,1,0,차대차 - 측면충돌,불법유턴,건조,맑음,단일로 - 기타,자전거,남,40세,경상,승용,여,55세,상해없음
2017071800100420,2017년 7월 18일 18시,화요일,경상북도 상주시 화북면,중상사고,0,1,0,0,차량단독 - 전도전복 - 전도,안전운전불이행,건조,맑음,단일로 - 기타,화물,남,51세,상해없음,,,,
2017071800100421,2017년 7월 18일 18시,화요일,경상북도 경산시 자인면,중상사고,0,1,0,0,차대차 - 추돌,안전운전불이행,건조,맑음,교차로 - 교차로안,승용,남,43세,상해없음,이륜,남,48세,중상
2017071800100422,2017년 7월 18일 18시,화요일,경상북도 구미시 인의동,경상사고,0,0,1,0,차대차 - 기타,안전운전불이행,건조,맑음,교차로 - 교차로부근,승용,여,56세,상해없음,승용,남,38세,경상
2017071800100531,2017년 7월 18일 22시,화요일,경상북도 포항시 북구 장성동,경상사고,0,0,1,0,차대차 - 측면충돌,신호위반,건조,맑음,교차로 - 교차로안,승용,남,21세,상해없음,이륜,남,38세,경상
2017071800100532,2017년 7월 18일 22시,화요일,경상북도 김천시 농소면,경상사고,0,0,1,0,차대차 - 추돌,안전거리미확보,건조,맑음,단일로 - 기타,승용,여,52세,상해없음,승용,여,44세,경상
2017071800100533,2017년 7월 18일 22시,화요일,경상북도 영덕군 남정면,중상사고,0,2,2,0,차대차 - 측면충돌,직진우회전진행방해,건조,맑음,교차로 - 교차로안,승용,남,22세,중상,승용,남,45세,경상
2017071900100043,2017년 7월 19일 00시,수요일,경상북도 칠곡군 석적읍,중상사고,0,1,2,0,차대차 - 측면충돌,교차로운행방법위반,건조,맑음,교차로 - 교차로부근,승용,남,63세,상해없음,승용,여,32세,중상
2017071900100044,2017년 7월 19일 00시,수요일,경상북도 구미시 봉곡동,중상사고,0,2,0,0,차대차 - 정면충돌,안전운전불이행,건조,맑음,교차로 - 교차로안,승용,남,57세,상해없음,승용,남,29세,중상
2017071900100072,2017년 7월 19일 03시,수요일,경상북도 영덕군 강구면,경상사고,0,0,1,0,차대차 - 추돌,안전운전불이행,건조,맑음,교차로 - 교차로부근,승용,남,43세,경상,화물,남,48세,상해없음
2017071900100079,2017년 7월 19일 04시,수요일,경상북도 포항시 북구 두호동,경상사고,0,0,2,0,차대차 - 측면충돌,안전운전불이행,건조,맑음,교차로 - 교차로부근,승용,남,21세,상해없음,승용,남,30세,상해없음
2017071900100094,2017년 7월 19일 06시,수요일,경상북도 경주시 외동읍,경상사고,0,0,1,0,차대차 - 측면충돌,안전운전불이행,건조,맑음,단일로 - 기타,승용,남,33세,상해없음,이륜,남,77세,경상
2017071900100095,2017년 7월 19일 06시,수요일,경상북도 고령군 대가야읍,경상사고,0,0,1,0,차대차 - 측면충돌,교차로운행방법위반,건조,맑음,교차로 - 교차로부근,이륜,남,75세,상해없음,승용,여,42세,경상
2017071900100107,2017년 7월 19일 07시,수요일,경상북도 칠곡군 북삼읍,경상사고,0,0,1,0,차대차 - 측면충돌,신호위반,건조,맑음,교차로 - 교차로안,이륜,남,31세,경상,승용,여,49세,상해없음
2017071900100108,2017년 7월 19일 07시,수요일,경상북도 경산시 진량읍,경상사고,0,0,2,0,차대차 - 측면충돌,불법유턴,건조,맑음,교차로 - 교차로안,승용,여,40세,경상,승합,남,55세,경상
2017071900100132,2017년 7월 19일 08시,수요일,경상북도 경주시 황성동,경상사고,0,0,1,0,차대차 - 추돌,안전운전불이행,건조,맑음,교차로 - 교차로부근,승용,여,37세,상해없음,승용,여,25세,경상
2017071900100133,2017년 7월 19일 08시,수요일,경상북도 칠곡군 북삼읍,경상사고,0,0,1,0,차대차 - 추돌,교차로운행방법위반,건조,맑음,교차로 - 교차로안,승용,여,23세,상해없음,화물,여,46세,경상
2017071900100166,2017년 7월 19일 09시,수요일,경상북도 칠곡군 왜관읍,경상사고,0,0,1,0,차대차 - 기타,안전운전불이행,건조,맑음,교차로 - 교차로안,이륜,남,73세,경상,승용,여,56세,상해없음
2017071900100167,2017년 7월 19일 09시,수요일,경상북도 포항시 남구 대송면,중상사고,0,1,0,0,차대사람 - 차도통행중,안전운전불이행,건조,맑음,단일로 - 기타,화물,남,44세,상해없음,보행자,남,56세,중상
2017071900100207,2017년 7월 19일 10시,수요일,경상북도 안동시 옥동,경상사고,0,0,1,0,차대차 - 추돌,안전운전불이행,건조,맑음,교차로 - 교차로부근,승합,남,53세,상해없음,승용,남,50세,경상
2017071900100208,2017년 7월 19일 10시,수요일,경상북도 경산시 남산면,경상사고,0,0,1,0,차대차 - 정면충돌,신호위반,건조,맑음,교차로 - 교차로안,화물,남,71세,상해없음,화물,여,55세,경상
2017071900100230,2017년 7월 19일 11시,수요일,경상북도 영천시 북안면,중상사고,0,2,3,0,차대차 - 측면충돌,안전거리미확보,건조,맑음,단일로 - 기타,승용,남,33세,경상,승용,여,53세,경상
2017071900100250,2017년 7월 19일 12시,수요일,경상북도 상주시 남장동,중상사고,0,2,1,0,차대차 - 측면충돌,교차로운행방법위반,건조,맑음,교차로 - 교차로안,승용,여,63세,상해없음,승용,남,57세,중상
2017071900100251,2017년 7월 19일 12시,수요일,경상북도 경산시 하양읍,중상사고,0,1,0,0,차대차 - 추돌,안전운전불이행,건조,맑음,단일로 - 기타,화물,남,71세,중상,특수,남,62세,상해없음
2017071900100252,2017년 7월 19일 12시,수요일,경상북도 포항시 남구 대도동,경상사고,0,0,1,0,차대사람 - 횡단중,안전운전불이행,건조,맑음,교차로 - 교차로안,승용,남,60세,상해없음,보행자,여,68세,경상
2017071900100277,2017년 7월 19일 13시,수요일,경상북도 영주시 가흥동,경상사고,0,0,1,0,차대사람 - 횡단중,보행자보호의무위반,건조,흐림,교차로 - 교차로횡단보도내,승용,남,47세,상해없음,보행자,여,10세,경상
2017071900100278,2017년 7월 19일 13시,수요일,경상북도 경산시 대동,경상사고,0,0,1,0,차대차 - 기타,신호위반,건조,맑음,단일로 - 기타,이륜,남,25세,상해없음,이륜,남,70세,경상
2017071900100308,2017년 7월 19일 14시,수요일,경상북도 상주시 낙동면,중상사고,0,1,0,1,차량단독 - 전도전복,안전운전불이행,건조,맑음,단일로 - 기타,승용,남,59세,부상신고,미분류,미분류,미분류,미분류
2017071900100309,2017년 7월 19일 14시,수요일,경상북도 경산시 압량면,경상사고,0,0,2,0,차대차 - 추돌,안전운전불이행,건조,맑음,교차로 - 교차로부근,승용,여,48세,상해없음,승용,여,43세,경상
2017071900100310,2017년 7월 19일 14시,수요일,경상북도 울릉군 울릉읍,중상사고,0,1,0,0,차대차 - 정면충돌,안전운전불이행,건조,맑음,단일로 - 기타,화물,남,60세,상해없음,이륜,남,77세,중상
2017071900100311,2017년 7월 19일 14시,수요일,경상북도 구미시 오태동,경상사고,0,0,1,0,차대차 - 측면충돌,직진우회전진행방해,건조,맑음,교차로 - 교차로안,화물,남,36세,상해없음,승용,여,54세,경상
2017071900100312,2017년 7월 19일 14시,수요일,경상북도 포항시 남구 대도동,중상사고,0,1,0,0,차대차 - 측면충돌,안전운전불이행,건조,맑음,단일로 - 기타,자전거,여,62세,중상,화물,남,59세,상해없음
2017071900100334,2017년 7월 19일 15시,수요일,경상북도 경산시 사정동,경상사고,0,0,2,0,차대차 - 측면충돌,중앙선침범,건조,맑음,단일로 - 기타,자전거,남,15세,경상,승용,남,31세,경상
2017071900100335,2017년 7월 19일 15시,수요일,경상북도 예천군 개포면,중상사고,0,1,0,0,차대차 - 측면충돌,안전운전불이행,건조,맑음,단일로 - 기타,화물,남,63세,상해없음,화물,남,60세,기타불명
2017071900100336,2017년 7월 19일 15시,수요일,경상북도 청도군 화양읍,경상사고,0,0,2,0,차대차 - 측면충돌,교차로운행방법위반,건조,맑음,교차로 - 교차로안,승용,여,53세,상해없음,승용,남,25세,경상
2017071900100337,2017년 7월 19일 15시,수요일,경상북도 고령군 성산면,경상사고,0,0,1,0,차대차 - 추돌,안전운전불이행,건조,맑음,단일로 - 기타,승용,남,62세,상해없음,화물,남,64세,경상
2017071900100383,2017년 7월 19일 16시,수요일,경상북도 의성군 단북면,중상사고,0,1,0,0,차대차 - 측면충돌,안전운전불이행,건조,맑음,교차로 - 교차로안,이륜,남,70세,중상,화물,남,49세,상해없음
2017071900100384,2017년 7월 19일 16시,수요일,경상북도 영천시 고경면,중상사고,0,1,0,0,차대차 - 기타,안전운전불이행,젖음/습기,맑음,단일로 - 기타,화물,남,67세,상해없음,농기계,남,69세,중상
2017071900100385,2017년 7월 19일 16시,수요일,경상북도 고령군 쌍림면,중상사고,0,1,0,0,차량단독 - 전도전복 - 전도,안전운전불이행,건조,맑음,기타 - 기타,승용,남,79세,중상,,,,
2017071900100434,2017년 7월 19일 17시,수요일,경상북도 경주시 외동읍,경상사고,0,0,1,0,차대차 - 측면충돌,안전운전불이행,건조,맑음,단일로 - 기타,승용,남,52세,상해없음,이륜,남,58세,경상
2017071900100435,2017년 7월 19일 17시,수요일,경상북도 김천시 삼락동,중상사고,0,1,0,0,차대차 - 측면충돌,안전운전불이행,건조,맑음,교차로 - 교차로안,승용,남,63세,상해없음,승용,여,65세,중상
2017071900100436,2017년 7월 19일 17시,수요일,경상북도 구미시 송정동,중상사고,0,2,0,0,차대차 - 기타,안전운전불이행,건조,맑음,교차로 - 교차로안,승용,여,58세,중상,승용,여,49세,중상
2017071900100474,2017년 7월 19일 18시,수요일,경상북도 경주시 양남면,경상사고,0,0,2,0,차대차 - 추돌,안전운전불이행,건조,맑음,단일로 - 기타,승용,남,37세,상해없음,승용,남,28세,경상
2017071900100475,2017년 7월 19일 18시,수요일,경상북도 경주시 충효동,경상사고,0,0,2,0,차대차 - 측면충돌,안전운전불이행,건조,맑음,교차로 - 교차로안,승용,남,40세,경상,승용,여,35세,경상
2017071900100476,2017년 7월 19일 18시,수요일,경상북도 영천시 서산동,경상사고,0,0,1,0,차량단독 - 전도전복,안전운전불이행,건조,맑음,단일로 - 교량,승용,남,70세,경상,미분류,미분류,미분류,미분류
2017071900100477,2017년 7월 19일 18시,수요일,경상북도 구미시 진평동,부상신고사고,0,0,0,1,차대차 - 측면충돌,안전운전불이행,건조,맑음,교차로 - 교차로안,이륜,남,16세,부상신고,승용,여,41세,상해없음
2017071900100478,2017년 7월 19일 18시,수요일,경상북도 영천시 북안면,경상사고,0,0,2,0,차대차 - 기타,안전운전불이행,건조,맑음,단일로 - 기타,화물,남,62세,상해없음,승합,남,44세,경상
2017071900100511,2017년 7월 19일 19시,수요일,경상북도 경주시 건천읍,경상사고,0,0,1,0,차대차 - 측면충돌,안전운전불이행,건조,맑음,단일로 - 기타,화물,남,52세,상해없음,승용,여,26세,경상
2017071900100550,2017년 7월 19일 20시,수요일,경상북도 경주시 건천읍,중상사고,0,1,0,0,차대차 - 측면충돌,안전운전불이행,건조,맑음,단일로 - 기타,승용,남,23세,상해없음,승용,남,73세,상해없음
2017071900100551,2017년 7월 19일 20시,수요일,경상북도 김천시 봉산면,경상사고,0,0,1,0,차대차 - 측면충돌,안전운전불이행,건조,맑음,단일로 - 기타,승용,여,58세,경상,화물,남,59세,상해없음
2017071900100552,2017년 7월 19일 20시,수요일,경상북도 울진군 죽변면,부상신고사고,0,0,0,1,차대차 - 기타,기타,건조,맑음,단일로 - 기타,기타불명,기타불명,미분류,기타불명,이륜,남,51세,부상신고
2017071900100581,2017년 7월 19일 21시,수요일,경상북도 경산시 사동,경상사고,0,0,1,0,차대차 - 측면충돌,안전운전불이행,건조,맑음,단일로 - 기타,화물,남,58세,상해없음,이륜,남,19세,경상
2017071900100582,2017년 7월 19일 21시,수요일,경상북도 영덕군 남정면,중상사고,0,1,3,0,차대차 - 측면충돌,안전거리미확보,건조,맑음,단일로 - 기타,승용,남,52세,상해없음,승용,여,50세,경상
2017071900100601,2017년 7월 19일 22시,수요일,경상북도 구미시 구평동,경상사고,0,0,2,0,차대차 - 추돌,안전운전불이행,건조,맑음,교차로 - 교차로부근,승용,남,42세,상해없음,승용,여,46세,경상
2017071900100602,2017년 7월 19일 22시,수요일,경상북도 포항시 남구 동해면,중상사고,0,1,9,0,차대차 - 측면충돌,직진우회전진행방해,건조,맑음,교차로 - 교차로안,승용,남,59세,상해없음,승합,여,43세,경상
2017072000100053,2017년 7월 20일 02시,목요일,경상북도 포항시 북구 장성동,경상사고,0,0,1,0,차대차 - 기타,안전운전불이행,건조,맑음,단일로 - 기타,이륜,남,49세,경상,승용,남,42세,기타불명
2017072000100054,2017년 7월 20일 02시,목요일,경상북도 칠곡군 왜관읍,경상사고,0,0,2,0,차대차 - 추돌,안전운전불이행,건조,맑음,단일로 - 기타,화물,남,38세,경상,화물,남,57세,경상
2017072000100089,2017년 7월 20일 06시,목요일,경상북도 안동시 안기동,중상사고,0,1,0,0,차대차 - 추돌,안전거리미확보,건조,맑음,단일로 - 기타,건설기계,남,51세,상해없음,승용,남,44세,중상
2017072000100111,2017년 7월 20일 07시,목요일,경상북도 포항시 북구 죽도동,경상사고,0,0,1,0,차대차 - 측면충돌,안전운전불이행,건조,맑음,교차로 - 교차로안,자전거,남,67세,경상,승용,남,68세,상해없음
2017072000100146,2017년 7월 20일 08시,목요일,경상북도 의성군 의성읍,부상신고사고,0,0,0,1,차대차 - 측면충돌,직진우회전진행방해,건조,맑음,교차로 - 교차로안,승용,남,73세,상해없음,승용,남,24세,부상신고
2017072000100147,2017년 7월 20일 08시,목요일,경상북도 예천군 용궁면,중상사고,0,2,0,1,차대차 - 측면충돌,안전운전불이행,건조,맑음,단일로 - 기타,승용,여,52세,부상신고,승용,남,21세,상해없음
2017072000100148,2017년 7월 20일 08시,목요일,경상북도 구미시 임수동,중상사고,0,1,1,1,차대차 - 측면충돌,안전운전불이행,건조,맑음,교차로 - 교차로안,승용,남,57세,부상신고,승용,남,36세,경상
2017072000100149,2017년 7월 20일 08시,목요일,경상북도 구미시 선산읍,경상사고,0,0,1,0,차대차 - 기타,신호위반,건조,맑음,교차로 - 교차로안,승용,남,51세,상해없음,승용,여,26세,경상
2017072000100150,2017년 7월 20일 08시,목요일,경상북도 구미시 남통동,경상사고,0,0,1,0,차대사람 - 횡단중,중앙선침범,건조,기타,단일로 - 기타,승용,여,50세,상해없음,보행자,남,15세,경상
2017072000100179,2017년 7월 20일 09시,목요일,경상북도 포항시 북구 동빈2가,경상사고,0,0,1,0,차대차 - 기타,중앙선침범,건조,맑음,단일로 - 기타,자전거,여,77세,경상,승용,여,30세,상해없음
2017072000100180,2017년 7월 20일 09시,목요일,경상북도 포항시 북구 흥해읍,경상사고,0,0,1,0,차대차 - 측면충돌,안전거리미확보,건조,맑음,단일로 - 기타,승용,여,41세,경상,승합,남,45세,상해없음
2017072000100181,2017년 7월 20일 09시,목요일,경상북도 성주군 선남면,경상사고,0,0,1,0,차대차 - 측면충돌,안전운전불이행,건조,맑음,교차로 - 교차로부근,승용,여,30세,기타불명,승용,여,49세,경상
2017072000100209,2017년 7월 20일 10시,목요일,경상북도 포항시 북구 용흥동,중상사고,0,1,0,0,차대차 - 측면충돌,신호위반,건조,맑음,교차로 - 교차로안,승용,여,56세,상해없음,승용,여,44세,중상
2017072000100210,2017년 7월 20일 10시,목요일,경상북도 경산시 중방동,경상사고,0,0,1,0,차대차 - 측면충돌,안전운전불이행,건조,맑음,단일로 - 기타,승용,남,31세,상해없음,승용,남,36세,경상
2017072000100240,2017년 7월 20일 11시,목요일,경상북도 포항시 북구 양덕동,경상사고,0,0,1,0,차대차 - 추돌,안전거리미확보,건조,맑음,교차로 - 교차로안,화물,남,58세,상해없음,승용,여,33세,경상