사고번호,사고일시,요일,시군구,사고내용,사망자수,중상자수,경상자수,부상신고자수,사고유형,법규위반,노면상태,기상상태,도로형태,가해운전자 차종,가해운전자 성별,가해운전자 연령,가해운전자 상해정도,피해운전자 차종,피해운전자 성별,피해운전자 연령,피해운전자 상해정도
2017072000100241,2017년 7월 20일 11시,목요일,경상북도 칠곡군 석적읍,경상사고,0,0,1,0,차대차 - 측면충돌,안전운전불이행,건조,맑음,단일로 - 기타,자전거,남,24세,경상,승용,남,54세,상해없음
2017072000100242,2017년 7월 20일 11시,목요일,경상북도 포항시 남구 상도동,중상사고,0,1,0,0,차대차 - 측면충돌,안전거리미확보,건조,맑음,교차로 - 교차로부근,승용,남,53세,상해없음,승용,여,63세,중상
2017072000100243,2017년 7월 20일 11시,목요일,경상북도 포항시 남구 오천읍,경상사고,0,0,1,0,차대사람 - 횡단중,보행자보호의무위반,건조,맑음,단일로 - 기타,승용,여,68세,상해없음,보행자,남,77세,경상
2017072000100272,2017년 7월 20일 12시,목요일,경상북도 안동시 일직면,경상사고,0,0,1,0,차대차 - 측면충돌,중앙선침범,건조,맑음,단일로 - 기타,승용,남,74세,경상,승용,남,62세,상해없음
2017072000100273,2017년 7월 20일 12시,목요일,경상북도 영천시 성내동,경상사고,0,0,1,0,차대차 - 측면충돌,안전운전불이행,건조,맑음,교차로 - 교차로안,승용,여,27세,상해없음,자전거,여,34세,경상
2017072000100274,2017년 7월 20일 12시,목요일,경상북도 예천군 지보면,사망사고,1,0,0,0,차량단독 - 전도전복 - 전도,안전운전불이행,건조,맑음,단일로 - 기타,건설기계,남,60세,사망,,,,
2017072000100275,2017년 7월 20일 12시,목요일,경상북도 구미시 송정동,경상사고,0,0,1,0,차대차 - 측면충돌,교차로운행방법위반,건조,맑음,교차로 - 교차로안,승용,여,26세,상해없음,승용,남,37세,경상
2017072000100307,2017년 7월 20일 13시,목요일,경상북도 포항시 북구 항구동,경상사고,0,0,2,0,차대차 - 측면충돌,직진우회전진행방해,건조,맑음,교차로 - 교차로안,승용,남,64세,상해없음,승용,여,30세,경상
2017072000100325,2017년 7월 20일 14시,목요일,경상북도 경주시 배반동,중상사고,0,1,0,0,차대차 - 추돌,안전운전불이행,건조,맑음,단일로 - 기타,화물,여,67세,중상,화물,남,56세,상해없음
2017072000100326,2017년 7월 20일 14시,목요일,경상북도 칠곡군 북삼읍,경상사고,0,0,2,0,차대차 - 추돌,안전운전불이행,건조,맑음,단일로 - 기타,승용,남,28세,상해없음,승용,여,39세,경상
2017072000100327,2017년 7월 20일 14시,목요일,경상북도 경산시 계양동,경상사고,0,0,1,0,차대차 - 정면충돌,안전운전불이행,건조,맑음,교차로 - 교차로부근,화물,남,53세,상해없음,승용,남,28세,경상
2017072000100350,2017년 7월 20일 15시,목요일,경상북도 고령군 성산면,경상사고,0,0,2,0,차대차 - 추돌,안전운전불이행,건조,맑음,교차로 - 교차로부근,화물,남,55세,상해없음,승용,여,63세,경상
2017072000100376,2017년 7월 20일 16시,목요일,경상북도 경주시 성건동,경상사고,0,0,1,0,차대차 - 측면충돌,안전운전불이행,건조,맑음,단일로 - 기타,승용,남,68세,상해없음,자전거,남,73세,경상
2017072000100377,2017년 7월 20일 16시,목요일,경상북도 경주시 황성동,경상사고,0,0,3,0,차대차 - 측면충돌,안전운전불이행,건조,맑음,교차로 - 교차로안,승용,남,22세,상해없음,승용,여,46세,경상
2017072000100378,2017년 7월 20일 16시,목요일,경상북도 의성군 의성읍,경상사고,0,0,1,0,차대차 - 측면충돌,안전운전불이행,건조,맑음,교차로 - 교차로안,자전거,남,13세,경상,승합,남,53세,상해없음
2017072000100379,2017년 7월 20일 16시,목요일,경상북도 경산시 중방동,중상사고,0,1,0,0,차대사람 - 길가장자리구역통행중,안전운전불이행,건조,맑음,단일로 - 기타,승용,여,52세,상해없음,보행자,여,58세,중상
2017072000100380,2017년 7월 20일 16시,목요일,경상북도 포항시 남구 대도동,중상사고,0,1,0,0,차대차 - 기타,신호위반,건조,맑음,단일로 - 기타,승용,여,51세,상해없음,이륜,남,57세,중상
2017072000100412,2017년 7월 20일 17시,목요일,경상북도 영주시 가흥동,경상사고,0,0,2,0,차대차 - 측면충돌,교차로운행방법위반,건조,맑음,교차로 - 교차로안,승용,남,58세,경상,승용,남,25세,경상
2017072000100413,2017년 7월 20일 17시,목요일,경상북도 문경시 모전동,중상사고,0,1,0,0,차대사람 - 기타,안전운전불이행,건조,맑음,단일로 - 기타,승용,남,49세,상해없음,보행자,남,49세,중상
2017072000100414,2017년 7월 20일 17시,목요일,경상북도 구미시 선산읍,중상사고,0,2,0,0,차대차 - 측면충돌,신호위반,건조,맑음,교차로 - 교차로안,이륜,남,77세,중상,승용,여,49세,중상
2017072000100415,2017년 7월 20일 17시,목요일,경상북도 포항시 남구 송도동,경상사고,0,0,4,0,차대차 - 정면충돌,안전운전불이행,건조,맑음,교차로 - 교차로안,승용,남,28세,상해없음,승용,여,32세,경상
2017072000100464,2017년 7월 20일 18시,목요일,경상북도 포항시 북구 우현동,중상사고,0,1,2,0,차대차 - 추돌,안전운전불이행,건조,맑음,단일로 - 기타,승용,남,55세,상해없음,승용,남,44세,경상
2017072000100465,2017년 7월 20일 18시,목요일,경상북도 상주시 남성동,중상사고,0,1,4,0,차대차 - 측면충돌,안전운전불이행,건조,맑음,교차로 - 교차로안,승용,여,29세,경상,승용,여,49세,중상
2017072000100466,2017년 7월 20일 18시,목요일,경상북도 구미시 구평동,경상사고,0,0,2,0,차대차 - 측면충돌,신호위반,건조,맑음,교차로 - 교차로부근,승용,여,42세,상해없음,이륜,남,24세,경상
2017072000100467,2017년 7월 20일 18시,목요일,경상북도 포항시 남구 오천읍,경상사고,0,0,2,0,차대차 - 측면충돌,신호위반,건조,맑음,교차로 - 교차로안,승용,남,37세,경상,승용,여,48세,경상
2017072000100503,2017년 7월 20일 19시,목요일,경상북도 문경시 마성면,중상사고,0,1,0,0,차대차 - 측면충돌,중앙선침범,건조,맑음,단일로 - 기타,자전거,남,48세,중상,화물,남,60세,상해없음
2017072000100534,2017년 7월 20일 20시,목요일,경상북도 영천시 금호읍,경상사고,0,0,4,0,차대차 - 측면충돌,중앙선침범,건조,맑음,단일로 - 기타,화물,남,60세,상해없음,승용,남,26세,경상
2017072000100535,2017년 7월 20일 20시,목요일,경상북도 포항시 남구 인덕동,경상사고,0,0,1,0,차대차 - 측면충돌,안전운전불이행,건조,맑음,단일로 - 기타,승용,남,24세,상해없음,이륜,남,57세,경상
2017072000100560,2017년 7월 20일 21시,목요일,경상북도 경주시 황성동,경상사고,0,0,1,0,차대사람 - 횡단중,안전운전불이행,건조,맑음,단일로 - 기타,승용,남,49세,상해없음,보행자,남,55세,경상
2017072000100561,2017년 7월 20일 21시,목요일,경상북도 구미시 해평면,사망사고,1,0,0,0,차량단독 - 전도전복,안전운전불이행,건조,맑음,단일로 - 기타,이륜,남,61세,사망,미분류,미분류,미분류,미분류
2017072000100562,2017년 7월 20일 21시,목요일,경상북도 구미시 진평동,경상사고,0,0,1,0,차대차 - 기타,안전운전불이행,건조,맑음,단일로 - 기타,승용,여,25세,상해없음,승용,남,59세,경상
2017072000100615,2017년 7월 20일 23시,목요일,경상북도 경주시 동천동,경상사고,0,0,1,0,차대차 - 측면충돌,안전운전불이행,건조,맑음,교차로 - 교차로부근,승용,남,46세,상해없음,승용,여,50세,경상
2017072100100063,2017년 7월 21일 05시,금요일,경상북도 군위군 군위읍,사망사고,1,0,1,0,차량단독 - 공작물충돌,안전운전불이행,건조,맑음,단일로 - 기타,화물,남,68세,경상,,,,
2017072100100123,2017년 7월 21일 08시,금요일,경상북도 경주시 황성동,경상사고,0,0,1,0,차대차 - 측면충돌,안전운전불이행,건조,맑음,단일로 - 기타,승용,남,62세,상해없음,승용,여,30세,경상
2017072100100124,2017년 7월 21일 08시,금요일,경상북도 포항시 북구 동빈2가,경상사고,0,0,1,0,차대차 - 측면충돌,안전운전불이행,건조,맑음,교차로 - 교차로부근,승용,여,53세,상해없음,승용,여,64세,경상
2017072100100125,2017년 7월 21일 08시,금요일,경상북도 영천시 대창면,경상사고,0,0,2,0,차대차 - 측면충돌,직진우회전진행방해,건조,맑음,단일로 - 기타,승용,여,59세,경상,화물,남,52세,경상
2017072100100126,2017년 7월 21일 08시,금요일,경상북도 경산시 중방동,경상사고,0,0,3,0,차대차 - 기타,교차로운행방법위반,건조,맑음,교차로 - 교차로안,승용,남,66세,상해없음,승용,여,35세,경상
2017072100100153,2017년 7월 21일 09시,금요일,경상북도 영덕군 영덕읍,경상사고,0,0,2,0,차대차 - 측면충돌,교차로운행방법위반,건조,맑음,교차로 - 교차로안,승용,남,41세,경상,승용,여,42세,경상
2017072100100154,2017년 7월 21일 09시,금요일,경상북도 포항시 남구 이동,중상사고,0,1,0,0,차대차 - 기타,중앙선침범,건조,맑음,교차로 - 교차로부근,승용,여,51세,기타불명,승용,여,28세,중상
2017072100100155,2017년 7월 21일 09시,금요일,경상북도 포항시 남구 대도동,중상사고,0,1,0,0,차대차 - 기타,안전운전불이행,건조,맑음,단일로 - 기타,화물,남,26세,상해없음,승용,여,58세,중상
2017072100100194,2017년 7월 21일 10시,금요일,경상북도 포항시 북구 청하면,경상사고,0,0,1,0,차대차 - 측면충돌,안전운전불이행,건조,맑음,단일로 - 기타,화물,남,43세,상해없음,자전거,남,81세,경상
2017072100100195,2017년 7월 21일 10시,금요일,경상북도 성주군 성주읍,경상사고,0,0,1,0,차대차 - 측면충돌,안전운전불이행,건조,맑음,단일로 - 기타,이륜,남,84세,경상,화물,남,45세,상해없음
2017072100100226,2017년 7월 21일 11시,금요일,경상북도 영천시 금호읍,경상사고,0,0,1,0,차대사람 - 횡단중,안전운전불이행,건조,맑음,단일로 - 기타,승용,남,48세,상해없음,보행자,남,58세,경상
2017072100100255,2017년 7월 21일 12시,금요일,경상북도 문경시 유곡동,사망사고,1,0,0,0,차량단독 - 공작물충돌,안전운전불이행,건조,맑음,단일로 - 기타,화물,남,54세,사망,,,,
2017072100100290,2017년 7월 21일 13시,금요일,경상북도 김천시 율곡동,경상사고,0,0,1,0,차대차 - 측면충돌,안전운전불이행,건조,맑음,교차로 - 교차로안,승용,남,57세,상해없음,승용,여,49세,경상
2017072100100291,2017년 7월 21일 13시,금요일,경상북도 경산시 진량읍,경상사고,0,0,1,0,차대차 - 기타,신호위반,건조,맑음,교차로 - 교차로안,화물,여,45세,상해없음,화물,여,67세,경상
2017072100100320,2017년 7월 21일 14시,금요일,경상북도 김천시 성내동,중상사고,0,1,0,0,차대차 - 측면충돌,교차로운행방법위반,건조,맑음,교차로 - 교차로안,화물,남,47세,상해없음,이륜,남,77세,중상
2017072100100321,2017년 7월 21일 14시,금요일,경상북도 경산시 중방동,경상사고,0,0,1,0,차대차 - 측면충돌,신호위반,건조,맑음,교차로 - 교차로안,승용,여,55세,상해없음,승합,남,48세,경상
2017072100100355,2017년 7월 21일 15시,금요일,경상북도 영주시 가흥동,경상사고,0,0,2,0,차대차 - 후진중충돌,안전운전불이행,건조,맑음,단일로 - 기타,승용,남,67세,상해없음,승용,남,21세,경상
2017072100100356,2017년 7월 21일 15시,금요일,경상북도 포항시 남구 청림동,중상사고,0,1,0,0,차대차 - 측면충돌,안전운전불이행,건조,맑음,교차로 - 교차로안,이륜,남,62세,중상,화물,남,48세,상해없음
2017072100100396,2017년 7월 21일 16시,금요일,경상북도 안동시 길안면,경상사고,0,0,1,0,차대차 - 추돌,안전거리미확보,건조,맑음,단일로 - 기타,승용,남,87세,상해없음,승용,남,62세,상해없음
2017072100100397,2017년 7월 21일 16시,금요일,경상북도 영덕군 영해면,중상사고,0,1,0,0,차대차 - 정면충돌,교차로운행방법위반,건조,맑음,교차로 - 교차로안,승용,남,68세,상해없음,화물,남,54세,중상
2017072100100436,2017년 7월 21일 17시,금요일,경상북도 경주시 노동동,중상사고,0,1,0,0,차대차 - 측면충돌,안전운전불이행,건조,맑음,교차로 - 교차로안,승용,남,36세,상해없음,자전거,남,79세,중상
2017072100100437,2017년 7월 21일 17시,금요일,경상북도 경주시 황성동,경상사고,0,0,1,0,차대사람 - 기타,안전운전불이행,건조,맑음,단일로 - 기타,승용,여,35세,상해없음,보행자,남,60세,경상
2017072100100438,2017년 7월 21일 17시,금요일,경상북도 경산시 자인면,경상사고,0,0,1,0,차대차 - 측면충돌,안전운전불이행,건조,맑음,교차로 - 교차로부근,기타불명,기타불명,미분류,기타불명,승용,여,53세,경상
2017072100100439,2017년 7월 21일 17시,금요일,경상북도 구미시 원평동,경상사고,0,0,1,0,차대차 - 측면충돌,안전운전불이행,건조,맑음,교차로 - 교차로안,승용,남,27세,기타불명,자전거,남,17세,경상
2017072100100440,2017년 7월 21일 17시,금요일,경상북도 포항시 남구 이동,경상사고,0,0,1,0,차대차 - 기타,안전운전불이행,건조,맑음,단일로 - 기타,승용,남,76세,상해없음,승용,남,39세,경상
2017072100100484,2017년 7월 21일 18시,금요일,경상북도 포항시 북구 죽도동,경상사고,0,0,2,0,차대차 - 측면충돌,안전거리미확보,건조,맑음,단일로 - 기타,승용,여,57세,상해없음,승용,남,48세,경상
2017072100100521,2017년 7월 21일 19시,금요일,경상북도 상주시 남적동,경상사고,0,0,2,0,차대차 - 측면충돌,교차로운행방법위반,건조,맑음,교차로 - 교차로안,승용,여,59세,상해없음,승용,남,68세,경상
2017072100100558,2017년 7월 21일 20시,금요일,경상북도 김천시 농소면,경상사고,0,0,1,0,차대차 - 추돌,안전운전불이행,건조,맑음,단일로 - 기타,이륜,남,85세,경상,승용,남,40세,상해없음
2017072100100559,2017년 7월 21일 20시,금요일,경상북도 영주시 영주동,경상사고,0,0,2,0,차대차 - 측면충돌,안전운전불이행,건조,흐림,교차로 - 교차로횡단보도내,승용,남,78세,상해없음,승용,남,60세,경상
2017072100100560,2017년 7월 21일 20시,금요일,경상북도 구미시 신평동,경상사고,0,0,1,0,차대차 - 측면충돌,교차로운행방법위반,건조,맑음,교차로 - 교차로안,승용,남,58세,상해없음,승용,여,49세,경상
2017072100100623,2017년 7월 21일 22시,금요일,경상북도 경주시 성건동,경상사고,0,0,1,0,차대차 - 측면충돌,안전운전불이행,건조,맑음,교차로 - 교차로안,이륜,남,23세,경상,승합,남,31세,상해없음
2017072100100624,2017년 7월 21일 22시,금요일,경상북도 포항시 북구 동빈1가,중상사고,0,1,0,0,차대차 - 측면충돌,신호위반,건조,맑음,교차로 - 교차로안,자전거,남,66세,중상,승용,남,27세,상해없음
2017072100100657,2017년 7월 21일 23시,금요일,경상북도 안동시 운흥동,경상사고,0,0,2,0,차대차 - 정면충돌,신호위반,건조,맑음,교차로 - 교차로안,승용,여,24세,경상,화물,남,25세,상해없음
2017072200100053,2017년 7월 22일 01시,토요일,경상북도 칠곡군 왜관읍,경상사고,0,0,1,0,차대차 - 추돌,신호위반,건조,맑음,교차로 - 교차로안,승용,여,48세,상해없음,승용,여,35세,경상
2017072200100160,2017년 7월 22일 08시,토요일,경상북도 문경시 모전동,중상사고,0,1,0,0,차대사람 - 횡단중,안전운전불이행,건조,맑음,단일로 - 기타,승용,남,23세,상해없음,보행자,여,52세,중상
2017072200100161,2017년 7월 22일 08시,토요일,경상북도 구미시 무을면,경상사고,0,0,1,0,차대차 - 정면충돌,안전운전불이행,건조,맑음,단일로 - 기타,승합,남,47세,상해없음,화물,남,57세,경상
2017072200100207,2017년 7월 22일 10시,토요일,경상북도 안동시 정하동,중상사고,0,2,1,0,차대차 - 측면충돌,직진우회전진행방해,건조,맑음,단일로 - 기타,승용,여,44세,경상,승용,여,58세,중상
2017072200100208,2017년 7월 22일 10시,토요일,경상북도 구미시 옥계동,경상사고,0,0,1,0,차대차 - 측면충돌,신호위반,건조,맑음,교차로 - 교차로안,승용,남,78세,상해없음,화물,남,47세,경상
2017072200100236,2017년 7월 22일 11시,토요일,경상북도 포항시 북구 환호동,중상사고,0,1,0,0,차대차 - 측면충돌,안전운전불이행,건조,맑음,단일로 - 기타,승용,여,27세,상해없음,이륜,남,30세,중상
2017072200100237,2017년 7월 22일 11시,토요일,경상북도 상주시 무양동,중상사고,0,1,0,0,차대사람 - 차도통행중,안전운전불이행,건조,맑음,단일로 - 기타,승용,여,46세,상해없음,보행자,남,28세,중상
2017072200100277,2017년 7월 22일 12시,토요일,경상북도 포항시 북구 대흥동,중상사고,0,1,0,0,차대사람 - 횡단중,안전운전불이행,건조,맑음,단일로 - 기타,승용,남,24세,상해없음,보행자,여,14세,중상
2017072200100278,2017년 7월 22일 12시,토요일,경상북도 김천시 부항면,중상사고,0,1,0,0,차대차 - 정면충돌,안전운전불이행,건조,맑음,교차로 - 교차로안,승용,남,71세,상해없음,승용,여,69세,중상
2017072200100279,2017년 7월 22일 12시,토요일,경상북도 경산시 자인면,경상사고,0,0,2,0,차대차 - 측면충돌,신호위반,건조,맑음,교차로 - 교차로안,승용,남,62세,상해없음,승용,여,27세,경상
2017072200100280,2017년 7월 22일 12시,토요일,경상북도 예천군 예천읍,중상사고,0,1,0,0,차대차 - 측면충돌,안전운전불이행,건조,맑음,교차로 - 교차로안,승용,남,53세,상해없음,이륜,남,61세,중상
2017072200100281,2017년 7월 22일 12시,토요일,경상북도 예천군 예천읍,중상사고,0,2,1,0,차대차 - 측면충돌,안전운전불이행,건조,맑음,교차로 - 교차로안,승용,남,45세,중상,승용,여,53세,중상
2017072200100330,2017년 7월 22일 13시,토요일,경상북도 경주시 동부동,경상사고,0,0,2,0,차대차 - 후진중충돌,안전운전불이행,건조,맑음,단일로 - 기타,화물,남,68세,상해없음,승용,남,22세,경상
2017072200100331,2017년 7월 22일 13시,토요일,경상북도 울릉군 서면,중상사고,0,1,0,0,차량단독 - 전도전복,안전운전불이행,건조,맑음,기타 - 기타,이륜,남,81세,중상,미분류,미분류,미분류,미분류
2017072200100332,2017년 7월 22일 13시,토요일,경상북도 포항시 남구 송도동,경상사고,0,0,1,0,차대차 - 측면충돌,안전운전불이행,건조,맑음,교차로 - 교차로안,승용,여,52세,상해없음,이륜,남,30세,경상
2017072200100363,2017년 7월 22일 14시,토요일,경상북도 포항시 북구 득량동,경상사고,0,0,2,0,차대차 - 기타,안전운전불이행,건조,맑음,단일로 - 기타,승합,남,51세,상해없음,승용,여,50세,기타불명
2017072200100364,2017년 7월 22일 14시,토요일,경상북도 포항시 북구 흥해읍,경상사고,0,0,2,0,차대차 - 측면충돌,중앙선침범,건조,맑음,단일로 - 기타,승용,여,54세,경상,승용,남,43세,경상
2017072200100365,2017년 7월 22일 14시,토요일,경상북도 안동시 당북동,경상사고,0,0,1,0,차대차 - 후진중충돌,안전운전불이행,건조,맑음,단일로 - 기타,승용,여,33세,상해없음,승용,남,59세,경상
2017072200100403,2017년 7월 22일 15시,토요일,경상북도 구미시 봉곡동,중상사고,0,1,0,0,차대사람 - 기타,보행자보호의무위반,젖음/습기,맑음,교차로 - 교차로부근,승용,남,42세,상해없음,보행자,여,12세,중상
2017072200100404,2017년 7월 22일 15시,토요일,경상북도 포항시 남구 오천읍,경상사고,0,0,2,0,차대차 - 추돌,안전거리미확보,건조,맑음,단일로 - 기타,승용,여,30세,상해없음,승용,남,67세,경상
2017072200100433,2017년 7월 22일 16시,토요일,경상북도 포항시 북구 청하면,경상사고,0,0,1,0,차대차 - 측면충돌,중앙선침범,건조,맑음,단일로 - 기타,이륜,남,60세,경상,승용,남,18세,상해없음
2017072200100434,2017년 7월 22일 16시,토요일,경상북도 영천시 임고면,경상사고,0,0,2,0,차대차 - 측면충돌,안전운전불이행,젖음/습기,흐림,단일로 - 기타,화물,남,58세,상해없음,승용,여,61세,경상
2017072200100473,2017년 7월 22일 17시,토요일,경상북도 영천시 화북면,중상사고,0,1,0,0,차대차 - 측면충돌,직진우회전진행방해,젖음/습기,비,교차로 - 교차로안,이륜,남,80세,중상,승용,남,31세,상해없음
2017072200100474,2017년 7월 22일 17시,토요일,경상북도 성주군 성주읍,중상사고,0,1,1,0,차대차 - 추돌,안전운전불이행,건조,맑음,교차로 - 교차로부근,승용,남,18세,상해없음,승용,남,35세,경상
2017072200100515,2017년 7월 22일 18시,토요일,경상북도 문경시 모전동,경상사고,0,0,1,0,차대차 - 측면충돌,신호위반,건조,맑음,교차로 - 교차로안,승용,남,62세,상해없음,자전거,남,67세,경상
2017072200100516,2017년 7월 22일 18시,토요일,경상북도 경산시 계양동,경상사고,0,0,1,0,차대차 - 측면충돌,안전운전불이행,젖음/습기,비,단일로 - 기타,승용,남,21세,상해없음,승용,여,54세,경상
2017072200100517,2017년 7월 22일 18시,토요일,경상북도 영덕군 축산면,중상사고,0,1,0,0,차대차 - 추돌,안전운전불이행,건조,맑음,단일로 - 기타,화물,남,36세,상해없음,승용,남,38세,중상
2017072200100518,2017년 7월 22일 18시,토요일,경상북도 울진군 울진읍,중상사고,0,1,0,0,차대사람 - 횡단중,안전운전불이행,건조,맑음,교차로 - 교차로안,이륜,남,20세,상해없음,보행자,여,5세,중상
2017072200100559,2017년 7월 22일 19시,토요일,경상북도 청송군 파천면,중상사고,0,1,0,0,차량단독 - 기타,안전운전불이행,건조,맑음,단일로 - 기타,승합,남,59세,상해없음,,,,
2017072200100592,2017년 7월 22일 20시,토요일,경상북도 안동시 풍산읍,중상사고,0,3,0,0,차대차 - 추돌,안전운전불이행,건조,맑음,단일로 - 기타,기타불명,기타불명,미분류,기타불명,승용,남,28세,중상
2017072200100593,2017년 7월 22일 20시,토요일,경상북도 구미시 신평동,중상사고,0,1,0,0,차대차 - 정면충돌,직진우회전진행방해,건조,맑음,교차로 - 교차로안,승용,남,72세,상해없음,이륜,남,26세,중상
2017072200100616,2017년 7월 22일 21시,토요일,경상북도 구미시 고아읍,중상사고,0,1,0,0,차대차 - 측면충돌,신호위반,건조,맑음,교차로 - 교차로안,승용,여,59세,상해없음,원동기,남,22세,중상
2017072200100617,2017년 7월 22일 21시,토요일,경상북도 포항시 남구 오천읍,경상사고,0,0,2,0,차대차 - 추돌,안전운전불이행,건조,맑음,단일로 - 기타,승용,남,39세,상해없음,승합,남,52세,경상
2017072200100631,2017년 7월 22일 22시,토요일,경상북도 포항시 남구 이동,경상사고,0,0,1,0,차대차 - 기타,안전운전불이행,건조,맑음,교차로 - 교차로안,이륜,남,30세,경상,승용,여,52세,상해없음
2017072300100023,2017년 7월 23일 00시,일요일,경상북도 고령군 대가야읍,경상사고,0,0,1,0,차대차 - 정면충돌,중앙선침범,건조,맑음,단일로 - 기타,승용,남,43세,상해없음,화물,여,49세,상해없음
2017072300100024,2017년 7월 23일 00시,일요일,경상북도 구미시 봉곡동,부상신고사고,0,0,0,1,차대차 - 측면충돌,안전운전불이행,건조,맑음,단일로 - 기타,이륜,남,16세,부상신고,승합,남,38세,상해없음
2017072300100043,2017년 7월 23일 01시,일요일,경상북도 포항시 남구 장기면,경상사고,0,0,1,0,차량단독 - 기타,안전운전불이행,건조,흐림,단일로 - 기타,승용,남,55세,경상,,,,
2017072300100065,2017년 7월 23일 03시,일요일,경상북도 포항시 북구 용흥동,경상사고,0,0,1,0,차량단독 - 공작물충돌,안전운전불이행,건조,맑음,단일로 - 기타,승용,남,33세,상해없음,,,,
2017072300100083,2017년 7월 23일 04시,일요일,경상북도 구미시 진평동,경상사고,0,0,1,0,차대차 - 추돌,안전운전불이행,건조,맑음,교차로 - 교차로부근,승용,남,30세,상해없음,승용,남,38세,경상
2017072300100084,2017년 7월 23일 04시,일요일,경상북도 구미시 신동,경상사고,0,0,2,0,차대차 - 기타,중앙선침범,건조,맑음,단일로 - 기타,승용,남,31세,상해없음,화물,남,65세,경상
2017072300100089,2017년 7월 23일 05시,일요일,경상북도 청도군 청도읍,중상사고,0,1,0,0,차량단독 - 전도전복,안전운전불이행,건조,맑음,교차로 - 교차로부근,승용,남,70세,중상,미분류,미분류,미분류,미분류
2017072300100102,2017년 7월 23일 07시,일요일,경상북도 경산시 압량면,중상사고,0,1,1,3,차대차 - 정면충돌,교차로운행방법위반,건조,맑음,교차로 - 교차로안,승용,남,30세,상해없음,승용,남,67세,중상
2017072300100135,2017년 7월 23일 09시,일요일,경상북도 경주시 성동동,경상사고,0,0,1,0,차대사람 - 횡단중,보행자보호의무위반,건조,맑음,교차로 - 교차로횡단보도내,승용,여,72세,상해없음,보행자,여,74세,경상
2017072300100136,2017년 7월 23일 09시,일요일,경상북도 김천시 황금동,경상사고,0,0,1,0,차대사람 - 횡단중,안전운전불이행,건조,맑음,단일로 - 기타,화물,남,69세,상해없음,보행자,남,68세,경상
2017072300100137,2017년 7월 23일 09시,일요일,경상북도 의성군 구천면,사망사고,1,0,0,0,차대차 - 측면충돌,기타,건조,맑음,교차로 - 교차로안,특수,남,37세,상해없음,이륜,남,73세,사망
2017072300100152,2017년 7월 23일 10시,일요일,경상북도 포항시 북구 흥해읍,중상사고,0,1,0,0,차대차 - 측면충돌,직진우회전진행방해,건조,맑음,교차로 - 교차로안,승용,남,27세,상해없음,자전거,남,46세,중상
2017072300100153,2017년 7월 23일 10시,일요일,경상북도 칠곡군 왜관읍,경상사고,0,0,2,0,차대차 - 추돌,안전운전불이행,건조,맑음,단일로 - 기타,승용,남,22세,상해없음,승용,남,39세,경상
2017072300100178,2017년 7월 23일 11시,일요일,경상북도 영주시 가흥동,중상사고,0,1,1,0,차대차 - 측면충돌,안전운전불이행,젖음/습기,비,교차로 - 교차로안,승용,여,54세,경상,승용,남,47세,중상
2017072300100179,2017년 7월 23일 11시,일요일,경상북도 칠곡군 북삼읍,중상사고,0,1,0,0,차대사람 - 기타,안전운전불이행,건조,맑음,단일로 - 기타,승합,남,54세,상해없음,보행자,여,61세,중상
2017072300100248,2017년 7월 23일 14시,일요일,경상북도 경주시 성동동,경상사고,0,0,1,0,차대차 - 측면충돌,안전거리미확보,건조,맑음,단일로 - 기타,승용,여,69세,상해없음,승용,남,53세,경상
2017072300100249,2017년 7월 23일 14시,일요일,경상북도 구미시 장천면,경상사고,0,0,4,0,차대차 - 측면충돌,신호위반,건조,맑음,교차로 - 교차로안,승용,남,54세,경상,승용,남,39세,경상
2017072300100268,2017년 7월 23일 15시,일요일,경상북도 포항시 북구 흥해읍,중상사고,0,1,4,1,차대차 - 추돌,중앙선침범,건조,맑음,교차로 - 교차로부근,승용,여,59세,상해없음,승용,남,33세,경상
2017072300100269,2017년 7월 23일 15시,일요일,경상북도 김천시 아포읍,경상사고,0,0,1,0,차대차 - 기타,안전운전불이행,건조,맑음,단일로 - 기타,승용,남,59세,상해없음,승용,남,45세,상해없음
2017072300100270,2017년 7월 23일 15시,일요일,경상북도 영천시 오수동,경상사고,0,0,1,0,차대차 - 추돌,안전거리미확보,건조,맑음,단일로 - 기타,승용,여,60세,상해없음,승용,남,47세,경상
2017072300100271,2017년 7월 23일 15시,일요일,경상북도 울진군 매화면,중상사고,0,1,0,0,차대차 - 측면충돌,중앙선침범,건조,맑음,단일로 - 기타,승용,남,46세,상해없음,화물,남,51세,중상
2017072300100298,2017년 7월 23일 16시,일요일,경상북도 고령군 성산면,중상사고,0,1,0,0,차대차 - 추돌,안전운전불이행,건조,맑음,기타 - 기타,이륜,여,34세,중상,이륜,남,40세,상해없음
2017072300100333,2017년 7월 23일 17시,일요일,경상북도 영덕군 영해면,경상사고,0,0,6,0,차대차 - 측면충돌,교차로운행방법위반,건조,맑음,교차로 - 교차로안,승용,남,48세,상해없음,승용,여,65세,경상
2017072300100334,2017년 7월 23일 17시,일요일,경상북도 성주군 성주읍,경상사고,0,0,1,0,차대차 - 측면충돌,안전운전불이행,건조,맑음,교차로 - 교차로안,승용,여,44세,상해없음,승용,남,48세,경상