사고번호,사고일시,요일,시군구,사고내용,사망자수,중상자수,경상자수,부상신고자수,사고유형,법규위반,노면상태,기상상태,도로형태,가해운전자 차종,가해운전자 성별,가해운전자 연령,가해운전자 상해정도,피해운전자 차종,피해운전자 성별,피해운전자 연령,피해운전자 상해정도
2017072300100350,2017년 7월 23일 18시,일요일,경상북도 포항시 남구 상도동,경상사고,0,0,1,0,차대차 - 추돌,안전거리미확보,건조,맑음,교차로 - 교차로안,승용,남,71세,상해없음,승용,여,36세,경상
2017072300100387,2017년 7월 23일 19시,일요일,경상북도 포항시 북구 죽도동,중상사고,0,1,0,0,차대사람 - 차도통행중,안전운전불이행,건조,맑음,단일로 - 기타,승용,남,51세,상해없음,보행자,남,75세,중상
2017072300100388,2017년 7월 23일 19시,일요일,경상북도 안동시 옥야동,경상사고,0,0,1,0,차대차 - 측면충돌,안전운전불이행,건조,맑음,단일로 - 기타,승합,남,37세,상해없음,이륜,남,19세,경상
2017072300100411,2017년 7월 23일 20시,일요일,경상북도 구미시 옥계동,경상사고,0,0,1,0,차대차 - 추돌,안전운전불이행,건조,맑음,교차로 - 교차로부근,승용,남,29세,상해없음,승용,남,30세,경상
2017072300100440,2017년 7월 23일 21시,일요일,경상북도 경산시 옥산동,경상사고,0,0,1,0,차대차 - 후진중충돌,안전운전불이행,건조,맑음,교차로 - 교차로안,승용,남,49세,상해없음,자전거,여,51세,경상
2017072300100455,2017년 7월 23일 22시,일요일,경상북도 영천시 북안면,경상사고,0,0,3,0,차대차 - 기타,안전운전불이행,건조,맑음,단일로 - 기타,승용,남,22세,경상,승용,남,27세,경상
2017072300100456,2017년 7월 23일 22시,일요일,경상북도 경산시 삼풍동,경상사고,0,0,1,0,차대사람 - 기타,안전운전불이행,건조,맑음,단일로 - 기타,승용,여,50세,상해없음,보행자,여,32세,경상
2017072300100457,2017년 7월 23일 22시,일요일,경상북도 구미시 장천면,부상신고사고,0,0,0,1,차량단독 - 전도전복 - 전도,안전운전불이행,건조,맑음,단일로 - 기타,승용,남,25세,부상신고,,,,
2017072400100086,2017년 7월 24일 06시,월요일,경상북도 울진군 후포면,중상사고,0,1,0,0,차대사람 - 횡단중,안전운전불이행,건조,흐림,단일로 - 기타,승합,여,27세,상해없음,보행자,남,90세 이상,중상
2017072400100129,2017년 7월 24일 08시,월요일,경상북도 문경시 흥덕동,중상사고,0,1,0,0,차대사람 - 기타,기타,건조,맑음,단일로 - 기타,화물,남,34세,상해없음,보행자,남,82세,중상
2017072400100130,2017년 7월 24일 08시,월요일,경상북도 구미시 원평동,경상사고,0,0,1,0,차대차 - 측면충돌,안전운전불이행,건조,맑음,교차로 - 교차로안,승용,여,53세,경상,승용,남,62세,상해없음
2017072400100131,2017년 7월 24일 08시,월요일,경상북도 구미시 구평동,경상사고,0,0,1,0,차대차 - 추돌,안전운전불이행,건조,맑음,단일로 - 기타,승용,여,39세,상해없음,승용,남,46세,경상
2017072400100199,2017년 7월 24일 10시,월요일,경상북도 안동시 용상동,중상사고,0,1,0,0,차대사람 - 기타,안전운전불이행,건조,맑음,단일로 - 기타,승합,여,37세,상해없음,보행자,여,68세,중상
2017072400100223,2017년 7월 24일 11시,월요일,경상북도 안동시 풍산읍,경상사고,0,0,1,0,차대차 - 측면충돌,안전운전불이행,건조,맑음,단일로 - 기타,건설기계,남,58세,상해없음,승합,남,57세,경상
2017072400100224,2017년 7월 24일 11시,월요일,경상북도 안동시 풍산읍,경상사고,0,0,4,0,차대차 - 추돌,안전운전불이행,건조,맑음,단일로 - 기타,승합,남,62세,경상,화물,남,37세,경상
2017072400100225,2017년 7월 24일 11시,월요일,경상북도 칠곡군 약목면,경상사고,0,0,1,0,차대차 - 추돌,안전거리미확보,건조,맑음,교차로 - 교차로부근,화물,남,27세,상해없음,승용,여,57세,경상
2017072400100226,2017년 7월 24일 11시,월요일,경상북도 문경시 흥덕동,경상사고,0,0,1,0,차대차 - 기타,안전운전불이행,건조,맑음,교차로 - 교차로안,승용,여,27세,경상,승용,남,68세,상해없음
2017072400100227,2017년 7월 24일 11시,월요일,경상북도 구미시 봉곡동,중상사고,0,1,0,0,차대차 - 기타,안전운전불이행,건조,흐림,교차로 - 교차로안,승용,여,38세,상해없음,승합,남,56세,상해없음
2017072400100259,2017년 7월 24일 12시,월요일,경상북도 상주시 모서면,경상사고,0,0,1,0,차대차 - 추돌,안전운전불이행,건조,맑음,단일로 - 기타,화물,남,27세,상해없음,자전거,남,16세,경상
2017072400100260,2017년 7월 24일 12시,월요일,경상북도 경산시 삼북동,중상사고,0,1,0,0,차대차 - 기타,안전운전불이행,건조,맑음,단일로 - 기타,자전거,남,69세,중상,승용,여,23세,상해없음
2017072400100281,2017년 7월 24일 13시,월요일,경상북도 구미시 진평동,중상사고,0,1,0,0,차대차 - 측면충돌,안전운전불이행,젖음/습기,비,교차로 - 교차로부근,원동기,남,30세,중상,승용,남,49세,상해없음
2017072400100282,2017년 7월 24일 13시,월요일,경상북도 구미시 신평동,경상사고,0,0,1,0,차대차 - 기타,안전운전불이행,젖음/습기,비,단일로 - 기타,승용,여,55세,상해없음,승용,남,25세,경상
2017072400100283,2017년 7월 24일 13시,월요일,경상북도 포항시 남구 오천읍,경상사고,0,0,1,0,차대차 - 기타,교차로운행방법위반,건조,맑음,교차로 - 교차로안,이륜,남,46세,경상,화물,남,54세,상해없음
2017072400100310,2017년 7월 24일 14시,월요일,경상북도 영주시 휴천동,경상사고,0,0,2,0,차대차 - 측면충돌,안전운전불이행,젖음/습기,비,교차로 - 교차로안,화물,남,76세,상해없음,승용,남,67세,경상
2017072400100344,2017년 7월 24일 15시,월요일,경상북도 경산시 중방동,경상사고,0,0,1,0,차대차 - 추돌,안전운전불이행,젖음/습기,비,단일로 - 기타,승용,여,60세,상해없음,승용,남,63세,경상
2017072400100345,2017년 7월 24일 15시,월요일,경상북도 영덕군 남정면,경상사고,0,0,1,0,차대차 - 추돌,안전운전불이행,젖음/습기,비,교차로 - 교차로부근,화물,남,29세,상해없음,승용,여,57세,경상
2017072400100346,2017년 7월 24일 15시,월요일,경상북도 구미시 상모동,중상사고,0,1,0,0,차대차 - 측면충돌,안전운전불이행,기타,기타,교차로 - 교차로부근,승용,여,62세,상해없음,자전거,남,10세,중상
2017072400100392,2017년 7월 24일 16시,월요일,경상북도 영주시 봉현면,중상사고,0,1,0,0,차대차 - 측면충돌,안전운전불이행,젖음/습기,비,교차로 - 교차로안,건설기계,남,57세,상해없음,이륜,남,74세,중상
2017072400100393,2017년 7월 24일 16시,월요일,경상북도 포항시 남구 대도동,경상사고,0,0,1,1,차대차 - 측면충돌,기타,건조,맑음,교차로 - 교차로안,승용,여,63세,부상신고,승용,남,23세,경상
2017072400100425,2017년 7월 24일 17시,월요일,경상북도 경산시 사정동,경상사고,0,0,1,0,차대차 - 정면충돌,안전운전불이행,건조,맑음,단일로 - 기타,자전거,남,72세,경상,승용,남,70세,상해없음
2017072400100465,2017년 7월 24일 18시,월요일,경상북도 영주시 적서동,중상사고,0,1,0,0,차대차 - 측면충돌,안전운전불이행,젖음/습기,흐림,교차로 - 교차로안,승용,남,32세,상해없음,승용,남,44세,중상
2017072400100486,2017년 7월 24일 19시,월요일,경상북도 경주시 동천동,경상사고,0,0,1,0,차대차 - 후진중충돌,안전운전불이행,건조,맑음,교차로 - 교차로부근,승용,여,41세,상해없음,승용,여,43세,경상
2017072400100511,2017년 7월 24일 20시,월요일,경상북도 칠곡군 왜관읍,부상신고사고,0,0,0,1,차대차 - 기타,안전운전불이행,건조,맑음,기타 - 기타,개인형이동수단(PM),남,68세,부상신고,승용,여,42세,기타불명
2017072400100512,2017년 7월 24일 20시,월요일,경상북도 고령군 운수면,경상사고,0,0,3,0,차대차 - 측면충돌,교차로운행방법위반,건조,맑음,교차로 - 교차로안,승용,남,41세,상해없음,승용,남,37세,경상
2017072400100513,2017년 7월 24일 20시,월요일,경상북도 포항시 남구 대잠동,경상사고,0,0,1,0,차대차 - 기타,직진우회전진행방해,건조,맑음,교차로 - 교차로안,승용,여,63세,상해없음,승용,여,25세,경상
2017072400100539,2017년 7월 24일 21시,월요일,경상북도 경주시 노동동,경상사고,0,0,1,0,차대차 - 추돌,안전운전불이행,건조,맑음,기타 - 기타,승용,남,46세,상해없음,승용,남,68세,경상
2017072400100594,2017년 7월 24일 23시,월요일,경상북도 구미시 형곡동,경상사고,0,0,2,0,차대차 - 후진중충돌,안전운전불이행,젖음/습기,비,주차장 - 주차장,승용,여,38세,상해없음,승용,남,27세,경상
2017072400100595,2017년 7월 24일 23시,월요일,경상북도 포항시 남구 송도동,중상사고,0,1,0,1,차대사람 - 횡단중,안전운전불이행,건조,맑음,단일로 - 기타,이륜,남,21세,부상신고,보행자,남,69세,중상
2017072500100036,2017년 7월 25일 00시,화요일,경상북도 포항시 남구 오천읍,중상사고,0,1,1,0,차대차 - 정면충돌,안전운전불이행,건조,맑음,교차로 - 교차로부근,승용,남,35세,상해없음,승용,여,51세,경상
2017072500100055,2017년 7월 25일 03시,화요일,경상북도 구미시 원평동,중상사고,0,1,2,0,차대차 - 기타,신호위반,젖음/습기,흐림,교차로 - 교차로안,승용,남,54세,상해없음,승용,남,25세,중상
2017072500100083,2017년 7월 25일 06시,화요일,경상북도 안동시 수상동,경상사고,0,0,1,0,차대사람 - 횡단중,안전운전불이행,젖음/습기,비,단일로 - 기타,화물,남,70세,상해없음,보행자,여,66세,경상
2017072500100102,2017년 7월 25일 07시,화요일,경상북도 칠곡군 석적읍,경상사고,0,0,1,0,차대차 - 기타,안전운전불이행,젖음/습기,비,교차로 - 교차로부근,승용,남,27세,상해없음,이륜,남,42세,경상
2017072500100103,2017년 7월 25일 07시,화요일,경상북도 경산시 삼북동,경상사고,0,0,1,0,차대사람 - 차도통행중,안전운전불이행,건조,맑음,단일로 - 기타,승용,남,62세,상해없음,보행자,여,75세,경상
2017072500100104,2017년 7월 25일 07시,화요일,경상북도 포항시 남구 송내동,중상사고,0,1,0,0,차대차 - 측면충돌,안전운전불이행,젖음/습기,비,교차로 - 교차로안,승용,남,34세,상해없음,이륜,남,41세,중상
2017072500100141,2017년 7월 25일 08시,화요일,경상북도 영주시 하망동,중상사고,0,1,0,0,차대차 - 측면충돌,신호위반,건조,맑음,교차로 - 교차로안,승합,남,39세,상해없음,승용,여,43세,중상
2017072500100142,2017년 7월 25일 08시,화요일,경상북도 영주시 하망동,경상사고,0,0,1,0,차대사람 - 차도통행중,안전운전불이행,건조,맑음,단일로 - 기타,승용,여,21세,상해없음,보행자,여,69세,경상
2017072500100177,2017년 7월 25일 09시,화요일,경상북도 경주시 성건동,경상사고,0,0,1,0,차대차 - 측면충돌,교차로운행방법위반,건조,맑음,단일로 - 교량,승용,여,53세,상해없음,승용,남,56세,경상
2017072500100178,2017년 7월 25일 09시,화요일,경상북도 칠곡군 약목면,중상사고,0,1,0,0,차량단독 - 공작물충돌,안전운전불이행,건조,맑음,기타 - 기타,승용,여,55세,중상,,,,
2017072500100179,2017년 7월 25일 09시,화요일,경상북도 경산시 진량읍,경상사고,0,0,1,0,차대차 - 추돌,안전운전불이행,건조,맑음,단일로 - 기타,승용,남,45세,상해없음,화물,남,69세,상해없음
2017072500100205,2017년 7월 25일 10시,화요일,경상북도 김천시 율곡동,중상사고,0,1,0,0,차대차 - 측면충돌,교차로운행방법위반,젖음/습기,비,교차로 - 교차로안,승용,여,38세,상해없음,승용,여,57세,중상
2017072500100206,2017년 7월 25일 10시,화요일,경상북도 영천시 금호읍,경상사고,0,0,1,0,차량단독 - 전도전복,안전운전불이행,젖음/습기,비,단일로 - 기타,승용,남,54세,경상,미분류,미분류,미분류,미분류
2017072500100207,2017년 7월 25일 10시,화요일,경상북도 청도군 화양읍,중상사고,0,1,0,0,차대차 - 측면충돌,안전운전불이행,젖음/습기,비,단일로 - 기타,기타불명,기타불명,미분류,기타불명,사륜오토바이(ATV),남,75세,중상
2017072500100234,2017년 7월 25일 11시,화요일,경상북도 안동시 풍산읍,경상사고,0,0,3,1,차량단독 - 공작물충돌,안전운전불이행,젖음/습기,비,단일로 - 기타,승용,여,57세,경상,,,,
2017072500100261,2017년 7월 25일 12시,화요일,경상북도 경주시 현곡면,사망사고,1,0,0,0,차대사람 - 횡단중,안전운전불이행,젖음/습기,비,단일로 - 기타,화물,남,29세,상해없음,보행자,여,85세,사망
2017072500100262,2017년 7월 25일 12시,화요일,경상북도 김천시 율곡동,경상사고,0,0,1,0,차대차 - 측면충돌,교차로운행방법위반,건조,맑음,교차로 - 교차로안,승용,여,48세,상해없음,승용,남,33세,상해없음
2017072500100331,2017년 7월 25일 14시,화요일,경상북도 포항시 북구 죽도동,중상사고,0,1,0,0,차대사람 - 횡단중,보행자보호의무위반,젖음/습기,비,교차로 - 교차로횡단보도내,이륜,남,28세,상해없음,보행자,여,77세,중상
2017072500100332,2017년 7월 25일 14시,화요일,경상북도 상주시 성하동,중상사고,0,1,0,0,차대차 - 측면충돌,교차로운행방법위반,건조,흐림,교차로 - 교차로안,화물,남,58세,상해없음,이륜,남,67세,중상
2017072500100333,2017년 7월 25일 14시,화요일,경상북도 칠곡군 약목면,경상사고,0,0,1,0,차대차 - 추돌,안전운전불이행,건조,맑음,교차로 - 교차로부근,승용,여,67세,상해없음,화물,남,45세,경상
2017072500100334,2017년 7월 25일 14시,화요일,경상북도 고령군 대가야읍,중상사고,0,1,0,0,차대차 - 측면충돌,교차로운행방법위반,건조,맑음,교차로 - 교차로안,승용,남,55세,상해없음,승용,여,48세,중상
2017072500100370,2017년 7월 25일 15시,화요일,경상북도 안동시 서부동,중상사고,0,1,0,0,차대차 - 측면충돌,안전운전불이행,젖음/습기,흐림,단일로 - 기타,승용,남,42세,상해없음,자전거,남,74세,중상
2017072500100496,2017년 7월 25일 18시,화요일,경상북도 칠곡군 석적읍,경상사고,0,0,1,0,차대사람 - 횡단중,보행자보호의무위반,건조,맑음,단일로 - 기타,승용,여,23세,상해없음,보행자,여,9세,경상
2017072500100497,2017년 7월 25일 18시,화요일,경상북도 울진군 후포면,중상사고,0,1,0,0,차대차 - 측면충돌,기타,건조,흐림,단일로 - 기타,승용,남,52세,상해없음,자전거,남,60세,중상
2017072500100498,2017년 7월 25일 18시,화요일,경상북도 구미시 원평동,중상사고,0,1,0,0,차대사람 - 횡단중,안전운전불이행,건조,맑음,단일로 - 기타,승용,남,26세,상해없음,보행자,여,25세,중상
2017072500100526,2017년 7월 25일 19시,화요일,경상북도 의성군 의성읍,사망사고,1,0,0,0,차대차 - 측면충돌,안전운전불이행,건조,맑음,교차로 - 교차로안,승용,남,19세,상해없음,원동기,여,77세,사망
2017072500100527,2017년 7월 25일 19시,화요일,경상북도 영주시 문정동,경상사고,0,0,1,0,차대차 - 추돌,안전운전불이행,건조,맑음,단일로 - 기타,승용,남,20세,상해없음,승용,남,61세,경상
2017072500100558,2017년 7월 25일 20시,화요일,경상북도 경산시 하양읍,중상사고,0,1,0,0,차대사람 - 횡단중,안전운전불이행,건조,맑음,단일로 - 기타,화물,남,35세,상해없음,보행자,남,66세,중상
2017072500100589,2017년 7월 25일 21시,화요일,경상북도 구미시 원평동,부상신고사고,0,0,0,1,차대차 - 측면충돌,교차로운행방법위반,건조,맑음,교차로 - 교차로안,이륜,남,18세,부상신고,승용,남,51세,상해없음
2017072500100616,2017년 7월 25일 22시,화요일,경상북도 상주시 낙동면,사망사고,1,0,0,0,차대차 - 추돌,안전거리미확보,건조,맑음,단일로 - 기타,화물,남,66세,상해없음,화물,남,53세,사망
2017072500100617,2017년 7월 25일 22시,화요일,경상북도 칠곡군 지천면,사망사고,1,0,0,0,차대차 - 추돌,안전운전불이행,건조,맑음,단일로 - 기타,승용,여,50세,상해없음,이륜,남,66세,사망
2017072500100618,2017년 7월 25일 22시,화요일,경상북도 칠곡군 석적읍,부상신고사고,0,0,0,1,차대차 - 추돌,안전운전불이행,건조,맑음,단일로 - 기타,승용,남,26세,부상신고,승용,남,25세,기타불명
2017072500100619,2017년 7월 25일 22시,화요일,경상북도 예천군 예천읍,경상사고,0,0,1,0,차량단독 - 전도전복,안전운전불이행,건조,맑음,단일로 - 기타,화물,남,61세,경상,미분류,미분류,미분류,미분류
2017072500100643,2017년 7월 25일 23시,화요일,경상북도 경산시 진량읍,경상사고,0,0,2,0,차대차 - 기타,신호위반,건조,맑음,교차로 - 교차로안,승용,여,44세,상해없음,승용,여,58세,경상
2017072600100047,2017년 7월 26일 02시,수요일,경상북도 경주시 동천동,경상사고,0,0,1,0,차대차 - 추돌,안전운전불이행,건조,맑음,단일로 - 기타,승용,남,28세,상해없음,승용,남,38세,경상
2017072600100056,2017년 7월 26일 03시,수요일,경상북도 울진군 후포면,경상사고,0,0,1,0,차대차 - 정면충돌,안전운전불이행,건조,맑음,단일로 - 기타,승용,남,62세,경상,승합,남,53세,기타불명
2017072600100079,2017년 7월 26일 05시,수요일,경상북도 문경시 모전동,경상사고,0,0,1,0,차대차 - 기타,안전운전불이행,건조,맑음,교차로 - 교차로안,승용,남,25세,상해없음,화물,여,59세,경상
2017072600100080,2017년 7월 26일 05시,수요일,경상북도 봉화군 명호면,중상사고,0,1,0,0,차량단독 - 전도전복,안전운전불이행,건조,맑음,단일로 - 기타,화물,남,61세,상해없음,미분류,미분류,미분류,미분류
2017072600100089,2017년 7월 26일 06시,수요일,경상북도 안동시 용상동,경상사고,0,0,1,0,차대차 - 정면충돌,직진우회전진행방해,건조,맑음,단일로 - 기타,승용,남,47세,상해없음,승용,여,59세,경상
2017072600100090,2017년 7월 26일 06시,수요일,경상북도 청도군 금천면,중상사고,0,1,0,0,차량단독 - 전도전복,안전운전불이행,건조,맑음,교차로 - 교차로안,승용,남,44세,중상,미분류,미분류,미분류,미분류
2017072600100141,2017년 7월 26일 08시,수요일,경상북도 칠곡군 왜관읍,경상사고,0,0,1,0,차대차 - 측면충돌,안전운전불이행,건조,맑음,교차로 - 교차로부근,승용,남,72세,상해없음,이륜,남,27세,경상
2017072600100142,2017년 7월 26일 08시,수요일,경상북도 칠곡군 석적읍,경상사고,0,0,1,0,차대차 - 측면충돌,중앙선침범,건조,맑음,교차로 - 교차로안,승용,여,24세,상해없음,승용,남,31세,경상
2017072600100143,2017년 7월 26일 08시,수요일,경상북도 구미시 공단동,부상신고사고,0,0,0,1,차대차 - 추돌,안전거리미확보,건조,맑음,단일로 - 기타,승용,남,67세,상해없음,특수,남,57세,상해없음
2017072600100180,2017년 7월 26일 09시,수요일,경상북도 영주시 휴천동,경상사고,0,0,1,0,차대차 - 기타,안전운전불이행,건조,맑음,교차로 - 교차로안,승용,남,68세,상해없음,자전거,남,71세,경상
2017072600100181,2017년 7월 26일 09시,수요일,경상북도 구미시 지산동,경상사고,0,0,1,0,차대차 - 정면충돌,안전운전불이행,건조,맑음,교차로 - 교차로안,자전거,남,21세,경상,이륜,남,43세,상해없음
2017072600100211,2017년 7월 26일 10시,수요일,경상북도 포항시 북구 대신동,경상사고,0,0,1,0,차대사람 - 차도통행중,안전운전불이행,건조,맑음,단일로 - 기타,승용,남,68세,상해없음,보행자,여,64세,경상
2017072600100212,2017년 7월 26일 10시,수요일,경상북도 경산시 와촌면,경상사고,0,0,1,0,차대차 - 측면충돌,차로위반,건조,맑음,단일로 - 기타,이륜,남,79세,경상,화물,남,63세,상해없음
2017072600100213,2017년 7월 26일 10시,수요일,경상북도 구미시 봉곡동,중상사고,0,1,1,0,차대차 - 정면충돌,중앙선침범,건조,맑음,기타 - 기타,승용,남,24세,상해없음,승용,남,23세,경상
2017072600100243,2017년 7월 26일 11시,수요일,경상북도 경주시 건천읍,경상사고,0,0,1,0,차대차 - 추돌,안전운전불이행,건조,맑음,단일로 - 기타,승용,여,42세,상해없음,승용,여,66세,상해없음
2017072600100244,2017년 7월 26일 11시,수요일,경상북도 경주시 산내면,경상사고,0,0,1,0,차량단독 - 전도전복,안전운전불이행,건조,맑음,단일로 - 기타,이륜,남,81세,경상,미분류,미분류,미분류,미분류
2017072600100245,2017년 7월 26일 11시,수요일,경상북도 경주시 황성동,경상사고,0,0,1,0,차대차 - 정면충돌,중앙선침범,건조,맑음,단일로 - 기타,승용,남,26세,상해없음,승용,여,36세,경상
2017072600100246,2017년 7월 26일 11시,수요일,경상북도 상주시 이안면,경상사고,0,0,2,0,차대차 - 측면충돌,안전운전불이행,건조,맑음,단일로 - 기타,승용,남,59세,경상,화물,남,37세,상해없음
2017072600100285,2017년 7월 26일 12시,수요일,경상북도 성주군 성주읍,중상사고,0,1,2,0,차대차 - 정면충돌,안전운전불이행,건조,맑음,교차로 - 교차로안,승용,남,21세,경상,화물,남,69세,중상
2017072600100312,2017년 7월 26일 13시,수요일,경상북도 경주시 안강읍,사망사고,2,0,2,0,차대차 - 측면충돌,안전운전불이행,건조,맑음,단일로 - 기타,승합,남,61세,사망,화물,기타불명,미분류,기타불명
2017072600100313,2017년 7월 26일 13시,수요일,경상북도 안동시 명륜동,경상사고,0,0,2,0,차대차 - 측면충돌,직진우회전진행방해,건조,맑음,교차로 - 교차로안,승용,여,58세,경상,화물,남,26세,경상
2017072600100314,2017년 7월 26일 13시,수요일,경상북도 안동시 풍산읍,경상사고,0,0,1,0,차대차 - 추돌,안전운전불이행,건조,맑음,단일로 - 기타,승용,남,43세,상해없음,화물,남,52세,경상
2017072600100315,2017년 7월 26일 13시,수요일,경상북도 의성군 비안면,중상사고,0,1,1,0,차대차 - 측면충돌,신호위반,건조,맑음,교차로 - 교차로안,화물,남,72세,상해없음,화물,남,67세,경상
2017072600100316,2017년 7월 26일 13시,수요일,경상북도 경산시 중방동,중상사고,0,1,1,0,차대차 - 측면충돌,안전운전불이행,건조,맑음,교차로 - 교차로안,승용,여,25세,중상,화물,남,46세,경상
2017072600100345,2017년 7월 26일 14시,수요일,경상북도 김천시 구성면,경상사고,0,0,2,0,차대차 - 측면충돌,신호위반,건조,맑음,교차로 - 교차로안,이륜,남,81세,상해없음,승용,남,51세,경상
2017072600100374,2017년 7월 26일 15시,수요일,경상북도 영주시 하망동,경상사고,0,0,1,0,차대차 - 측면충돌,안전운전불이행,건조,맑음,교차로 - 교차로안,승용,여,50세,상해없음,승용,남,66세,경상
2017072600100421,2017년 7월 26일 16시,수요일,경상북도 문경시 모전동,경상사고,0,0,2,0,차대차 - 측면충돌,신호위반,건조,맑음,교차로 - 교차로안,승용,남,42세,상해없음,자전거,남,13세,경상
2017072600100422,2017년 7월 26일 16시,수요일,경상북도 예천군 호명면,경상사고,0,0,4,0,차대차 - 측면충돌,안전운전불이행,건조,맑음,교차로 - 교차로부근,승합,남,39세,상해없음,화물,남,39세,경상
2017072600100423,2017년 7월 26일 16시,수요일,경상북도 울릉군 울릉읍,중상사고,0,1,0,0,차대사람 - 횡단중,안전운전불이행,건조,맑음,기타 - 기타,이륜,남,45세,상해없음,보행자,남,9세,중상
2017072600100465,2017년 7월 26일 17시,수요일,경상북도 경주시 황성동,경상사고,0,0,1,0,차대차 - 측면충돌,안전운전불이행,건조,맑음,단일로 - 기타,이륜,남,62세,경상,승용,여,45세,상해없음
2017072600100466,2017년 7월 26일 17시,수요일,경상북도 경주시 안강읍,경상사고,0,0,1,0,차대차 - 측면충돌,안전운전불이행,건조,맑음,교차로 - 교차로안,이륜,남,88세,경상,승용,남,47세,상해없음
2017072600100467,2017년 7월 26일 17시,수요일,경상북도 문경시 모전동,경상사고,0,0,1,0,차대차 - 측면충돌,안전운전불이행,건조,맑음,단일로 - 기타,자전거,남,61세,경상,승용,남,44세,상해없음
2017072600100505,2017년 7월 26일 18시,수요일,경상북도 경주시 충효동,경상사고,0,0,1,0,차대사람 - 차도통행중,안전운전불이행,건조,맑음,단일로 - 기타,승용,남,48세,상해없음,보행자,여,8세,경상
2017072600100506,2017년 7월 26일 18시,수요일,경상북도 경주시 황성동,경상사고,0,0,1,0,차대차 - 측면충돌,안전운전불이행,건조,맑음,교차로 - 교차로안,승합,남,64세,상해없음,자전거,남,80세,경상
2017072600100507,2017년 7월 26일 18시,수요일,경상북도 김천시 율곡동,경상사고,0,0,2,0,차대차 - 측면충돌,안전운전불이행,건조,맑음,단일로 - 기타,승용,여,36세,상해없음,이륜,남,40세,경상
2017072600100508,2017년 7월 26일 18시,수요일,경상북도 영주시 휴천동,중상사고,0,1,0,0,차대차 - 측면충돌,안전운전불이행,건조,맑음,교차로 - 교차로안,이륜,남,19세,중상,화물,남,41세,상해없음
2017072600100509,2017년 7월 26일 18시,수요일,경상북도 포항시 남구 오천읍,경상사고,0,0,1,0,차대사람 - 횡단중,보행자보호의무위반,건조,맑음,교차로 - 교차로횡단보도내,승용,남,41세,상해없음,보행자,여,12세,경상
2017072600100547,2017년 7월 26일 19시,수요일,경상북도 영주시 영주동,중상사고,0,1,0,0,차대차 - 측면충돌,안전운전불이행,건조,맑음,단일로 - 기타,승용,남,23세,상해없음,이륜,남,29세,중상
2017072600100577,2017년 7월 26일 20시,수요일,경상북도 구미시 임은동,경상사고,0,0,1,0,차대사람 - 횡단중,안전운전불이행,건조,맑음,단일로 - 기타,화물,남,47세,상해없음,보행자,남,53세,경상
2017072600100613,2017년 7월 26일 21시,수요일,경상북도 구미시 송정동,경상사고,0,0,1,0,차대차 - 기타,중앙선침범,건조,맑음,교차로 - 교차로부근,승용,남,32세,상해없음,승용,남,35세,경상
2017072700100038,2017년 7월 27일 00시,목요일,경상북도 경산시 진량읍,경상사고,0,0,6,0,차대차 - 기타,신호위반,건조,맑음,교차로 - 교차로안,승용,여,44세,경상,승용,남,50세,경상
2017072700100067,2017년 7월 27일 02시,목요일,경상북도 김천시 아포읍,사망사고,1,0,0,0,차대사람 - 횡단중,안전운전불이행,건조,맑음,단일로 - 기타,승용,남,48세,상해없음,보행자,남,46세,사망
2017072700100095,2017년 7월 27일 06시,목요일,경상북도 포항시 북구 흥해읍,경상사고,0,0,1,0,차대차 - 정면충돌,신호위반,건조,맑음,교차로 - 교차로안,승용,남,58세,상해없음,승용,여,62세,경상
2017072700100096,2017년 7월 27일 06시,목요일,경상북도 영주시 가흥동,중상사고,0,1,0,0,차대차 - 측면충돌,안전운전불이행,건조,맑음,단일로 - 교량,자전거,남,83세,중상,승합,남,55세,상해없음
2017072700100123,2017년 7월 27일 07시,목요일,경상북도 경주시 외동읍,경상사고,0,0,1,0,차대차 - 기타,기타,건조,맑음,단일로 - 지하차도(도로)내,승용,여,29세,상해없음,승용,남,28세,경상
2017072700100124,2017년 7월 27일 07시,목요일,경상북도 김천시 남면,중상사고,0,1,0,0,차량단독 - 전도전복 - 전도,안전운전불이행,건조,맑음,단일로 - 기타,자전거,여,48세,중상,,,,
2017072700100125,2017년 7월 27일 07시,목요일,경상북도 경산시 진량읍,중상사고,0,1,1,0,차대차 - 정면충돌,교차로운행방법위반,건조,맑음,교차로 - 교차로안,이륜,남,58세,중상,승용,여,59세,경상
2017072700100151,2017년 7월 27일 08시,목요일,경상북도 경주시 강동면,중상사고,0,1,2,0,차대차 - 추돌,안전운전불이행,건조,맑음,단일로 - 기타,승합,여,40세,중상,승용,여,40세,상해없음
2017072700100152,2017년 7월 27일 08시,목요일,경상북도 김천시 부곡동,경상사고,0,0,1,0,차대사람 - 횡단중,안전운전불이행,건조,맑음,단일로 - 기타,승합,남,53세,상해없음,보행자,여,18세,경상
2017072700100153,2017년 7월 27일 08시,목요일,경상북도 문경시 문경읍,중상사고,0,1,1,0,차대차 - 측면충돌,안전거리미확보,건조,맑음,단일로 - 기타,이륜,남,80세,경상,승용,남,38세,상해없음
2017072700100214,2017년 7월 27일 10시,목요일,경상북도 영천시 오미동,중상사고,0,1,0,0,차대사람 - 기타,안전운전불이행,건조,맑음,단일로 - 기타,승합,남,52세,상해없음,보행자,여,81세,중상