사고번호,사고일시,요일,시군구,사고내용,사망자수,중상자수,경상자수,부상신고자수,사고유형,법규위반,노면상태,기상상태,도로형태,가해운전자 차종,가해운전자 성별,가해운전자 연령,가해운전자 상해정도,피해운전자 차종,피해운전자 성별,피해운전자 연령,피해운전자 상해정도
2017072700100215,2017년 7월 27일 10시,목요일,경상북도 예천군 예천읍,경상사고,0,0,1,0,차대사람 - 횡단중,안전운전불이행,건조,맑음,단일로 - 기타,승용,남,34세,상해없음,보행자,여,78세,경상
2017072700100216,2017년 7월 27일 10시,목요일,경상북도 성주군 초전면,중상사고,0,1,0,0,차대사람 - 길가장자리구역통행중,안전운전불이행,건조,맑음,단일로 - 기타,승용,여,59세,상해없음,보행자,여,64세,중상
2017072700100236,2017년 7월 27일 11시,목요일,경상북도 안동시 옥동,경상사고,0,0,1,0,차대차 - 측면충돌,직진우회전진행방해,건조,맑음,교차로 - 교차로부근,승용,남,51세,상해없음,승용,남,25세,경상
2017072700100237,2017년 7월 27일 11시,목요일,경상북도 칠곡군 북삼읍,경상사고,0,0,2,0,차대차 - 측면충돌,안전운전불이행,건조,맑음,교차로 - 교차로안,승용,여,52세,기타불명,승합,여,44세,경상
2017072700100267,2017년 7월 27일 12시,목요일,경상북도 포항시 북구 두호동,중상사고,0,1,0,0,차대차 - 측면충돌,안전운전불이행,건조,맑음,교차로 - 교차로안,승용,여,50세,상해없음,자전거,남,12세,중상
2017072700100268,2017년 7월 27일 12시,목요일,경상북도 영주시 가흥동,중상사고,0,1,1,0,차대차 - 측면충돌,교차로운행방법위반,건조,맑음,교차로 - 교차로안,승용,여,47세,경상,승용,여,45세,중상
2017072700100269,2017년 7월 27일 12시,목요일,경상북도 성주군 성주읍,중상사고,0,1,0,0,차대사람 - 길가장자리구역통행중,안전운전불이행,건조,맑음,단일로 - 기타,화물,여,48세,상해없음,보행자,여,10세,중상
2017072700100300,2017년 7월 27일 13시,목요일,경상북도 포항시 북구 우현동,경상사고,0,0,1,0,차대사람 - 횡단중,안전운전불이행,건조,맑음,교차로 - 교차로부근,승용,여,47세,기타불명,보행자,남,18세,경상
2017072700100301,2017년 7월 27일 13시,목요일,경상북도 김천시 율곡동,경상사고,0,0,1,0,차대차 - 측면충돌,교차로운행방법위반,건조,맑음,교차로 - 교차로안,승용,여,32세,상해없음,원동기,남,65세,경상
2017072700100302,2017년 7월 27일 13시,목요일,경상북도 영천시 금호읍,경상사고,0,0,1,0,차대사람 - 기타,안전운전불이행,건조,맑음,단일로 - 기타,화물,남,69세,상해없음,보행자,남,25세,경상
2017072700100303,2017년 7월 27일 13시,목요일,경상북도 구미시 진평동,경상사고,0,0,1,0,차대차 - 기타,교차로운행방법위반,건조,맑음,교차로 - 교차로안,승용,여,39세,상해없음,승용,남,36세,경상
2017072700100304,2017년 7월 27일 13시,목요일,경상북도 포항시 남구 동촌동,경상사고,0,0,1,0,차대차 - 기타,신호위반,건조,맑음,교차로 - 교차로안,자전거,여,42세,경상,화물,남,60세,상해없음
2017072700100337,2017년 7월 27일 14시,목요일,경상북도 김천시 평화동,경상사고,0,0,1,0,차대차 - 측면충돌,안전거리미확보,건조,맑음,단일로 - 기타,이륜,남,60세,경상,승용,남,21세,상해없음
2017072700100375,2017년 7월 27일 15시,목요일,경상북도 포항시 북구 죽도동,중상사고,0,1,0,0,차대차 - 추돌,안전운전불이행,건조,맑음,교차로 - 교차로안,이륜,남,58세,중상,승용,남,32세,상해없음
2017072700100376,2017년 7월 27일 15시,목요일,경상북도 김천시 율곡동,중상사고,0,1,0,0,차대차 - 측면충돌,교차로운행방법위반,건조,맑음,교차로 - 교차로안,화물,남,59세,상해없음,승용,여,61세,중상
2017072700100377,2017년 7월 27일 15시,목요일,경상북도 영주시 휴천동,중상사고,0,1,0,0,차대차 - 측면충돌,중앙선침범,건조,맑음,단일로 - 기타,화물,남,35세,상해없음,이륜,남,38세,중상
2017072700100378,2017년 7월 27일 15시,목요일,경상북도 경산시 옥산동,중상사고,0,1,0,0,차대차 - 기타,신호위반,건조,맑음,교차로 - 교차로안,승용,남,74세,상해없음,승용,남,26세,중상
2017072700100415,2017년 7월 27일 16시,목요일,경상북도 경주시 동천동,경상사고,0,0,3,0,차대차 - 측면충돌,중앙선침범,건조,맑음,단일로 - 기타,승용,여,21세,상해없음,승용,남,56세,상해없음
2017072700100416,2017년 7월 27일 16시,목요일,경상북도 포항시 북구 청하면,경상사고,0,0,3,0,차대차 - 측면충돌,안전운전불이행,건조,맑음,단일로 - 기타,승용,여,46세,경상,승용,남,54세,상해없음
2017072700100417,2017년 7월 27일 16시,목요일,경상북도 경산시 진량읍,중상사고,0,1,0,0,차대사람 - 횡단중,안전운전불이행,건조,맑음,단일로 - 기타,승용,여,27세,상해없음,보행자,여,85세,중상
2017072700100418,2017년 7월 27일 16시,목요일,경상북도 포항시 남구 오천읍,부상신고사고,0,0,0,2,차대차 - 기타,안전운전불이행,건조,맑음,교차로 - 교차로안,승용,여,34세,상해없음,승합,남,49세,상해없음
2017072700100459,2017년 7월 27일 17시,목요일,경상북도 경주시 황오동,경상사고,0,0,1,0,차대차 - 측면충돌,신호위반,건조,맑음,교차로 - 교차로안,승용,남,36세,상해없음,승용,남,40세,경상
2017072700100460,2017년 7월 27일 17시,목요일,경상북도 포항시 북구 흥해읍,경상사고,0,0,1,0,차대차 - 추돌,안전운전불이행,건조,맑음,단일로 - 기타,승용,남,38세,상해없음,승용,남,40세,경상
2017072700100461,2017년 7월 27일 17시,목요일,경상북도 김천시 농소면,경상사고,0,0,1,0,차대차 - 측면충돌,교차로운행방법위반,건조,맑음,교차로 - 교차로안,건설기계,남,47세,상해없음,승용,여,48세,경상
2017072700100462,2017년 7월 27일 17시,목요일,경상북도 칠곡군 약목면,중상사고,0,1,2,0,차대차 - 추돌,안전운전불이행,건조,맑음,단일로 - 기타,승용,남,63세,상해없음,화물,남,59세,중상
2017072700100463,2017년 7월 27일 17시,목요일,경상북도 군위군 효령면,중상사고,0,1,0,0,차대차 - 측면충돌,안전운전불이행,건조,맑음,단일로 - 기타,자전거,남,10세,중상,승용,남,25세,상해없음
2017072700100505,2017년 7월 27일 18시,목요일,경상북도 경주시 용강동,중상사고,0,1,2,0,차대차 - 측면충돌,안전운전불이행,건조,맑음,교차로 - 교차로부근,이륜,남,18세,경상,승용,여,41세,상해없음
2017072700100506,2017년 7월 27일 18시,목요일,경상북도 상주시 화북면,경상사고,0,0,3,0,차대차 - 측면충돌,중앙선침범,건조,맑음,단일로 - 기타,특수,남,40세,상해없음,화물,남,38세,경상
2017072700100507,2017년 7월 27일 18시,목요일,경상북도 경산시 옥산동,경상사고,0,0,1,0,차대차 - 측면충돌,안전운전불이행,건조,맑음,교차로 - 교차로안,이륜,남,50세,경상,승용,남,50세,상해없음
2017072700100508,2017년 7월 27일 18시,목요일,경상북도 구미시 공단동,중상사고,0,4,13,1,차대차 - 측면충돌,중앙선침범,건조,맑음,교차로 - 교차로부근,건설기계,남,44세,상해없음,승용,남,35세,부상신고
2017072700100559,2017년 7월 27일 20시,목요일,경상북도 구미시 사곡동,경상사고,0,0,4,0,차대차 - 측면충돌,교차로운행방법위반,건조,맑음,교차로 - 교차로안,승용,남,39세,상해없음,승용,여,45세,경상
2017072700100560,2017년 7월 27일 20시,목요일,경상북도 구미시 황상동,경상사고,0,0,1,0,차대차 - 추돌,안전운전불이행,건조,맑음,기타 - 기타,승용,여,60세,상해없음,승용,남,33세,경상
2017072700100561,2017년 7월 27일 20시,목요일,경상북도 포항시 남구 송내동,경상사고,0,0,2,0,차대차 - 측면충돌,직진우회전진행방해,건조,맑음,교차로 - 교차로안,승용,남,66세,경상,화물,남,50세,경상
2017072700100587,2017년 7월 27일 21시,목요일,경상북도 경주시 외동읍,경상사고,0,0,3,0,차대차 - 측면충돌,안전운전불이행,건조,맑음,교차로 - 교차로안,승용,남,28세,상해없음,승용,여,21세,경상
2017072700100588,2017년 7월 27일 21시,목요일,경상북도 포항시 북구 흥해읍,경상사고,0,0,2,0,차대차 - 측면충돌,기타,건조,맑음,단일로 - 터널,화물,남,39세,상해없음,승용,남,42세,경상
2017072800100042,2017년 7월 28일 00시,금요일,경상북도 포항시 남구 오천읍,중상사고,0,1,0,0,차대차 - 기타,직진우회전진행방해,건조,맑음,교차로 - 교차로안,승용,남,38세,상해없음,이륜,남,21세,중상
2017072800100113,2017년 7월 28일 06시,금요일,경상북도 상주시 성하동,경상사고,0,0,1,0,차대차 - 측면충돌,기타,건조,흐림,교차로 - 교차로안,이륜,남,21세,경상,화물,남,48세,상해없음
2017072800100168,2017년 7월 28일 08시,금요일,경상북도 고령군 대가야읍,경상사고,0,0,2,0,차대차 - 측면충돌,교차로운행방법위반,건조,맑음,교차로 - 교차로부근,이륜,남,56세,경상,승용,남,34세,상해없음
2017072800100194,2017년 7월 28일 09시,금요일,경상북도 경주시 천군동,중상사고,0,1,4,0,차대차 - 정면충돌,중앙선침범,건조,맑음,단일로 - 기타,승용,남,24세,상해없음,승용,남,36세,중상
2017072800100195,2017년 7월 28일 09시,금요일,경상북도 문경시 흥덕동,중상사고,0,1,0,0,차대차 - 측면충돌,안전운전불이행,건조,맑음,교차로 - 교차로부근,화물,남,61세,상해없음,자전거,여,68세,중상
2017072800100196,2017년 7월 28일 09시,금요일,경상북도 포항시 남구 연일읍,경상사고,0,0,4,0,차대차 - 추돌,안전운전불이행,건조,맑음,교차로 - 교차로안,승용,남,52세,경상,승용,남,40세,경상
2017072800100226,2017년 7월 28일 10시,금요일,경상북도 칠곡군 약목면,경상사고,0,0,1,0,차대차 - 측면충돌,안전운전불이행,건조,맑음,단일로 - 기타,이륜,남,78세,경상,화물,남,68세,상해없음
2017072800100248,2017년 7월 28일 11시,금요일,경상북도 안동시 남후면,중상사고,0,1,0,0,차대차 - 기타,안전운전불이행,건조,맑음,단일로 - 기타,화물,남,52세,상해없음,자전거,남,53세,중상
2017072800100249,2017년 7월 28일 11시,금요일,경상북도 봉화군 물야면,중상사고,0,1,2,0,차대차 - 추돌,안전운전불이행,건조,맑음,단일로 - 기타,승용,남,73세,상해없음,승용,여,46세,경상
2017072800100278,2017년 7월 28일 12시,금요일,경상북도 안동시 임하면,경상사고,0,0,1,0,차량단독 - 전도전복,안전운전불이행,건조,맑음,단일로 - 기타,이륜,남,81세,경상,미분류,미분류,미분류,미분류
2017072800100279,2017년 7월 28일 12시,금요일,경상북도 예천군 예천읍,중상사고,0,1,0,0,차대차 - 측면충돌,안전운전불이행,건조,맑음,교차로 - 교차로안,이륜,남,68세,중상,승용,남,41세,상해없음
2017072800100308,2017년 7월 28일 13시,금요일,경상북도 포항시 북구 득량동,경상사고,0,0,1,0,차대차 - 정면충돌,안전운전불이행,건조,맑음,단일로 - 기타,승용,남,45세,상해없음,이륜,남,32세,경상
2017072800100309,2017년 7월 28일 13시,금요일,경상북도 안동시 명륜동,경상사고,0,0,1,0,차대차 - 정면충돌,안전운전불이행,건조,맑음,교차로 - 교차로부근,이륜,남,85세,경상,승합,남,37세,상해없음
2017072800100310,2017년 7월 28일 13시,금요일,경상북도 영주시 풍기읍,경상사고,0,0,1,0,차대차 - 측면충돌,안전운전불이행,건조,흐림,교차로 - 교차로안,승용,남,68세,상해없음,화물,남,79세,경상
2017072800100311,2017년 7월 28일 13시,금요일,경상북도 영주시 조와동,중상사고,0,1,0,0,차량단독 - 전도전복,안전운전불이행,건조,맑음,단일로 - 기타,승용,여,63세,중상,미분류,미분류,미분류,미분류
2017072800100312,2017년 7월 28일 13시,금요일,경상북도 문경시 모전동,경상사고,0,0,1,0,차대차 - 측면충돌,교차로운행방법위반,건조,흐림,교차로 - 교차로안,이륜,남,66세,경상,승용,여,57세,상해없음
2017072800100345,2017년 7월 28일 14시,금요일,경상북도 포항시 북구 기계면,경상사고,0,0,1,0,차대차 - 측면충돌,교차로운행방법위반,건조,맑음,교차로 - 교차로부근,이륜,남,74세,경상,화물,여,53세,상해없음
2017072800100346,2017년 7월 28일 14시,금요일,경상북도 포항시 북구 학잠동,경상사고,0,0,1,0,차대차 - 기타,안전운전불이행,건조,맑음,단일로 - 기타,승용,남,40세,상해없음,자전거,남,9세,경상
2017072800100347,2017년 7월 28일 14시,금요일,경상북도 의성군 금성면,중상사고,0,1,0,0,차대차 - 측면충돌,안전운전불이행,건조,맑음,교차로 - 교차로부근,화물,여,59세,상해없음,이륜,여,62세,중상
2017072800100379,2017년 7월 28일 15시,금요일,경상북도 경주시 외동읍,경상사고,0,0,1,0,차량단독 - 공작물충돌,안전운전불이행,건조,맑음,단일로 - 기타,농기계,남,70세,경상,,,,
2017072800100380,2017년 7월 28일 15시,금요일,경상북도 김천시 구성면,경상사고,0,0,1,0,차대차 - 측면충돌,교차로운행방법위반,건조,맑음,교차로 - 교차로안,승용,남,56세,상해없음,승합,남,45세,상해없음
2017072800100381,2017년 7월 28일 15시,금요일,경상북도 청도군 화양읍,경상사고,0,0,2,0,차대차 - 추돌,안전운전불이행,건조,맑음,교차로 - 교차로부근,화물,남,55세,상해없음,승용,여,35세,경상
2017072800100382,2017년 7월 28일 15시,금요일,경상북도 구미시 선기동,중상사고,0,1,2,0,차대차 - 정면충돌,안전운전불이행,건조,맑음,단일로 - 기타,승용,여,43세,상해없음,승용,남,42세,중상
2017072800100411,2017년 7월 28일 16시,금요일,경상북도 경산시 중산동,경상사고,0,0,1,0,차대차 - 측면충돌,신호위반,건조,맑음,교차로 - 교차로안,화물,남,66세,상해없음,승용,여,33세,경상
2017072800100412,2017년 7월 28일 16시,금요일,경상북도 영덕군 남정면,중상사고,0,2,3,0,차대차 - 정면충돌,직진우회전진행방해,건조,맑음,교차로 - 교차로안,승용,여,28세,상해없음,승용,남,70세,중상
2017072800100413,2017년 7월 28일 16시,금요일,경상북도 성주군 선남면,경상사고,0,0,2,0,차대차 - 측면충돌,안전운전불이행,건조,맑음,교차로 - 교차로부근,승용,여,75세,경상,화물,남,59세,경상
2017072800100414,2017년 7월 28일 16시,금요일,경상북도 포항시 남구 오천읍,경상사고,0,0,1,0,차대차 - 측면충돌,안전운전불이행,건조,맑음,단일로 - 기타,승용,남,32세,상해없음,승용,남,39세,상해없음
2017072800100415,2017년 7월 28일 16시,금요일,경상북도 포항시 남구 동해면,중상사고,0,1,0,0,차대차 - 측면충돌,직진우회전진행방해,건조,맑음,교차로 - 교차로안,이륜,남,65세,중상,승합,남,67세,상해없음
2017072800100458,2017년 7월 28일 17시,금요일,경상북도 안동시 풍천면,중상사고,0,2,0,0,차대차 - 측면충돌,신호위반,건조,맑음,교차로 - 교차로안,승용,여,54세,상해없음,승용,남,32세,중상
2017072800100459,2017년 7월 28일 17시,금요일,경상북도 구미시 옥계동,경상사고,0,0,1,0,차대차 - 측면충돌,신호위반,건조,맑음,교차로 - 교차로안,승합,남,57세,상해없음,승용,남,32세,경상
2017072800100488,2017년 7월 28일 18시,금요일,경상북도 경주시 양남면,경상사고,0,0,1,0,차대차 - 측면충돌,안전운전불이행,건조,맑음,단일로 - 기타,승용,남,49세,상해없음,승용,남,67세,경상
2017072800100489,2017년 7월 28일 18시,금요일,경상북도 포항시 남구 연일읍,경상사고,0,0,1,0,차대차 - 측면충돌,직진우회전진행방해,건조,맑음,교차로 - 교차로안,승용,남,61세,상해없음,이륜,남,82세,경상
2017072800100526,2017년 7월 28일 19시,금요일,경상북도 안동시 서후면,경상사고,0,0,2,0,차량단독 - 전도전복,안전운전불이행,젖음/습기,비,단일로 - 기타,승용,여,25세,경상,미분류,미분류,미분류,미분류
2017072800100527,2017년 7월 28일 19시,금요일,경상북도 구미시 옥성면,경상사고,0,0,4,0,차대차 - 추돌,안전거리미확보,젖음/습기,비,단일로 - 터널,승용,남,22세,상해없음,승용,남,24세,경상
2017072800100560,2017년 7월 28일 20시,금요일,경상북도 김천시 모암동,중상사고,0,1,0,0,차대사람 - 횡단중,보행자보호의무위반,건조,맑음,단일로 - 기타,승용,여,79세,상해없음,보행자,남,73세,중상
2017072800100561,2017년 7월 28일 20시,금요일,경상북도 영천시 야사동,경상사고,0,0,3,0,차대차 - 추돌,안전운전불이행,건조,맑음,교차로 - 교차로부근,승용,남,68세,상해없음,승용,남,50세,경상
2017072800100562,2017년 7월 28일 20시,금요일,경상북도 영천시 임고면,경상사고,0,0,1,0,차대차 - 추돌,안전운전불이행,건조,맑음,단일로 - 기타,승용,남,29세,상해없음,농기계,남,74세,경상
2017072800100563,2017년 7월 28일 20시,금요일,경상북도 구미시 지산동,중상사고,0,1,0,1,차대차 - 측면충돌,신호위반,젖음/습기,흐림,교차로 - 교차로안,승용,여,53세,부상신고,승용,여,47세,중상
2017072800100608,2017년 7월 28일 21시,금요일,경상북도 상주시 함창읍,경상사고,0,0,2,0,차대차 - 측면충돌,기타,젖음/습기,비,단일로 - 기타,화물,남,59세,상해없음,승용,남,22세,경상
2017072800100609,2017년 7월 28일 21시,금요일,경상북도 경산시 중산동,중상사고,0,2,1,0,차대차 - 기타,안전운전불이행,건조,맑음,단일로 - 기타,승용,남,28세,상해없음,승용,여,51세,중상
2017072800100610,2017년 7월 28일 21시,금요일,경상북도 구미시 원평동,경상사고,0,0,1,0,차대차 - 추돌,안전거리미확보,건조,맑음,교차로 - 교차로부근,승용,남,58세,상해없음,승용,여,50세,상해없음
2017072800100643,2017년 7월 28일 22시,금요일,경상북도 안동시 태화동,경상사고,0,0,2,0,차대차 - 정면충돌,안전운전불이행,기타,비,교차로 - 교차로안,승용,남,60세,상해없음,승용,남,57세,경상
2017072800100644,2017년 7월 28일 22시,금요일,경상북도 영천시 신령면,경상사고,0,0,1,0,차량단독 - 전도전복,안전운전불이행,젖음/습기,비,단일로 - 기타,이륜,남,65세,경상,미분류,미분류,미분류,미분류
2017072800100672,2017년 7월 28일 23시,금요일,경상북도 구미시 진평동,경상사고,0,0,2,0,차대차 - 기타,차로위반,건조,맑음,교차로 - 교차로부근,승용,남,27세,상해없음,승용,남,22세,상해없음
2017072900100031,2017년 7월 29일 00시,토요일,경상북도 경주시 동천동,중상사고,0,1,0,0,차대사람 - 기타,안전운전불이행,건조,맑음,단일로 - 지하차도(도로)내,승용,남,39세,상해없음,보행자,남,45세,중상
2017072900100032,2017년 7월 29일 00시,토요일,경상북도 칠곡군 북삼읍,부상신고사고,0,0,0,1,차대차 - 측면충돌,안전운전불이행,젖음/습기,비,단일로 - 기타,승용,남,47세,부상신고,승용,남,41세,기타불명
2017072900100033,2017년 7월 29일 00시,토요일,경상북도 포항시 남구 연일읍,경상사고,0,0,5,0,차대차 - 측면충돌,중앙선침범,건조,흐림,단일로 - 기타,기타불명,기타불명,미분류,기타불명,승용,남,28세,경상
2017072900100102,2017년 7월 29일 04시,토요일,경상북도 경주시 강동면,중상사고,0,1,2,0,차대차 - 측면충돌,안전운전불이행,젖음/습기,비,단일로 - 기타,화물,남,59세,상해없음,화물,남,61세,중상
2017072900100103,2017년 7월 29일 04시,토요일,경상북도 영주시 순흥면,사망사고,1,0,0,0,차량단독 - 전도전복,안전운전불이행,젖음/습기,비,단일로 - 기타,화물,남,63세,기타불명,미분류,미분류,미분류,미분류
2017072900100122,2017년 7월 29일 05시,토요일,경상북도 경주시 강동면,중상사고,0,2,0,0,차대사람 - 기타,안전운전불이행,젖음/습기,비,단일로 - 기타,건설기계,남,49세,상해없음,보행자,남,24세,중상
2017072900100123,2017년 7월 29일 05시,토요일,경상북도 포항시 남구 대잠동,중상사고,0,1,2,0,차대차 - 측면충돌,신호위반,젖음/습기,비,교차로 - 교차로안,화물,남,49세,상해없음,승용,남,54세,중상
2017072900100124,2017년 7월 29일 05시,토요일,경상북도 영천시 화산면,경상사고,0,0,1,0,차대차 - 기타,기타,젖음/습기,흐림,단일로 - 기타,화물,남,59세,상해없음,화물,남,52세,경상
2017072900100134,2017년 7월 29일 06시,토요일,경상북도 청도군 화양읍,중상사고,0,1,0,0,차량단독 - 전도전복,안전운전불이행,건조,맑음,단일로 - 기타,사륜오토바이(ATV),여,80세,중상,미분류,미분류,미분류,미분류
2017072900100150,2017년 7월 29일 07시,토요일,경상북도 경주시 천북면,경상사고,0,0,1,0,차대차 - 추돌,안전운전불이행,젖음/습기,비,교차로 - 교차로안,화물,남,25세,상해없음,승용,남,26세,경상
2017072900100197,2017년 7월 29일 09시,토요일,경상북도 문경시 모전동,경상사고,0,0,2,0,차대차 - 측면충돌,안전운전불이행,젖음/습기,비,교차로 - 교차로안,승용,남,51세,상해없음,화물,남,73세,경상
2017072900100198,2017년 7월 29일 09시,토요일,경상북도 청도군 청도읍,경상사고,0,0,1,0,차대차 - 측면충돌,기타,건조,맑음,단일로 - 기타,승용,남,26세,상해없음,자전거,남,33세,경상
2017072900100219,2017년 7월 29일 10시,토요일,경상북도 경산시 대평동,경상사고,0,0,4,0,차대차 - 측면충돌,신호위반,건조,흐림,교차로 - 교차로안,승용,남,26세,상해없음,승용,남,56세,경상
2017072900100220,2017년 7월 29일 10시,토요일,경상북도 봉화군 석포면,경상사고,0,0,4,0,차대차 - 측면충돌,중앙선침범,젖음/습기,비,단일로 - 기타,승용,남,19세,상해없음,승합,남,41세,경상
2017072900100221,2017년 7월 29일 10시,토요일,경상북도 봉화군 법전면,중상사고,0,1,2,0,차대차 - 측면충돌,교차로운행방법위반,젖음/습기,맑음,교차로 - 교차로안,화물,남,49세,상해없음,승용,여,56세,중상
2017072900100222,2017년 7월 29일 10시,토요일,경상북도 성주군 금수면,중상사고,0,1,0,0,차대차 - 추돌,안전운전불이행,건조,맑음,기타 - 기타,화물,남,53세,상해없음,이륜,남,33세,중상
2017072900100223,2017년 7월 29일 10시,토요일,경상북도 고령군 대가야읍,경상사고,0,0,1,0,차대차 - 기타,교차로운행방법위반,건조,맑음,교차로 - 교차로안,화물,남,54세,상해없음,자전거,남,54세,경상
2017072900100243,2017년 7월 29일 11시,토요일,경상북도 경주시 노서동,경상사고,0,0,1,0,차대차 - 측면충돌,안전운전불이행,건조,맑음,교차로 - 교차로안,화물,남,64세,상해없음,자전거,남,65세,경상
2017072900100244,2017년 7월 29일 11시,토요일,경상북도 문경시 점촌동,경상사고,0,0,1,0,차대차 - 측면충돌,안전운전불이행,건조,맑음,교차로 - 교차로안,승용,남,35세,상해없음,자전거,남,78세,경상
2017072900100245,2017년 7월 29일 11시,토요일,경상북도 김천시 아포읍,경상사고,0,0,3,0,차대차 - 추돌,안전운전불이행,건조,맑음,단일로 - 기타,승용,남,40세,상해없음,승용,남,63세,경상
2017072900100280,2017년 7월 29일 12시,토요일,경상북도 문경시 모전동,경상사고,0,0,1,0,차대차 - 측면충돌,신호위반,건조,흐림,교차로 - 교차로안,이륜,남,72세,경상,승용,남,36세,상해없음
2017072900100281,2017년 7월 29일 12시,토요일,경상북도 구미시 원평동,경상사고,0,0,1,0,차량단독 - 기타,안전운전불이행,건조,맑음,교차로 - 교차로안,승합,남,56세,상해없음,,,,
2017072900100321,2017년 7월 29일 13시,토요일,경상북도 경주시 동부동,경상사고,0,0,1,0,차대차 - 측면충돌,안전운전불이행,건조,맑음,단일로 - 기타,승용,남,37세,상해없음,승용,여,62세,경상
2017072900100322,2017년 7월 29일 13시,토요일,경상북도 구미시 고아읍,경상사고,0,0,2,0,차대차 - 기타,안전운전불이행,젖음/습기,비,교차로 - 교차로안,승용,남,62세,경상,승용,남,52세,경상
2017072900100323,2017년 7월 29일 13시,토요일,경상북도 구미시 사곡동,중상사고,0,2,6,0,차대차 - 추돌,안전운전불이행,젖음/습기,비,단일로 - 기타,화물,남,27세,상해없음,승용,여,31세,경상
2017072900100351,2017년 7월 29일 14시,토요일,경상북도 안동시 예안면,중상사고,0,1,0,0,차대차 - 측면충돌,안전운전불이행,건조,맑음,단일로 - 기타,승용,남,46세,상해없음,농기계,남,90세 이상,중상
2017072900100352,2017년 7월 29일 14시,토요일,경상북도 봉화군 봉화읍,경상사고,0,0,2,0,차대차 - 측면충돌,교차로운행방법위반,젖음/습기,흐림,교차로 - 교차로안,승용,남,49세,상해없음,승용,남,39세,경상
2017072900100353,2017년 7월 29일 14시,토요일,경상북도 청도군 풍각면,중상사고,0,1,0,0,차대차 - 측면충돌,안전운전불이행,건조,맑음,단일로 - 기타,화물,남,54세,상해없음,자전거,남,83세,중상
2017072900100383,2017년 7월 29일 15시,토요일,경상북도 안동시 법흥동,경상사고,0,0,1,0,차대차 - 후진중충돌,안전운전불이행,건조,맑음,단일로 - 기타,승용,남,65세,상해없음,승용,여,34세,경상
2017072900100384,2017년 7월 29일 15시,토요일,경상북도 울진군 울진읍,사망사고,1,0,0,0,차량단독 - 공작물충돌,안전운전불이행,건조,흐림,단일로 - 기타,승용,여,51세,사망,,,,
2017072900100422,2017년 7월 29일 16시,토요일,경상북도 경주시 충효동,경상사고,0,0,2,0,차대차 - 측면충돌,안전운전불이행,젖음/습기,비,단일로 - 기타,승용,여,55세,기타불명,승용,여,20세,상해없음
2017072900100423,2017년 7월 29일 16시,토요일,경상북도 안동시 옥동,중상사고,0,1,2,0,차대차 - 정면충돌,중앙선침범,건조,맑음,단일로 - 기타,승용,여,61세,중상,화물,남,39세,경상
2017072900100424,2017년 7월 29일 16시,토요일,경상북도 구미시 진평동,중상사고,0,1,0,0,차대차 - 측면충돌,신호위반,건조,맑음,단일로 - 기타,승용,남,28세,상해없음,자전거,남,8세,중상
2017072900100425,2017년 7월 29일 16시,토요일,경상북도 포항시 남구 이동,경상사고,0,0,3,0,차대차 - 정면충돌,안전운전불이행,건조,맑음,교차로 - 교차로안,승용,여,43세,경상,승용,여,45세,경상
2017072900100460,2017년 7월 29일 17시,토요일,경상북도 경산시 옥산동,중상사고,0,1,4,0,차대차 - 추돌,안전운전불이행,젖음/습기,맑음,교차로 - 교차로부근,승용,남,60세,상해없음,승용,남,59세,경상
2017072900100498,2017년 7월 29일 18시,토요일,경상북도 김천시 부곡동,경상사고,0,0,1,0,차대차 - 정면충돌,안전운전불이행,건조,맑음,교차로 - 교차로안,이륜,남,62세,경상,승용,여,52세,상해없음
2017072900100499,2017년 7월 29일 18시,토요일,경상북도 영주시 풍기읍,중상사고,0,1,1,0,차량단독 - 전도전복,안전운전불이행,젖음/습기,비,단일로 - 기타,승용,남,56세,경상,미분류,미분류,미분류,미분류
2017072900100536,2017년 7월 29일 19시,토요일,경상북도 경주시 외동읍,중상사고,0,1,0,0,차대사람 - 차도통행중,안전운전불이행,건조,맑음,단일로 - 기타,기타불명,기타불명,미분류,기타불명,보행자,남,22세,중상
2017072900100537,2017년 7월 29일 19시,토요일,경상북도 포항시 북구 양덕동,중상사고,0,1,0,0,차대차 - 측면충돌,안전운전불이행,젖음/습기,비,교차로 - 교차로안,화물,남,62세,상해없음,이륜,남,36세,중상
2017072900100538,2017년 7월 29일 19시,토요일,경상북도 경산시 하양읍,중상사고,0,1,0,0,차대사람 - 횡단중,안전운전불이행,젖음/습기,흐림,단일로 - 기타,승용,남,37세,상해없음,보행자,남,36세,중상
2017072900100580,2017년 7월 29일 21시,토요일,경상북도 칠곡군 동명면,경상사고,0,0,3,0,차대차 - 측면충돌,중앙선침범,젖음/습기,안개,단일로 - 기타,승용,남,58세,상해없음,화물,여,54세,경상
2017072900100581,2017년 7월 29일 21시,토요일,경상북도 구미시 옥계동,경상사고,0,0,1,0,차대차 - 측면충돌,신호위반,건조,맑음,교차로 - 교차로안,이륜,남,26세,경상,승합,남,36세,상해없음
2017072900100599,2017년 7월 29일 22시,토요일,경상북도 구미시 형곡동,경상사고,0,0,1,0,차대차 - 측면충돌,기타,젖음/습기,흐림,교차로 - 교차로안,원동기,남,18세,경상,승용,남,43세,상해없음
2017073000100046,2017년 7월 30일 01시,일요일,경상북도 경주시 사정동,경상사고,0,0,2,0,차대차 - 추돌,안전운전불이행,건조,맑음,교차로 - 교차로부근,승용,기타불명,미분류,기타불명,승용,남,49세,경상