사고번호,사고일시,요일,시군구,사고내용,사망자수,중상자수,경상자수,부상신고자수,사고유형,법규위반,노면상태,기상상태,도로형태,가해운전자 차종,가해운전자 성별,가해운전자 연령,가해운전자 상해정도,피해운전자 차종,피해운전자 성별,피해운전자 연령,피해운전자 상해정도
2017073000100047,2017년 7월 30일 01시,일요일,경상북도 포항시 북구 상원동,중상사고,0,1,0,0,차대차 - 정면충돌,중앙선침범,건조,맑음,단일로 - 기타,승용,남,50세,상해없음,이륜,남,18세,중상
2017073000100060,2017년 7월 30일 02시,일요일,경상북도 포항시 남구 오천읍,중상사고,0,1,1,0,차대차 - 추돌,안전운전불이행,건조,맑음,단일로 - 기타,승용,남,31세,상해없음,이륜,남,29세,중상
2017073000100073,2017년 7월 30일 03시,일요일,경상북도 칠곡군 북삼읍,부상신고사고,0,0,0,1,차대차 - 정면충돌,안전운전불이행,건조,맑음,단일로 - 기타,승용,남,24세,부상신고,승합,남,50세,기타불명
2017073000100082,2017년 7월 30일 04시,일요일,경상북도 울진군 죽변면,경상사고,0,0,1,0,차량단독 - 전도전복,안전운전불이행,젖음/습기,흐림,단일로 - 기타,승용,남,27세,경상,미분류,미분류,미분류,미분류
2017073000100106,2017년 7월 30일 07시,일요일,경상북도 영주시 평은면,경상사고,0,0,3,0,차대차 - 측면충돌,중앙선침범,건조,흐림,단일로 - 기타,화물,남,51세,기타불명,화물,남,67세,경상
2017073000100107,2017년 7월 30일 07시,일요일,경상북도 청도군 이서면,중상사고,0,1,0,0,차대차 - 측면충돌,신호위반,건조,맑음,교차로 - 교차로안,승용,남,59세,상해없음,이륜,남,69세,중상
2017073000100139,2017년 7월 30일 09시,일요일,경상북도 영주시 가흥동,경상사고,0,0,5,0,차대차 - 측면충돌,안전운전불이행,건조,흐림,교차로 - 교차로안,승용,여,32세,경상,승용,남,56세,경상
2017073000100158,2017년 7월 30일 10시,일요일,경상북도 군위군 군위읍,경상사고,0,0,2,0,차대차 - 추돌,안전운전불이행,건조,맑음,기타 - 기타,승용,여,47세,상해없음,승용,남,45세,경상
2017073000100194,2017년 7월 30일 12시,일요일,경상북도 영주시 장수면,중상사고,0,2,2,0,차대차 - 추돌,안전운전불이행,건조,맑음,단일로 - 기타,승합,남,58세,상해없음,승용,여,50세,경상
2017073000100210,2017년 7월 30일 13시,일요일,경상북도 구미시 거의동,중상사고,0,1,0,0,차대차 - 측면충돌,안전운전불이행,건조,맑음,교차로 - 교차로안,승용,남,26세,상해없음,이륜,여,62세,중상
2017073000100238,2017년 7월 30일 14시,일요일,경상북도 예천군 효자면,사망사고,1,1,0,0,차대사람 - 차도통행중,안전운전불이행,건조,맑음,단일로 - 기타,승용,여,46세,상해없음,보행자,여,64세,사망
2017073000100239,2017년 7월 30일 14시,일요일,경상북도 예천군 호명면,중상사고,0,1,2,0,차대차 - 측면충돌,안전운전불이행,건조,맑음,단일로 - 기타,승용,남,73세,중상,승용,남,64세,경상
2017073000100262,2017년 7월 30일 15시,일요일,경상북도 경주시 광명동,중상사고,0,1,1,0,차대차 - 추돌,안전운전불이행,건조,맑음,단일로 - 기타,승용,여,67세,경상,승용,남,46세,중상
2017073000100263,2017년 7월 30일 15시,일요일,경상북도 청도군 화양읍,중상사고,0,1,0,0,차대차 - 측면충돌,신호위반,건조,맑음,교차로 - 교차로안,화물,남,50세,상해없음,승용,여,58세,중상
2017073000100287,2017년 7월 30일 16시,일요일,경상북도 칠곡군 가산면,중상사고,0,3,0,0,차대차 - 측면충돌,신호위반,건조,맑음,교차로 - 교차로안,승용,남,67세,중상,승용,남,35세,중상
2017073000100315,2017년 7월 30일 17시,일요일,경상북도 안동시 임하면,경상사고,0,0,2,0,차대차 - 추돌,안전거리미확보,건조,맑음,단일로 - 기타,승용,남,67세,상해없음,승합,남,33세,경상
2017073000100368,2017년 7월 30일 19시,일요일,경상북도 경주시 성동동,경상사고,0,0,2,0,차대차 - 추돌,안전운전불이행,건조,맑음,교차로 - 교차로부근,화물,남,44세,상해없음,승용,여,39세,경상
2017073000100369,2017년 7월 30일 19시,일요일,경상북도 포항시 북구 학산동,중상사고,0,2,1,0,차대차 - 측면충돌,신호위반,건조,맑음,교차로 - 교차로안,승용,남,75세,상해없음,승용,남,71세,경상
2017073000100370,2017년 7월 30일 19시,일요일,경상북도 군위군 효령면,경상사고,0,0,3,0,차대차 - 정면충돌,신호위반,건조,맑음,교차로 - 교차로안,승용,여,59세,경상,승용,남,71세,경상
2017073000100424,2017년 7월 30일 21시,일요일,경상북도 안동시 와룡면,중상사고,0,1,0,0,차량단독 - 전도전복,안전운전불이행,젖음/습기,비,단일로 - 기타,화물,남,67세,상해없음,미분류,미분류,미분류,미분류
2017073000100425,2017년 7월 30일 21시,일요일,경상북도 포항시 남구 구룡포읍,중상사고,0,1,0,0,차량단독 - 전도전복,안전운전불이행,건조,맑음,단일로 - 기타,이륜,남,43세,중상,미분류,미분류,미분류,미분류
2017073000100456,2017년 7월 30일 23시,일요일,경상북도 칠곡군 약목면,중상사고,0,1,0,0,차대사람 - 길가장자리구역통행중,안전운전불이행,건조,흐림,단일로 - 기타,화물,남,46세,상해없음,보행자,남,70세,중상
2017073100100024,2017년 7월 31일 00시,월요일,경상북도 칠곡군 석적읍,부상신고사고,0,0,0,1,차대차 - 측면충돌,안전운전불이행,건조,맑음,단일로 - 기타,이륜,남,17세,부상신고,승용,남,29세,기타불명
2017073100100033,2017년 7월 31일 01시,월요일,경상북도 구미시 인의동,경상사고,0,0,1,0,차대차 - 측면충돌,안전운전불이행,건조,맑음,교차로 - 교차로안,승용,여,50세,상해없음,이륜,남,41세,경상
2017073100100044,2017년 7월 31일 02시,월요일,경상북도 경주시 안강읍,경상사고,0,0,1,0,차대차 - 측면충돌,신호위반,건조,맑음,교차로 - 교차로안,승용,남,23세,상해없음,승용,남,34세,경상
2017073100100056,2017년 7월 31일 05시,월요일,경상북도 경산시 하양읍,사망사고,1,0,0,0,차대차 - 기타,교차로운행방법위반,건조,맑음,교차로 - 교차로안,승용,남,35세,상해없음,자전거,남,75세,사망
2017073100100069,2017년 7월 31일 06시,월요일,경상북도 칠곡군 가산면,부상신고사고,0,0,0,1,차량단독 - 공작물충돌,안전운전불이행,건조,맑음,단일로 - 기타,승용,남,54세,부상신고,,,,
2017073100100085,2017년 7월 31일 07시,월요일,경상북도 경산시 압량면,경상사고,0,0,1,0,차대차 - 측면충돌,안전운전불이행,건조,맑음,단일로 - 기타,화물,남,56세,상해없음,화물,남,55세,경상
2017073100100157,2017년 7월 31일 10시,월요일,경상북도 경주시 사정동,중상사고,0,2,1,0,차대차 - 추돌,안전운전불이행,건조,맑음,단일로 - 기타,승용,여,46세,상해없음,승용,남,46세,중상
2017073100100158,2017년 7월 31일 10시,월요일,경상북도 포항시 북구 대흥동,경상사고,0,0,2,0,차대차 - 추돌,안전운전불이행,건조,맑음,교차로 - 교차로부근,승용,여,34세,경상,승용,여,47세,상해없음
2017073100100159,2017년 7월 31일 10시,월요일,경상북도 포항시 북구 용흥동,경상사고,0,0,1,0,차대사람 - 횡단중,보행자보호의무위반,건조,맑음,단일로 - 기타,승용,남,66세,상해없음,보행자,여,63세,경상
2017073100100160,2017년 7월 31일 10시,월요일,경상북도 영덕군 강구면,경상사고,0,0,1,0,차대차 - 추돌,안전운전불이행,젖음/습기,비,단일로 - 기타,화물,남,56세,상해없음,승용,여,41세,경상
2017073100100161,2017년 7월 31일 10시,월요일,경상북도 예천군 예천읍,경상사고,0,0,2,0,차대차 - 측면충돌,안전운전불이행,젖음/습기,비,교차로 - 교차로안,승용,여,54세,경상,승용,여,29세,경상
2017073100100162,2017년 7월 31일 10시,월요일,경상북도 청송군 현동면,중상사고,0,2,0,0,차대차 - 정면충돌,중앙선침범,젖음/습기,비,단일로 - 기타,승용,여,55세,상해없음,농기계,남,76세,중상
2017073100100204,2017년 7월 31일 11시,월요일,경상북도 경주시 보문동,중상사고,0,1,0,0,차대차 - 측면충돌,중앙선침범,건조,맑음,단일로 - 기타,승용,남,23세,상해없음,화물,남,45세,중상
2017073100100205,2017년 7월 31일 11시,월요일,경상북도 경산시 진량읍,경상사고,0,0,1,0,차대차 - 측면충돌,안전운전불이행,젖음/습기,비,교차로 - 교차로부근,승용,여,29세,상해없음,승용,남,24세,경상
2017073100100244,2017년 7월 31일 12시,월요일,경상북도 김천시 부곡동,중상사고,0,1,4,0,차대차 - 측면충돌,교차로운행방법위반,건조,맑음,교차로 - 교차로안,승용,남,63세,상해없음,승용,남,31세,경상
2017073100100245,2017년 7월 31일 12시,월요일,경상북도 김천시 지좌동,중상사고,0,1,0,0,차대차 - 측면충돌,안전운전불이행,젖음/습기,흐림,단일로 - 기타,승용,남,29세,상해없음,이륜,남,39세,중상
2017073100100246,2017년 7월 31일 12시,월요일,경상북도 칠곡군 북삼읍,경상사고,0,0,2,1,차대차 - 측면충돌,교차로운행방법위반,젖음/습기,비,교차로 - 교차로안,승용,남,62세,상해없음,승용,남,59세,부상신고
2017073100100268,2017년 7월 31일 13시,월요일,경상북도 영덕군 강구면,경상사고,0,0,3,0,차대차 - 기타,안전운전불이행,젖음/습기,비,단일로 - 기타,승용,남,37세,경상,승용,남,60세,상해없음
2017073100100295,2017년 7월 31일 14시,월요일,경상북도 안동시 풍산읍,경상사고,0,0,1,0,차대차 - 정면충돌,중앙선침범,건조,맑음,단일로 - 기타,화물,남,67세,경상,승합,남,51세,상해없음
2017073100100296,2017년 7월 31일 14시,월요일,경상북도 영주시 가흥동,중상사고,0,1,0,0,차대차 - 정면충돌,중앙선침범,젖음/습기,흐림,단일로 - 기타,화물,남,55세,상해없음,화물,남,52세,중상
2017073100100339,2017년 7월 31일 15시,월요일,경상북도 포항시 북구 죽도동,경상사고,0,0,2,0,차대차 - 측면충돌,안전운전불이행,건조,맑음,단일로 - 기타,승용,남,62세,상해없음,승용,여,54세,경상
2017073100100340,2017년 7월 31일 15시,월요일,경상북도 영덕군 남정면,중상사고,0,3,0,0,차대차 - 측면충돌,직진우회전진행방해,젖음/습기,비,교차로 - 교차로안,승용,남,58세,중상,승용,여,52세,중상
2017073100100341,2017년 7월 31일 15시,월요일,경상북도 청도군 청도읍,경상사고,0,0,1,0,차대사람 - 횡단중,보행자보호의무위반,건조,맑음,단일로 - 기타,승용,여,50세,상해없음,보행자,여,81세,경상
2017073100100405,2017년 7월 31일 17시,월요일,경상북도 경주시 강동면,중상사고,0,1,0,0,차대차 - 측면충돌,안전운전불이행,젖음/습기,흐림,단일로 - 기타,화물,남,30세,상해없음,화물,남,40세,중상
2017073100100443,2017년 7월 31일 18시,월요일,경상북도 구미시 송정동,경상사고,0,0,1,1,차대차 - 기타,중앙선침범,건조,맑음,교차로 - 교차로안,승용,남,34세,부상신고,승용,남,47세,경상
2017073100100470,2017년 7월 31일 19시,월요일,경상북도 포항시 북구 죽도동,경상사고,0,0,1,0,차대차 - 측면충돌,직진우회전진행방해,젖음/습기,비,단일로 - 기타,승용,여,56세,상해없음,이륜,남,26세,경상
2017073100100471,2017년 7월 31일 19시,월요일,경상북도 문경시 점촌동,경상사고,0,0,1,0,차대차 - 측면충돌,중앙선침범,건조,흐림,단일로 - 기타,승용,남,23세,상해없음,승용,남,25세,경상
2017073100100509,2017년 7월 31일 20시,월요일,경상북도 경주시 인왕동,경상사고,0,0,1,0,차대차 - 측면충돌,신호위반,젖음/습기,비,교차로 - 교차로안,승용,남,18세,상해없음,승용,여,70세,경상
2017073100100510,2017년 7월 31일 20시,월요일,경상북도 경주시 황성동,경상사고,0,0,1,0,차대차 - 측면충돌,안전운전불이행,젖음/습기,흐림,교차로 - 교차로부근,이륜,남,47세,경상,승용,남,39세,상해없음
2017073100100511,2017년 7월 31일 20시,월요일,경상북도 예천군 은풍면,경상사고,0,0,1,0,차대차 - 기타,안전운전불이행,건조,흐림,교차로 - 교차로부근,승용,남,63세,경상,승용,남,59세,상해없음
2017073100100512,2017년 7월 31일 20시,월요일,경상북도 포항시 남구 해도동,부상신고사고,0,0,0,1,차대차 - 기타,안전운전불이행,젖음/습기,흐림,단일로 - 기타,이륜,남,26세,부상신고,승용,여,50세,상해없음
2017073100100538,2017년 7월 31일 21시,월요일,경상북도 김천시 지좌동,경상사고,0,0,2,0,차대차 - 추돌,안전운전불이행,건조,맑음,단일로 - 기타,승용,남,46세,상해없음,승용,남,58세,경상
2017073100100571,2017년 7월 31일 22시,월요일,경상북도 포항시 남구 오천읍,경상사고,0,0,1,0,차대차 - 측면충돌,직진우회전진행방해,젖음/습기,흐림,교차로 - 교차로안,승용,남,47세,상해없음,이륜,남,37세,경상
2017073100100600,2017년 7월 31일 23시,월요일,경상북도 포항시 북구 죽도동,중상사고,0,1,0,0,차대차 - 측면충돌,안전운전불이행,건조,맑음,단일로 - 기타,원동기,남,16세,중상,승용,남,62세,상해없음
2017080100100030,2017년 8월 1일 00시,화요일,경상북도 포항시 북구 득량동,경상사고,0,0,1,0,차대차 - 추돌,안전운전불이행,건조,맑음,교차로 - 교차로부근,승용,남,44세,상해없음,승용,남,59세,경상
2017080100100031,2017년 8월 1일 00시,화요일,경상북도 포항시 남구 대잠동,경상사고,0,0,2,0,차대차 - 기타,안전운전불이행,젖음/습기,흐림,교차로 - 교차로안,승용,남,55세,상해없음,승용,남,42세,경상
2017080100100047,2017년 8월 1일 01시,화요일,경상북도 구미시 원평동,경상사고,0,0,1,0,차량단독 - 공작물충돌,안전운전불이행,건조,맑음,교차로 - 교차로부근,승용,남,61세,경상,,,,
2017080100100087,2017년 8월 1일 05시,화요일,경상북도 칠곡군 석적읍,중상사고,0,1,0,0,차량단독 - 전도전복,안전운전불이행,건조,흐림,교차로 - 교차로안,이륜,남,17세,상해없음,미분류,미분류,미분류,미분류
2017080100100088,2017년 8월 1일 05시,화요일,경상북도 구미시 사곡동,중상사고,0,1,0,0,차대차 - 정면충돌,안전운전불이행,젖음/습기,비,단일로 - 기타,승용,남,33세,상해없음,원동기,남,20세,중상
2017080100100132,2017년 8월 1일 08시,화요일,경상북도 포항시 북구 용흥동,사망사고,1,2,0,0,차량단독 - 전도전복,안전운전불이행,건조,맑음,교차로 - 교차로부근,승용,여,72세,중상,미분류,미분류,미분류,미분류
2017080100100133,2017년 8월 1일 08시,화요일,경상북도 상주시 낙양동,중상사고,0,1,0,0,차대차 - 측면충돌,교차로운행방법위반,젖음/습기,비,교차로 - 교차로안,화물,남,61세,상해없음,이륜,남,34세,중상
2017080100100134,2017년 8월 1일 08시,화요일,경상북도 영양군 영양읍,경상사고,0,0,2,0,차대차 - 측면충돌,신호위반,젖음/습기,흐림,교차로 - 교차로안,승용,여,55세,경상,승용,여,34세,경상
2017080100100162,2017년 8월 1일 09시,화요일,경상북도 포항시 북구 항구동,경상사고,0,0,1,0,차대차 - 측면충돌,안전운전불이행,건조,맑음,단일로 - 기타,특수,남,53세,상해없음,승용,남,68세,경상
2017080100100163,2017년 8월 1일 09시,화요일,경상북도 포항시 남구 상도동,경상사고,0,0,1,0,차대차 - 기타,중앙선침범,젖음/습기,비,교차로 - 교차로부근,승용,여,46세,상해없음,승합,남,39세,경상
2017080100100192,2017년 8월 1일 10시,화요일,경상북도 영주시 가흥동,경상사고,0,0,1,0,차대차 - 측면충돌,안전운전불이행,건조,흐림,기타 - 기타,이륜,남,82세,기타불명,화물,남,39세,경상
2017080100100213,2017년 8월 1일 11시,화요일,경상북도 경주시 성건동,부상신고사고,0,0,0,1,차대차 - 추돌,안전운전불이행,건조,맑음,교차로 - 교차로부근,이륜,남,74세,부상신고,승용,여,52세,상해없음
2017080100100214,2017년 8월 1일 11시,화요일,경상북도 의성군 단촌면,중상사고,0,1,0,0,차대사람 - 기타,안전운전불이행,건조,맑음,단일로 - 기타,승용,남,45세,상해없음,보행자,남,43세,중상
2017080100100215,2017년 8월 1일 11시,화요일,경상북도 영주시 풍기읍,경상사고,0,0,1,0,차대차 - 측면충돌,안전운전불이행,건조,흐림,교차로 - 교차로안,승용,여,52세,상해없음,자전거,남,33세,경상
2017080100100216,2017년 8월 1일 11시,화요일,경상북도 문경시 모전동,경상사고,0,0,1,0,차대차 - 추돌,안전운전불이행,건조,맑음,교차로 - 교차로안,승용,남,61세,상해없음,승용,남,39세,경상
2017080100100217,2017년 8월 1일 11시,화요일,경상북도 포항시 남구 해도동,경상사고,0,0,2,0,차대차 - 기타,안전운전불이행,젖음/습기,비,단일로 - 교량,승용,남,61세,상해없음,승용,남,49세,경상
2017080100100218,2017년 8월 1일 11시,화요일,경상북도 고령군 성산면,경상사고,0,0,1,0,차대차 - 기타,안전운전불이행,건조,맑음,단일로 - 기타,기타불명,기타불명,미분류,기타불명,화물,남,42세,상해없음
2017080100100251,2017년 8월 1일 12시,화요일,경상북도 칠곡군 가산면,경상사고,0,0,2,0,차대차 - 측면충돌,안전운전불이행,건조,맑음,교차로 - 교차로안,승용,여,38세,경상,승용,여,45세,경상
2017080100100252,2017년 8월 1일 12시,화요일,경상북도 군위군 의흥면,중상사고,0,1,0,0,차대차 - 기타,안전운전불이행,건조,맑음,단일로 - 기타,화물,남,72세,상해없음,이륜,남,76세,중상
2017080100100305,2017년 8월 1일 14시,화요일,경상북도 상주시 복룡동,중상사고,0,1,0,0,차대차 - 측면충돌,안전운전불이행,건조,맑음,교차로 - 교차로안,이륜,남,73세,중상,승용,여,51세,상해없음
2017080100100306,2017년 8월 1일 14시,화요일,경상북도 구미시 진평동,경상사고,0,0,2,0,차대차 - 측면충돌,안전운전불이행,건조,맑음,교차로 - 교차로안,승용,남,53세,상해없음,승용,남,30세,경상
2017080100100342,2017년 8월 1일 15시,화요일,경상북도 안동시 북후면,중상사고,0,1,0,0,차대차 - 측면충돌,중앙선침범,건조,맑음,단일로 - 기타,승용,여,30세,상해없음,이륜,남,40세,중상
2017080100100343,2017년 8월 1일 15시,화요일,경상북도 영덕군 병곡면,경상사고,0,0,1,0,차대사람 - 차도통행중,안전운전불이행,건조,맑음,단일로 - 기타,승용,남,26세,상해없음,보행자,남,6세,경상
2017080100100344,2017년 8월 1일 15시,화요일,경상북도 구미시 지산동,경상사고,0,0,1,0,차대차 - 측면충돌,안전운전불이행,건조,맑음,단일로 - 기타,승용,남,21세,상해없음,승용,남,31세,경상
2017080100100373,2017년 8월 1일 16시,화요일,경상북도 포항시 남구 효자동,중상사고,0,1,0,0,차대사람 - 기타,안전운전불이행,건조,맑음,단일로 - 기타,승용,남,32세,상해없음,보행자,남,11세,중상
2017080100100418,2017년 8월 1일 17시,화요일,경상북도 상주시 남성동,경상사고,0,0,4,0,차대차 - 측면충돌,안전운전불이행,건조,맑음,교차로 - 교차로안,승용,여,54세,상해없음,승용,남,70세,경상
2017080100100419,2017년 8월 1일 17시,화요일,경상북도 포항시 남구 대도동,경상사고,0,0,3,0,차대차 - 추돌,안전거리미확보,건조,맑음,단일로 - 기타,화물,남,35세,상해없음,승용,남,62세,경상
2017080100100456,2017년 8월 1일 18시,화요일,경상북도 영주시 단산면,중상사고,0,1,0,0,차대차 - 측면충돌,교차로운행방법위반,건조,맑음,교차로 - 교차로안,화물,남,56세,상해없음,농기계,남,57세,중상
2017080100100457,2017년 8월 1일 18시,화요일,경상북도 문경시 모전동,경상사고,0,0,1,1,차대차 - 기타,직진우회전진행방해,건조,맑음,교차로 - 교차로안,승용,여,61세,부상신고,화물,남,41세,경상
2017080100100458,2017년 8월 1일 18시,화요일,경상북도 구미시 고아읍,경상사고,0,0,1,0,차대차 - 측면충돌,안전운전불이행,건조,맑음,단일로 - 기타,승용,남,48세,상해없음,자전거,남,11세,경상
2017080100100459,2017년 8월 1일 18시,화요일,경상북도 포항시 남구 동촌동,경상사고,0,0,1,0,차대차 - 측면충돌,신호위반,건조,맑음,교차로 - 교차로횡단보도내,이륜,남,31세,상해없음,자전거,남,44세,경상
2017080100100523,2017년 8월 1일 20시,화요일,경상북도 구미시 인의동,경상사고,0,0,4,0,차대차 - 기타,안전운전불이행,건조,맑음,교차로 - 교차로부근,승용,남,27세,상해없음,승용,남,35세,경상
2017080100100547,2017년 8월 1일 21시,화요일,경상북도 포항시 북구 장성동,경상사고,0,0,1,0,차대차 - 측면충돌,차로위반,건조,맑음,단일로 - 기타,승용,남,34세,상해없음,이륜,남,18세,경상
2017080200100033,2017년 8월 2일 00시,수요일,경상북도 상주시 남성동,중상사고,0,1,1,0,차대차 - 기타,교차로운행방법위반,건조,맑음,교차로 - 교차로안,승용,남,37세,상해없음,승용,남,25세,경상
2017080200100062,2017년 8월 2일 04시,수요일,경상북도 구미시 원평동,경상사고,0,0,1,0,차대차 - 정면충돌,안전운전불이행,건조,맑음,교차로 - 교차로안,승용,여,36세,경상,승합,남,19세,상해없음
2017080200100076,2017년 8월 2일 06시,수요일,경상북도 예천군 예천읍,중상사고,0,1,0,0,차대차 - 측면충돌,신호위반,건조,맑음,교차로 - 교차로안,승용,남,68세,상해없음,승용,남,50세,중상
2017080200100108,2017년 8월 2일 08시,수요일,경상북도 포항시 북구 흥해읍,경상사고,0,0,2,0,차대차 - 정면충돌,안전운전불이행,건조,맑음,단일로 - 기타,건설기계,남,42세,상해없음,승용,남,42세,경상
2017080200100109,2017년 8월 2일 08시,수요일,경상북도 포항시 남구 해도동,중상사고,0,1,0,0,차대차 - 측면충돌,안전운전불이행,건조,맑음,교차로 - 교차로안,화물,남,21세,상해없음,자전거,남,74세,중상
2017080200100128,2017년 8월 2일 09시,수요일,경상북도 영천시 문내동,경상사고,0,0,2,0,차대차 - 측면충돌,안전운전불이행,건조,맑음,단일로 - 기타,승용,여,60세,상해없음,승용,남,47세,경상
2017080200100129,2017년 8월 2일 09시,수요일,경상북도 예천군 호명면,중상사고,0,1,0,0,차대차 - 측면충돌,안전운전불이행,건조,맑음,교차로 - 교차로안,화물,남,43세,상해없음,승용,여,56세,중상
2017080200100155,2017년 8월 2일 10시,수요일,경상북도 경주시 충효동,경상사고,0,0,1,0,차대사람 - 차도통행중,안전운전불이행,건조,맑음,단일로 - 기타,화물,남,75세,상해없음,보행자,남,62세,경상
2017080200100156,2017년 8월 2일 10시,수요일,경상북도 경주시 성건동,중상사고,0,1,0,0,차대사람 - 차도통행중,안전운전불이행,건조,맑음,단일로 - 기타,승용,여,52세,상해없음,보행자,여,56세,중상
2017080200100157,2017년 8월 2일 10시,수요일,경상북도 영천시 화남면,중상사고,0,1,4,0,차대차 - 추돌,안전거리미확보,건조,맑음,단일로 - 기타,승용,남,51세,상해없음,승용,남,36세,경상
2017080200100186,2017년 8월 2일 11시,수요일,경상북도 영주시 이산면,경상사고,0,0,2,0,차대차 - 측면충돌,안전운전불이행,건조,맑음,단일로 - 기타,화물,남,50세,상해없음,승합,남,50세,상해없음
2017080200100187,2017년 8월 2일 11시,수요일,경상북도 김천시 아포읍,경상사고,0,0,1,0,차대차 - 기타,안전운전불이행,건조,맑음,단일로 - 기타,승용,남,46세,상해없음,승용,남,48세,경상
2017080200100221,2017년 8월 2일 12시,수요일,경상북도 안동시 삼산동,경상사고,0,0,1,0,차대사람 - 기타,안전운전불이행,건조,맑음,단일로 - 기타,승합,남,53세,상해없음,보행자,남,75세,경상
2017080200100222,2017년 8월 2일 12시,수요일,경상북도 영주시 풍기읍,경상사고,0,0,2,0,차대차 - 측면충돌,직진우회전진행방해,건조,맑음,교차로 - 교차로안,승용,남,27세,경상,승용,남,52세,상해없음
2017080200100223,2017년 8월 2일 12시,수요일,경상북도 경산시 자인면,중상사고,0,1,0,0,차대차 - 측면충돌,신호위반,건조,맑음,교차로 - 교차로안,승용,남,31세,상해없음,특수,남,38세,중상
2017080200100249,2017년 8월 2일 13시,수요일,경상북도 의성군 봉양면,중상사고,0,1,0,0,차량단독 - 전도전복,안전운전불이행,건조,맑음,단일로 - 기타,화물,남,59세,중상,미분류,미분류,미분류,미분류
2017080200100250,2017년 8월 2일 13시,수요일,경상북도 성주군 가천면,경상사고,0,0,3,0,차대차 - 측면충돌,안전운전불이행,건조,맑음,단일로 - 기타,승용,남,50세,상해없음,승용,남,22세,경상
2017080200100289,2017년 8월 2일 14시,수요일,경상북도 포항시 북구 두호동,경상사고,0,0,3,0,차대차 - 측면충돌,안전운전불이행,건조,맑음,단일로 - 기타,승용,남,54세,상해없음,승용,여,34세,경상
2017080200100290,2017년 8월 2일 14시,수요일,경상북도 봉화군 소천면,경상사고,0,0,4,0,차대차 - 추돌,안전운전불이행,건조,맑음,단일로 - 기타,화물,남,56세,상해없음,승용,여,45세,경상
2017080200100291,2017년 8월 2일 14시,수요일,경상북도 구미시 봉곡동,중상사고,0,2,0,0,차대차 - 측면충돌,안전운전불이행,건조,맑음,단일로 - 기타,승용,여,49세,상해없음,승용,남,48세,중상
2017080200100292,2017년 8월 2일 14시,수요일,경상북도 구미시 광평동,경상사고,0,0,1,0,차대차 - 기타,안전운전불이행,건조,맑음,교차로 - 교차로부근,승용,남,33세,상해없음,승용,남,33세,경상
2017080200100293,2017년 8월 2일 14시,수요일,경상북도 포항시 남구 구룡포읍,중상사고,0,1,0,0,차대차 - 기타,안전운전불이행,건조,맑음,단일로 - 기타,승용,여,31세,상해없음,이륜,남,44세,중상
2017080200100361,2017년 8월 2일 16시,수요일,경상북도 안동시 풍천면,중상사고,0,1,1,0,차대차 - 측면충돌,기타,건조,맑음,교차로 - 교차로안,승용,남,47세,상해없음,승용,남,51세,경상
2017080200100409,2017년 8월 2일 17시,수요일,경상북도 포항시 북구 흥해읍,중상사고,0,1,0,0,차대차 - 추돌,직진우회전진행방해,건조,맑음,교차로 - 교차로안,이륜,남,81세,중상,승합,남,51세,상해없음
2017080200100410,2017년 8월 2일 17시,수요일,경상북도 김천시 성내동,경상사고,0,0,1,0,차대차 - 측면충돌,안전거리미확보,건조,맑음,단일로 - 기타,승용,여,46세,상해없음,이륜,남,59세,경상
2017080200100411,2017년 8월 2일 17시,수요일,경상북도 칠곡군 석적읍,부상신고사고,0,0,0,1,차대차 - 측면충돌,안전운전불이행,건조,맑음,단일로 - 기타,이륜,남,45세,부상신고,승용,남,48세,기타불명
2017080200100442,2017년 8월 2일 18시,수요일,경상북도 칠곡군 왜관읍,경상사고,0,0,1,1,차대차 - 정면충돌,교차로운행방법위반,건조,맑음,교차로 - 교차로안,이륜,남,18세,부상신고,이륜,남,17세,경상
2017080200100443,2017년 8월 2일 18시,수요일,경상북도 구미시 옥계동,중상사고,0,1,0,0,차대차 - 정면충돌,안전운전불이행,건조,맑음,기타 - 기타,승용,여,44세,상해없음,이륜,남,22세,중상
2017080200100469,2017년 8월 2일 19시,수요일,경상북도 구미시 원평동,경상사고,0,0,1,0,차대사람 - 횡단중,보행자보호의무위반,건조,맑음,교차로 - 교차로횡단보도내,승용,여,30세,상해없음,보행자,남,62세,경상
2017080200100509,2017년 8월 2일 20시,수요일,경상북도 경주시 조양동,경상사고,0,0,3,0,차대차 - 추돌,안전운전불이행,건조,맑음,단일로 - 기타,승용,남,79세,상해없음,승용,남,48세,경상
2017080300100028,2017년 8월 3일 00시,목요일,경상북도 칠곡군 왜관읍,부상신고사고,0,0,0,1,차대차 - 측면충돌,안전운전불이행,건조,맑음,단일로 - 기타,승용,남,36세,부상신고,승용,남,24세,기타불명
2017080300100038,2017년 8월 3일 01시,목요일,경상북도 경산시 진량읍,경상사고,0,0,2,0,차대차 - 기타,신호위반,건조,맑음,교차로 - 교차로안,승용,남,54세,상해없음,승용,남,33세,경상
2017080300100050,2017년 8월 3일 03시,목요일,경상북도 상주시 계산동,중상사고,0,1,0,0,차대사람 - 기타,안전운전불이행,건조,맑음,단일로 - 기타,승용,남,16세,상해없음,보행자,남,17세,중상
2017080300100071,2017년 8월 3일 06시,목요일,경상북도 문경시 마성면,중상사고,0,2,3,1,차대차 - 측면충돌,안전운전불이행,건조,맑음,교차로 - 교차로안,승용,남,48세,경상,화물,남,69세,경상