사고번호,사고일시,요일,시군구,사고내용,사망자수,중상자수,경상자수,부상신고자수,사고유형,법규위반,노면상태,기상상태,도로형태,가해운전자 차종,가해운전자 성별,가해운전자 연령,가해운전자 상해정도,피해운전자 차종,피해운전자 성별,피해운전자 연령,피해운전자 상해정도
2017080500100565,2017년 8월 5일 21시,토요일,경상북도 봉화군 봉화읍,경상사고,0,0,1,0,차대사람 - 기타,안전운전불이행,건조,맑음,단일로 - 기타,승용,여,62세,기타불명,보행자,여,35세,경상
2017080600100093,2017년 8월 6일 07시,일요일,경상북도 김천시 신음동,경상사고,0,0,1,0,차대차 - 측면충돌,교차로운행방법위반,건조,맑음,교차로 - 교차로안,승용,여,53세,상해없음,승용,남,37세,경상
2017080600100094,2017년 8월 6일 07시,일요일,경상북도 경산시 진량읍,사망사고,1,0,0,0,차량단독 - 공작물충돌,안전운전불이행,건조,맑음,단일로 - 기타,이륜,남,88세,사망,,,,
2017080600100095,2017년 8월 6일 07시,일요일,경상북도 성주군 선남면,중상사고,0,1,0,0,차대차 - 추돌,안전운전불이행,건조,맑음,기타 - 기타,승용,남,70세,상해없음,승용,남,57세,중상
2017080600100119,2017년 8월 6일 09시,일요일,경상북도 구미시 고아읍,중상사고,0,2,2,0,차대차 - 추돌,안전운전불이행,건조,맑음,단일로 - 기타,승용,남,66세,중상,화물,남,37세,경상
2017080600100146,2017년 8월 6일 10시,일요일,경상북도 김천시 증산면,사망사고,1,0,0,0,차대차 - 측면충돌,안전운전불이행,건조,맑음,단일로 - 기타,승용,남,55세,상해없음,이륜,남,36세,사망
2017080600100147,2017년 8월 6일 10시,일요일,경상북도 문경시 문경읍,경상사고,0,0,1,0,차대차 - 측면충돌,중앙선침범,건조,맑음,단일로 - 기타,이륜,여,61세,경상,승용,여,51세,상해없음
2017080600100148,2017년 8월 6일 10시,일요일,경상북도 봉화군 봉화읍,경상사고,0,0,1,0,차대사람 - 기타,안전운전불이행,건조,맑음,기타 - 기타,승용,여,47세,상해없음,보행자,여,77세,경상
2017080600100169,2017년 8월 6일 11시,일요일,경상북도 구미시 황상동,경상사고,0,0,1,0,차대차 - 추돌,안전거리미확보,건조,맑음,단일로 - 기타,승용,여,33세,상해없음,승용,남,48세,경상
2017080600100194,2017년 8월 6일 12시,일요일,경상북도 경주시 용강동,부상신고사고,0,0,0,3,차대차 - 측면충돌,안전운전불이행,건조,맑음,교차로 - 교차로안,화물,남,32세,상해없음,승용,남,37세,상해없음
2017080600100212,2017년 8월 6일 13시,일요일,경상북도 영천시 청통면,경상사고,0,0,1,0,차대차 - 측면충돌,신호위반,건조,맑음,교차로 - 교차로안,승용,남,57세,상해없음,승용,남,44세,경상
2017080600100237,2017년 8월 6일 14시,일요일,경상북도 경주시 현곡면,사망사고,1,0,0,0,차량단독 - 공작물충돌,안전운전불이행,건조,맑음,단일로 - 기타,이륜,남,79세,사망,,,,
2017080600100238,2017년 8월 6일 14시,일요일,경상북도 포항시 북구 청하면,경상사고,0,0,6,0,차대차 - 측면충돌,교차로운행방법위반,건조,맑음,교차로 - 교차로안,승용,남,43세,경상,승용,남,51세,경상
2017080600100239,2017년 8월 6일 14시,일요일,경상북도 칠곡군 동명면,중상사고,0,1,2,0,차대차 - 추돌,안전운전불이행,건조,맑음,단일로 - 기타,승용,여,65세,상해없음,승용,남,43세,상해없음
2017080600100264,2017년 8월 6일 15시,일요일,경상북도 경산시 와촌면,중상사고,0,1,0,0,차대차 - 정면충돌,신호위반,건조,맑음,교차로 - 교차로안,특수,남,23세,상해없음,이륜,남,84세,중상
2017080600100265,2017년 8월 6일 15시,일요일,경상북도 성주군 용암면,경상사고,0,0,1,0,차량단독 - 전도전복 - 전도,안전운전불이행,건조,맑음,단일로 - 기타,이륜,남,74세,경상,,,,
2017080600100299,2017년 8월 6일 16시,일요일,경상북도 경주시 성건동,중상사고,0,1,1,0,차대사람 - 횡단중,안전운전불이행,건조,맑음,단일로 - 기타,이륜,남,74세,경상,보행자,남,56세,중상
2017080600100300,2017년 8월 6일 16시,일요일,경상북도 성주군 금수면,중상사고,0,1,0,0,차대사람 - 기타,안전운전불이행,건조,맑음,미분류 - 미분류,화물,남,60세,상해없음,보행자,남,50세,중상
2017080600100301,2017년 8월 6일 16시,일요일,경상북도 구미시 봉곡동,경상사고,0,0,1,0,차대사람 - 차도통행중,안전운전불이행,건조,맑음,단일로 - 기타,승용,여,50세,상해없음,보행자,여,41세,경상
2017080600100328,2017년 8월 6일 17시,일요일,경상북도 포항시 북구 대흥동,경상사고,0,0,1,0,차대차 - 측면충돌,안전운전불이행,건조,맑음,교차로 - 교차로안,승용,남,62세,상해없음,승용,남,68세,경상
2017080600100329,2017년 8월 6일 17시,일요일,경상북도 안동시 남후면,중상사고,0,1,0,0,차대차 - 측면충돌,교차로운행방법위반,건조,맑음,교차로 - 교차로안,승용,남,58세,상해없음,승용,여,60세,중상
2017080600100330,2017년 8월 6일 17시,일요일,경상북도 청도군 운문면,중상사고,0,1,3,0,차대차 - 정면충돌,중앙선침범,건조,맑음,단일로 - 기타,승용,남,34세,상해없음,승용,남,30세,경상
2017080600100331,2017년 8월 6일 17시,일요일,경상북도 포항시 남구 구룡포읍,중상사고,0,1,0,0,차대사람 - 횡단중,보행자보호의무위반,건조,맑음,교차로 - 교차로안,승용,남,26세,상해없음,보행자,여,7세,중상
2017080600100356,2017년 8월 6일 18시,일요일,경상북도 의성군 다인면,중상사고,0,1,0,0,차량단독 - 기타,안전운전불이행,건조,맑음,교차로 - 교차로부근,농기계,남,76세,중상,,,,
2017080600100378,2017년 8월 6일 19시,일요일,경상북도 칠곡군 석적읍,경상사고,0,0,1,1,차대사람 - 횡단중,안전운전불이행,건조,맑음,단일로 - 기타,자전거,남,34세,부상신고,보행자,여,28세,경상
2017080600100379,2017년 8월 6일 19시,일요일,경상북도 영천시 화남면,중상사고,0,1,3,0,차대차 - 정면충돌,교차로운행방법위반,건조,맑음,단일로 - 기타,화물,남,56세,상해없음,화물,남,61세,중상
2017080600100380,2017년 8월 6일 19시,일요일,경상북도 고령군 대가야읍,경상사고,0,0,1,0,차대차 - 측면충돌,교차로운행방법위반,건조,맑음,교차로 - 교차로안,화물,남,46세,상해없음,승용,여,60세,경상
2017080600100410,2017년 8월 6일 20시,일요일,경상북도 상주시 성하동,경상사고,0,0,1,0,차대차 - 측면충돌,안전운전불이행,건조,맑음,교차로 - 교차로안,승용,여,48세,상해없음,자전거,여,36세,경상
2017080600100411,2017년 8월 6일 20시,일요일,경상북도 울진군 근남면,중상사고,0,2,0,0,차대차 - 정면충돌,중앙선침범,건조,맑음,단일로 - 기타,화물,남,56세,상해없음,승용,여,52세,중상
2017080600100412,2017년 8월 6일 20시,일요일,경상북도 구미시 상모동,경상사고,0,0,1,0,차대차 - 측면충돌,안전운전불이행,건조,맑음,교차로 - 교차로안,승용,여,49세,상해없음,자전거,남,72세,경상
2017080600100429,2017년 8월 6일 21시,일요일,경상북도 경주시 석장동,경상사고,0,0,1,0,차대차 - 측면충돌,안전운전불이행,건조,맑음,단일로 - 기타,승용,여,50세,상해없음,승용,남,52세,경상
2017080600100430,2017년 8월 6일 21시,일요일,경상북도 구미시 원평동,경상사고,0,0,1,0,차대차 - 측면충돌,안전운전불이행,건조,맑음,단일로 - 기타,자전거,남,62세,경상,승합,남,29세,상해없음
2017080600100431,2017년 8월 6일 21시,일요일,경상북도 구미시 인의동,경상사고,0,0,3,0,차대차 - 측면충돌,신호위반,건조,맑음,교차로 - 교차로안,승용,남,25세,상해없음,승용,여,23세,경상
2017080600100432,2017년 8월 6일 21시,일요일,경상북도 포항시 남구 효자동,경상사고,0,0,1,0,차대차 - 추돌,안전운전불이행,건조,맑음,교차로 - 교차로부근,승용,남,28세,상해없음,승용,남,47세,경상
2017080600100452,2017년 8월 6일 22시,일요일,경상북도 김천시 성내동,경상사고,0,0,2,0,차대차 - 정면충돌,신호위반,건조,맑음,교차로 - 교차로안,승용,남,35세,상해없음,승용,남,27세,경상
2017080600100453,2017년 8월 6일 22시,일요일,경상북도 문경시 모전동,경상사고,0,0,1,0,차대차 - 기타,안전운전불이행,건조,맑음,교차로 - 교차로안,승용,남,56세,상해없음,원동기,남,19세,경상
2017080600100454,2017년 8월 6일 22시,일요일,경상북도 구미시 사곡동,경상사고,0,0,3,0,차대차 - 추돌,안전운전불이행,건조,흐림,교차로 - 교차로부근,승용,여,54세,상해없음,승용,남,51세,경상
2017080600100455,2017년 8월 6일 22시,일요일,경상북도 포항시 남구 해도동,경상사고,0,0,1,0,차대차 - 기타,교차로운행방법위반,건조,맑음,교차로 - 교차로안,기타불명,남,21세,상해없음,승용,남,26세,경상
2017080600100473,2017년 8월 6일 23시,일요일,경상북도 구미시 진평동,중상사고,0,2,1,0,차대차 - 측면충돌,교차로운행방법위반,건조,맑음,교차로 - 교차로안,승용,남,31세,중상,승용,여,42세,경상
2017080700100108,2017년 8월 7일 07시,월요일,경상북도 영천시 청통면,경상사고,0,0,1,0,차대차 - 측면충돌,직진우회전진행방해,건조,맑음,교차로 - 교차로안,승용,여,49세,상해없음,승용,남,34세,경상
2017080700100142,2017년 8월 7일 08시,월요일,경상북도 성주군 초전면,경상사고,0,0,1,0,차대차 - 정면충돌,안전운전불이행,건조,맑음,교차로 - 교차로안,이륜,여,50세,경상,승용,여,37세,상해없음
2017080700100143,2017년 8월 7일 08시,월요일,경상북도 구미시 고아읍,경상사고,0,0,1,0,차대차 - 측면충돌,교차로운행방법위반,건조,맑음,교차로 - 교차로안,자전거,남,78세,경상,화물,남,64세,상해없음
2017080700100171,2017년 8월 7일 09시,월요일,경상북도 포항시 북구 죽도동,경상사고,0,0,1,0,차대차 - 측면충돌,차로위반,건조,맑음,교차로 - 교차로부근,이륜,남,61세,경상,승용,여,25세,상해없음
2017080700100172,2017년 8월 7일 09시,월요일,경상북도 문경시 산양면,경상사고,0,0,1,0,차대차 - 추돌,안전운전불이행,건조,맑음,교차로 - 교차로부근,승용,여,41세,상해없음,화물,남,57세,경상
2017080700100194,2017년 8월 7일 10시,월요일,경상북도 영양군 석보면,중상사고,0,2,2,0,차대차 - 기타,안전운전불이행,건조,맑음,단일로 - 기타,승용,남,64세,상해없음,승용,여,56세,중상
2017080700100195,2017년 8월 7일 10시,월요일,경상북도 구미시 옥성면,중상사고,0,1,2,0,차대차 - 추돌,안전거리미확보,건조,맑음,단일로 - 터널,화물,남,41세,상해없음,화물,남,55세,경상
2017080700100223,2017년 8월 7일 11시,월요일,경상북도 경주시 인왕동,중상사고,0,2,2,0,차대차 - 추돌,안전운전불이행,건조,맑음,단일로 - 기타,승용,여,24세,중상,승용,남,76세,상해없음
2017080700100224,2017년 8월 7일 11시,월요일,경상북도 상주시 중동면,중상사고,0,1,0,0,차대차 - 측면충돌,안전운전불이행,건조,맑음,교차로 - 교차로안,승용,여,58세,상해없음,자전거,남,22세,중상
2017080700100225,2017년 8월 7일 11시,월요일,경상북도 상주시 낙동면,중상사고,0,1,1,0,차대차 - 측면충돌,안전운전불이행,건조,맑음,단일로 - 기타,승용,남,57세,경상,화물,남,57세,중상
2017080700100255,2017년 8월 7일 12시,월요일,경상북도 경주시 성동동,경상사고,0,0,1,0,차대사람 - 차도통행중,안전운전불이행,건조,맑음,단일로 - 기타,승합,남,67세,상해없음,보행자,여,55세,경상
2017080700100256,2017년 8월 7일 12시,월요일,경상북도 안동시 길안면,중상사고,0,2,1,0,차대차 - 정면충돌,안전운전불이행,건조,맑음,교차로 - 교차로안,화물,남,73세,경상,승용,남,74세,중상
2017080700100257,2017년 8월 7일 12시,월요일,경상북도 포항시 남구 해도동,중상사고,0,1,0,0,차대차 - 기타,안전운전불이행,건조,맑음,단일로 - 기타,승용,남,59세,상해없음,이륜,남,55세,중상
2017080700100258,2017년 8월 7일 12시,월요일,경상북도 포항시 남구 지곡동,경상사고,0,0,2,0,차대차 - 측면충돌,차로위반,건조,맑음,단일로 - 기타,승용,남,78세,경상,승용,여,46세,경상
2017080700100290,2017년 8월 7일 13시,월요일,경상북도 의성군 의성읍,경상사고,0,0,3,0,차대차 - 측면충돌,직진우회전진행방해,건조,맑음,교차로 - 교차로안,승용,남,65세,상해없음,승용,남,50세,경상
2017080700100291,2017년 8월 7일 13시,월요일,경상북도 의성군 의성읍,경상사고,0,0,2,0,차대차 - 측면충돌,직진우회전진행방해,건조,맑음,교차로 - 교차로안,승용,남,62세,상해없음,승용,여,42세,경상
2017080700100326,2017년 8월 7일 14시,월요일,경상북도 영천시 청통면,중상사고,0,1,0,0,차대차 - 측면충돌,중앙선침범,건조,맑음,교차로 - 교차로부근,이륜,남,77세,중상,승용,남,28세,상해없음
2017080700100356,2017년 8월 7일 15시,월요일,경상북도 칠곡군 가산면,경상사고,0,0,1,1,차대차 - 측면충돌,안전운전불이행,건조,맑음,단일로 - 기타,화물,남,63세,부상신고,화물,남,36세,경상
2017080700100357,2017년 8월 7일 15시,월요일,경상북도 칠곡군 석적읍,중상사고,0,1,0,0,차대차 - 기타,안전운전불이행,건조,맑음,교차로 - 교차로안,승용,남,40세,상해없음,이륜,남,21세,중상
2017080700100358,2017년 8월 7일 15시,월요일,경상북도 경산시 사정동,중상사고,0,2,1,0,차대차 - 추돌,안전운전불이행,건조,맑음,교차로 - 교차로부근,화물,남,51세,경상,승용,남,60세,중상
2017080700100359,2017년 8월 7일 15시,월요일,경상북도 구미시 장천면,경상사고,0,0,3,0,차대차 - 측면충돌,직진우회전진행방해,건조,맑음,교차로 - 교차로안,승용,여,40세,경상,화물,남,28세,경상
2017080700100388,2017년 8월 7일 16시,월요일,경상북도 포항시 북구 죽도동,중상사고,0,1,0,0,차대차 - 측면충돌,안전운전불이행,건조,맑음,단일로 - 기타,이륜,남,36세,중상,화물,여,51세,상해없음
2017080700100429,2017년 8월 7일 17시,월요일,경상북도 경주시 감포읍,경상사고,0,0,1,0,차대사람 - 차도통행중,안전운전불이행,건조,맑음,단일로 - 기타,승용,여,40세,상해없음,보행자,남,1세,경상
2017080700100430,2017년 8월 7일 17시,월요일,경상북도 안동시 수상동,경상사고,0,0,1,0,차대차 - 추돌,안전거리미확보,건조,맑음,단일로 - 기타,화물,남,27세,경상,건설기계,남,49세,상해없음
2017080700100431,2017년 8월 7일 17시,월요일,경상북도 구미시 산동면,경상사고,0,0,1,0,차대차 - 측면충돌,안전운전불이행,건조,맑음,교차로 - 교차로안,승용,남,51세,기타불명,승용,남,31세,경상
2017080700100432,2017년 8월 7일 17시,월요일,경상북도 포항시 남구 동촌동,중상사고,0,2,4,0,차대차 - 추돌,안전거리미확보,건조,맑음,교차로 - 교차로부근,승용,남,45세,상해없음,승합,여,47세,중상
2017080700100507,2017년 8월 7일 19시,월요일,경상북도 경산시 하양읍,경상사고,0,0,1,0,차대사람 - 횡단중,안전운전불이행,건조,맑음,교차로 - 교차로안,승용,여,45세,상해없음,보행자,여,19세,경상
2017080700100508,2017년 8월 7일 19시,월요일,경상북도 구미시 원평동,경상사고,0,0,1,0,차대사람 - 보도통행중,안전운전불이행,건조,맑음,단일로 - 기타,승용,남,45세,상해없음,보행자,남,35세,경상
2017080700100535,2017년 8월 7일 20시,월요일,경상북도 칠곡군 왜관읍,중상사고,0,1,0,1,차대사람 - 기타,안전운전불이행,건조,맑음,단일로 - 기타,자전거,남,36세,부상신고,보행자,남,74세,중상
2017080700100536,2017년 8월 7일 20시,월요일,경상북도 청도군 청도읍,경상사고,0,0,1,0,차대차 - 측면충돌,교차로운행방법위반,건조,맑음,교차로 - 교차로안,승용,여,56세,경상,승용,남,60세,상해없음
2017080700100537,2017년 8월 7일 20시,월요일,경상북도 성주군 선남면,경상사고,0,0,1,0,차대차 - 측면충돌,안전운전불이행,건조,맑음,단일로 - 기타,승용,남,24세,상해없음,승용,여,57세,경상
2017080700100589,2017년 8월 7일 22시,월요일,경상북도 칠곡군 북삼읍,경상사고,0,0,1,0,차대차 - 측면충돌,안전운전불이행,건조,맑음,기타 - 기타,이륜,남,61세,경상,승용,여,51세,상해없음
2017080700100607,2017년 8월 7일 23시,월요일,경상북도 칠곡군 지천면,경상사고,0,0,1,0,차량단독 - 도로외이탈 - 추락,안전운전불이행,건조,맑음,단일로 - 기타,화물,남,24세,경상,,,,
2017080700100608,2017년 8월 7일 23시,월요일,경상북도 칠곡군 왜관읍,부상신고사고,0,0,0,1,차대차 - 추돌,안전운전불이행,건조,맑음,교차로 - 교차로부근,승용,남,54세,부상신고,승용,남,56세,상해없음
2017080800100022,2017년 8월 8일 00시,화요일,경상북도 구미시 상모동,부상신고사고,0,0,0,1,차량단독 - 전도전복,안전운전불이행,건조,맑음,단일로 - 기타,이륜,남,18세,부상신고,미분류,미분류,미분류,미분류
2017080800100033,2017년 8월 8일 01시,화요일,경상북도 경산시 중방동,중상사고,0,2,0,0,차대차 - 기타,신호위반,건조,맑음,교차로 - 교차로안,승용,남,26세,상해없음,승용,여,24세,중상
2017080800100036,2017년 8월 8일 02시,화요일,경상북도 경주시 진현동,중상사고,0,1,0,0,차대사람 - 횡단중,안전운전불이행,건조,맑음,단일로 - 기타,승용,남,36세,상해없음,보행자,남,51세,중상
2017080800100038,2017년 8월 8일 03시,화요일,경상북도 경주시 강동면,중상사고,0,1,0,0,차량단독 - 전도전복,안전운전불이행,건조,맑음,단일로 - 기타,이륜,남,38세,중상,미분류,미분류,미분류,미분류
2017080800100054,2017년 8월 8일 05시,화요일,경상북도 의성군 의성읍,중상사고,0,1,0,0,차대사람 - 횡단중,안전운전불이행,건조,맑음,교차로 - 교차로안,승합,남,38세,상해없음,보행자,여,68세,중상
2017080800100064,2017년 8월 8일 06시,화요일,경상북도 경주시 황오동,중상사고,0,1,0,0,차대차 - 측면충돌,안전운전불이행,건조,맑음,교차로 - 교차로부근,승용,남,44세,상해없음,자전거,남,80세,중상
2017080800100065,2017년 8월 8일 06시,화요일,경상북도 포항시 남구 송내동,경상사고,0,0,3,0,차대차 - 측면충돌,안전운전불이행,건조,맑음,교차로 - 교차로안,승용,남,51세,상해없음,승합,남,50세,경상
2017080800100103,2017년 8월 8일 08시,화요일,경상북도 경주시 동천동,경상사고,0,0,1,0,차대차 - 측면충돌,안전운전불이행,건조,맑음,교차로 - 교차로안,승용,여,62세,상해없음,승용,여,48세,경상
2017080800100104,2017년 8월 8일 08시,화요일,경상북도 포항시 북구 용흥동,경상사고,0,0,2,0,차대차 - 측면충돌,안전운전불이행,건조,맑음,단일로 - 기타,승용,남,51세,경상,승용,여,47세,경상
2017080800100142,2017년 8월 8일 09시,화요일,경상북도 포항시 북구 장성동,중상사고,0,1,0,0,차대차 - 측면충돌,안전운전불이행,건조,맑음,단일로 - 기타,승용,여,57세,중상,승용,남,61세,기타불명
2017080800100143,2017년 8월 8일 09시,화요일,경상북도 안동시 태화동,사망사고,1,0,0,0,차대차 - 측면충돌,안전운전불이행,건조,맑음,단일로 - 기타,이륜,남,70세,사망,승합,남,69세,상해없음
2017080800100144,2017년 8월 8일 09시,화요일,경상북도 문경시 모전동,경상사고,0,0,1,0,차대차 - 측면충돌,신호위반,건조,맑음,교차로 - 교차로안,승용,여,65세,상해없음,승용,여,55세,경상
2017080800100145,2017년 8월 8일 09시,화요일,경상북도 경산시 자인면,경상사고,0,0,1,0,차대차 - 기타,안전운전불이행,건조,맑음,단일로 - 기타,승용,여,45세,상해없음,이륜,여,64세,경상
2017080800100178,2017년 8월 8일 10시,화요일,경상북도 경주시 용강동,경상사고,0,0,2,0,차대차 - 추돌,안전운전불이행,건조,맑음,교차로 - 교차로부근,승용,여,38세,상해없음,승용,여,31세,경상
2017080800100179,2017년 8월 8일 10시,화요일,경상북도 영천시 완산동,경상사고,0,0,1,0,차대차 - 측면충돌,직진우회전진행방해,건조,맑음,교차로 - 교차로안,원동기,남,35세,경상,화물,남,66세,상해없음
2017080800100180,2017년 8월 8일 10시,화요일,경상북도 경산시 용성면,경상사고,0,0,1,0,차대차 - 측면충돌,안전운전불이행,건조,맑음,교차로 - 교차로안,이륜,남,77세,경상,승용,남,52세,상해없음
2017080800100181,2017년 8월 8일 10시,화요일,경상북도 포항시 남구 오천읍,중상사고,0,1,0,0,차대사람 - 길가장자리구역통행중,안전운전불이행,건조,맑음,단일로 - 기타,승용,여,63세,상해없음,보행자,남,47세,중상
2017080800100218,2017년 8월 8일 11시,화요일,경상북도 경주시 인왕동,중상사고,0,1,0,0,차대차 - 측면충돌,안전운전불이행,건조,맑음,단일로 - 기타,화물,남,51세,상해없음,승용,여,64세,중상
2017080800100219,2017년 8월 8일 11시,화요일,경상북도 경주시 황오동,경상사고,0,0,1,0,차대차 - 측면충돌,안전운전불이행,건조,맑음,단일로 - 기타,화물,남,58세,상해없음,승용,남,72세,경상
2017080800100281,2017년 8월 8일 13시,화요일,경상북도 포항시 북구 송라면,사망사고,1,0,0,0,차대사람 - 차도통행중,안전운전불이행,건조,맑음,단일로 - 기타,승용,여,45세,상해없음,보행자,여,65세,사망
2017080800100282,2017년 8월 8일 13시,화요일,경상북도 안동시 풍천면,경상사고,0,0,1,0,차대차 - 측면충돌,안전운전불이행,건조,맑음,단일로 - 기타,승용,여,50세,상해없음,승용,여,44세,경상
2017080800100283,2017년 8월 8일 13시,화요일,경상북도 김천시 신음동,경상사고,0,0,6,0,차대차 - 추돌,안전운전불이행,건조,맑음,단일로 - 기타,화물,남,65세,경상,승용,남,36세,상해없음
2017080800100284,2017년 8월 8일 13시,화요일,경상북도 문경시 점촌동,경상사고,0,0,2,0,차대차 - 측면충돌,직진우회전진행방해,건조,맑음,교차로 - 교차로안,승합,남,75세,경상,승용,남,78세,경상
2017080800100328,2017년 8월 8일 14시,화요일,경상북도 포항시 북구 흥해읍,경상사고,0,0,1,0,차대차 - 측면충돌,차로위반,건조,맑음,단일로 - 기타,승용,남,48세,상해없음,승합,남,55세,경상
2017080800100329,2017년 8월 8일 14시,화요일,경상북도 칠곡군 지천면,경상사고,0,0,1,0,차대차 - 측면충돌,안전운전불이행,건조,맑음,교차로 - 교차로안,승용,여,50세,경상,승용,남,50세,상해없음
2017080800100330,2017년 8월 8일 14시,화요일,경상북도 영천시 북안면,경상사고,0,0,3,0,차대차 - 측면충돌,안전운전불이행,건조,맑음,단일로 - 기타,화물,남,57세,상해없음,승용,여,53세,경상
2017080800100355,2017년 8월 8일 15시,화요일,경상북도 울진군 매화면,경상사고,0,0,1,0,차대차 - 측면충돌,안전운전불이행,건조,맑음,단일로 - 기타,승합,남,59세,상해없음,자전거,여,47세,경상
2017080800100379,2017년 8월 8일 16시,화요일,경상북도 경주시 황성동,경상사고,0,0,2,0,차대차 - 추돌,안전운전불이행,건조,맑음,단일로 - 교량,승용,남,49세,상해없음,승용,여,38세,경상
2017080800100380,2017년 8월 8일 16시,화요일,경상북도 영천시 대창면,경상사고,0,0,1,0,차대차 - 추돌,안전운전불이행,건조,맑음,단일로 - 기타,화물,남,69세,상해없음,승용,여,74세,경상
2017080800100381,2017년 8월 8일 16시,화요일,경상북도 영천시 망정동,경상사고,0,0,1,0,차대사람 - 횡단중,신호위반,건조,맑음,교차로 - 교차로안,승용,남,57세,상해없음,보행자,여,59세,경상
2017080800100410,2017년 8월 8일 17시,화요일,경상북도 칠곡군 가산면,중상사고,0,1,0,0,차대차 - 측면충돌,안전운전불이행,건조,맑음,단일로 - 기타,화물,남,55세,상해없음,화물,남,56세,중상
2017080800100441,2017년 8월 8일 18시,화요일,경상북도 상주시 복룡동,중상사고,0,1,0,0,차대차 - 측면충돌,안전운전불이행,건조,맑음,단일로 - 기타,자전거,남,76세,중상,승용,여,43세,상해없음
2017080800100478,2017년 8월 8일 19시,화요일,경상북도 경주시 현곡면,중상사고,0,1,0,0,차대차 - 추돌,안전운전불이행,건조,맑음,단일로 - 기타,승용,여,47세,상해없음,이륜,남,50세,중상
2017080800100479,2017년 8월 8일 19시,화요일,경상북도 포항시 북구 기계면,경상사고,0,0,1,0,차량단독 - 공작물충돌,안전운전불이행,건조,맑음,단일로 - 기타,승용,남,64세,경상,,,,
2017080800100510,2017년 8월 8일 20시,화요일,경상북도 김천시 개령면,중상사고,0,1,0,0,차대사람 - 차도통행중,안전운전불이행,건조,맑음,단일로 - 기타,승용,남,55세,상해없음,보행자,남,61세,중상
2017080800100511,2017년 8월 8일 20시,화요일,경상북도 영덕군 영덕읍,중상사고,0,1,0,0,차대차 - 측면충돌,안전운전불이행,건조,맑음,교차로 - 교차로안,승용,남,40세,상해없음,자전거,남,12세,중상
2017080800100540,2017년 8월 8일 21시,화요일,경상북도 포항시 북구 장성동,경상사고,0,0,1,0,차대차 - 측면충돌,안전운전불이행,건조,맑음,교차로 - 교차로안,승용,여,31세,경상,승용,남,49세,상해없음
2017080800100541,2017년 8월 8일 21시,화요일,경상북도 경산시 하양읍,경상사고,0,0,2,0,차대차 - 측면충돌,안전운전불이행,건조,맑음,단일로 - 기타,승합,남,56세,상해없음,승용,여,48세,경상
2017080800100542,2017년 8월 8일 21시,화요일,경상북도 포항시 남구 대잠동,경상사고,0,0,1,0,차대차 - 측면충돌,안전운전불이행,건조,맑음,단일로 - 기타,승용,여,57세,상해없음,승용,남,42세,경상
2017080800100543,2017년 8월 8일 21시,화요일,경상북도 성주군 용암면,경상사고,0,0,1,0,차대차 - 기타,안전운전불이행,건조,맑음,단일로 - 기타,승용,남,58세,상해없음,화물,남,51세,경상
2017080800100589,2017년 8월 8일 23시,화요일,경상북도 경산시 조영동,경상사고,0,0,1,0,차대사람 - 기타,교차로운행방법위반,건조,맑음,교차로 - 교차로안,승용,남,49세,상해없음,보행자,여,28세,경상
2017080900100029,2017년 8월 9일 00시,수요일,경상북도 안동시 옥동,경상사고,0,0,1,0,차대차 - 측면충돌,안전운전불이행,건조,맑음,단일로 - 기타,화물,남,42세,상해없음,이륜,남,23세,경상
2017080900100030,2017년 8월 9일 00시,수요일,경상북도 칠곡군 약목면,부상신고사고,0,0,0,1,차량단독 - 전도전복,안전운전불이행,젖음/습기,비,단일로 - 기타,승용,남,56세,부상신고,미분류,미분류,미분류,미분류
2017080900100080,2017년 8월 9일 05시,수요일,경상북도 칠곡군 석적읍,부상신고사고,0,0,0,1,차대차 - 정면충돌,안전운전불이행,젖음/습기,비,교차로 - 교차로안,승용,여,39세,부상신고,화물,남,33세,상해없음
2017080900100090,2017년 8월 9일 06시,수요일,경상북도 칠곡군 석적읍,부상신고사고,0,0,0,1,차량단독 - 전도전복,안전운전불이행,젖음/습기,흐림,단일로 - 기타,승용,남,23세,부상신고,미분류,미분류,미분류,미분류
2017080900100108,2017년 8월 9일 07시,수요일,경상북도 안동시 정하동,중상사고,0,1,0,0,차대차 - 추돌,안전거리미확보,건조,맑음,교차로 - 교차로안,화물,남,66세,상해없음,승용,남,62세,중상
2017080900100109,2017년 8월 9일 07시,수요일,경상북도 상주시 내서면,중상사고,0,1,1,0,차량단독 - 전도전복,안전운전불이행,젖음/습기,비,단일로 - 기타,승합,여,64세,상해없음,미분류,미분류,미분류,미분류
2017080900100110,2017년 8월 9일 07시,수요일,경상북도 영덕군 강구면,경상사고,0,0,3,0,차대차 - 측면충돌,직진우회전진행방해,젖음/습기,비,교차로 - 교차로안,화물,남,58세,상해없음,화물,남,29세,경상
2017080900100144,2017년 8월 9일 08시,수요일,경상북도 상주시 외서면,경상사고,0,0,2,0,차대사람 - 길가장자리구역통행중,안전운전불이행,젖음/습기,비,단일로 - 기타,화물,남,54세,상해없음,보행자,여,66세,경상
2017080900100145,2017년 8월 9일 08시,수요일,경상북도 봉화군 봉화읍,경상사고,0,0,2,0,차대차 - 추돌,교차로운행방법위반,젖음/습기,비,교차로 - 교차로안,승용,남,61세,상해없음,화물,남,42세,경상
2017080900100173,2017년 8월 9일 09시,수요일,경상북도 칠곡군 약목면,경상사고,0,0,1,0,차대사람 - 횡단중,안전운전불이행,젖음/습기,비,단일로 - 기타,승용,남,45세,상해없음,보행자,여,71세,경상