사고번호,사고일시,요일,시군구,사고내용,사망자수,중상자수,경상자수,부상신고자수,사고유형,법규위반,노면상태,기상상태,도로형태,가해운전자 차종,가해운전자 성별,가해운전자 연령,가해운전자 상해정도,피해운전자 차종,피해운전자 성별,피해운전자 연령,피해운전자 상해정도
2017080900100174,2017년 8월 9일 09시,수요일,경상북도 경산시 정평동,경상사고,0,0,1,0,차대차 - 기타,안전운전불이행,건조,맑음,단일로 - 기타,승용,여,55세,기타불명,승용,남,34세,경상
2017080900100175,2017년 8월 9일 09시,수요일,경상북도 구미시 사곡동,부상신고사고,0,0,0,1,차대차 - 기타,안전운전불이행,건조,맑음,교차로 - 교차로안,이륜,남,76세,부상신고,승용,여,53세,상해없음
2017080900100176,2017년 8월 9일 09시,수요일,경상북도 구미시,중상사고,0,1,1,0,차대차 - 정면충돌,중앙선침범,젖음/습기,비,기타 - 기타,화물,남,60세,상해없음,승용,남,70세,중상
2017080900100212,2017년 8월 9일 10시,수요일,경상북도 영덕군 영해면,중상사고,0,1,3,1,차대차 - 측면충돌,교차로운행방법위반,건조,맑음,교차로 - 교차로안,화물,남,70세,중상,승용,남,31세,부상신고
2017080900100231,2017년 8월 9일 11시,수요일,경상북도 경주시 외동읍,경상사고,0,0,1,0,차대차 - 측면충돌,안전운전불이행,젖음/습기,비,단일로 - 기타,화물,남,30세,상해없음,승용,남,58세,상해없음
2017080900100232,2017년 8월 9일 11시,수요일,경상북도 포항시 북구 청하면,경상사고,0,0,3,0,차대차 - 추돌,안전거리미확보,건조,맑음,단일로 - 기타,승용,남,63세,상해없음,승용,여,40세,경상
2017080900100233,2017년 8월 9일 11시,수요일,경상북도 칠곡군 왜관읍,경상사고,0,0,2,0,차대차 - 측면충돌,안전운전불이행,건조,맑음,단일로 - 기타,건설기계,남,33세,기타불명,승용,남,58세,경상
2017080900100234,2017년 8월 9일 11시,수요일,경상북도 경산시 계양동,사망사고,1,0,0,0,차대차 - 기타,안전운전불이행,건조,맑음,기타 - 기타,이륜,남,25세,사망,화물,남,68세,기타불명
2017080900100276,2017년 8월 9일 12시,수요일,경상북도 경주시 외동읍,중상사고,0,2,0,0,차대차 - 측면충돌,중앙선침범,젖음/습기,비,단일로 - 기타,화물,남,39세,상해없음,승용,남,59세,중상
2017080900100277,2017년 8월 9일 12시,수요일,경상북도 포항시 북구 장성동,중상사고,0,1,0,0,차대차 - 측면충돌,안전운전불이행,건조,맑음,교차로 - 교차로횡단보도내,승용,여,27세,상해없음,자전거,남,11세,중상
2017080900100278,2017년 8월 9일 12시,수요일,경상북도 칠곡군 왜관읍,경상사고,0,0,1,0,차대사람 - 길가장자리구역통행중,안전운전불이행,건조,흐림,단일로 - 기타,승용,남,25세,상해없음,보행자,남,10세,경상
2017080900100279,2017년 8월 9일 12시,수요일,경상북도 포항시 남구 지곡동,경상사고,0,0,1,0,차대차 - 측면충돌,안전운전불이행,건조,맑음,교차로 - 교차로횡단보도내,승용,여,37세,상해없음,자전거,남,11세,경상
2017080900100305,2017년 8월 9일 13시,수요일,경상북도 경주시 사정동,중상사고,0,1,0,0,차대차 - 기타,안전운전불이행,건조,맑음,교차로 - 교차로횡단보도내,승용,여,44세,상해없음,자전거,여,77세,중상
2017080900100306,2017년 8월 9일 13시,수요일,경상북도 포항시 북구 죽도동,경상사고,0,0,1,0,차대차 - 정면충돌,안전운전불이행,건조,맑음,교차로 - 교차로안,승용,남,42세,상해없음,이륜,여,35세,경상
2017080900100307,2017년 8월 9일 13시,수요일,경상북도 문경시 모전동,경상사고,0,0,2,0,차대차 - 측면충돌,안전운전불이행,젖음/습기,비,교차로 - 교차로안,승용,남,70세,상해없음,승용,남,46세,경상
2017080900100308,2017년 8월 9일 13시,수요일,경상북도 구미시 송정동,경상사고,0,0,1,0,차대차 - 추돌,안전운전불이행,건조,맑음,교차로 - 교차로부근,승용,남,48세,상해없음,승용,여,39세,경상
2017080900100309,2017년 8월 9일 13시,수요일,경상북도 구미시 송정동,경상사고,0,0,1,0,차대차 - 기타,중앙선침범,젖음/습기,비,교차로 - 교차로부근,승용,여,60세,상해없음,이륜,남,34세,경상
2017080900100338,2017년 8월 9일 14시,수요일,경상북도 포항시 북구 죽도동,중상사고,0,1,0,0,차대차 - 추돌,안전운전불이행,젖음/습기,비,단일로 - 기타,승용,남,68세,상해없음,승용,여,53세,상해없음
2017080900100339,2017년 8월 9일 14시,수요일,경상북도 상주시 남장동,중상사고,0,1,0,0,차대사람 - 횡단중,안전운전불이행,젖음/습기,비,단일로 - 교량,승용,남,58세,상해없음,보행자,남,67세,중상
2017080900100365,2017년 8월 9일 15시,수요일,경상북도 안동시 삼산동,부상신고사고,0,0,0,1,차대차 - 측면충돌,안전운전불이행,젖음/습기,비,주차장 - 주차장,승용,남,70세,상해없음,승용,남,36세,상해없음
2017080900100366,2017년 8월 9일 15시,수요일,경상북도 경산시 옥산동,경상사고,0,0,4,0,차대차 - 측면충돌,안전거리미확보,젖음/습기,비,단일로 - 기타,화물,남,34세,상해없음,화물,남,47세,상해없음
2017080900100367,2017년 8월 9일 15시,수요일,경상북도 문경시 문경읍,중상사고,0,1,1,0,차대차 - 추돌,안전운전불이행,젖음/습기,비,기타 - 기타,승용,여,38세,상해없음,승용,남,41세,중상
2017080900100468,2017년 8월 9일 18시,수요일,경상북도 경주시 건천읍,경상사고,0,0,2,0,차대차 - 측면충돌,안전운전불이행,젖음/습기,흐림,단일로 - 기타,화물,남,58세,상해없음,승용,여,38세,경상
2017080900100469,2017년 8월 9일 18시,수요일,경상북도 김천시 봉산면,경상사고,0,0,1,0,차대차 - 측면충돌,안전운전불이행,건조,맑음,교차로 - 교차로부근,승용,여,38세,상해없음,승용,남,31세,경상
2017080900100470,2017년 8월 9일 18시,수요일,경상북도 상주시 무양동,경상사고,0,0,2,0,차대차 - 측면충돌,안전운전불이행,젖음/습기,비,교차로 - 교차로부근,승용,남,36세,상해없음,승용,남,69세,경상
2017080900100471,2017년 8월 9일 18시,수요일,경상북도 칠곡군 지천면,경상사고,0,0,1,0,차량단독 - 전도전복,안전운전불이행,건조,맑음,단일로 - 기타,승용,남,57세,경상,미분류,미분류,미분류,미분류
2017080900100511,2017년 8월 9일 19시,수요일,경상북도 경주시 안강읍,경상사고,0,0,1,0,차대차 - 측면충돌,안전운전불이행,건조,맑음,교차로 - 교차로안,화물,남,27세,상해없음,승용,여,54세,경상
2017080900100512,2017년 8월 9일 19시,수요일,경상북도 포항시 북구 송라면,경상사고,0,0,1,0,차대차 - 측면충돌,안전운전불이행,젖음/습기,비,단일로 - 기타,승용,여,37세,상해없음,승합,남,43세,상해없음
2017080900100549,2017년 8월 9일 20시,수요일,경상북도 영주시 휴천동,경상사고,0,0,2,0,차대차 - 측면충돌,안전운전불이행,젖음/습기,비,교차로 - 교차로부근,화물,남,54세,경상,승용,남,27세,경상
2017080900100583,2017년 8월 9일 21시,수요일,경상북도 구미시 공단동,경상사고,0,0,1,0,차대차 - 측면충돌,신호위반,건조,맑음,교차로 - 교차로안,이륜,남,68세,경상,승용,남,18세,상해없음
2017080900100584,2017년 8월 9일 21시,수요일,경상북도 영주시 풍기읍,중상사고,0,4,1,0,차대차 - 추돌,안전운전불이행,건조,맑음,단일로 - 기타,화물,남,51세,상해없음,승용,남,56세,중상
2017080900100660,2017년 8월 9일 23시,수요일,경상북도 경주시 황성동,중상사고,0,1,0,0,차대차 - 측면충돌,안전운전불이행,젖음/습기,비,교차로 - 교차로안,화물,남,47세,상해없음,승용,여,50세,중상
2017080900100661,2017년 8월 9일 23시,수요일,경상북도 경산시 옥산동,중상사고,0,1,0,0,차대사람 - 횡단중,안전운전불이행,젖음/습기,비,단일로 - 기타,승용,여,46세,상해없음,보행자,여,56세,중상
2017081000100122,2017년 8월 10일 07시,목요일,경상북도 칠곡군 석적읍,경상사고,0,0,4,0,차대차 - 측면충돌,교차로운행방법위반,젖음/습기,비,교차로 - 교차로안,승용,남,31세,경상,승용,남,56세,상해없음
2017081000100157,2017년 8월 10일 08시,목요일,경상북도 경주시 외동읍,경상사고,0,0,1,0,차대사람 - 보도통행중,안전운전불이행,건조,맑음,기타 - 기타,승합,남,59세,상해없음,보행자,남,52세,경상
2017081000100158,2017년 8월 10일 08시,목요일,경상북도 김천시 부곡동,부상신고사고,0,0,0,1,차대차 - 기타,안전운전불이행,건조,맑음,교차로 - 교차로안,화물,남,57세,상해없음,자전거,남,85세,부상신고
2017081000100195,2017년 8월 10일 09시,목요일,경상북도 경주시 성건동,경상사고,0,0,1,0,차대차 - 측면충돌,안전운전불이행,젖음/습기,흐림,교차로 - 교차로안,승합,남,49세,상해없음,자전거,남,22세,경상
2017081000100196,2017년 8월 10일 09시,목요일,경상북도 안동시 남후면,경상사고,0,0,3,0,차대차 - 측면충돌,안전운전불이행,젖음/습기,비,단일로 - 기타,화물,남,35세,상해없음,승용,여,56세,경상
2017081000100197,2017년 8월 10일 09시,목요일,경상북도 영주시 이산면,경상사고,0,0,1,0,차량단독 - 도로외이탈 - 기타,안전운전불이행,젖음/습기,비,기타 - 기타,승용,남,63세,경상,,,,
2017081000100236,2017년 8월 10일 10시,목요일,경상북도 경주시 외동읍,중상사고,0,1,0,0,차량단독 - 전도전복,안전운전불이행,건조,맑음,단일로 - 기타,화물,남,41세,중상,미분류,미분류,미분류,미분류
2017081000100257,2017년 8월 10일 11시,목요일,경상북도 경주시 보문동,중상사고,0,1,0,0,차대차 - 정면충돌,중앙선침범,젖음/습기,비,단일로 - 기타,화물,남,28세,상해없음,승합,남,39세,중상
2017081000100284,2017년 8월 10일 12시,목요일,경상북도 포항시 북구 흥해읍,경상사고,0,0,3,0,차대차 - 추돌,안전거리미확보,건조,맑음,단일로 - 기타,화물,남,43세,상해없음,승용,남,36세,경상
2017081000100285,2017년 8월 10일 12시,목요일,경상북도 영주시 안정면,경상사고,0,0,2,2,차대차 - 측면충돌,안전운전불이행,건조,흐림,교차로 - 교차로안,화물,남,71세,상해없음,승용,여,57세,경상
2017081000100286,2017년 8월 10일 12시,목요일,경상북도 구미시 옥성면,부상신고사고,0,0,0,1,차량단독 - 공작물충돌,안전운전불이행,건조,맑음,단일로 - 기타,화물,남,33세,부상신고,,,,
2017081000100320,2017년 8월 10일 13시,목요일,경상북도 상주시 인봉동,경상사고,0,0,1,0,차대사람 - 기타,안전운전불이행,건조,흐림,교차로 - 교차로안,승합,남,63세,상해없음,보행자,여,62세,경상
2017081000100321,2017년 8월 10일 13시,목요일,경상북도 영천시 완산동,경상사고,0,0,1,0,차대차 - 추돌,안전거리미확보,젖음/습기,비,단일로 - 기타,승용,남,73세,상해없음,승용,남,62세,경상
2017081000100322,2017년 8월 10일 13시,목요일,경상북도 성주군 선남면,중상사고,0,1,1,0,차량단독 - 전도전복 - 전도,안전운전불이행,건조,맑음,기타 - 기타,화물,남,65세,경상,,,,
2017081000100323,2017년 8월 10일 13시,목요일,경상북도 포항시 남구 상도동,경상사고,0,0,1,0,차대차 - 기타,안전운전불이행,젖음/습기,비,교차로 - 교차로안,승용,여,64세,상해없음,이륜,남,35세,경상
2017081000100350,2017년 8월 10일 14시,목요일,경상북도 경주시 성건동,경상사고,0,0,2,0,차대차 - 추돌,안전운전불이행,젖음/습기,비,교차로 - 교차로부근,화물,남,64세,상해없음,승용,남,35세,경상
2017081000100351,2017년 8월 10일 14시,목요일,경상북도 경산시 대평동,경상사고,0,0,1,0,차대차 - 정면충돌,안전운전불이행,젖음/습기,맑음,교차로 - 교차로안,화물,남,48세,상해없음,화물,남,39세,경상
2017081000100352,2017년 8월 10일 14시,목요일,경상북도 청도군 풍각면,중상사고,0,1,1,0,차대차 - 측면충돌,안전운전불이행,건조,맑음,단일로 - 기타,승용,여,74세,상해없음,화물,기타불명,미분류,기타불명
2017081000100383,2017년 8월 10일 15시,목요일,경상북도 문경시 동로면,경상사고,0,0,1,1,차대차 - 기타,안전운전불이행,젖음/습기,비,단일로 - 기타,화물,남,51세,부상신고,승용,남,55세,경상
2017081000100384,2017년 8월 10일 15시,목요일,경상북도 구미시 비산동,중상사고,0,1,0,0,차대차 - 추돌,안전운전불이행,건조,맑음,단일로 - 기타,승용,남,30세,상해없음,승용,여,51세,중상
2017081000100423,2017년 8월 10일 16시,목요일,경상북도 영주시 가흥동,경상사고,0,0,2,0,차대차 - 측면충돌,교차로운행방법위반,젖음/습기,흐림,교차로 - 교차로안,승용,남,62세,경상,승용,여,50세,경상
2017081000100424,2017년 8월 10일 16시,목요일,경상북도 경산시 갑제동,경상사고,0,0,2,0,차대차 - 정면충돌,중앙선침범,젖음/습기,비,교차로 - 교차로부근,화물,남,73세,상해없음,승용,여,41세,경상
2017081000100425,2017년 8월 10일 16시,목요일,경상북도 경산시 임당동,경상사고,0,0,1,0,차대차 - 기타,교차로운행방법위반,건조,맑음,교차로 - 교차로안,승용,남,63세,상해없음,승용,남,31세,경상
2017081000100426,2017년 8월 10일 16시,목요일,경상북도 구미시 지산동,경상사고,0,0,1,0,차대차 - 측면충돌,직진우회전진행방해,건조,맑음,단일로 - 기타,화물,남,61세,상해없음,자전거,여,43세,경상
2017081000100468,2017년 8월 10일 17시,목요일,경상북도 경주시 안강읍,경상사고,0,0,1,0,차대차 - 측면충돌,안전운전불이행,젖음/습기,비,교차로 - 교차로부근,승용,남,41세,상해없음,화물,남,48세,경상
2017081000100469,2017년 8월 10일 17시,목요일,경상북도 안동시 송현동,경상사고,0,0,1,0,차대차 - 추돌,안전운전불이행,젖음/습기,비,단일로 - 기타,승용,남,57세,상해없음,승용,남,59세,상해없음
2017081000100505,2017년 8월 10일 18시,목요일,경상북도 경주시 외동읍,경상사고,0,0,1,0,차대차 - 측면충돌,안전운전불이행,젖음/습기,비,단일로 - 기타,승용,남,47세,상해없음,승용,남,46세,경상
2017081000100506,2017년 8월 10일 18시,목요일,경상북도 포항시 북구 장성동,중상사고,0,1,0,0,차대차 - 측면충돌,교차로운행방법위반,젖음/습기,비,교차로 - 교차로부근,승용,여,28세,상해없음,이륜,남,58세,중상
2017081000100507,2017년 8월 10일 18시,목요일,경상북도 칠곡군 북삼읍,부상신고사고,0,0,0,1,차대차 - 추돌,안전운전불이행,건조,맑음,단일로 - 기타,승합,남,56세,상해없음,승용,여,40세,부상신고
2017081000100508,2017년 8월 10일 18시,목요일,경상북도 구미시 상모동,중상사고,0,1,0,0,차대사람 - 횡단중,보행자보호의무위반,건조,맑음,단일로 - 기타,이륜,남,47세,기타불명,보행자,남,9세,중상
2017081000100509,2017년 8월 10일 18시,목요일,경상북도 포항시 남구 연일읍,중상사고,0,2,3,0,차대차 - 기타,안전운전불이행,젖음/습기,비,단일로 - 기타,승용,여,43세,경상,승용,남,43세,경상
2017081000100535,2017년 8월 10일 19시,목요일,경상북도 경주시 성동동,중상사고,0,2,4,0,차대차 - 추돌,안전운전불이행,젖음/습기,비,교차로 - 교차로횡단보도내,승용,남,57세,중상,승용,여,45세,경상
2017081000100536,2017년 8월 10일 19시,목요일,경상북도 안동시 태화동,중상사고,0,1,0,0,차대차 - 측면충돌,안전거리미확보,건조,맑음,단일로 - 기타,자전거,남,77세,중상,화물,남,23세,상해없음
2017081000100537,2017년 8월 10일 19시,목요일,경상북도 영천시 문외동,경상사고,0,0,1,0,차대사람 - 횡단중,보행자보호의무위반,젖음/습기,흐림,단일로 - 기타,원동기,남,28세,상해없음,보행자,여,61세,경상
2017081000100538,2017년 8월 10일 19시,목요일,경상북도 경산시 사정동,경상사고,0,0,1,1,차대차 - 추돌,안전거리미확보,젖음/습기,흐림,교차로 - 교차로안,이륜,남,35세,부상신고,승용,남,31세,경상
2017081000100571,2017년 8월 10일 20시,목요일,경상북도 경주시 안강읍,중상사고,0,1,0,0,차량단독 - 전도전복 - 전도,안전운전불이행,젖음/습기,비,단일로 - 기타,자전거,남,49세,중상,,,,
2017081000100572,2017년 8월 10일 20시,목요일,경상북도 포항시 북구 흥해읍,경상사고,0,0,2,0,차대차 - 측면충돌,직진우회전진행방해,젖음/습기,비,교차로 - 교차로안,승용,남,60세,상해없음,승용,여,40세,경상
2017081000100573,2017년 8월 10일 20시,목요일,경상북도 상주시 남성동,경상사고,0,0,1,0,차대사람 - 횡단중,안전운전불이행,건조,맑음,교차로 - 교차로안,승용,남,54세,상해없음,보행자,남,16세,경상
2017081000100574,2017년 8월 10일 20시,목요일,경상북도 의성군 안계면,중상사고,0,1,0,0,차대사람 - 차도통행중,안전운전불이행,건조,기타,기타 - 기타,승용,여,74세,상해없음,보행자,여,44세,중상
2017081000100575,2017년 8월 10일 20시,목요일,경상북도 영천시 망정동,경상사고,0,0,2,0,차대차 - 측면충돌,교차로운행방법위반,젖음/습기,비,교차로 - 교차로안,승용,남,70세,경상,승용,남,30세,경상
2017081000100576,2017년 8월 10일 20시,목요일,경상북도 구미시 옥계동,중상사고,0,1,0,0,차대차 - 측면충돌,안전운전불이행,건조,맑음,교차로 - 교차로안,승용,남,29세,상해없음,이륜,남,47세,중상
2017081000100638,2017년 8월 10일 22시,목요일,경상북도 경주시 안강읍,경상사고,0,0,1,0,차량단독 - 전도전복 - 전도,안전운전불이행,젖음/습기,비,단일로 - 기타,화물,남,36세,경상,,,,
2017081000100639,2017년 8월 10일 22시,목요일,경상북도 포항시 북구 장성동,경상사고,0,0,1,0,차대사람 - 차도통행중,안전운전불이행,건조,맑음,단일로 - 기타,승용,여,24세,상해없음,보행자,남,31세,경상
2017081000100640,2017년 8월 10일 22시,목요일,경상북도 포항시 북구 학산동,중상사고,0,1,0,0,차대사람 - 횡단중,보행자보호의무위반,건조,맑음,교차로 - 교차로횡단보도내,승용,여,37세,상해없음,보행자,남,22세,중상
2017081000100641,2017년 8월 10일 22시,목요일,경상북도 칠곡군 약목면,경상사고,0,0,1,0,차대차 - 측면충돌,신호위반,건조,맑음,교차로 - 교차로부근,승용,남,51세,상해없음,화물,남,63세,경상
2017081000100642,2017년 8월 10일 22시,목요일,경상북도 고령군 대가야읍,중상사고,0,1,2,0,차대사람 - 횡단중,안전운전불이행,건조,맑음,기타 - 기타,승용,남,60세,상해없음,보행자,여,57세,중상
2017081000100643,2017년 8월 10일 22시,목요일,경상북도 구미시 인의동,경상사고,0,0,1,0,차대사람 - 횡단중,신호위반,건조,맑음,교차로 - 교차로안,승용,남,30세,상해없음,보행자,남,29세,경상
2017081000100644,2017년 8월 10일 22시,목요일,경상북도 포항시 남구 오천읍,부상신고사고,0,0,0,1,차대차 - 기타,안전운전불이행,건조,맑음,단일로 - 기타,승용,남,68세,상해없음,이륜,남,17세,부상신고
2017081000100678,2017년 8월 10일 23시,목요일,경상북도 안동시 법흥동,경상사고,0,0,2,0,차대차 - 기타,안전운전불이행,건조,맑음,교차로 - 교차로부근,승용,여,48세,상해없음,승용,남,28세,경상
2017081000100679,2017년 8월 10일 23시,목요일,경상북도 영천시 망정동,경상사고,0,0,3,0,차대차 - 측면충돌,직진우회전진행방해,건조,맑음,교차로 - 교차로안,화물,남,22세,경상,승용,남,52세,경상
2017081100100070,2017년 8월 11일 03시,금요일,경상북도 구미시 원평동,경상사고,0,0,1,0,차대차 - 측면충돌,안전운전불이행,건조,맑음,단일로 - 기타,승용,남,53세,기타불명,승용,남,42세,경상
2017081100100086,2017년 8월 11일 05시,금요일,경상북도 경주시 외동읍,사망사고,1,0,0,0,차량단독 - 전도전복,안전운전불이행,건조,맑음,단일로 - 기타,농기계,남,78세,사망,미분류,미분류,미분류,미분류
2017081100100174,2017년 8월 11일 09시,금요일,경상북도 영주시 가흥동,경상사고,0,0,2,1,차대차 - 추돌,안전운전불이행,건조,맑음,교차로 - 교차로부근,승용,남,73세,경상,승용,남,56세,경상
2017081100100202,2017년 8월 11일 10시,금요일,경상북도 경산시 하양읍,중상사고,0,2,2,0,차대차 - 기타,직진우회전진행방해,건조,맑음,교차로 - 교차로안,승용,남,65세,상해없음,승용,남,33세,경상
2017081100100234,2017년 8월 11일 11시,금요일,경상북도 영주시 문수면,경상사고,0,0,1,0,차대차 - 측면충돌,안전운전불이행,건조,맑음,단일로 - 기타,농기계,여,72세,경상,승용,남,52세,상해없음
2017081100100235,2017년 8월 11일 11시,금요일,경상북도 포항시 남구 청림동,경상사고,0,0,1,0,차대차 - 기타,안전운전불이행,건조,맑음,교차로 - 교차로부근,화물,남,39세,상해없음,승용,남,22세,경상
2017081100100279,2017년 8월 11일 12시,금요일,경상북도 안동시 정하동,경상사고,0,0,1,0,차대차 - 측면충돌,교차로운행방법위반,건조,맑음,교차로 - 교차로안,화물,남,27세,경상,화물,남,47세,상해없음
2017081100100280,2017년 8월 11일 12시,금요일,경상북도 상주시 모서면,경상사고,0,0,1,0,차대차 - 기타,중앙선침범,건조,맑음,단일로 - 기타,승용,남,60세,상해없음,승용,남,61세,경상
2017081100100281,2017년 8월 11일 12시,금요일,경상북도 울진군 죽변면,부상신고사고,0,0,0,1,차대차 - 추돌,안전거리미확보,젖음/습기,흐림,단일로 - 기타,자전거,남,76세,부상신고,승용,남,42세,상해없음
2017081100100313,2017년 8월 11일 13시,금요일,경상북도 청도군 각북면,경상사고,0,0,6,0,차대차 - 측면충돌,안전운전불이행,건조,맑음,단일로 - 기타,승용,여,60세,경상,화물,남,48세,경상
2017081100100353,2017년 8월 11일 14시,금요일,경상북도 포항시 북구 청하면,중상사고,0,1,1,0,차량단독 - 전도전복 - 전도,안전운전불이행,건조,맑음,단일로 - 기타,승용,여,40세,상해없음,,,,
2017081100100354,2017년 8월 11일 14시,금요일,경상북도 상주시 화서면,경상사고,0,0,2,0,차대차 - 기타,중앙선침범,젖음/습기,비,단일로 - 기타,특수,남,52세,상해없음,승합,남,26세,경상
2017081100100355,2017년 8월 11일 14시,금요일,경상북도 청도군 금천면,경상사고,0,0,1,0,차대차 - 측면충돌,중앙선침범,건조,맑음,기타 - 기타,승용,남,37세,상해없음,승용,남,62세,경상
2017081100100391,2017년 8월 11일 15시,금요일,경상북도 상주시 무양동,경상사고,0,0,1,0,차대차 - 추돌,안전거리미확보,건조,맑음,교차로 - 교차로부근,승용,남,49세,상해없음,승용,남,70세,경상
2017081100100392,2017년 8월 11일 15시,금요일,경상북도 의성군 금성면,중상사고,0,1,0,0,차대차 - 후진중충돌,안전운전불이행,건조,맑음,단일로 - 기타,화물,남,54세,상해없음,이륜,남,83세,중상
2017081100100393,2017년 8월 11일 15시,금요일,경상북도 구미시 공단동,경상사고,0,0,2,0,차대차 - 추돌,안전거리미확보,건조,맑음,교차로 - 교차로부근,승용,남,51세,상해없음,승용,남,27세,경상
2017081100100445,2017년 8월 11일 16시,금요일,경상북도 상주시 냉림동,경상사고,0,0,1,0,차대차 - 측면충돌,안전거리미확보,건조,맑음,단일로 - 기타,승용,여,68세,상해없음,승용,여,43세,경상
2017081100100446,2017년 8월 11일 16시,금요일,경상북도 상주시 공성면,중상사고,0,1,0,0,차대차 - 측면충돌,안전운전불이행,건조,맑음,단일로 - 기타,화물,남,58세,상해없음,이륜,남,76세,중상
2017081100100531,2017년 8월 11일 18시,금요일,경상북도 영천시 문내동,경상사고,0,0,1,0,차대사람 - 횡단중,안전운전불이행,건조,맑음,교차로 - 교차로안,승용,여,33세,상해없음,보행자,남,37세,경상
2017081100100532,2017년 8월 11일 18시,금요일,경상북도 성주군 용암면,사망사고,1,0,0,0,차대사람 - 기타,안전운전불이행,건조,맑음,단일로 - 기타,화물,남,58세,상해없음,보행자,여,68세,사망
2017081100100533,2017년 8월 11일 18시,금요일,경상북도 구미시 사곡동,경상사고,0,0,1,0,차대차 - 추돌,안전운전불이행,건조,흐림,기타 - 기타,화물,남,62세,상해없음,승용,남,37세,경상
2017081100100574,2017년 8월 11일 19시,금요일,경상북도 안동시 옥동,중상사고,0,1,0,0,차대사람 - 횡단중,안전운전불이행,건조,맑음,단일로 - 기타,승합,여,40세,상해없음,보행자,여,5세,중상
2017081100100575,2017년 8월 11일 19시,금요일,경상북도 안동시 법상동,경상사고,0,0,1,1,차대차 - 측면충돌,안전운전불이행,건조,맑음,단일로 - 기타,승용,남,24세,경상,승용,남,45세,부상신고
2017081100100576,2017년 8월 11일 19시,금요일,경상북도 영주시 가흥동,경상사고,0,0,1,0,차대차 - 측면충돌,교차로운행방법위반,건조,맑음,교차로 - 교차로안,승용,남,62세,상해없음,이륜,남,17세,경상
2017081100100577,2017년 8월 11일 19시,금요일,경상북도 칠곡군 왜관읍,경상사고,0,0,1,0,차대차 - 기타,안전운전불이행,건조,맑음,단일로 - 기타,승용,남,44세,상해없음,승용,남,26세,경상
2017081100100578,2017년 8월 11일 19시,금요일,경상북도 영천시 임고면,중상사고,0,1,0,0,차대차 - 기타,교차로운행방법위반,건조,맑음,교차로 - 교차로안,화물,남,69세,상해없음,자전거,남,24세,중상
2017081100100579,2017년 8월 11일 19시,금요일,경상북도 성주군 성주읍,경상사고,0,0,1,0,차대차 - 기타,안전운전불이행,건조,맑음,단일로 - 기타,화물,남,66세,상해없음,승용,남,45세,경상
2017081100100622,2017년 8월 11일 20시,금요일,경상북도 김천시 부곡동,경상사고,0,0,1,0,차량단독 - 전도전복,안전운전불이행,젖음/습기,비,교차로 - 교차로부근,이륜,남,56세,경상,미분류,미분류,미분류,미분류
2017081100100623,2017년 8월 11일 20시,금요일,경상북도 칠곡군 기산면,경상사고,0,0,5,0,차대차 - 측면충돌,안전운전불이행,건조,맑음,기타 - 기타,승용,남,31세,상해없음,승용,남,33세,경상
2017081100100624,2017년 8월 11일 20시,금요일,경상북도 포항시 남구 오천읍,경상사고,0,0,1,0,차대차 - 기타,신호위반,건조,맑음,교차로 - 교차로안,이륜,남,17세,경상,승용,남,50세,상해없음
2017081100100662,2017년 8월 11일 21시,금요일,경상북도 포항시 남구 대잠동,경상사고,0,0,1,0,차대차 - 측면충돌,안전운전불이행,건조,흐림,단일로 - 기타,승용,남,19세,상해없음,승용,남,38세,경상
2017081100100663,2017년 8월 11일 21시,금요일,경상북도 포항시 남구 상도동,경상사고,0,0,1,0,차대차 - 추돌,안전거리미확보,건조,맑음,교차로 - 교차로부근,승용,남,33세,상해없음,승용,남,70세,경상
2017081100100684,2017년 8월 11일 22시,금요일,경상북도 구미시 도량동,경상사고,0,0,1,0,차대차 - 측면충돌,안전거리미확보,건조,흐림,단일로 - 기타,승용,남,47세,상해없음,이륜,남,23세,경상
2017081100100714,2017년 8월 11일 23시,금요일,경상북도 포항시 남구 오천읍,경상사고,0,0,1,0,차대차 - 추돌,안전운전불이행,건조,맑음,단일로 - 기타,기타불명,기타불명,미분류,기타불명,승용,남,50세,상해없음
2017081200100055,2017년 8월 12일 01시,토요일,경상북도 포항시 북구 창포동,중상사고,0,2,0,0,차대차 - 측면충돌,차로위반,건조,맑음,단일로 - 기타,승용,남,36세,상해없음,승용,남,53세,중상
2017081200100056,2017년 8월 12일 01시,토요일,경상북도 포항시 북구 양덕동,경상사고,0,0,1,0,차대차 - 추돌,안전운전불이행,건조,맑음,단일로 - 기타,승용,남,39세,상해없음,승용,남,35세,경상
2017081200100057,2017년 8월 12일 01시,토요일,경상북도 포항시 북구 장성동,경상사고,0,0,1,0,차대차 - 측면충돌,직진우회전진행방해,건조,맑음,교차로 - 교차로안,승용,남,72세,상해없음,승용,여,20세,경상
2017081200100058,2017년 8월 12일 01시,토요일,경상북도 포항시 남구 연일읍,중상사고,0,1,0,0,차량단독 - 기타,안전운전불이행,건조,맑음,단일로 - 기타,승용,여,32세,중상,,,,
2017081200100082,2017년 8월 12일 03시,토요일,경상북도 고령군 성산면,중상사고,0,1,0,0,차대차 - 추돌,안전운전불이행,건조,맑음,단일로 - 기타,승용,남,33세,상해없음,화물,남,56세,중상