사고번호,사고일시,요일,시군구,사고내용,사망자수,중상자수,경상자수,부상신고자수,사고유형,법규위반,노면상태,기상상태,도로형태,가해운전자 차종,가해운전자 성별,가해운전자 연령,가해운전자 상해정도,피해운전자 차종,피해운전자 성별,피해운전자 연령,피해운전자 상해정도
2017081500100137,2017년 8월 15일 07시,화요일,경상북도 경주시 양북면,중상사고,0,1,2,0,차대차 - 측면충돌,신호위반,젖음/습기,비,교차로 - 교차로안,승용,남,61세,경상,승용,남,42세,상해없음
2017081500100144,2017년 8월 15일 08시,화요일,경상북도 경주시 안강읍,중상사고,0,1,0,0,차대차 - 추돌,안전운전불이행,젖음/습기,비,교차로 - 교차로부근,화물,남,47세,상해없음,승용,남,63세,중상
2017081500100145,2017년 8월 15일 08시,화요일,경상북도 경주시 감포읍,경상사고,0,0,1,0,차량단독 - 전도전복,안전운전불이행,젖음/습기,비,교차로 - 교차로부근,원동기,남,55세,경상,미분류,미분류,미분류,미분류
2017081500100146,2017년 8월 15일 08시,화요일,경상북도 칠곡군 약목면,부상신고사고,0,0,0,1,차대차 - 측면충돌,교차로운행방법위반,건조,맑음,교차로 - 교차로부근,건설기계,남,26세,상해없음,승용,여,50세,부상신고
2017081500100147,2017년 8월 15일 08시,화요일,경상북도 구미시 산동면,경상사고,0,0,1,0,차대차 - 측면충돌,신호위반,젖음/습기,비,교차로 - 교차로안,화물,남,82세,상해없음,승용,남,40세,경상
2017081500100166,2017년 8월 15일 09시,화요일,경상북도 안동시 광석동,중상사고,0,1,0,0,차대사람 - 횡단중,보행자보호의무위반,건조,맑음,교차로 - 교차로안,승용,남,26세,상해없음,보행자,여,74세,중상
2017081500100167,2017년 8월 15일 09시,화요일,경상북도 구미시 광평동,경상사고,0,0,1,0,차대차 - 측면충돌,신호위반,건조,맑음,교차로 - 교차로안,화물,남,61세,상해없음,화물,남,46세,경상
2017081500100208,2017년 8월 15일 12시,화요일,경상북도 안동시 옥동,경상사고,0,0,4,0,차대차 - 측면충돌,교차로운행방법위반,건조,흐림,교차로 - 교차로안,승용,여,32세,상해없음,화물,남,72세,경상
2017081500100209,2017년 8월 15일 12시,화요일,경상북도 김천시 농소면,중상사고,0,1,1,0,차대차 - 측면충돌,신호위반,젖음/습기,흐림,교차로 - 교차로안,승용,남,42세,상해없음,승용,남,55세,경상
2017081500100210,2017년 8월 15일 12시,화요일,경상북도 포항시 남구 이동,경상사고,0,0,1,0,차대차 - 측면충돌,안전운전불이행,젖음/습기,비,교차로 - 교차로안,승용,여,39세,상해없음,승용,여,54세,경상
2017081500100228,2017년 8월 15일 13시,화요일,경상북도 경주시 서부동,중상사고,0,1,0,0,차대사람 - 횡단중,보행자보호의무위반,건조,맑음,교차로 - 교차로횡단보도내,화물,여,62세,상해없음,보행자,여,58세,중상
2017081500100229,2017년 8월 15일 13시,화요일,경상북도 경주시 안강읍,경상사고,0,0,1,0,차대차 - 측면충돌,안전운전불이행,젖음/습기,비,교차로 - 교차로부근,승용,남,50세,경상,승합,남,56세,상해없음
2017081500100258,2017년 8월 15일 14시,화요일,경상북도 영주시 풍기읍,중상사고,0,1,0,0,차대사람 - 횡단중,안전운전불이행,젖음/습기,비,교차로 - 교차로안,승용,여,48세,상해없음,보행자,여,55세,중상
2017081500100259,2017년 8월 15일 14시,화요일,경상북도 포항시 남구 송내동,경상사고,0,0,1,0,차대차 - 기타,신호위반,건조,맑음,교차로 - 교차로안,승용,남,21세,상해없음,승용,남,65세,경상
2017081500100286,2017년 8월 15일 15시,화요일,경상북도 청송군 진보면,경상사고,0,0,1,0,차대차 - 추돌,안전거리미확보,젖음/습기,비,단일로 - 기타,화물,남,52세,상해없음,승용,남,69세,상해없음
2017081500100287,2017년 8월 15일 15시,화요일,경상북도 구미시 산동면,경상사고,0,0,3,0,차대차 - 측면충돌,직진우회전진행방해,젖음/습기,흐림,교차로 - 교차로안,승용,여,25세,경상,화물,남,35세,경상
2017081500100288,2017년 8월 15일 15시,화요일,경상북도 포항시 남구 연일읍,중상사고,0,4,0,0,차대차 - 기타,안전운전불이행,젖음/습기,비,기타 - 기타,승용,남,40세,상해없음,승용,남,39세,중상
2017081500100332,2017년 8월 15일 17시,화요일,경상북도 경주시 외동읍,중상사고,0,1,0,0,차대차 - 측면충돌,안전운전불이행,젖음/습기,흐림,단일로 - 기타,승용,남,24세,상해없음,화물,남,51세,중상
2017081500100333,2017년 8월 15일 17시,화요일,경상북도 경주시 배반동,경상사고,0,0,5,0,차대차 - 측면충돌,안전운전불이행,젖음/습기,비,단일로 - 기타,화물,남,47세,상해없음,승용,남,29세,경상
2017081500100334,2017년 8월 15일 17시,화요일,경상북도 포항시 북구 흥해읍,중상사고,0,2,0,0,차대차 - 측면충돌,직진우회전진행방해,젖음/습기,비,교차로 - 교차로안,승용,남,47세,상해없음,승합,남,63세,중상
2017081500100335,2017년 8월 15일 17시,화요일,경상북도 칠곡군 북삼읍,경상사고,0,0,1,0,차대차 - 측면충돌,교차로운행방법위반,젖음/습기,흐림,교차로 - 교차로안,승용,여,51세,상해없음,승용,여,55세,경상
2017081500100336,2017년 8월 15일 17시,화요일,경상북도 포항시 남구 지곡동,경상사고,0,0,1,0,차대차 - 기타,안전운전불이행,젖음/습기,비,주차장 - 주차장,이륜,남,16세,경상,승용,남,35세,상해없음
2017081500100368,2017년 8월 15일 18시,화요일,경상북도 포항시 북구 양덕동,경상사고,0,0,1,0,차대차 - 정면충돌,직진우회전진행방해,젖음/습기,비,단일로 - 기타,화물,남,50세,상해없음,이륜,남,16세,경상
2017081500100369,2017년 8월 15일 18시,화요일,경상북도 문경시 모전동,중상사고,0,1,1,0,차대차 - 측면충돌,교차로운행방법위반,젖음/습기,비,교차로 - 교차로안,승용,여,53세,중상,화물,남,52세,경상
2017081500100370,2017년 8월 15일 18시,화요일,경상북도 구미시 옥계동,중상사고,0,1,0,0,차대차 - 측면충돌,교차로운행방법위반,젖음/습기,비,교차로 - 교차로안,화물,남,58세,상해없음,이륜,남,18세,중상
2017081500100402,2017년 8월 15일 19시,화요일,경상북도 영천시 완산동,경상사고,0,0,2,0,차대차 - 추돌,안전운전불이행,젖음/습기,흐림,단일로 - 기타,화물,남,58세,상해없음,승용,남,37세,경상
2017081500100403,2017년 8월 15일 19시,화요일,경상북도 구미시 봉곡동,중상사고,0,1,0,0,차대차 - 측면충돌,중앙선침범,젖음/습기,비,교차로 - 교차로부근,화물,남,25세,상해없음,특수,남,37세,중상
2017081500100404,2017년 8월 15일 19시,화요일,경상북도 포항시 남구 상도동,경상사고,0,0,1,0,차대차 - 기타,안전운전불이행,젖음/습기,비,단일로 - 기타,승용,남,34세,상해없음,승용,여,33세,경상
2017081500100438,2017년 8월 15일 20시,화요일,경상북도 경주시 성건동,경상사고,0,0,1,1,차대차 - 측면충돌,안전운전불이행,젖음/습기,흐림,교차로 - 교차로안,이륜,남,33세,부상신고,자전거,여,16세,경상
2017081500100439,2017년 8월 15일 20시,화요일,경상북도 포항시 북구 장성동,경상사고,0,0,1,0,차대차 - 측면충돌,안전운전불이행,젖음/습기,비,단일로 - 기타,승용,여,33세,상해없음,승용,남,39세,경상
2017081500100440,2017년 8월 15일 20시,화요일,경상북도 김천시 지좌동,경상사고,0,0,1,0,차대차 - 추돌,안전운전불이행,건조,맑음,교차로 - 교차로부근,승용,남,62세,상해없음,화물,남,44세,경상
2017081500100441,2017년 8월 15일 20시,화요일,경상북도 상주시 화개동,중상사고,0,1,4,0,차대차 - 측면충돌,신호위반,젖음/습기,비,교차로 - 교차로안,승용,남,66세,상해없음,승용,남,34세,중상
2017081500100442,2017년 8월 15일 20시,화요일,경상북도 영주시 봉현면,중상사고,0,1,0,0,차대차 - 추돌,안전운전불이행,젖음/습기,비,단일로 - 기타,승합,남,71세,중상,화물,남,52세,기타불명
2017081500100473,2017년 8월 15일 21시,화요일,경상북도 영천시 도동,경상사고,0,0,3,0,차대차 - 추돌,안전운전불이행,젖음/습기,흐림,교차로 - 교차로부근,화물,남,46세,상해없음,승용,남,34세,경상
2017081500100474,2017년 8월 15일 21시,화요일,경상북도 포항시 남구 송도동,경상사고,0,0,3,0,차대차 - 측면충돌,직진우회전진행방해,젖음/습기,비,교차로 - 교차로안,승용,남,64세,경상,승용,여,24세,경상
2017081500100501,2017년 8월 15일 22시,화요일,경상북도 경산시 대평동,중상사고,0,1,0,0,차대차 - 측면충돌,안전운전불이행,젖음/습기,비,교차로 - 교차로부근,승용,남,59세,상해없음,자전거,여,61세,중상
2017081500100502,2017년 8월 15일 22시,화요일,경상북도 구미시 봉곡동,경상사고,0,0,4,0,차대차 - 기타,신호위반,젖음/습기,비,교차로 - 교차로안,승용,남,40세,상해없음,화물,남,52세,경상
2017081500100503,2017년 8월 15일 22시,화요일,경상북도 포항시 남구 대도동,경상사고,0,0,1,0,차대차 - 추돌,안전운전불이행,젖음/습기,비,교차로 - 교차로부근,승용,여,45세,상해없음,승용,여,60세,경상
2017081500100525,2017년 8월 15일 23시,화요일,경상북도 안동시 광석동,경상사고,0,0,1,0,차대차 - 측면충돌,안전운전불이행,젖음/습기,비,교차로 - 교차로부근,기타불명,기타불명,미분류,기타불명,승용,여,48세,경상
2017081600100033,2017년 8월 16일 00시,수요일,경상북도 성주군 대가면,중상사고,0,1,1,0,차대차 - 추돌,안전운전불이행,젖음/습기,흐림,미분류 - 미분류,화물,남,36세,상해없음,승용,남,50세,중상
2017081600100050,2017년 8월 16일 01시,수요일,경상북도 포항시 북구 동빈2가,경상사고,0,0,3,0,차대차 - 측면충돌,신호위반,건조,맑음,교차로 - 교차로안,승용,남,63세,상해없음,승용,남,24세,경상
2017081600100051,2017년 8월 16일 01시,수요일,경상북도 구미시 원평동,중상사고,0,1,0,0,차대차 - 측면충돌,신호위반,젖음/습기,비,교차로 - 교차로안,승용,남,22세,상해없음,승용,남,45세,중상
2017081600100052,2017년 8월 16일 01시,수요일,경상북도 포항시 남구 대잠동,중상사고,0,1,0,0,차대사람 - 횡단중,안전운전불이행,젖음/습기,맑음,단일로 - 기타,승용,남,42세,상해없음,보행자,남,44세,중상
2017081600100097,2017년 8월 16일 06시,수요일,경상북도 김천시 대항면,경상사고,0,0,3,0,차대차 - 측면충돌,신호위반,건조,맑음,교차로 - 교차로안,이륜,남,61세,경상,승용,여,51세,경상
2017081600100110,2017년 8월 16일 07시,수요일,경상북도 안동시 풍천면,중상사고,0,3,1,0,차대차 - 측면충돌,교차로운행방법위반,건조,맑음,교차로 - 교차로안,승합,남,56세,경상,승용,남,38세,중상
2017081600100111,2017년 8월 16일 07시,수요일,경상북도 김천시 농소면,중상사고,0,2,0,0,차대차 - 측면충돌,안전운전불이행,건조,맑음,교차로 - 교차로안,승합,남,63세,상해없음,승용,남,43세,상해없음
2017081600100112,2017년 8월 16일 07시,수요일,경상북도 성주군 초전면,경상사고,0,0,1,0,차대차 - 정면충돌,안전운전불이행,건조,맑음,교차로 - 교차로안,승용,여,31세,상해없음,이륜,여,64세,경상
2017081600100113,2017년 8월 16일 07시,수요일,경상북도 구미시 도량동,중상사고,0,1,0,0,차대차 - 기타,차로위반,건조,맑음,단일로 - 기타,승용,여,53세,상해없음,승합,남,66세,중상
2017081600100141,2017년 8월 16일 08시,수요일,경상북도 포항시 북구 우현동,경상사고,0,0,1,0,차대차 - 측면충돌,교차로운행방법위반,건조,맑음,교차로 - 교차로부근,승용,여,62세,상해없음,화물,남,52세,경상
2017081600100175,2017년 8월 16일 09시,수요일,경상북도 안동시 대석동,경상사고,0,0,1,0,차대차 - 추돌,안전거리미확보,건조,맑음,단일로 - 기타,승합,여,48세,상해없음,승합,남,52세,상해없음
2017081600100225,2017년 8월 16일 11시,수요일,경상북도 영덕군 축산면,중상사고,0,1,0,0,차대차 - 정면충돌,직진우회전진행방해,건조,맑음,교차로 - 교차로안,화물,남,58세,상해없음,승용,여,56세,중상
2017081600100226,2017년 8월 16일 11시,수요일,경상북도 구미시 고아읍,경상사고,0,0,1,0,차대사람 - 횡단중,안전운전불이행,건조,맑음,단일로 - 기타,승용,남,67세,상해없음,보행자,여,76세,경상
2017081600100227,2017년 8월 16일 11시,수요일,경상북도 포항시 남구 오천읍,경상사고,0,0,2,0,차대차 - 기타,안전운전불이행,건조,맑음,단일로 - 기타,승용,여,63세,상해없음,승용,남,22세,경상
2017081600100228,2017년 8월 16일 11시,수요일,경상북도 포항시 남구 연일읍,경상사고,0,0,1,0,차대차 - 기타,안전운전불이행,건조,맑음,교차로 - 교차로안,승용,여,48세,상해없음,자전거,남,83세,경상
2017081600100255,2017년 8월 16일 12시,수요일,경상북도 경주시 구황동,경상사고,0,0,2,0,차대차 - 추돌,안전운전불이행,건조,맑음,교차로 - 교차로부근,승용,남,73세,상해없음,승용,남,35세,경상
2017081600100256,2017년 8월 16일 12시,수요일,경상북도 청도군 운문면,경상사고,0,0,2,0,차대차 - 기타,중앙선침범,건조,맑음,기타 - 기타,승용,남,24세,상해없음,승용,남,64세,경상
2017081600100257,2017년 8월 16일 12시,수요일,경상북도 구미시 임은동,경상사고,0,0,1,0,차대차 - 추돌,안전운전불이행,건조,맑음,교차로 - 교차로부근,승용,남,35세,상해없음,승용,남,26세,경상
2017081600100278,2017년 8월 16일 13시,수요일,경상북도 상주시 복룡동,경상사고,0,0,2,0,차대차 - 추돌,안전운전불이행,건조,맑음,교차로 - 교차로부근,승합,여,48세,상해없음,승용,여,37세,경상
2017081600100279,2017년 8월 16일 13시,수요일,경상북도 칠곡군 약목면,중상사고,0,1,0,0,차대사람 - 기타,안전운전불이행,건조,맑음,단일로 - 교량,화물,남,47세,상해없음,보행자,남,55세,중상
2017081600100280,2017년 8월 16일 13시,수요일,경상북도 문경시 모전동,부상신고사고,0,0,0,1,차대차 - 측면충돌,안전운전불이행,건조,맑음,단일로 - 기타,원동기,남,35세,부상신고,승용,남,55세,상해없음
2017081600100281,2017년 8월 16일 13시,수요일,경상북도 영덕군 강구면,경상사고,0,0,1,0,차대차 - 측면충돌,차로위반,젖음/습기,비,단일로 - 기타,승용,남,67세,상해없음,승용,남,34세,경상
2017081600100307,2017년 8월 16일 14시,수요일,경상북도 경주시 안강읍,경상사고,0,0,1,0,차대차 - 측면충돌,신호위반,건조,맑음,교차로 - 교차로안,승용,남,63세,상해없음,이륜,남,72세,경상
2017081600100308,2017년 8월 16일 14시,수요일,경상북도 영주시 평은면,경상사고,0,0,1,0,차량단독 - 공작물충돌,안전운전불이행,건조,맑음,단일로 - 기타,화물,남,60세,경상,,,,
2017081600100340,2017년 8월 16일 15시,수요일,경상북도 김천시 개령면,사망사고,1,0,0,0,차대차 - 정면충돌,중앙선침범,건조,맑음,단일로 - 기타,승용,남,74세,사망,화물,남,51세,상해없음
2017081600100370,2017년 8월 16일 16시,수요일,경상북도 영천시 망정동,경상사고,0,0,1,0,차대차 - 측면충돌,교차로운행방법위반,건조,맑음,교차로 - 교차로안,승용,여,59세,상해없음,승용,남,29세,경상
2017081600100403,2017년 8월 16일 17시,수요일,경상북도 경산시 대평동,경상사고,0,0,3,0,차대차 - 기타,안전운전불이행,건조,맑음,교차로 - 교차로안,승용,남,31세,경상,승용,남,61세,경상
2017081600100404,2017년 8월 16일 17시,수요일,경상북도 경산시 압량면,중상사고,0,1,0,0,차대사람 - 길가장자리구역통행중,안전운전불이행,건조,맑음,단일로 - 기타,승용,남,60세,상해없음,보행자,여,67세,중상
2017081600100450,2017년 8월 16일 18시,수요일,경상북도 구미시 인의동,경상사고,0,0,1,0,차대차 - 측면충돌,직진우회전진행방해,건조,맑음,교차로 - 교차로안,승용,여,27세,상해없음,이륜,남,19세,경상
2017081600100451,2017년 8월 16일 18시,수요일,경상북도 구미시 진평동,경상사고,0,0,1,0,차대차 - 정면충돌,교차로운행방법위반,건조,맑음,교차로 - 교차로안,승용,여,27세,상해없음,승용,남,31세,경상
2017081600100492,2017년 8월 16일 19시,수요일,경상북도 포항시 북구 용흥동,경상사고,0,0,1,0,차대사람 - 차도통행중,안전운전불이행,건조,맑음,단일로 - 기타,기타불명,기타불명,미분류,기타불명,보행자,남,62세,경상
2017081600100513,2017년 8월 16일 20시,수요일,경상북도 경주시 외동읍,중상사고,0,1,0,0,차대차 - 추돌,안전운전불이행,건조,흐림,교차로 - 교차로부근,승용,남,58세,상해없음,농기계,남,71세,중상
2017081600100514,2017년 8월 16일 20시,수요일,경상북도 영천시 완산동,경상사고,0,0,4,0,차대차 - 추돌,안전거리미확보,건조,맑음,교차로 - 교차로부근,화물,남,51세,경상,승용,남,29세,경상
2017081600100515,2017년 8월 16일 20시,수요일,경상북도 영천시 창구동,경상사고,0,0,1,0,차대차 - 측면충돌,안전운전불이행,건조,맑음,교차로 - 교차로안,승용,남,66세,상해없음,화물,남,46세,경상
2017081600100516,2017년 8월 16일 20시,수요일,경상북도 예천군 예천읍,중상사고,0,1,0,0,차량단독 - 공작물충돌,안전운전불이행,건조,맑음,단일로 - 기타,승용,여,44세,상해없음,,,,
2017081600100552,2017년 8월 16일 21시,수요일,경상북도 상주시 만산동,경상사고,0,0,2,0,차대차 - 측면충돌,신호위반,건조,맑음,교차로 - 교차로안,화물,남,72세,상해없음,승합,여,56세,경상
2017081600100553,2017년 8월 16일 21시,수요일,경상북도 문경시 문경읍,중상사고,0,1,0,0,차대차 - 측면충돌,안전운전불이행,건조,흐림,교차로 - 교차로안,승용,여,51세,상해없음,자전거,남,17세,중상
2017081600100554,2017년 8월 16일 21시,수요일,경상북도 문경시 모전동,중상사고,0,1,3,0,차대차 - 기타,안전운전불이행,건조,맑음,교차로 - 교차로부근,승용,여,40세,중상,화물,남,62세,경상
2017081600100601,2017년 8월 16일 23시,수요일,경상북도 성주군 성주읍,경상사고,0,0,1,0,차량단독 - 도로외이탈 - 기타,안전운전불이행,젖음/습기,흐림,단일로 - 기타,화물,남,52세,경상,,,,
2017081700100049,2017년 8월 17일 01시,목요일,경상북도 포항시 북구 죽도동,경상사고,0,0,1,0,차대사람 - 횡단중,안전운전불이행,젖음/습기,비,단일로 - 기타,승용,남,71세,상해없음,보행자,남,41세,경상
2017081700100069,2017년 8월 17일 03시,목요일,경상북도 문경시 모전동,부상신고사고,0,0,0,1,차대차 - 기타,안전운전불이행,건조,맑음,단일로 - 기타,승용,남,24세,부상신고,화물,남,50세,상해없음
2017081700100078,2017년 8월 17일 04시,목요일,경상북도 경주시 시래동,중상사고,0,1,0,0,차대차 - 추돌,안전운전불이행,건조,맑음,교차로 - 교차로부근,화물,남,31세,중상,화물,남,56세,상해없음
2017081700100145,2017년 8월 17일 08시,목요일,경상북도 경주시 성건동,경상사고,0,0,1,0,차대차 - 기타,안전운전불이행,건조,맑음,단일로 - 기타,승용,여,52세,상해없음,승합,남,54세,상해없음
2017081700100146,2017년 8월 17일 08시,목요일,경상북도 울진군 금강송면,중상사고,0,1,0,0,차대사람 - 길가장자리구역통행중,안전운전불이행,젖음/습기,비,단일로 - 교량,화물,남,79세,상해없음,보행자,남,77세,중상
2017081700100147,2017년 8월 17일 08시,목요일,경상북도 구미시 선산읍,중상사고,0,1,0,0,차대사람 - 기타,안전운전불이행,건조,맑음,단일로 - 기타,화물,남,76세,상해없음,보행자,여,81세,중상
2017081700100177,2017년 8월 17일 09시,목요일,경상북도 김천시 신음동,중상사고,0,1,0,0,차대사람 - 기타,안전운전불이행,건조,맑음,단일로 - 기타,승용,남,50세,상해없음,보행자,남,78세,중상
2017081700100178,2017년 8월 17일 09시,목요일,경상북도 상주시 화서면,사망사고,1,0,0,0,차대차 - 측면충돌,교차로운행방법위반,건조,맑음,교차로 - 교차로안,화물,남,72세,상해없음,이륜,남,65세,사망
2017081700100198,2017년 8월 17일 10시,목요일,경상북도 김천시 성내동,경상사고,0,0,1,0,차대차 - 기타,안전운전불이행,건조,맑음,교차로 - 교차로부근,승용,남,54세,상해없음,자전거,남,90세 이상,경상
2017081700100220,2017년 8월 17일 11시,목요일,경상북도 경산시 압량면,경상사고,0,0,1,0,차대차 - 기타,안전운전불이행,건조,맑음,단일로 - 기타,승용,남,53세,상해없음,승용,남,48세,경상
2017081700100221,2017년 8월 17일 11시,목요일,경상북도 고령군 대가야읍,경상사고,0,0,4,0,차대차 - 측면충돌,교차로운행방법위반,건조,맑음,교차로 - 교차로안,승용,남,47세,경상,승용,남,58세,경상
2017081700100253,2017년 8월 17일 12시,목요일,경상북도 김천시 율곡동,중상사고,0,1,0,0,차대사람 - 횡단중,보행자보호의무위반,건조,맑음,교차로 - 교차로횡단보도내,승용,남,39세,상해없음,보행자,여,78세,중상
2017081700100283,2017년 8월 17일 13시,목요일,경상북도 안동시 송현동,경상사고,0,0,1,0,차대차 - 측면충돌,기타,건조,맑음,교차로 - 교차로부근,승용,남,53세,상해없음,이륜,남,20세,경상
2017081700100284,2017년 8월 17일 13시,목요일,경상북도 경산시 압량면,중상사고,0,3,1,0,차대차 - 측면충돌,중앙선침범,건조,맑음,교차로 - 교차로부근,화물,남,41세,경상,승용,남,32세,중상
2017081700100285,2017년 8월 17일 13시,목요일,경상북도 구미시 봉곡동,경상사고,0,0,1,0,차대사람 - 기타,안전운전불이행,건조,맑음,단일로 - 기타,승용,여,30세,상해없음,보행자,남,12세,경상
2017081700100312,2017년 8월 17일 14시,목요일,경상북도 상주시 서문동,중상사고,0,1,0,0,차대차 - 측면충돌,안전운전불이행,건조,흐림,단일로 - 기타,승용,남,58세,상해없음,이륜,남,21세,중상
2017081700100341,2017년 8월 17일 15시,목요일,경상북도 문경시 농암면,중상사고,0,1,0,0,차대차 - 측면충돌,안전운전불이행,건조,맑음,단일로 - 기타,승용,남,19세,상해없음,이륜,남,71세,중상
2017081700100381,2017년 8월 17일 16시,목요일,경상북도 경주시 노서동,경상사고,0,0,1,0,차대사람 - 기타,안전운전불이행,건조,맑음,교차로 - 교차로부근,승용,여,59세,상해없음,보행자,남,55세,경상
2017081700100420,2017년 8월 17일 17시,목요일,경상북도 경주시 황오동,경상사고,0,0,3,0,차대차 - 추돌,안전운전불이행,건조,맑음,교차로 - 교차로안,승용,남,36세,상해없음,승용,남,65세,상해없음
2017081700100421,2017년 8월 17일 17시,목요일,경상북도 경주시 배반동,경상사고,0,0,1,0,차대차 - 측면충돌,안전운전불이행,건조,맑음,단일로 - 기타,승용,남,21세,상해없음,승용,남,38세,경상
2017081700100422,2017년 8월 17일 17시,목요일,경상북도 안동시 송현동,경상사고,0,0,1,0,차대차 - 측면충돌,신호위반,건조,맑음,교차로 - 교차로안,이륜,남,44세,경상,승용,남,44세,상해없음
2017081700100423,2017년 8월 17일 17시,목요일,경상북도 안동시 서후면,경상사고,0,0,1,0,차대차 - 추돌,안전운전불이행,건조,맑음,단일로 - 기타,화물,남,43세,상해없음,승합,여,44세,경상
2017081700100424,2017년 8월 17일 17시,목요일,경상북도 영천시 완산동,경상사고,0,0,3,0,차대차 - 측면충돌,직진우회전진행방해,건조,맑음,교차로 - 교차로안,승용,여,40세,상해없음,승용,남,60세,경상
2017081700100466,2017년 8월 17일 18시,목요일,경상북도 포항시 북구 장성동,경상사고,0,0,1,0,차대차 - 측면충돌,안전운전불이행,건조,맑음,단일로 - 기타,승용,남,39세,경상,승용,여,59세,상해없음
2017081700100491,2017년 8월 17일 19시,목요일,경상북도 포항시 북구 흥해읍,중상사고,0,1,0,0,차대사람 - 횡단중,안전운전불이행,건조,맑음,단일로 - 기타,화물,남,35세,상해없음,보행자,여,74세,중상
2017081700100492,2017년 8월 17일 19시,목요일,경상북도 포항시 북구 흥해읍,중상사고,0,1,0,0,차대사람 - 기타,안전운전불이행,건조,맑음,단일로 - 기타,승용,남,53세,상해없음,보행자,여,61세,중상
2017081700100493,2017년 8월 17일 19시,목요일,경상북도 구미시 상모동,경상사고,0,0,1,0,차대사람 - 횡단중,안전운전불이행,건조,맑음,단일로 - 기타,승용,여,53세,상해없음,보행자,남,12세,경상
2017081700100526,2017년 8월 17일 20시,목요일,경상북도 영천시 완산동,중상사고,0,1,0,0,차대사람 - 횡단중,보행자보호의무위반,건조,맑음,교차로 - 교차로횡단보도내,승용,남,36세,상해없음,보행자,여,85세,중상
2017081700100551,2017년 8월 17일 21시,목요일,경상북도 포항시 북구 학산동,경상사고,0,0,3,0,차대차 - 측면충돌,안전거리미확보,건조,맑음,교차로 - 교차로부근,기타불명,기타불명,미분류,기타불명,승용,남,48세,경상
2017081700100552,2017년 8월 17일 21시,목요일,경상북도 김천시 평화동,경상사고,0,0,3,0,차대차 - 추돌,안전운전불이행,건조,맑음,단일로 - 기타,승용,남,29세,상해없음,이륜,남,36세,경상
2017081700100553,2017년 8월 17일 21시,목요일,경상북도 영천시 야사동,경상사고,0,0,3,0,차대차 - 측면충돌,안전거리미확보,건조,맑음,교차로 - 교차로부근,승용,남,26세,상해없음,승용,남,37세,상해없음
2017081700100554,2017년 8월 17일 21시,목요일,경상북도 구미시 공단동,경상사고,0,0,1,0,차대차 - 측면충돌,안전운전불이행,건조,맑음,단일로 - 기타,승용,남,40세,상해없음,승용,여,43세,상해없음
2017081700100581,2017년 8월 17일 22시,목요일,경상북도 경주시 감포읍,부상신고사고,0,0,0,1,차대차 - 측면충돌,안전운전불이행,건조,맑음,단일로 - 기타,승용,남,36세,부상신고,승용,남,39세,상해없음
2017081700100582,2017년 8월 17일 22시,목요일,경상북도 김천시 부곡동,경상사고,0,0,1,0,차대사람 - 횡단중,안전운전불이행,건조,맑음,단일로 - 기타,승용,남,68세,상해없음,보행자,여,23세,경상
2017081700100583,2017년 8월 17일 22시,목요일,경상북도 구미시 신평동,중상사고,0,1,0,0,차대차 - 측면충돌,직진우회전진행방해,건조,맑음,교차로 - 교차로안,화물,남,49세,상해없음,승용,남,43세,중상
2017081700100607,2017년 8월 17일 23시,목요일,경상북도 구미시 원평동,경상사고,0,0,2,0,차대차 - 측면충돌,안전운전불이행,젖음/습기,흐림,단일로 - 기타,승용,남,51세,상해없음,승용,여,53세,경상
2017081800100029,2017년 8월 18일 01시,금요일,경상북도 문경시 모전동,중상사고,0,3,3,0,차대차 - 측면충돌,중앙선침범,젖음/습기,흐림,교차로 - 교차로안,승용,남,26세,상해없음,승용,여,35세,경상
2017081800100048,2017년 8월 18일 03시,금요일,경상북도 구미시 원평동,중상사고,0,1,2,0,차대차 - 추돌,안전운전불이행,젖음/습기,비,교차로 - 교차로부근,승용,남,41세,상해없음,승용,남,46세,경상
2017081800100061,2017년 8월 18일 05시,금요일,경상북도 안동시 북후면,중상사고,0,1,1,0,차대차 - 추돌,안전거리미확보,건조,맑음,단일로 - 기타,승용,남,67세,경상,승용,남,60세,중상
2017081800100071,2017년 8월 18일 06시,금요일,경상북도 포항시 남구 오천읍,경상사고,0,0,1,0,차대차 - 기타,안전운전불이행,건조,맑음,교차로 - 교차로안,승용,여,47세,상해없음,이륜,남,23세,경상
2017081800100089,2017년 8월 18일 07시,금요일,경상북도 문경시 윤직동,경상사고,0,0,1,0,차대차 - 측면충돌,안전운전불이행,건조,맑음,교차로 - 교차로안,이륜,남,22세,경상,화물,남,42세,상해없음
2017081800100090,2017년 8월 18일 07시,금요일,경상북도 경산시 하양읍,경상사고,0,0,1,0,차대차 - 측면충돌,신호위반,건조,맑음,교차로 - 교차로안,승용,여,63세,상해없음,승용,남,19세,경상
2017081800100091,2017년 8월 18일 07시,금요일,경상북도 울진군 후포면,부상신고사고,0,0,0,1,차대차 - 추돌,안전운전불이행,건조,흐림,단일로 - 기타,자전거,남,63세,부상신고,승용,남,22세,상해없음
2017081800100123,2017년 8월 18일 08시,금요일,경상북도 경주시 성동동,경상사고,0,0,1,0,차대사람 - 기타,안전운전불이행,건조,맑음,교차로 - 교차로횡단보도내,화물,남,45세,상해없음,보행자,남,16세,경상