사고번호,사고일시,요일,시군구,사고내용,사망자수,중상자수,경상자수,부상신고자수,사고유형,법규위반,노면상태,기상상태,도로형태,가해운전자 차종,가해운전자 성별,가해운전자 연령,가해운전자 상해정도,피해운전자 차종,피해운전자 성별,피해운전자 연령,피해운전자 상해정도
2017082100100355,2017년 8월 21일 15시,월요일,경상북도 상주시 무양동,중상사고,0,1,0,0,차대차 - 측면충돌,안전운전불이행,젖음/습기,비,교차로 - 교차로안,승용,남,61세,상해없음,승용,남,60세,중상
2017082100100356,2017년 8월 21일 15시,월요일,경상북도 영천시 금호읍,경상사고,0,0,1,0,차대차 - 측면충돌,교차로운행방법위반,젖음/습기,흐림,교차로 - 교차로안,화물,남,58세,상해없음,화물,여,61세,경상
2017082100100357,2017년 8월 21일 15시,월요일,경상북도 영덕군 남정면,중상사고,0,1,0,0,차대차 - 측면충돌,중앙선침범,젖음/습기,비,단일로 - 기타,화물,남,67세,상해없음,화물,남,42세,중상
2017082100100398,2017년 8월 21일 16시,월요일,경상북도 영천시 조교동,경상사고,0,0,2,0,차대차 - 추돌,안전운전불이행,젖음/습기,비,교차로 - 교차로부근,승용,남,46세,상해없음,승용,여,41세,경상
2017082100100399,2017년 8월 21일 16시,월요일,경상북도 청도군 청도읍,중상사고,0,1,0,0,차대차 - 측면충돌,직진우회전진행방해,젖음/습기,흐림,교차로 - 교차로안,이륜,남,80세,중상,승용,남,62세,상해없음
2017082100100445,2017년 8월 21일 17시,월요일,경상북도 청도군 매전면,사망사고,1,0,0,0,차량단독 - 전도전복 - 전도,안전운전불이행,젖음/습기,흐림,단일로 - 기타,승용,남,56세,사망,,,,
2017082100100446,2017년 8월 21일 17시,월요일,경상북도 구미시 사곡동,경상사고,0,0,1,0,차대차 - 기타,안전운전불이행,건조,맑음,교차로 - 교차로안,자전거,남,10세,경상,승용,남,35세,상해없음
2017082100100481,2017년 8월 21일 18시,월요일,경상북도 문경시 유곡동,경상사고,0,0,1,0,차대차 - 측면충돌,안전운전불이행,건조,맑음,단일로 - 기타,화물,남,64세,경상,화물,남,54세,상해없음
2017082100100482,2017년 8월 21일 18시,월요일,경상북도 경산시 삼풍동,부상신고사고,0,0,0,1,차대차 - 측면충돌,안전운전불이행,젖음/습기,비,단일로 - 기타,승용,여,54세,상해없음,이륜,남,22세,부상신고
2017082100100483,2017년 8월 21일 18시,월요일,경상북도 군위군 부계면,사망사고,1,0,0,0,차대차 - 측면충돌,안전운전불이행,젖음/습기,비,기타 - 기타,이륜,남,38세,사망,화물,남,59세,상해없음
2017082100100484,2017년 8월 21일 18시,월요일,경상북도 구미시 거의동,중상사고,0,1,1,0,차대사람 - 기타,안전운전불이행,건조,맑음,교차로 - 교차로부근,자전거,남,23세,경상,보행자,여,88세,중상
2017082100100485,2017년 8월 21일 18시,월요일,경상북도 포항시 남구 해도동,경상사고,0,0,1,0,차대사람 - 기타,안전운전불이행,건조,맑음,단일로 - 기타,승용,여,57세,상해없음,보행자,여,69세,경상
2017082100100519,2017년 8월 21일 19시,월요일,경상북도 포항시 남구 연일읍,중상사고,0,1,0,0,차대차 - 기타,안전운전불이행,건조,맑음,교차로 - 교차로안,승용,남,38세,상해없음,이륜,남,50세,중상
2017082100100560,2017년 8월 21일 20시,월요일,경상북도 경주시 황오동,경상사고,0,0,1,0,차대사람 - 횡단중,안전운전불이행,건조,맑음,단일로 - 기타,승용,남,66세,상해없음,보행자,남,53세,경상
2017082100100561,2017년 8월 21일 20시,월요일,경상북도 안동시 송현동,경상사고,0,0,1,0,차대차 - 추돌,안전운전불이행,건조,맑음,단일로 - 기타,승용,남,27세,상해없음,승용,남,61세,경상
2017082100100562,2017년 8월 21일 20시,월요일,경상북도 경산시 진량읍,중상사고,0,1,0,0,차대차 - 정면충돌,중앙선침범,젖음/습기,비,단일로 - 기타,승용,남,27세,상해없음,이륜,남,40세,중상
2017082100100629,2017년 8월 21일 22시,월요일,경상북도 경주시 동천동,경상사고,0,0,1,0,차대차 - 추돌,안전운전불이행,건조,맑음,단일로 - 기타,화물,남,48세,상해없음,승용,남,37세,경상
2017082100100630,2017년 8월 21일 22시,월요일,경상북도 구미시 형곡동,경상사고,0,0,1,0,차대사람 - 횡단중,안전운전불이행,젖음/습기,흐림,단일로 - 기타,승용,남,47세,상해없음,보행자,여,8세,경상
2017082100100651,2017년 8월 21일 23시,월요일,경상북도 문경시 점촌동,중상사고,0,1,0,0,차대사람 - 횡단중,안전운전불이행,건조,맑음,단일로 - 기타,승용,남,57세,상해없음,보행자,남,42세,중상
2017082100100652,2017년 8월 21일 23시,월요일,경상북도 예천군 호명면,중상사고,0,4,1,0,차대차 - 측면충돌,중앙선침범,젖음/습기,흐림,단일로 - 기타,승용,남,42세,상해없음,승용,남,35세,중상
2017082200100052,2017년 8월 22일 02시,화요일,경상북도 안동시 정하동,경상사고,0,0,1,0,차대차 - 측면충돌,안전운전불이행,건조,흐림,교차로 - 교차로안,화물,남,31세,경상,승용,남,61세,상해없음
2017082200100064,2017년 8월 22일 04시,화요일,경상북도 영천시 금노동,중상사고,0,1,1,0,차대차 - 측면충돌,안전운전불이행,건조,맑음,교차로 - 교차로안,승용,남,21세,경상,승용,여,38세,중상
2017082200100065,2017년 8월 22일 04시,화요일,경상북도 포항시 남구 연일읍,경상사고,0,0,1,0,차대사람 - 기타,안전운전불이행,건조,맑음,단일로 - 기타,승용,남,19세,상해없음,보행자,남,25세,경상
2017082200100091,2017년 8월 22일 06시,화요일,경상북도 포항시 남구 동촌동,경상사고,0,0,1,0,차대차 - 추돌,안전거리미확보,건조,맑음,단일로 - 기타,승용,남,43세,상해없음,승용,여,28세,경상
2017082200100114,2017년 8월 22일 07시,화요일,경상북도 경주시 탑동,중상사고,0,1,0,0,차대차 - 측면충돌,안전운전불이행,건조,맑음,교차로 - 교차로부근,승합,남,56세,상해없음,자전거,남,56세,중상
2017082200100115,2017년 8월 22일 07시,화요일,경상북도 구미시 옥계동,경상사고,0,0,1,0,차대차 - 측면충돌,안전운전불이행,건조,흐림,교차로 - 교차로안,승용,남,24세,상해없음,승용,남,34세,경상
2017082200100146,2017년 8월 22일 08시,화요일,경상북도 경주시 강동면,경상사고,0,0,1,0,차대차 - 측면충돌,안전운전불이행,건조,맑음,교차로 - 교차로안,승용,남,62세,상해없음,승용,남,31세,경상
2017082200100147,2017년 8월 22일 08시,화요일,경상북도 김천시 대광동,경상사고,0,0,1,0,차대차 - 측면충돌,중앙선침범,건조,맑음,단일로 - 기타,화물,남,24세,경상,특수,남,47세,상해없음
2017082200100148,2017년 8월 22일 08시,화요일,경상북도 영양군 입암면,경상사고,0,0,2,0,차대차 - 기타,안전운전불이행,건조,맑음,교차로 - 교차로안,화물,남,81세,상해없음,화물,남,49세,경상
2017082200100149,2017년 8월 22일 08시,화요일,경상북도 구미시 임수동,경상사고,0,0,1,0,차대차 - 추돌,안전거리미확보,건조,맑음,교차로 - 교차로안,승용,남,35세,상해없음,승용,여,52세,경상
2017082200100150,2017년 8월 22일 08시,화요일,경상북도 포항시 남구 대잠동,경상사고,0,0,3,0,차대차 - 측면충돌,직진우회전진행방해,건조,맑음,교차로 - 교차로안,승용,남,47세,경상,승용,남,75세,경상
2017082200100186,2017년 8월 22일 09시,화요일,경상북도 고령군 성산면,사망사고,1,0,0,0,차량단독 - 도로외이탈 - 추락,안전운전불이행,건조,맑음,단일로 - 기타,건설기계,남,67세,사망,,,,
2017082200100207,2017년 8월 22일 10시,화요일,경상북도 칠곡군 북삼읍,중상사고,0,1,0,0,차대차 - 측면충돌,안전운전불이행,건조,맑음,단일로 - 기타,이륜,남,63세,중상,승용,남,46세,상해없음
2017082200100241,2017년 8월 22일 11시,화요일,경상북도 영덕군 영덕읍,경상사고,0,0,1,0,차대차 - 추돌,안전거리미확보,건조,맑음,단일로 - 기타,화물,남,73세,상해없음,승용,남,58세,경상
2017082200100242,2017년 8월 22일 11시,화요일,경상북도 성주군 성주읍,경상사고,0,0,1,0,차량단독 - 기타,안전운전불이행,건조,맑음,단일로 - 기타,이륜,남,83세,상해없음,,,,
2017082200100243,2017년 8월 22일 11시,화요일,경상북도 구미시 지산동,경상사고,0,0,1,0,차대차 - 측면충돌,안전운전불이행,건조,맑음,단일로 - 기타,농기계,남,70세,경상,승용,남,22세,상해없음
2017082200100276,2017년 8월 22일 12시,화요일,경상북도 구미시 산동면,경상사고,0,0,1,0,차대차 - 추돌,안전운전불이행,건조,맑음,교차로 - 교차로부근,승용,남,36세,상해없음,승용,남,36세,경상
2017082200100333,2017년 8월 22일 14시,화요일,경상북도 경주시 교동,중상사고,0,1,0,0,차대사람 - 기타,안전운전불이행,건조,맑음,주차장 - 주차장,승용,남,20세,상해없음,보행자,남,76세,중상
2017082200100334,2017년 8월 22일 14시,화요일,경상북도 김천시 지좌동,경상사고,0,0,1,0,차대차 - 측면충돌,교차로운행방법위반,건조,맑음,교차로 - 교차로안,이륜,남,78세,상해없음,승용,여,48세,경상
2017082200100361,2017년 8월 22일 15시,화요일,경상북도 영천시 신령면,중상사고,0,1,0,0,차대차 - 기타,안전운전불이행,건조,맑음,단일로 - 기타,화물,남,29세,상해없음,자전거,남,8세,중상
2017082200100401,2017년 8월 22일 16시,화요일,경상북도 상주시 냉림동,경상사고,0,0,1,0,차대차 - 측면충돌,안전운전불이행,건조,맑음,교차로 - 교차로부근,승용,남,22세,상해없음,자전거,여,18세,경상
2017082200100402,2017년 8월 22일 16시,화요일,경상북도 상주시 만산동,중상사고,0,1,0,0,차대차 - 측면충돌,신호위반,건조,맑음,교차로 - 교차로안,화물,남,46세,상해없음,승용,여,45세,중상
2017082200100403,2017년 8월 22일 16시,화요일,경상북도 상주시 남성동,중상사고,0,1,0,0,차대차 - 측면충돌,안전운전불이행,건조,맑음,단일로 - 기타,승용,남,36세,상해없음,자전거,여,54세,중상
2017082200100404,2017년 8월 22일 16시,화요일,경상북도 구미시 봉곡동,경상사고,0,0,1,0,차대차 - 기타,안전운전불이행,건조,맑음,단일로 - 기타,승용,여,44세,상해없음,화물,남,38세,경상
2017082200100445,2017년 8월 22일 17시,화요일,경상북도 김천시 평화동,경상사고,0,0,3,0,차대차 - 측면충돌,안전운전불이행,건조,맑음,교차로 - 교차로부근,승용,남,35세,상해없음,승용,남,32세,경상
2017082200100446,2017년 8월 22일 17시,화요일,경상북도 구미시 고아읍,경상사고,0,0,1,0,차대차 - 측면충돌,안전운전불이행,건조,맑음,교차로 - 교차로안,승용,여,31세,상해없음,승용,남,22세,경상
2017082200100447,2017년 8월 22일 17시,화요일,경상북도 구미시 봉곡동,경상사고,0,0,2,0,차대차 - 측면충돌,교차로운행방법위반,건조,맑음,교차로 - 교차로안,이륜,남,20세,경상,승용,여,33세,경상
2017082200100488,2017년 8월 22일 18시,화요일,경상북도 영주시 풍기읍,경상사고,0,0,1,0,차대차 - 측면충돌,안전운전불이행,건조,맑음,교차로 - 교차로안,건설기계,남,51세,상해없음,화물,남,70세,경상
2017082200100489,2017년 8월 22일 18시,화요일,경상북도 영양군 영양읍,중상사고,0,1,0,0,차대사람 - 기타,안전운전불이행,건조,맑음,단일로 - 기타,화물,남,53세,상해없음,보행자,여,53세,중상
2017082200100529,2017년 8월 22일 19시,화요일,경상북도 구미시 광평동,중상사고,0,1,0,0,차대차 - 기타,안전운전불이행,건조,맑음,단일로 - 기타,자전거,남,60세,중상,자전거,남,14세,상해없음
2017082200100561,2017년 8월 22일 20시,화요일,경상북도 경주시 용강동,경상사고,0,0,1,0,차대차 - 측면충돌,안전운전불이행,건조,맑음,단일로 - 기타,승용,남,67세,상해없음,자전거,남,34세,경상
2017082200100562,2017년 8월 22일 20시,화요일,경상북도 구미시 옥계동,경상사고,0,0,2,0,차대사람 - 차도통행중,기타,건조,맑음,단일로 - 기타,승용,남,32세,상해없음,보행자,남,26세,경상
2017082200100592,2017년 8월 22일 21시,화요일,경상북도 안동시 풍천면,경상사고,0,0,2,0,차대차 - 측면충돌,신호위반,건조,맑음,교차로 - 교차로안,승용,남,33세,상해없음,승용,남,56세,경상
2017082300100059,2017년 8월 23일 04시,수요일,경상북도 김천시 아포읍,경상사고,0,0,1,0,차량단독 - 공작물충돌,안전운전불이행,건조,맑음,단일로 - 기타,승용,여,37세,경상,,,,
2017082300100060,2017년 8월 23일 04시,수요일,경상북도 김천시 신음동,경상사고,0,0,1,0,차량단독 - 기타,안전운전불이행,건조,맑음,단일로 - 기타,이륜,남,22세,경상,,,,
2017082300100087,2017년 8월 23일 06시,수요일,경상북도 포항시 북구 용흥동,중상사고,0,1,0,0,차대차 - 기타,안전운전불이행,건조,맑음,교차로 - 교차로안,승용,여,42세,상해없음,자전거,여,58세,중상
2017082300100088,2017년 8월 23일 06시,수요일,경상북도 포항시 남구 대도동,경상사고,0,0,1,0,차대차 - 측면충돌,안전거리미확보,건조,맑음,단일로 - 기타,승용,남,60세,상해없음,승용,남,28세,경상
2017082300100115,2017년 8월 23일 07시,수요일,경상북도 포항시 북구 우현동,중상사고,0,1,0,0,차대차 - 정면충돌,중앙선침범,건조,맑음,단일로 - 기타,승용,남,57세,상해없음,승용,여,50세,중상
2017082300100116,2017년 8월 23일 07시,수요일,경상북도 문경시 모전동,경상사고,0,0,2,0,차대차 - 측면충돌,차로위반,건조,맑음,단일로 - 기타,승용,남,54세,경상,승용,남,26세,경상
2017082300100117,2017년 8월 23일 07시,수요일,경상북도 경산시 하양읍,경상사고,0,0,1,0,차대차 - 측면충돌,신호위반,건조,맑음,교차로 - 교차로안,승용,남,48세,상해없음,승용,여,44세,경상
2017082300100118,2017년 8월 23일 07시,수요일,경상북도 구미시 공단동,중상사고,0,2,0,0,차대차 - 측면충돌,교차로운행방법위반,건조,맑음,교차로 - 교차로안,승용,남,50세,중상,승합,남,61세,중상
2017082300100158,2017년 8월 23일 08시,수요일,경상북도 포항시 북구 우현동,경상사고,0,0,2,0,차대차 - 측면충돌,안전운전불이행,건조,맑음,교차로 - 교차로부근,승용,여,52세,경상,승용,남,38세,경상
2017082300100197,2017년 8월 23일 09시,수요일,경상북도 구미시 진평동,중상사고,0,1,0,0,차대차 - 기타,안전운전불이행,건조,맑음,단일로 - 기타,승용,남,23세,상해없음,이륜,남,69세,중상
2017082300100217,2017년 8월 23일 10시,수요일,경상북도 경주시 동방동,부상신고사고,0,0,0,1,차량단독 - 전도전복 - 전도,안전운전불이행,건조,맑음,단일로 - 기타,승용,여,44세,부상신고,,,,
2017082300100218,2017년 8월 23일 10시,수요일,경상북도 의성군 금성면,경상사고,0,0,3,0,차대차 - 측면충돌,과속,건조,맑음,교차로 - 교차로안,승용,남,59세,경상,승용,남,29세,경상
2017082300100219,2017년 8월 23일 10시,수요일,경상북도 문경시 모전동,경상사고,0,0,2,0,차대차 - 측면충돌,안전운전불이행,건조,맑음,교차로 - 교차로안,승용,여,46세,경상,승용,여,59세,경상
2017082300100241,2017년 8월 23일 11시,수요일,경상북도 경주시 안강읍,경상사고,0,0,1,0,차대차 - 측면충돌,안전운전불이행,건조,맑음,교차로 - 교차로안,화물,남,69세,상해없음,승용,여,61세,경상
2017082300100242,2017년 8월 23일 11시,수요일,경상북도 포항시 북구 항구동,경상사고,0,0,1,0,차대차 - 측면충돌,안전운전불이행,건조,맑음,단일로 - 기타,이륜,여,30세,경상,승용,남,45세,상해없음
2017082300100243,2017년 8월 23일 11시,수요일,경상북도 안동시 동부동,중상사고,0,1,0,0,차대차 - 측면충돌,안전운전불이행,건조,맑음,교차로 - 교차로안,승용,여,54세,상해없음,승용,남,54세,중상
2017082300100244,2017년 8월 23일 11시,수요일,경상북도 영주시 가흥동,경상사고,0,0,2,0,차대차 - 측면충돌,안전거리미확보,건조,맑음,교차로 - 교차로안,건설기계,남,52세,상해없음,화물,남,75세,경상
2017082300100277,2017년 8월 23일 12시,수요일,경상북도 포항시 북구 학잠동,경상사고,0,0,1,0,차대사람 - 횡단중,신호위반,건조,맑음,교차로 - 교차로횡단보도내,화물,남,64세,상해없음,보행자,여,8세,경상
2017082300100278,2017년 8월 23일 12시,수요일,경상북도 영주시 휴천동,경상사고,0,0,1,0,차대차 - 측면충돌,안전운전불이행,건조,맑음,교차로 - 교차로부근,승용,여,37세,상해없음,이륜,남,38세,경상
2017082300100279,2017년 8월 23일 12시,수요일,경상북도 울진군 후포면,부상신고사고,0,0,0,1,차대차 - 측면충돌,교차로운행방법위반,건조,맑음,교차로 - 교차로부근,이륜,여,65세,부상신고,승용,남,78세,상해없음
2017082300100280,2017년 8월 23일 12시,수요일,경상북도 구미시 선산읍,부상신고사고,0,0,0,1,차대차 - 기타,안전운전불이행,건조,맑음,교차로 - 교차로부근,이륜,남,73세,부상신고,승용,여,39세,상해없음
2017082300100312,2017년 8월 23일 13시,수요일,경상북도 경주시 안강읍,경상사고,0,0,1,0,차대차 - 측면충돌,신호위반,건조,맑음,교차로 - 교차로안,승용,남,64세,상해없음,이륜,여,30세,경상
2017082300100313,2017년 8월 23일 13시,수요일,경상북도 구미시 공단동,경상사고,0,0,2,2,차대차 - 측면충돌,신호위반,건조,맑음,교차로 - 교차로부근,승용,여,68세,부상신고,승용,여,40세,경상
2017082300100340,2017년 8월 23일 14시,수요일,경상북도 영덕군 병곡면,중상사고,0,1,0,0,차량단독 - 전도전복,안전운전불이행,건조,맑음,단일로 - 기타,화물,남,52세,중상,미분류,미분류,미분류,미분류
2017082300100341,2017년 8월 23일 14시,수요일,경상북도 청도군 각남면,경상사고,0,0,5,0,차대차 - 측면충돌,안전운전불이행,건조,맑음,단일로 - 기타,승용,여,42세,경상,승용,여,42세,경상
2017082300100342,2017년 8월 23일 14시,수요일,경상북도 구미시 장천면,부상신고사고,0,0,0,1,차량단독 - 도로외이탈 - 추락,안전운전불이행,건조,맑음,단일로 - 기타,화물,남,56세,부상신고,,,,
2017082300100343,2017년 8월 23일 14시,수요일,경상북도 구미시 형곡동,부상신고사고,0,0,0,1,차대차 - 기타,안전운전불이행,건조,맑음,교차로 - 교차로부근,기타불명,기타불명,미분류,기타불명,자전거,여,48세,부상신고
2017082300100371,2017년 8월 23일 15시,수요일,경상북도 안동시 풍산읍,경상사고,0,0,1,0,차대차 - 측면충돌,안전운전불이행,건조,맑음,교차로 - 교차로안,승용,여,48세,상해없음,자전거,남,10세,경상
2017082300100372,2017년 8월 23일 15시,수요일,경상북도 안동시 수상동,경상사고,0,0,2,0,차대차 - 추돌,안전운전불이행,건조,맑음,단일로 - 기타,승용,남,21세,상해없음,승용,남,52세,경상
2017082300100373,2017년 8월 23일 15시,수요일,경상북도 김천시 황금동,경상사고,0,0,1,0,차대차 - 측면충돌,차로위반,건조,맑음,단일로 - 기타,화물,남,71세,상해없음,이륜,남,22세,경상
2017082300100374,2017년 8월 23일 15시,수요일,경상북도 상주시 공성면,경상사고,0,0,1,0,차대차 - 측면충돌,중앙선침범,건조,흐림,단일로 - 기타,화물,남,66세,상해없음,승용,남,66세,경상
2017082300100375,2017년 8월 23일 15시,수요일,경상북도 영천시 조교동,중상사고,0,1,0,0,차대차 - 측면충돌,교차로운행방법위반,건조,맑음,교차로 - 교차로안,원동기,남,77세,중상,건설기계,남,68세,상해없음
2017082300100376,2017년 8월 23일 15시,수요일,경상북도 포항시 남구 효자동,경상사고,0,0,1,0,차대차 - 기타,안전거리미확보,건조,맑음,교차로 - 교차로안,승용,남,61세,기타불명,승용,남,33세,경상
2017082300100415,2017년 8월 23일 16시,수요일,경상북도 포항시 북구 청하면,경상사고,0,0,1,0,차대차 - 추돌,안전거리미확보,젖음/습기,맑음,단일로 - 기타,승용,남,57세,경상,승용,남,64세,상해없음
2017082300100416,2017년 8월 23일 16시,수요일,경상북도 안동시 수상동,중상사고,0,1,0,0,차대사람 - 기타,안전운전불이행,건조,맑음,교차로 - 교차로안,승용,남,46세,상해없음,보행자,여,63세,중상
2017082300100417,2017년 8월 23일 16시,수요일,경상북도 영주시 휴천동,경상사고,0,0,1,0,차대차 - 추돌,안전운전불이행,건조,맑음,단일로 - 기타,승용,남,61세,상해없음,승용,여,55세,경상
2017082300100418,2017년 8월 23일 16시,수요일,경상북도 칠곡군 석적읍,부상신고사고,0,0,0,1,차대차 - 기타,안전운전불이행,건조,맑음,교차로 - 교차로안,이륜,남,47세,부상신고,승용,남,33세,상해없음
2017082300100447,2017년 8월 23일 17시,수요일,경상북도 경주시 서면,경상사고,0,0,1,0,차대차 - 측면충돌,안전운전불이행,건조,맑음,단일로 - 기타,승용,남,36세,상해없음,승용,여,32세,경상
2017082300100448,2017년 8월 23일 17시,수요일,경상북도 포항시 북구 용흥동,경상사고,0,0,1,0,차대차 - 추돌,안전운전불이행,건조,맑음,단일로 - 기타,이륜,남,67세,상해없음,승용,여,52세,경상
2017082300100449,2017년 8월 23일 17시,수요일,경상북도 영천시 녹전동,중상사고,0,1,0,0,차량단독 - 공작물충돌,안전운전불이행,젖음/습기,흐림,단일로 - 기타,화물,남,43세,중상,,,,
2017082300100450,2017년 8월 23일 17시,수요일,경상북도 구미시 공단동,경상사고,0,0,1,0,차대차 - 추돌,안전운전불이행,건조,맑음,교차로 - 교차로안,승용,남,28세,상해없음,승용,남,38세,경상
2017082300100485,2017년 8월 23일 18시,수요일,경상북도 안동시 송현동,경상사고,0,0,1,0,차대차 - 측면충돌,중앙선침범,건조,맑음,단일로 - 기타,승용,남,53세,상해없음,승용,남,32세,경상
2017082300100486,2017년 8월 23일 18시,수요일,경상북도 칠곡군 북삼읍,부상신고사고,0,0,0,1,차대차 - 측면충돌,안전운전불이행,건조,맑음,단일로 - 기타,승용,남,65세,부상신고,승용,남,59세,기타불명
2017082300100487,2017년 8월 23일 18시,수요일,경상북도 칠곡군 석적읍,부상신고사고,0,0,0,1,차대차 - 기타,안전운전불이행,건조,맑음,교차로 - 교차로안,이륜,남,30세,부상신고,화물,남,65세,상해없음
2017082300100556,2017년 8월 23일 20시,수요일,경상북도 포항시 북구 우현동,경상사고,0,0,2,0,차대차 - 측면충돌,안전운전불이행,건조,맑음,교차로 - 교차로안,승용,남,54세,상해없음,승용,남,44세,경상
2017082300100557,2017년 8월 23일 20시,수요일,경상북도 칠곡군 석적읍,부상신고사고,0,0,0,1,차량단독 - 기타,안전운전불이행,건조,맑음,단일로 - 기타,화물,남,38세,부상신고,,,,
2017082300100558,2017년 8월 23일 20시,수요일,경상북도 포항시 남구 오천읍,중상사고,0,1,0,0,차대차 - 기타,차로위반,건조,맑음,단일로 - 기타,승용,남,31세,상해없음,이륜,남,16세,중상
2017082400100029,2017년 8월 24일 00시,목요일,경상북도 포항시 남구 오천읍,경상사고,0,0,2,0,차대차 - 측면충돌,안전운전불이행,건조,맑음,교차로 - 교차로안,이륜,남,20세,경상,승용,남,34세,경상
2017082400100058,2017년 8월 24일 03시,목요일,경상북도 경주시 성건동,부상신고사고,0,0,0,1,차량단독 - 기타,안전운전불이행,건조,맑음,단일로 - 기타,이륜,남,30세,부상신고,,,,
2017082400100078,2017년 8월 24일 05시,목요일,경상북도 의성군 안사면,사망사고,1,0,0,0,차량단독 - 전도전복 - 전복,안전운전불이행,건조,맑음,단일로 - 기타,이륜,남,57세,사망,,,,
2017082400100143,2017년 8월 24일 08시,목요일,경상북도 안동시 풍산읍,경상사고,0,0,1,0,차대차 - 측면충돌,안전운전불이행,건조,맑음,단일로 - 기타,승용,남,42세,상해없음,이륜,남,72세,경상
2017082400100144,2017년 8월 24일 08시,목요일,경상북도 상주시 낙양동,경상사고,0,0,1,0,차대차 - 측면충돌,신호위반,건조,맑음,교차로 - 교차로안,화물,남,79세,상해없음,승용,여,44세,경상
2017082400100145,2017년 8월 24일 08시,목요일,경상북도 경산시 사동,중상사고,0,1,0,0,차대차 - 기타,안전거리미확보,건조,맑음,단일로 - 기타,승용,남,68세,상해없음,승용,여,46세,중상
2017082400100146,2017년 8월 24일 08시,목요일,경상북도 구미시 광평동,경상사고,0,0,1,0,차대차 - 측면충돌,안전운전불이행,건조,맑음,단일로 - 기타,승용,여,50세,상해없음,승용,여,48세,경상
2017082400100147,2017년 8월 24일 08시,목요일,경상북도 포항시 남구 대도동,경상사고,0,0,1,0,차대차 - 추돌,안전운전불이행,건조,맑음,교차로 - 교차로부근,승용,남,52세,상해없음,승용,남,53세,기타불명
2017082400100173,2017년 8월 24일 09시,목요일,경상북도 경주시 서면,경상사고,0,0,1,0,차대차 - 측면충돌,안전운전불이행,건조,맑음,주차장 - 주차장,특수,남,51세,상해없음,승용,여,44세,경상
2017082400100174,2017년 8월 24일 09시,목요일,경상북도 영주시 상망동,경상사고,0,0,2,0,차대차 - 추돌,안전운전불이행,건조,맑음,교차로 - 교차로부근,승용,남,51세,상해없음,승용,남,52세,경상
2017082400100175,2017년 8월 24일 09시,목요일,경상북도 울진군 후포면,부상신고사고,0,0,0,1,차대차 - 측면충돌,교차로운행방법위반,건조,맑음,교차로 - 교차로안,승용,여,38세,부상신고,건설기계,남,50세,상해없음
2017082400100176,2017년 8월 24일 09시,목요일,경상북도 구미시 송정동,경상사고,0,0,1,0,차대사람 - 기타,안전운전불이행,건조,맑음,단일로 - 기타,승용,남,58세,기타불명,보행자,여,50세,경상
2017082400100198,2017년 8월 24일 10시,목요일,경상북도 청도군 금천면,중상사고,0,1,0,1,차대차 - 측면충돌,신호위반,건조,맑음,교차로 - 교차로안,승용,남,68세,부상신고,이륜,남,42세,중상
2017082400100225,2017년 8월 24일 11시,목요일,경상북도 김천시 모암동,중상사고,0,1,0,0,차대사람 - 횡단중,안전운전불이행,건조,맑음,단일로 - 기타,승용,여,33세,상해없음,보행자,남,80세,중상
2017082400100226,2017년 8월 24일 11시,목요일,경상북도 영주시 상망동,경상사고,0,0,1,0,차대차 - 측면충돌,안전운전불이행,건조,맑음,교차로 - 교차로안,자전거,남,26세,경상,이륜,남,66세,상해없음
2017082400100227,2017년 8월 24일 11시,목요일,경상북도 영천시 도림동,경상사고,0,0,1,0,차대차 - 측면충돌,안전운전불이행,건조,맑음,단일로 - 기타,화물,남,36세,상해없음,승용,남,52세,경상
2017082400100228,2017년 8월 24일 11시,목요일,경상북도 봉화군 상운면,경상사고,0,0,2,0,차대차 - 측면충돌,안전운전불이행,건조,맑음,단일로 - 기타,승용,여,69세,상해없음,승용,남,59세,경상
2017082400100229,2017년 8월 24일 11시,목요일,경상북도 구미시 형곡동,중상사고,0,1,0,0,차대사람 - 기타,안전운전불이행,건조,맑음,교차로 - 교차로안,승용,여,26세,상해없음,보행자,여,86세,중상
2017082400100280,2017년 8월 24일 13시,목요일,경상북도 포항시 북구 우현동,경상사고,0,0,1,0,차대차 - 정면충돌,차로위반,건조,맑음,단일로 - 기타,승용,여,67세,상해없음,승용,여,49세,경상
2017082400100281,2017년 8월 24일 13시,목요일,경상북도 영주시 안정면,경상사고,0,0,2,0,차대차 - 측면충돌,안전운전불이행,건조,맑음,단일로 - 기타,화물,남,58세,기타불명,화물,남,64세,경상
2017082400100282,2017년 8월 24일 13시,목요일,경상북도 경산시 중방동,경상사고,0,0,1,0,차대차 - 측면충돌,안전운전불이행,건조,맑음,단일로 - 기타,원동기,남,33세,상해없음,자전거,여,46세,경상
2017082400100283,2017년 8월 24일 13시,목요일,경상북도 구미시 공단동,경상사고,0,0,1,0,차대차 - 기타,교차로운행방법위반,건조,맑음,교차로 - 교차로부근,승용,남,27세,상해없음,승용,여,58세,경상
2017082400100318,2017년 8월 24일 14시,목요일,경상북도 안동시 송천동,중상사고,0,1,0,0,차대사람 - 횡단중,안전운전불이행,건조,맑음,단일로 - 기타,화물,남,69세,상해없음,보행자,여,65세,중상
2017082400100353,2017년 8월 24일 15시,목요일,경상북도 김천시 감천면,경상사고,0,0,1,0,차대차 - 측면충돌,안전운전불이행,건조,맑음,교차로 - 교차로안,화물,남,44세,상해없음,농기계,남,67세,경상