사고번호,사고일시,요일,시군구,사고내용,사망자수,중상자수,경상자수,부상신고자수,사고유형,법규위반,노면상태,기상상태,도로형태,가해운전자 차종,가해운전자 성별,가해운전자 연령,가해운전자 상해정도,피해운전자 차종,피해운전자 성별,피해운전자 연령,피해운전자 상해정도
2017082700100278,2017년 8월 27일 15시,일요일,경상북도 구미시 남통동,중상사고,0,1,2,0,차대차 - 측면충돌,안전운전불이행,건조,맑음,단일로 - 기타,승용,여,43세,중상,승용,남,75세,경상
2017082700100279,2017년 8월 27일 15시,일요일,경상북도 포항시 남구 대도동,중상사고,0,1,0,0,차대사람 - 기타,안전운전불이행,건조,맑음,교차로 - 교차로부근,승용,남,42세,상해없음,보행자,여,21세,중상
2017082700100307,2017년 8월 27일 16시,일요일,경상북도 포항시 북구 송라면,경상사고,0,0,2,0,차대차 - 추돌,안전거리미확보,건조,맑음,단일로 - 교량,승용,남,52세,상해없음,승용,여,42세,경상
2017082700100308,2017년 8월 27일 16시,일요일,경상북도 구미시 상모동,경상사고,0,0,1,0,차대차 - 기타,안전운전불이행,건조,맑음,단일로 - 기타,이륜,남,23세,경상,승용,남,25세,상해없음
2017082700100342,2017년 8월 27일 17시,일요일,경상북도 칠곡군 가산면,경상사고,0,0,3,0,차대차 - 추돌,안전운전불이행,건조,맑음,단일로 - 기타,화물,남,56세,상해없음,승용,남,41세,경상
2017082700100343,2017년 8월 27일 17시,일요일,경상북도 구미시 선산읍,중상사고,0,1,0,0,차대차 - 측면충돌,중앙선침범,건조,맑음,교차로 - 교차로부근,승용,남,71세,상해없음,승합,여,56세,중상
2017082700100368,2017년 8월 27일 18시,일요일,경상북도 포항시 북구 용흥동,중상사고,0,1,0,0,차대사람 - 차도통행중,안전운전불이행,건조,맑음,단일로 - 기타,승용,남,62세,상해없음,보행자,여,69세,중상
2017082700100369,2017년 8월 27일 18시,일요일,경상북도 포항시 남구 오천읍,중상사고,0,1,1,0,차대사람 - 기타,안전운전불이행,건조,맑음,단일로 - 기타,승용,남,22세,기타불명,보행자,여,22세,경상
2017082700100391,2017년 8월 27일 19시,일요일,경상북도 경주시 안강읍,경상사고,0,0,1,0,차대차 - 추돌,안전운전불이행,건조,맑음,교차로 - 교차로부근,승용,남,58세,상해없음,승용,남,64세,경상
2017082700100392,2017년 8월 27일 19시,일요일,경상북도 포항시 북구 남빈동,경상사고,0,0,5,0,차대차 - 추돌,안전거리미확보,건조,맑음,단일로 - 기타,승용,여,18세,상해없음,승용,남,44세,경상
2017082700100416,2017년 8월 27일 20시,일요일,경상북도 포항시 북구 동빈1가,경상사고,0,0,1,0,차대차 - 측면충돌,안전운전불이행,건조,맑음,교차로 - 교차로부근,기타불명,기타불명,미분류,기타불명,이륜,남,26세,경상
2017082700100417,2017년 8월 27일 20시,일요일,경상북도 영주시 풍기읍,부상신고사고,0,0,0,1,차대차 - 측면충돌,안전운전불이행,건조,맑음,교차로 - 교차로안,이륜,남,22세,부상신고,승용,남,27세,상해없음
2017082700100418,2017년 8월 27일 20시,일요일,경상북도 영천시 금노동,중상사고,0,1,1,0,차대차 - 측면충돌,신호위반,건조,맑음,교차로 - 교차로안,승용,남,50세,경상,화물,남,61세,중상
2017082700100419,2017년 8월 27일 20시,일요일,경상북도 포항시 남구 이동,경상사고,0,0,1,0,차대사람 - 기타,안전운전불이행,건조,맑음,단일로 - 기타,승용,남,35세,상해없음,보행자,남,38세,경상
2017082700100437,2017년 8월 27일 21시,일요일,경상북도 상주시 낙양동,중상사고,0,1,1,0,차대차 - 측면충돌,교차로운행방법위반,건조,맑음,교차로 - 교차로안,이륜,남,24세,중상,승용,남,39세,경상
2017082700100438,2017년 8월 27일 21시,일요일,경상북도 영천시 금호읍,경상사고,0,0,2,0,차대차 - 측면충돌,안전운전불이행,건조,맑음,교차로 - 교차로부근,승용,여,47세,상해없음,승용,남,48세,경상
2017082700100476,2017년 8월 27일 23시,일요일,경상북도 영덕군 영해면,중상사고,0,1,0,0,차대차 - 추돌,안전거리미확보,건조,맑음,단일로 - 기타,화물,남,40세,중상,화물,남,61세,상해없음
2017082800100092,2017년 8월 28일 07시,월요일,경상북도 안동시 태화동,중상사고,0,2,0,0,차대차 - 측면충돌,중앙선침범,건조,맑음,교차로 - 교차로안,승용,남,33세,중상,승용,남,40세,중상
2017082800100093,2017년 8월 28일 07시,월요일,경상북도 안동시 안기동,중상사고,0,1,0,0,차대사람 - 차도통행중,안전운전불이행,건조,맑음,단일로 - 기타,승용,남,62세,상해없음,보행자,남,12세,중상
2017082800100094,2017년 8월 28일 07시,월요일,경상북도 칠곡군 동명면,부상신고사고,0,0,0,1,차대차 - 측면충돌,안전운전불이행,건조,맑음,단일로 - 기타,사륜오토바이(ATV),남,76세,부상신고,승용,남,48세,상해없음
2017082800100095,2017년 8월 28일 07시,월요일,경상북도 성주군 선남면,경상사고,0,0,1,0,차대차 - 정면충돌,중앙선침범,건조,맑음,미분류 - 미분류,승합,남,71세,상해없음,승합,남,60세,경상
2017082800100133,2017년 8월 28일 08시,월요일,경상북도 포항시 북구 용흥동,중상사고,0,2,2,0,차대차 - 추돌,안전거리미확보,건조,맑음,단일로 - 기타,건설기계,남,58세,상해없음,승용,여,33세,중상
2017082800100196,2017년 8월 28일 10시,월요일,경상북도 칠곡군 지천면,부상신고사고,0,0,0,1,차대차 - 측면충돌,안전운전불이행,건조,맑음,단일로 - 기타,이륜,남,25세,부상신고,승용,남,51세,상해없음
2017082800100197,2017년 8월 28일 10시,월요일,경상북도 칠곡군 기산면,사망사고,1,0,0,0,차량단독 - 공작물충돌,안전운전불이행,건조,맑음,단일로 - 기타,농기계,남,79세,사망,,,,
2017082800100198,2017년 8월 28일 10시,월요일,경상북도 경산시 사정동,사망사고,1,1,0,0,차대차 - 측면충돌,교차로운행방법위반,건조,맑음,교차로 - 교차로안,승합,남,57세,상해없음,이륜,남,75세,사망
2017082800100221,2017년 8월 28일 11시,월요일,경상북도 울진군 근남면,중상사고,0,1,0,0,차대차 - 측면충돌,안전운전불이행,건조,맑음,단일로 - 기타,승용,남,68세,중상,승용,여,59세,상해없음
2017082800100222,2017년 8월 28일 11시,월요일,경상북도 고령군 성산면,중상사고,0,1,3,0,차대차 - 추돌,안전운전불이행,건조,맑음,교차로 - 교차로안,승용,남,62세,경상,승용,남,41세,중상
2017082800100251,2017년 8월 28일 12시,월요일,경상북도 안동시 운흥동,중상사고,0,1,0,0,차대차 - 측면충돌,중앙선침범,건조,맑음,교차로 - 교차로안,승합,남,67세,상해없음,이륜,남,39세,중상
2017082800100252,2017년 8월 28일 12시,월요일,경상북도 안동시 옥야동,중상사고,0,1,0,0,차대차 - 측면충돌,불법유턴,건조,맑음,단일로 - 기타,승용,남,56세,상해없음,이륜,남,72세,중상
2017082800100253,2017년 8월 28일 12시,월요일,경상북도 상주시 서성동,중상사고,0,1,0,0,차대차 - 측면충돌,안전운전불이행,건조,맑음,단일로 - 기타,화물,남,28세,상해없음,자전거,남,19세,중상
2017082800100287,2017년 8월 28일 13시,월요일,경상북도 경주시 외동읍,경상사고,0,0,1,0,차대차 - 측면충돌,신호위반,건조,맑음,교차로 - 교차로안,특수,남,46세,상해없음,승용,여,43세,경상
2017082800100288,2017년 8월 28일 13시,월요일,경상북도 안동시 풍산읍,중상사고,0,1,0,0,차대사람 - 횡단중,안전운전불이행,건조,맑음,교차로 - 교차로안,화물,남,67세,상해없음,보행자,여,75세,중상
2017082800100289,2017년 8월 28일 13시,월요일,경상북도 경산시 자인면,경상사고,0,0,1,0,차대사람 - 기타,안전운전불이행,건조,맑음,교차로 - 교차로안,이륜,남,79세,상해없음,보행자,남,61세,경상
2017082800100290,2017년 8월 28일 13시,월요일,경상북도 포항시 남구 대잠동,경상사고,0,0,1,0,차대차 - 기타,안전운전불이행,건조,맑음,교차로 - 교차로안,승용,여,70세,상해없음,승용,여,43세,경상
2017082800100324,2017년 8월 28일 14시,월요일,경상북도 포항시 북구 죽도동,중상사고,0,1,0,0,차대차 - 측면충돌,안전운전불이행,건조,맑음,단일로 - 기타,특수,남,68세,상해없음,승용,여,40세,중상
2017082800100325,2017년 8월 28일 14시,월요일,경상북도 칠곡군 기산면,경상사고,0,0,1,0,차대차 - 측면충돌,안전운전불이행,건조,맑음,단일로 - 교량,화물,남,58세,상해없음,승용,여,46세,경상
2017082800100357,2017년 8월 28일 15시,월요일,경상북도 안동시 옥동,경상사고,0,0,1,0,차대사람 - 횡단중,보행자보호의무위반,건조,맑음,단일로 - 기타,승용,여,57세,상해없음,보행자,여,57세,경상
2017082800100358,2017년 8월 28일 15시,월요일,경상북도 포항시 남구 대잠동,경상사고,0,0,2,0,차대차 - 측면충돌,안전운전불이행,건조,맑음,단일로 - 기타,승용,남,46세,경상,화물,남,33세,경상
2017082800100401,2017년 8월 28일 16시,월요일,경상북도 경주시 성건동,중상사고,0,1,1,0,차대차 - 추돌,안전운전불이행,건조,맑음,교차로 - 교차로부근,승용,여,41세,상해없음,승용,여,43세,상해없음
2017082800100402,2017년 8월 28일 16시,월요일,경상북도 문경시 호계면,경상사고,0,0,2,0,차대차 - 정면충돌,중앙선침범,건조,맑음,단일로 - 기타,화물,남,41세,상해없음,승용,여,56세,경상
2017082800100444,2017년 8월 28일 17시,월요일,경상북도 칠곡군 석적읍,중상사고,0,2,0,0,차대사람 - 길가장자리구역통행중,안전운전불이행,건조,맑음,단일로 - 기타,자전거,남,43세,중상,보행자,여,67세,중상
2017082800100445,2017년 8월 28일 17시,월요일,경상북도 청송군 부남면,중상사고,0,2,0,0,차량단독 - 공작물충돌,안전운전불이행,기타,맑음,단일로 - 기타,화물,남,59세,중상,,,,
2017082800100488,2017년 8월 28일 18시,월요일,경상북도 포항시 남구 연일읍,중상사고,0,1,0,0,차대차 - 측면충돌,안전거리미확보,건조,맑음,단일로 - 교량,승용,남,49세,상해없음,화물,남,49세,상해없음
2017082800100534,2017년 8월 28일 19시,월요일,경상북도 의성군 금성면,경상사고,0,0,1,0,차대차 - 측면충돌,안전운전불이행,건조,맑음,단일로 - 기타,화물,남,50세,상해없음,자전거,남,80세,경상
2017082800100561,2017년 8월 28일 20시,월요일,경상북도 경주시 용강동,경상사고,0,0,1,0,차대차 - 정면충돌,안전운전불이행,건조,맑음,교차로 - 교차로안,승용,남,71세,상해없음,자전거,남,15세,경상
2017082800100562,2017년 8월 28일 20시,월요일,경상북도 안동시 옥야동,경상사고,0,0,2,0,차대차 - 측면충돌,불법유턴,건조,맑음,단일로 - 기타,승용,여,56세,경상,승용,남,55세,경상
2017082800100563,2017년 8월 28일 20시,월요일,경상북도 영주시 상망동,중상사고,0,1,1,0,차대차 - 측면충돌,신호위반,젖음/습기,비,교차로 - 교차로안,화물,여,57세,상해없음,승용,남,39세,중상
2017082800100611,2017년 8월 28일 22시,월요일,경상북도 경주시 동천동,중상사고,0,1,0,0,차대사람 - 길가장자리구역통행중,안전운전불이행,건조,맑음,단일로 - 기타,승용,남,65세,상해없음,보행자,남,45세,중상
2017082800100612,2017년 8월 28일 22시,월요일,경상북도 포항시 북구 장성동,경상사고,0,0,1,0,차대사람 - 기타,안전운전불이행,건조,맑음,교차로 - 교차로안,승용,남,37세,상해없음,보행자,남,44세,경상
2017082800100642,2017년 8월 28일 23시,월요일,경상북도 경산시 압량면,경상사고,0,0,1,0,차대차 - 기타,교차로운행방법위반,건조,맑음,교차로 - 교차로안,화물,남,54세,상해없음,승용,남,21세,경상
2017082800100643,2017년 8월 28일 23시,월요일,경상북도 청도군 이서면,사망사고,1,0,0,0,차대차 - 기타,안전운전불이행,건조,맑음,단일로 - 터널,이륜,남,22세,사망,승용,남,25세,상해없음
2017082800100644,2017년 8월 28일 23시,월요일,경상북도 포항시 남구 상도동,경상사고,0,0,1,0,차대차 - 기타,안전거리미확보,건조,맑음,단일로 - 기타,승용,남,24세,기타불명,승용,남,69세,경상
2017082900100041,2017년 8월 29일 01시,화요일,경상북도 경산시 압량면,경상사고,0,0,1,0,차대차 - 측면충돌,신호위반,건조,맑음,교차로 - 교차로안,승용,남,55세,상해없음,승용,남,38세,경상
2017082900100048,2017년 8월 29일 02시,화요일,경상북도 경산시 백천동,중상사고,0,1,0,0,차량단독 - 전도전복,안전운전불이행,젖음/습기,비,교차로 - 교차로안,이륜,남,42세,중상,미분류,미분류,미분류,미분류
2017082900100072,2017년 8월 29일 05시,화요일,경상북도 김천시 부곡동,경상사고,0,0,1,0,차대차 - 추돌,안전운전불이행,건조,맑음,단일로 - 기타,승용,남,30세,상해없음,승용,남,70세,경상
2017082900100101,2017년 8월 29일 07시,화요일,경상북도 경산시 진량읍,경상사고,0,0,1,0,차대차 - 측면충돌,불법유턴,건조,맑음,단일로 - 기타,화물,남,47세,상해없음,승용,여,45세,경상
2017082900100102,2017년 8월 29일 07시,화요일,경상북도 경산시 진량읍,경상사고,0,0,1,0,차대차 - 측면충돌,안전운전불이행,건조,맑음,교차로 - 교차로부근,건설기계,남,44세,상해없음,승용,남,32세,경상
2017082900100103,2017년 8월 29일 07시,화요일,경상북도 구미시 형곡동,경상사고,0,0,1,0,차대차 - 추돌,안전운전불이행,건조,맑음,단일로 - 기타,승용,여,42세,상해없음,승용,여,43세,경상
2017082900100143,2017년 8월 29일 08시,화요일,경상북도 예천군 호명면,경상사고,0,0,1,0,차량단독 - 공작물충돌,안전운전불이행,건조,맑음,단일로 - 터널,승용,남,41세,경상,,,,
2017082900100189,2017년 8월 29일 09시,화요일,경상북도 구미시 송정동,중상사고,0,1,0,1,차대차 - 측면충돌,안전운전불이행,건조,맑음,단일로 - 기타,승용,여,54세,부상신고,승용,남,58세,중상
2017082900100215,2017년 8월 29일 10시,화요일,경상북도 문경시 모전동,중상사고,0,1,1,0,차대차 - 측면충돌,안전운전불이행,건조,맑음,교차로 - 교차로안,화물,남,53세,상해없음,이륜,남,83세,경상
2017082900100276,2017년 8월 29일 12시,화요일,경상북도 청도군 각남면,중상사고,0,1,2,0,차대차 - 추돌,안전운전불이행,건조,맑음,단일로 - 기타,화물,남,50세,경상,화물,남,42세,중상
2017082900100277,2017년 8월 29일 12시,화요일,경상북도 성주군 성주읍,중상사고,0,1,1,0,차대차 - 측면충돌,안전운전불이행,건조,맑음,교차로 - 교차로부근,승용,여,42세,상해없음,이륜,남,75세,중상
2017082900100278,2017년 8월 29일 12시,화요일,경상북도 구미시 진평동,경상사고,0,0,2,1,차대차 - 측면충돌,안전거리미확보,건조,맑음,단일로 - 기타,승용,남,63세,부상신고,승용,여,27세,경상
2017082900100306,2017년 8월 29일 13시,화요일,경상북도 구미시 무을면,경상사고,0,0,1,0,차대차 - 측면충돌,안전운전불이행,건조,맑음,단일로 - 기타,승용,여,59세,기타불명,승용,남,36세,경상
2017082900100307,2017년 8월 29일 13시,화요일,경상북도 포항시 남구 구룡포읍,경상사고,0,0,1,0,차대차 - 추돌,안전운전불이행,건조,맑음,단일로 - 기타,승용,남,36세,상해없음,이륜,남,70세,경상
2017082900100335,2017년 8월 29일 14시,화요일,경상북도 김천시 모암동,경상사고,0,0,1,0,차대차 - 추돌,안전운전불이행,건조,맑음,단일로 - 기타,승용,남,62세,상해없음,화물,남,29세,경상
2017082900100336,2017년 8월 29일 14시,화요일,경상북도 상주시 이안면,중상사고,0,2,0,0,차대차 - 측면충돌,직진우회전진행방해,건조,맑음,교차로 - 교차로부근,화물,남,34세,상해없음,이륜,남,79세,중상
2017082900100337,2017년 8월 29일 14시,화요일,경상북도 봉화군 춘양면,경상사고,0,0,1,0,차대차 - 기타,안전운전불이행,건조,맑음,단일로 - 기타,화물,여,57세,상해없음,이륜,남,57세,경상
2017082900100371,2017년 8월 29일 15시,화요일,경상북도 포항시 북구 죽도동,경상사고,0,0,2,0,차대차 - 측면충돌,차로위반,건조,맑음,단일로 - 기타,승용,남,50세,상해없음,승용,남,60세,상해없음
2017082900100372,2017년 8월 29일 15시,화요일,경상북도 영주시 풍기읍,경상사고,0,0,2,0,차대차 - 측면충돌,교차로운행방법위반,건조,맑음,교차로 - 교차로안,승용,여,52세,상해없음,승용,여,54세,경상
2017082900100373,2017년 8월 29일 15시,화요일,경상북도 영주시 가흥동,경상사고,0,0,1,0,차대차 - 측면충돌,신호위반,건조,맑음,교차로 - 교차로안,화물,남,44세,상해없음,승용,남,28세,경상
2017082900100415,2017년 8월 29일 16시,화요일,경상북도 경주시 용강동,중상사고,0,1,0,0,차대차 - 추돌,안전운전불이행,건조,맑음,단일로 - 기타,이륜,남,69세,중상,승용,남,63세,상해없음
2017082900100416,2017년 8월 29일 16시,화요일,경상북도 경산시 중방동,중상사고,0,1,0,0,차대차 - 추돌,안전운전불이행,건조,맑음,단일로 - 기타,승용,남,22세,상해없음,화물,기타불명,미분류,기타불명
2017082900100417,2017년 8월 29일 16시,화요일,경상북도 경산시 와촌면,경상사고,0,0,2,0,차대차 - 측면충돌,안전운전불이행,건조,맑음,단일로 - 기타,화물,여,56세,상해없음,승용,여,63세,경상
2017082900100418,2017년 8월 29일 16시,화요일,경상북도 구미시 옥계동,경상사고,0,0,1,1,차대차 - 정면충돌,안전운전불이행,건조,맑음,단일로 - 기타,화물,남,46세,기타불명,승용,남,32세,부상신고
2017082900100450,2017년 8월 29일 17시,화요일,경상북도 경주시 충효동,중상사고,0,1,0,0,차대차 - 측면충돌,신호위반,건조,맑음,교차로 - 교차로안,이륜,남,16세,중상,화물,남,26세,상해없음
2017082900100451,2017년 8월 29일 17시,화요일,경상북도 안동시 임하면,경상사고,0,0,1,0,차대사람 - 기타,안전운전불이행,건조,맑음,단일로 - 기타,화물,남,61세,상해없음,보행자,여,85세,경상
2017082900100452,2017년 8월 29일 17시,화요일,경상북도 김천시 성내동,경상사고,0,0,2,0,차대차 - 측면충돌,차로위반,건조,맑음,단일로 - 기타,승용,남,58세,상해없음,이륜,남,31세,경상
2017082900100453,2017년 8월 29일 17시,화요일,경상북도 문경시 가은읍,중상사고,0,1,0,0,차대차 - 측면충돌,안전운전불이행,건조,맑음,단일로 - 기타,원동기,남,75세,중상,화물,여,57세,상해없음
2017082900100454,2017년 8월 29일 17시,화요일,경상북도 경산시 하양읍,경상사고,0,0,1,0,차대차 - 측면충돌,안전거리미확보,건조,맑음,단일로 - 기타,화물,남,53세,상해없음,승용,남,77세,경상
2017082900100455,2017년 8월 29일 17시,화요일,경상북도 예천군 용궁면,경상사고,0,0,1,0,차대차 - 추돌,안전운전불이행,건조,맑음,교차로 - 교차로부근,화물,남,39세,상해없음,승용,남,39세,경상
2017082900100501,2017년 8월 29일 18시,화요일,경상북도 포항시 북구 죽도동,경상사고,0,0,1,0,차대차 - 측면충돌,중앙선침범,건조,맑음,단일로 - 기타,승용,남,60세,상해없음,승용,남,49세,경상
2017082900100502,2017년 8월 29일 18시,화요일,경상북도 안동시 일직면,경상사고,0,0,1,0,차대차 - 정면충돌,중앙선침범,건조,맑음,단일로 - 기타,승용,여,55세,상해없음,화물,남,70세,상해없음
2017082900100503,2017년 8월 29일 18시,화요일,경상북도 안동시 임하면,경상사고,0,0,1,0,차량단독 - 도로외이탈 - 추락,안전운전불이행,건조,맑음,단일로 - 기타,이륜,남,68세,경상,,,,
2017082900100540,2017년 8월 29일 19시,화요일,경상북도 구미시 고아읍,중상사고,0,1,0,0,차대차 - 추돌,안전운전불이행,건조,맑음,교차로 - 교차로부근,이륜,남,64세,중상,승용,남,53세,상해없음
2017082900100541,2017년 8월 29일 19시,화요일,경상북도 구미시 송정동,중상사고,0,1,0,0,차대사람 - 기타,안전운전불이행,건조,맑음,단일로 - 기타,이륜,남,55세,상해없음,보행자,남,80세,중상
2017082900100576,2017년 8월 29일 20시,화요일,경상북도 상주시 낙양동,경상사고,0,0,1,0,차대차 - 추돌,안전거리미확보,건조,맑음,교차로 - 교차로부근,승용,남,25세,상해없음,승용,여,73세,경상
2017082900100577,2017년 8월 29일 20시,화요일,경상북도 포항시 남구 대잠동,중상사고,0,3,1,0,차대차 - 측면충돌,안전운전불이행,건조,맑음,교차로 - 교차로안,승용,남,47세,경상,승용,여,56세,중상
2017082900100608,2017년 8월 29일 21시,화요일,경상북도 구미시 지산동,경상사고,0,0,1,0,차대차 - 측면충돌,안전운전불이행,건조,맑음,단일로 - 기타,승용,남,35세,상해없음,자전거,남,22세,경상
2017083000100036,2017년 8월 30일 01시,수요일,경상북도 안동시 북후면,경상사고,0,0,1,0,차량단독 - 기타,안전운전불이행,건조,맑음,단일로 - 기타,승용,여,37세,경상,,,,
2017083000100037,2017년 8월 30일 01시,수요일,경상북도 구미시 원평동,중상사고,0,1,0,0,차대차 - 측면충돌,중앙선침범,건조,맑음,교차로 - 교차로안,승용,남,58세,상해없음,이륜,남,20세,중상
2017083000100038,2017년 8월 30일 01시,수요일,경상북도 영주시 장수면,중상사고,0,1,0,0,차대차 - 추돌,안전운전불이행,건조,맑음,단일로 - 기타,승용,여,48세,상해없음,승용,남,61세,중상
2017083000100063,2017년 8월 30일 05시,수요일,경상북도 영덕군 남정면,중상사고,0,1,0,0,차대차 - 추돌,안전운전불이행,건조,맑음,단일로 - 기타,승용,남,22세,중상,화물,남,58세,상해없음
2017083000100095,2017년 8월 30일 07시,수요일,경상북도 포항시 북구 죽장면,중상사고,0,1,0,0,차대사람 - 기타,안전운전불이행,건조,맑음,기타 - 기타,화물,남,74세,상해없음,보행자,여,61세,중상
2017083000100096,2017년 8월 30일 07시,수요일,경상북도 상주시 공성면,중상사고,0,1,0,0,차대차 - 정면충돌,중앙선침범,건조,맑음,단일로 - 기타,화물,남,58세,중상,화물,남,53세,상해없음
2017083000100097,2017년 8월 30일 07시,수요일,경상북도 영천시 완산동,경상사고,0,0,2,0,차대차 - 측면충돌,직진우회전진행방해,건조,맑음,교차로 - 교차로안,화물,남,74세,상해없음,승용,남,78세,경상
2017083000100127,2017년 8월 30일 08시,수요일,경상북도 성주군 성주읍,중상사고,0,1,0,0,차대차 - 측면충돌,안전운전불이행,건조,맑음,교차로 - 교차로부근,화물,남,67세,상해없음,승용,남,28세,중상
2017083000100192,2017년 8월 30일 10시,수요일,경상북도 포항시 북구 흥해읍,경상사고,0,0,1,0,차대차 - 측면충돌,안전운전불이행,건조,맑음,단일로 - 기타,건설기계,남,50세,상해없음,승용,남,64세,경상
2017083000100220,2017년 8월 30일 11시,수요일,경상북도 경주시 성건동,중상사고,0,1,1,0,차대차 - 측면충돌,중앙선침범,건조,맑음,단일로 - 기타,승용,남,21세,상해없음,승용,남,69세,중상
2017083000100221,2017년 8월 30일 11시,수요일,경상북도 경주시 석장동,중상사고,0,3,1,0,차대차 - 측면충돌,안전운전불이행,건조,맑음,교차로 - 교차로안,승용,남,26세,경상,승용,여,21세,중상
2017083000100244,2017년 8월 30일 12시,수요일,경상북도 경주시 배반동,중상사고,0,1,0,0,차대차 - 추돌,안전운전불이행,건조,맑음,단일로 - 기타,특수,남,49세,상해없음,화물,남,37세,중상
2017083000100245,2017년 8월 30일 12시,수요일,경상북도 칠곡군 왜관읍,경상사고,0,0,1,0,차대차 - 측면충돌,안전운전불이행,건조,맑음,단일로 - 기타,승용,남,74세,상해없음,자전거,남,19세,경상
2017083000100246,2017년 8월 30일 12시,수요일,경상북도 포항시 남구 오천읍,경상사고,0,0,1,0,차대사람 - 길가장자리구역통행중,안전운전불이행,건조,맑음,단일로 - 기타,승용,남,60세,상해없음,보행자,여,32세,경상
2017083000100268,2017년 8월 30일 13시,수요일,경상북도 영천시 도동,경상사고,0,0,1,1,차대차 - 추돌,안전운전불이행,건조,맑음,교차로 - 교차로부근,승용,남,25세,부상신고,승용,여,49세,경상
2017083000100269,2017년 8월 30일 13시,수요일,경상북도 경산시 사정동,경상사고,0,0,1,0,차대사람 - 기타,안전운전불이행,건조,맑음,주차장 - 주차장,승용,남,54세,상해없음,보행자,여,42세,경상
2017083000100340,2017년 8월 30일 15시,수요일,경상북도 경주시 안강읍,중상사고,0,1,0,0,차대차 - 측면충돌,안전운전불이행,건조,맑음,단일로 - 기타,이륜,남,36세,중상,승용,여,39세,상해없음
2017083000100341,2017년 8월 30일 15시,수요일,경상북도 포항시 북구 죽도동,경상사고,0,0,1,0,차대차 - 측면충돌,차로위반,건조,맑음,단일로 - 기타,승용,여,60세,상해없음,승용,남,26세,경상
2017083000100342,2017년 8월 30일 15시,수요일,경상북도 의성군 봉양면,경상사고,0,0,1,0,차대차 - 측면충돌,안전운전불이행,건조,맑음,기타 - 기타,승용,남,80세,상해없음,승용,남,29세,경상
2017083000100343,2017년 8월 30일 15시,수요일,경상북도 영천시 야사동,경상사고,0,0,1,0,차대차 - 측면충돌,차로위반,건조,맑음,교차로 - 교차로부근,승용,남,64세,상해없음,승용,남,27세,경상
2017083000100344,2017년 8월 30일 15시,수요일,경상북도 예천군 감천면,경상사고,0,0,1,0,차량단독 - 공작물충돌,안전운전불이행,건조,맑음,단일로 - 기타,승용,여,41세,경상,,,,
2017083000100377,2017년 8월 30일 16시,수요일,경상북도 칠곡군 약목면,경상사고,0,0,1,0,차대차 - 추돌,안전운전불이행,건조,맑음,교차로 - 교차로부근,화물,남,42세,상해없음,승용,여,48세,경상
2017083000100405,2017년 8월 30일 17시,수요일,경상북도 구미시 남통동,경상사고,0,0,3,0,차대차 - 정면충돌,안전거리미확보,건조,맑음,기타 - 기타,승합,여,61세,경상,승용,남,32세,경상
2017083000100406,2017년 8월 30일 17시,수요일,경상북도 구미시 사곡동,경상사고,0,0,1,0,차대차 - 정면충돌,교차로운행방법위반,건조,맑음,단일로 - 기타,승용,남,65세,기타불명,승용,남,40세,경상
2017083000100456,2017년 8월 30일 18시,수요일,경상북도 문경시 점촌동,경상사고,0,0,1,0,차대차 - 측면충돌,안전운전불이행,건조,맑음,단일로 - 기타,승용,남,70세,상해없음,이륜,남,18세,경상
2017083000100457,2017년 8월 30일 18시,수요일,경상북도 경산시 백천동,경상사고,0,0,2,0,차대차 - 추돌,안전운전불이행,건조,맑음,단일로 - 기타,승용,남,42세,상해없음,승용,여,56세,경상
2017083000100458,2017년 8월 30일 18시,수요일,경상북도 경산시 옥산동,중상사고,0,1,0,0,차대차 - 기타,안전운전불이행,건조,맑음,교차로 - 교차로부근,승용,여,44세,상해없음,승합,남,57세,상해없음
2017083000100459,2017년 8월 30일 18시,수요일,경상북도 울진군 울진읍,중상사고,0,2,0,0,차대차 - 측면충돌,교차로운행방법위반,건조,맑음,교차로 - 교차로안,승용,여,58세,상해없음,이륜,남,16세,중상
2017083000100460,2017년 8월 30일 18시,수요일,경상북도 구미시 공단동,중상사고,0,1,0,0,차대차 - 기타,안전거리미확보,건조,맑음,단일로 - 기타,승용,남,50세,상해없음,승용,남,33세,중상
2017083000100461,2017년 8월 30일 18시,수요일,경상북도 구미시 사곡동,경상사고,0,0,1,0,차대차 - 기타,안전운전불이행,건조,맑음,교차로 - 교차로안,승용,여,48세,상해없음,자전거,남,8세,경상
2017083000100462,2017년 8월 30일 18시,수요일,경상북도 구미시 원평동,중상사고,0,1,0,0,차대차 - 기타,안전운전불이행,건조,맑음,단일로 - 기타,승용,여,56세,상해없음,자전거,남,54세,중상
2017083000100490,2017년 8월 30일 19시,수요일,경상북도 안동시 남선면,경상사고,0,0,1,0,차대차 - 추돌,안전운전불이행,건조,맑음,단일로 - 기타,승용,여,44세,경상,화물,남,50세,상해없음
2017083000100491,2017년 8월 30일 19시,수요일,경상북도 김천시 덕곡동,경상사고,0,0,2,0,차대차 - 측면충돌,안전운전불이행,건조,맑음,단일로 - 기타,화물,여,57세,상해없음,승용,여,37세,경상
2017083000100492,2017년 8월 30일 19시,수요일,경상북도 영주시 가흥동,중상사고,0,1,0,0,차대사람 - 횡단중,안전운전불이행,건조,맑음,단일로 - 기타,승용,남,62세,상해없음,보행자,여,78세,중상