사고번호,사고일시,요일,시군구,사고내용,사망자수,중상자수,경상자수,부상신고자수,사고유형,법규위반,노면상태,기상상태,도로형태,가해운전자 차종,가해운전자 성별,가해운전자 연령,가해운전자 상해정도,피해운전자 차종,피해운전자 성별,피해운전자 연령,피해운전자 상해정도
2017091200100214,2017년 9월 12일 10시,화요일,경상북도 상주시 부원동,사망사고,1,0,0,0,차대차 - 추돌,안전운전불이행,건조,맑음,교차로 - 교차로부근,승용,남,52세,상해없음,자전거,남,62세,사망
2017091200100215,2017년 9월 12일 10시,화요일,경상북도 봉화군 봉화읍,경상사고,0,0,1,0,차대사람 - 기타,안전운전불이행,건조,맑음,기타 - 기타,농기계,남,45세,상해없음,보행자,여,65세,경상
2017091200100216,2017년 9월 12일 10시,화요일,경상북도 포항시 남구 해도동,경상사고,0,0,2,0,차대차 - 기타,신호위반,건조,맑음,교차로 - 교차로안,승용,여,38세,경상,승용,여,48세,경상
2017091200100267,2017년 9월 12일 12시,화요일,경상북도 청송군 안덕면,경상사고,0,0,2,0,차대차 - 추돌,안전운전불이행,건조,맑음,단일로 - 기타,화물,남,73세,상해없음,승용,남,69세,경상
2017091200100292,2017년 9월 12일 13시,화요일,경상북도 경주시 구황동,중상사고,0,2,1,0,차대차 - 기타,중앙선침범,건조,맑음,단일로 - 기타,승용,여,56세,경상,건설기계,남,59세,상해없음
2017091200100293,2017년 9월 12일 13시,화요일,경상북도 김천시 신음동,경상사고,0,0,1,0,차대차 - 측면충돌,안전운전불이행,건조,맑음,단일로 - 기타,승용,여,55세,상해없음,자전거,남,78세,경상
2017091200100348,2017년 9월 12일 15시,화요일,경상북도 경주시 용강동,경상사고,0,0,1,0,차대차 - 측면충돌,안전운전불이행,건조,맑음,단일로 - 기타,승용,여,46세,상해없음,원동기,남,20세,경상
2017091200100349,2017년 9월 12일 15시,화요일,경상북도 경주시 율동,경상사고,0,0,1,0,차대차 - 후진중충돌,안전운전불이행,건조,맑음,단일로 - 기타,승용,남,69세,상해없음,승용,남,33세,경상
2017091200100350,2017년 9월 12일 15시,화요일,경상북도 포항시 북구 득량동,경상사고,0,0,1,0,차대차 - 측면충돌,안전운전불이행,건조,맑음,단일로 - 기타,승용,남,24세,상해없음,승용,여,55세,상해없음
2017091200100351,2017년 9월 12일 15시,화요일,경상북도 안동시 운흥동,경상사고,0,0,1,0,차대차 - 측면충돌,안전운전불이행,건조,맑음,단일로 - 기타,승용,남,75세,상해없음,승용,남,65세,경상
2017091200100352,2017년 9월 12일 15시,화요일,경상북도 의성군 의성읍,중상사고,0,1,0,0,차량단독 - 전도전복,안전운전불이행,건조,맑음,기타 - 기타,농기계,남,74세,중상,미분류,미분류,미분류,미분류
2017091200100353,2017년 9월 12일 15시,화요일,경상북도 구미시 비산동,경상사고,0,0,2,0,차대차 - 기타,교차로운행방법위반,건조,맑음,교차로 - 교차로안,승용,여,37세,경상,승용,남,39세,경상
2017091200100391,2017년 9월 12일 16시,화요일,경상북도 경주시 성동동,중상사고,0,1,0,0,차대사람 - 기타,안전운전불이행,건조,맑음,단일로 - 기타,승용,여,54세,상해없음,보행자,여,63세,중상
2017091200100471,2017년 9월 12일 18시,화요일,경상북도 의성군 의성읍,경상사고,0,0,1,0,차량단독 - 전도전복,안전운전불이행,건조,맑음,단일로 - 기타,자전거,남,13세,경상,미분류,미분류,미분류,미분류
2017091200100472,2017년 9월 12일 18시,화요일,경상북도 포항시 남구 해도동,경상사고,0,0,6,0,차대차 - 기타,안전거리미확보,건조,맑음,단일로 - 기타,승용,여,55세,상해없음,승용,남,35세,경상
2017091200100512,2017년 9월 12일 19시,화요일,경상북도 구미시 도량동,중상사고,0,2,0,0,차대차 - 측면충돌,교차로운행방법위반,건조,맑음,단일로 - 기타,승용,남,54세,상해없음,승용,남,29세,중상
2017091200100513,2017년 9월 12일 19시,화요일,경상북도 구미시 황상동,중상사고,0,1,0,0,차대차 - 측면충돌,안전운전불이행,건조,맑음,단일로 - 기타,승용,여,44세,상해없음,원동기,여,53세,중상
2017091200100514,2017년 9월 12일 19시,화요일,경상북도 포항시 남구 이동,중상사고,0,1,0,0,차대차 - 기타,신호위반,건조,맑음,교차로 - 교차로안,승용,여,36세,상해없음,이륜,남,37세,중상
2017091200100543,2017년 9월 12일 20시,화요일,경상북도 성주군 초전면,중상사고,0,1,0,0,차대사람 - 보도통행중,보행자보호의무위반,건조,맑음,교차로 - 교차로횡단보도내,기타불명,기타불명,미분류,기타불명,보행자,남,55세,중상
2017091200100544,2017년 9월 12일 20시,화요일,경상북도 구미시 인의동,경상사고,0,0,1,0,차대차 - 측면충돌,안전운전불이행,건조,맑음,교차로 - 교차로안,승용,여,39세,상해없음,이륜,남,31세,경상
2017091200100593,2017년 9월 12일 22시,화요일,경상북도 김천시 아포읍,중상사고,0,1,0,0,차대사람 - 길가장자리구역통행중,안전운전불이행,건조,맑음,단일로 - 기타,화물,남,63세,상해없음,보행자,남,54세,중상
2017091300100040,2017년 9월 13일 01시,수요일,경상북도 칠곡군 북삼읍,경상사고,0,0,2,0,차대차 - 기타,안전운전불이행,건조,맑음,단일로 - 기타,승용,남,50세,상해없음,승용,남,52세,경상
2017091300100053,2017년 9월 13일 02시,수요일,경상북도 영주시 가흥동,경상사고,0,0,2,0,차대차 - 측면충돌,신호위반,건조,맑음,교차로 - 교차로안,승용,남,56세,상해없음,승용,남,32세,경상
2017091300100058,2017년 9월 13일 04시,수요일,경상북도 경산시 하양읍,중상사고,0,1,0,0,차대차 - 측면충돌,안전운전불이행,건조,맑음,단일로 - 기타,화물,남,52세,상해없음,이륜,남,21세,중상
2017091300100108,2017년 9월 13일 07시,수요일,경상북도 문경시 점촌동,경상사고,0,0,1,0,차대사람 - 기타,안전운전불이행,건조,맑음,단일로 - 기타,승용,남,36세,기타불명,보행자,여,15세,경상
2017091300100109,2017년 9월 13일 07시,수요일,경상북도 포항시 남구 오천읍,중상사고,0,1,2,0,차대차 - 측면충돌,신호위반,건조,맑음,교차로 - 교차로안,승용,여,55세,상해없음,승용,남,62세,경상
2017091300100110,2017년 9월 13일 07시,수요일,경상북도 포항시 남구 해도동,중상사고,0,1,0,0,차대차 - 측면충돌,안전운전불이행,건조,맑음,단일로 - 기타,승용,남,33세,상해없음,자전거,남,32세,중상
2017091300100111,2017년 9월 13일 07시,수요일,경상북도 칠곡군 석적읍,경상사고,0,0,2,0,차대차 - 측면충돌,차로위반,건조,맑음,단일로 - 교량,승용,남,58세,상해없음,화물,남,52세,경상
2017091300100145,2017년 9월 13일 08시,수요일,경상북도 안동시 정상동,경상사고,0,0,1,0,차대사람 - 기타,안전운전불이행,건조,맑음,단일로 - 기타,화물,남,43세,상해없음,보행자,여,76세,경상
2017091300100180,2017년 9월 13일 09시,수요일,경상북도 상주시 신봉동,경상사고,0,0,2,0,차대차 - 측면충돌,신호위반,젖음/습기,비,교차로 - 교차로안,승용,남,69세,상해없음,화물,남,75세,경상
2017091300100181,2017년 9월 13일 09시,수요일,경상북도 고령군 쌍림면,중상사고,0,4,1,0,차대차 - 정면충돌,중앙선침범,건조,맑음,기타 - 기타,승용,남,23세,중상,승용,여,50세,경상
2017091300100182,2017년 9월 13일 09시,수요일,경상북도 구미시 고아읍,사망사고,1,0,0,0,차대차 - 정면충돌,중앙선침범,건조,맑음,단일로 - 기타,화물,남,45세,상해없음,승용,남,40세,사망
2017091300100220,2017년 9월 13일 10시,수요일,경상북도 구미시 원평동,중상사고,0,1,1,0,차대차 - 기타,안전거리미확보,건조,맑음,단일로 - 기타,승용,남,47세,상해없음,승합,남,41세,상해없음
2017091300100221,2017년 9월 13일 10시,수요일,경상북도 포항시 남구 대도동,경상사고,0,0,2,0,차대차 - 측면충돌,안전운전불이행,건조,맑음,단일로 - 기타,승용,남,74세,상해없음,승용,남,63세,상해없음
2017091300100243,2017년 9월 13일 11시,수요일,경상북도 영주시 봉현면,중상사고,0,1,0,0,차량단독 - 공작물충돌,안전운전불이행,건조,맑음,단일로 - 기타,승용,여,65세,상해없음,,,,
2017091300100244,2017년 9월 13일 11시,수요일,경상북도 영덕군 강구면,부상신고사고,0,0,0,1,차대차 - 기타,안전운전불이행,건조,맑음,단일로 - 기타,이륜,남,49세,부상신고,승용,여,52세,기타불명
2017091300100245,2017년 9월 13일 11시,수요일,경상북도 포항시 남구 오천읍,경상사고,0,0,2,0,차대차 - 측면충돌,안전운전불이행,건조,맑음,교차로 - 교차로안,승용,여,53세,기타불명,승용,여,46세,경상
2017091300100246,2017년 9월 13일 11시,수요일,경상북도 포항시 남구 호동,경상사고,0,0,1,0,차량단독 - 전도전복,안전운전불이행,건조,맑음,교차로 - 교차로안,건설기계,남,48세,경상,미분류,미분류,미분류,미분류
2017091300100286,2017년 9월 13일 12시,수요일,경상북도 청도군 화양읍,경상사고,0,0,1,0,차대차 - 기타,안전운전불이행,건조,맑음,단일로 - 기타,화물,남,26세,상해없음,이륜,남,73세,경상
2017091300100323,2017년 9월 13일 13시,수요일,경상북도 구미시 해평면,중상사고,0,1,0,2,차대차 - 기타,안전운전불이행,건조,맑음,기타 - 기타,승용,남,66세,부상신고,승합,남,56세,상해없음
2017091300100363,2017년 9월 13일 14시,수요일,경상북도 경주시 보문동,중상사고,0,1,1,0,차량단독 - 공작물충돌,안전운전불이행,건조,맑음,단일로 - 기타,승용,여,62세,중상,,,,
2017091300100364,2017년 9월 13일 14시,수요일,경상북도 영주시 안정면,중상사고,0,2,4,0,차대차 - 추돌,안전운전불이행,건조,맑음,단일로 - 기타,승용,여,60세,상해없음,승용,남,75세,중상
2017091300100365,2017년 9월 13일 14시,수요일,경상북도 경산시 중방동,중상사고,0,1,0,0,차대사람 - 차도통행중,안전운전불이행,건조,맑음,단일로 - 기타,승합,남,46세,상해없음,보행자,여,68세,중상
2017091300100366,2017년 9월 13일 14시,수요일,경상북도 구미시 산동면,중상사고,0,1,0,0,차량단독 - 기타,안전운전불이행,건조,맑음,기타 - 기타,화물,남,58세,상해없음,,,,
2017091300100367,2017년 9월 13일 14시,수요일,경상북도 포항시 남구 대도동,부상신고사고,0,0,0,1,차대차 - 측면충돌,안전운전불이행,건조,맑음,교차로 - 교차로안,이륜,남,56세,상해없음,자전거,남,12세,부상신고
2017091300100368,2017년 9월 13일 14시,수요일,경상북도 성주군 선남면,경상사고,0,0,2,0,차대차 - 추돌,안전운전불이행,건조,맑음,단일로 - 기타,승용,남,25세,상해없음,화물,남,58세,경상
2017091300100397,2017년 9월 13일 15시,수요일,경상북도 김천시 율곡동,중상사고,0,1,1,0,차대차 - 측면충돌,신호위반,건조,맑음,교차로 - 교차로안,승용,여,52세,경상,화물,남,26세,중상
2017091300100398,2017년 9월 13일 15시,수요일,경상북도 청도군 매전면,중상사고,0,1,0,0,차대차 - 후진중충돌,안전운전불이행,건조,맑음,단일로 - 기타,화물,여,57세,상해없음,이륜,남,48세,중상
2017091300100427,2017년 9월 13일 16시,수요일,경상북도 경주시 탑동,경상사고,0,0,2,0,차대차 - 측면충돌,안전운전불이행,건조,맑음,단일로 - 기타,화물,남,60세,경상,승용,남,69세,경상
2017091300100428,2017년 9월 13일 16시,수요일,경상북도 경주시 동천동,중상사고,0,1,0,0,차대차 - 추돌,안전운전불이행,건조,맑음,단일로 - 기타,승합,남,76세,상해없음,승합,남,45세,중상
2017091300100429,2017년 9월 13일 16시,수요일,경상북도 안동시 길안면,중상사고,0,1,2,0,차량단독 - 기타,안전운전불이행,건조,맑음,단일로 - 기타,승용,남,19세,경상,,,,
2017091300100430,2017년 9월 13일 16시,수요일,경상북도 구미시 형곡동,부상신고사고,0,0,0,1,차대차 - 측면충돌,안전운전불이행,건조,맑음,단일로 - 기타,자전거,남,13세,부상신고,승용,여,44세,상해없음
2017091300100479,2017년 9월 13일 17시,수요일,경상북도 김천시 성내동,경상사고,0,0,3,0,차대차 - 추돌,안전운전불이행,건조,맑음,단일로 - 기타,승용,남,50세,상해없음,승용,여,51세,경상
2017091300100480,2017년 9월 13일 17시,수요일,경상북도 의성군 의성읍,경상사고,0,0,1,0,차대차 - 측면충돌,안전운전불이행,건조,맑음,교차로 - 교차로안,화물,남,49세,상해없음,자전거,남,73세,경상
2017091300100481,2017년 9월 13일 17시,수요일,경상북도 문경시 호계면,경상사고,0,0,1,0,차대차 - 측면충돌,안전운전불이행,건조,맑음,교차로 - 교차로안,승용,여,54세,상해없음,이륜,남,76세,경상
2017091300100482,2017년 9월 13일 17시,수요일,경상북도 영덕군 영덕읍,경상사고,0,0,1,0,차대차 - 정면충돌,안전운전불이행,건조,맑음,교차로 - 교차로부근,이륜,남,17세,경상,승용,여,36세,상해없음
2017091300100483,2017년 9월 13일 17시,수요일,경상북도 영덕군 강구면,경상사고,0,0,1,0,차대차 - 측면충돌,안전운전불이행,건조,맑음,단일로 - 기타,특수,남,42세,상해없음,승용,여,42세,경상
2017091300100532,2017년 9월 13일 18시,수요일,경상북도 경주시 황성동,중상사고,0,1,0,0,차대차 - 기타,교차로운행방법위반,건조,맑음,교차로 - 교차로안,승용,여,36세,상해없음,이륜,남,56세,중상
2017091300100533,2017년 9월 13일 18시,수요일,경상북도 경주시 천북면,경상사고,0,0,1,0,차량단독 - 공작물충돌,중앙선침범,건조,맑음,교차로 - 교차로부근,화물,남,61세,경상,,,,
2017091300100534,2017년 9월 13일 18시,수요일,경상북도 영주시 가흥동,중상사고,0,1,0,0,차대차 - 추돌,안전운전불이행,건조,맑음,단일로 - 기타,이륜,남,18세,중상,승용,여,53세,기타불명
2017091300100535,2017년 9월 13일 18시,수요일,경상북도 경산시 와촌면,중상사고,0,1,0,0,차대차 - 기타,중앙선침범,건조,맑음,단일로 - 기타,화물,남,39세,상해없음,이륜,여,61세,중상
2017091300100536,2017년 9월 13일 18시,수요일,경상북도 영덕군 축산면,중상사고,0,1,0,0,차량단독 - 공작물충돌,안전운전불이행,건조,맑음,단일로 - 기타,화물,남,66세,중상,,,,
2017091300100582,2017년 9월 13일 19시,수요일,경상북도 경산시 삼북동,중상사고,0,2,0,0,차대차 - 기타,교차로운행방법위반,건조,맑음,교차로 - 교차로안,화물,남,74세,상해없음,이륜,남,53세,중상
2017091300100613,2017년 9월 13일 20시,수요일,경상북도 칠곡군 동명면,중상사고,0,1,1,0,차대차 - 추돌,안전운전불이행,건조,맑음,단일로 - 기타,승용,남,59세,상해없음,승용,남,55세,상해없음
2017091300100614,2017년 9월 13일 20시,수요일,경상북도 경산시 중방동,경상사고,0,0,1,0,차량단독 - 전도전복 - 전도,안전운전불이행,건조,맑음,단일로 - 기타,이륜,남,51세,경상,,,,
2017091300100646,2017년 9월 13일 21시,수요일,경상북도 경산시 옥산동,경상사고,0,0,1,0,차대사람 - 기타,안전운전불이행,건조,맑음,단일로 - 기타,이륜,남,49세,상해없음,보행자,남,48세,경상
2017091300100647,2017년 9월 13일 21시,수요일,경상북도 구미시 사곡동,경상사고,0,0,1,0,차대차 - 기타,안전운전불이행,건조,맑음,교차로 - 교차로안,승용,여,29세,상해없음,이륜,남,17세,경상
2017091300100672,2017년 9월 13일 22시,수요일,경상북도 포항시 남구 해도동,경상사고,0,0,2,0,차대차 - 측면충돌,신호위반,건조,맑음,교차로 - 교차로안,이륜,남,16세,경상,승용,남,44세,경상
2017091400100028,2017년 9월 14일 00시,목요일,경상북도 포항시 북구 우현동,사망사고,1,0,0,0,차량단독 - 공작물충돌,안전운전불이행,건조,맑음,단일로 - 기타,화물,남,42세,사망,,,,
2017091400100029,2017년 9월 14일 00시,목요일,경상북도 구미시 지산동,경상사고,0,0,1,0,차대차 - 기타,안전운전불이행,건조,맑음,단일로 - 기타,승용,남,53세,상해없음,승용,남,53세,경상
2017091400100030,2017년 9월 14일 00시,목요일,경상북도 구미시 원평동,중상사고,0,1,0,0,차대차 - 추돌,안전운전불이행,건조,맑음,단일로 - 기타,화물,남,27세,상해없음,화물,남,49세,중상
2017091400100079,2017년 9월 14일 06시,목요일,경상북도 경주시 외동읍,중상사고,0,1,0,0,차대차 - 측면충돌,안전운전불이행,건조,맑음,단일로 - 기타,승용,남,49세,상해없음,승용,남,61세,중상
2017091400100080,2017년 9월 14일 06시,목요일,경상북도 울진군 죽변면,사망사고,1,1,0,0,차량단독 - 공작물충돌,안전운전불이행,건조,맑음,단일로 - 기타,원동기,여,18세,사망,,,,
2017091400100081,2017년 9월 14일 06시,목요일,경상북도 구미시 구포동,경상사고,0,0,1,0,차대차 - 기타,안전운전불이행,건조,맑음,교차로 - 교차로안,이륜,남,61세,경상,승용,여,28세,상해없음
2017091400100082,2017년 9월 14일 06시,목요일,경상북도 구미시 선산읍,사망사고,1,1,0,0,차대차 - 기타,중앙선침범,건조,맑음,단일로 - 기타,승용,남,55세,중상,승용,남,61세,사망
2017091400100120,2017년 9월 14일 07시,목요일,경상북도 김천시 농소면,경상사고,0,0,1,0,차대차 - 측면충돌,교차로운행방법위반,건조,맑음,교차로 - 교차로안,화물,여,66세,상해없음,승용,여,41세,경상
2017091400100121,2017년 9월 14일 07시,목요일,경상북도 영천시 망정동,중상사고,0,1,1,0,차대차 - 측면충돌,교차로운행방법위반,건조,맑음,교차로 - 교차로안,승용,여,60세,경상,승용,남,37세,중상
2017091400100122,2017년 9월 14일 07시,목요일,경상북도 포항시 남구 대송면,경상사고,0,0,1,0,차대차 - 측면충돌,직진우회전진행방해,건조,맑음,교차로 - 교차로안,승용,남,49세,상해없음,승용,남,53세,경상
2017091400100123,2017년 9월 14일 07시,목요일,경상북도 포항시 남구 송도동,중상사고,0,1,0,0,차량단독 - 기타,안전운전불이행,건조,맑음,단일로 - 기타,자전거,여,67세,중상,,,,
2017091400100165,2017년 9월 14일 08시,목요일,경상북도 안동시 수상동,중상사고,0,1,0,0,차대차 - 기타,안전운전불이행,건조,맑음,단일로 - 기타,화물,남,31세,상해없음,화물,남,53세,중상
2017091400100166,2017년 9월 14일 08시,목요일,경상북도 칠곡군 지천면,경상사고,0,0,2,0,차대차 - 추돌,안전운전불이행,건조,맑음,단일로 - 기타,승용,남,31세,상해없음,승용,여,43세,경상
2017091400100167,2017년 9월 14일 08시,목요일,경상북도 구미시 남통동,경상사고,0,0,1,0,차대차 - 기타,중앙선침범,건조,맑음,단일로 - 기타,승합,남,31세,상해없음,자전거,남,45세,경상
2017091400100168,2017년 9월 14일 08시,목요일,경상북도 구미시 장천면,경상사고,0,0,1,0,차대차 - 기타,안전운전불이행,건조,맑음,교차로 - 교차로안,승용,남,58세,상해없음,승용,여,34세,경상
2017091400100223,2017년 9월 14일 09시,목요일,경상북도 안동시 정상동,경상사고,0,0,1,0,차대차 - 기타,안전운전불이행,건조,맑음,단일로 - 기타,화물,남,77세,상해없음,이륜,남,41세,경상
2017091400100224,2017년 9월 14일 09시,목요일,경상북도 안동시 길안면,중상사고,0,1,1,0,차량단독 - 도로외이탈 - 기타,안전운전불이행,건조,맑음,단일로 - 기타,승용,남,72세,경상,,,,
2017091400100252,2017년 9월 14일 10시,목요일,경상북도 경주시 노동동,경상사고,0,0,1,0,차대차 - 측면충돌,안전운전불이행,건조,맑음,단일로 - 기타,화물,남,57세,상해없음,승용,여,55세,경상
2017091400100253,2017년 9월 14일 10시,목요일,경상북도 경산시 삼북동,경상사고,0,0,1,0,차대차 - 기타,안전거리미확보,건조,맑음,교차로 - 교차로안,승용,남,62세,상해없음,승용,여,53세,경상
2017091400100280,2017년 9월 14일 11시,목요일,경상북도 안동시 법흥동,경상사고,0,0,1,0,차대차 - 측면충돌,안전거리미확보,건조,맑음,단일로 - 기타,승합,남,78세,상해없음,승용,여,40세,경상
2017091400100281,2017년 9월 14일 11시,목요일,경상북도 영천시 임고면,경상사고,0,0,1,0,차대차 - 측면충돌,교차로운행방법위반,건조,맑음,교차로 - 교차로안,원동기,남,83세,경상,승용,여,55세,상해없음
2017091400100316,2017년 9월 14일 12시,목요일,경상북도 포항시 북구 장성동,경상사고,0,0,2,0,차대차 - 기타,안전운전불이행,건조,맑음,교차로 - 교차로부근,승용,여,57세,상해없음,승용,남,52세,경상
2017091400100317,2017년 9월 14일 12시,목요일,경상북도 경산시 자인면,중상사고,0,1,0,0,차대사람 - 길가장자리구역통행중,안전운전불이행,건조,맑음,단일로 - 기타,화물,남,66세,상해없음,보행자,남,70세,중상
2017091400100346,2017년 9월 14일 13시,목요일,경상북도 칠곡군 북삼읍,중상사고,0,1,0,0,차대차 - 정면충돌,안전운전불이행,건조,맑음,단일로 - 기타,승용,남,69세,상해없음,자전거,남,85세,중상
2017091400100347,2017년 9월 14일 13시,목요일,경상북도 경산시 조영동,중상사고,0,1,0,0,차대사람 - 기타,안전운전불이행,건조,맑음,단일로 - 기타,승용,남,63세,상해없음,보행자,여,65세,중상
2017091400100390,2017년 9월 14일 14시,목요일,경상북도 경산시 삼남동,중상사고,0,1,1,0,차대차 - 기타,신호위반,건조,맑음,교차로 - 교차로안,이륜,남,25세,중상,승용,남,46세,경상
2017091400100391,2017년 9월 14일 14시,목요일,경상북도 영덕군 강구면,경상사고,0,0,1,0,차대차 - 측면충돌,중앙선침범,건조,맑음,단일로 - 기타,승용,남,32세,상해없음,이륜,남,82세,경상
2017091400100419,2017년 9월 14일 15시,목요일,경상북도 의성군 옥산면,경상사고,0,0,1,0,차대차 - 측면충돌,안전운전불이행,건조,맑음,교차로 - 교차로안,농기계,남,65세,경상,화물,남,41세,상해없음
2017091400100420,2017년 9월 14일 15시,목요일,경상북도 문경시 문경읍,사망사고,1,3,0,0,차량단독 - 공작물충돌,안전운전불이행,건조,맑음,단일로 - 기타,승용,여,65세,중상,,,,
2017091400100421,2017년 9월 14일 15시,목요일,경상북도 구미시 구평동,중상사고,0,1,1,0,차대차 - 정면충돌,안전운전불이행,건조,맑음,단일로 - 기타,승용,여,50세,중상,건설기계,남,52세,경상
2017091400100460,2017년 9월 14일 16시,목요일,경상북도 경주시 황오동,경상사고,0,0,1,0,차대차 - 기타,안전운전불이행,건조,맑음,교차로 - 교차로안,승용,남,32세,상해없음,자전거,남,44세,경상
2017091400100461,2017년 9월 14일 16시,목요일,경상북도 영주시 봉현면,중상사고,0,1,0,0,차대차 - 측면충돌,중앙선침범,건조,맑음,단일로 - 기타,농기계,남,75세,중상,승용,남,36세,상해없음
2017091400100462,2017년 9월 14일 16시,목요일,경상북도 영천시 언하동,경상사고,0,0,1,0,차대차 - 측면충돌,교차로운행방법위반,건조,맑음,교차로 - 교차로안,화물,여,37세,경상,화물,남,55세,상해없음
2017091400100463,2017년 9월 14일 16시,목요일,경상북도 영덕군 남정면,경상사고,0,0,1,0,차대차 - 추돌,안전거리미확보,건조,맑음,단일로 - 기타,화물,남,70세,상해없음,승용,여,40세,경상
2017091400100464,2017년 9월 14일 16시,목요일,경상북도 구미시 임은동,중상사고,0,1,0,0,차대사람 - 기타,안전운전불이행,건조,맑음,교차로 - 교차로안,승용,남,57세,상해없음,보행자,여,76세,중상
2017091400100514,2017년 9월 14일 17시,목요일,경상북도 포항시 북구 죽도동,경상사고,0,0,1,0,차대차 - 추돌,안전운전불이행,건조,맑음,교차로 - 교차로부근,승용,남,29세,상해없음,승용,여,34세,경상
2017091400100515,2017년 9월 14일 17시,목요일,경상북도 상주시 신봉동,경상사고,0,0,1,0,차대차 - 측면충돌,안전운전불이행,건조,맑음,교차로 - 교차로안,화물,남,60세,상해없음,화물,여,50세,경상
2017091400100516,2017년 9월 14일 17시,목요일,경상북도 칠곡군 왜관읍,중상사고,0,1,1,0,차대차 - 측면충돌,교차로운행방법위반,건조,맑음,교차로 - 교차로안,특수,여,48세,중상,승용,여,35세,경상
2017091400100517,2017년 9월 14일 17시,목요일,경상북도 경산시 하양읍,경상사고,0,0,2,0,차대차 - 기타,교차로운행방법위반,건조,맑음,교차로 - 교차로안,승합,남,52세,상해없음,승용,남,24세,경상
2017091400100518,2017년 9월 14일 17시,목요일,경상북도 영양군 영양읍,중상사고,0,1,0,0,차대차 - 기타,안전운전불이행,건조,맑음,교차로 - 교차로안,이륜,여,62세,중상,승용,여,62세,상해없음
2017091400100519,2017년 9월 14일 17시,목요일,경상북도 포항시 남구 송도동,중상사고,0,1,0,0,차대사람 - 기타,안전운전불이행,건조,맑음,단일로 - 기타,이륜,남,57세,상해없음,보행자,여,9세,중상
2017091400100520,2017년 9월 14일 17시,목요일,경상북도 포항시 남구 오천읍,경상사고,0,0,1,0,차대차 - 추돌,안전운전불이행,건조,맑음,단일로 - 기타,승용,남,18세,상해없음,승용,남,33세,경상
2017091400100568,2017년 9월 14일 18시,목요일,경상북도 의성군 의성읍,경상사고,0,0,2,0,차대차 - 측면충돌,직진우회전진행방해,건조,맑음,교차로 - 교차로안,승용,남,47세,상해없음,승용,여,63세,경상
2017091400100569,2017년 9월 14일 18시,목요일,경상북도 구미시 사곡동,부상신고사고,0,0,0,1,차대차 - 기타,차로위반,건조,맑음,단일로 - 기타,이륜,남,20세,부상신고,승용,여,45세,상해없음
2017091400100570,2017년 9월 14일 18시,목요일,경상북도 구미시 원평동,경상사고,0,0,1,0,차대차 - 추돌,안전거리미확보,건조,맑음,단일로 - 기타,승용,남,44세,상해없음,화물,남,48세,경상
2017091400100571,2017년 9월 14일 18시,목요일,경상북도 구미시 임은동,경상사고,0,0,1,0,차대차 - 측면충돌,신호위반,건조,맑음,교차로 - 교차로안,승용,남,21세,상해없음,승용,남,36세,경상
2017091400100623,2017년 9월 14일 19시,목요일,경상북도 안동시 대석동,경상사고,0,0,1,0,차대차 - 측면충돌,안전운전불이행,건조,맑음,단일로 - 기타,승용,남,65세,상해없음,승용,여,47세,경상
2017091400100624,2017년 9월 14일 19시,목요일,경상북도 예천군 예천읍,경상사고,0,0,1,0,차대차 - 측면충돌,차로위반,건조,맑음,단일로 - 기타,승용,남,82세,상해없음,승용,남,43세,경상
2017091400100625,2017년 9월 14일 19시,목요일,경상북도 예천군 예천읍,중상사고,0,1,0,0,차대사람 - 횡단중,보행자보호의무위반,건조,맑음,교차로 - 교차로횡단보도내,승용,남,28세,상해없음,보행자,남,56세,중상
2017091400100654,2017년 9월 14일 20시,목요일,경상북도 문경시 모전동,중상사고,0,1,0,0,차대차 - 추돌,안전운전불이행,건조,맑음,단일로 - 기타,승용,남,73세,상해없음,자전거,남,53세,중상
2017091400100655,2017년 9월 14일 20시,목요일,경상북도 구미시 원평동,경상사고,0,0,1,0,차대차 - 추돌,안전운전불이행,건조,맑음,교차로 - 교차로부근,승용,남,34세,상해없음,승용,남,27세,경상
2017091400100703,2017년 9월 14일 22시,목요일,경상북도 경주시 노서동,경상사고,0,0,1,0,차대사람 - 길가장자리구역통행중,기타,건조,맑음,단일로 - 기타,승용,남,55세,상해없음,보행자,여,36세,경상
2017091400100704,2017년 9월 14일 22시,목요일,경상북도 영주시 문정동,경상사고,0,0,2,0,차대차 - 추돌,안전운전불이행,건조,맑음,교차로 - 교차로부근,특수,남,50세,상해없음,승용,여,48세,경상
2017091400100705,2017년 9월 14일 22시,목요일,경상북도 영덕군 축산면,부상신고사고,0,0,0,1,차량단독 - 전도전복,안전운전불이행,건조,맑음,단일로 - 기타,자전거,여,51세,부상신고,미분류,미분류,미분류,미분류
2017091400100706,2017년 9월 14일 22시,목요일,경상북도 구미시 임수동,경상사고,0,0,1,0,차대사람 - 기타,안전운전불이행,건조,맑음,주차장 - 주차장,승합,남,58세,상해없음,보행자,남,47세,경상
2017091500100044,2017년 9월 15일 03시,금요일,경상북도 경주시 용강동,중상사고,0,1,1,0,차대차 - 측면충돌,안전운전불이행,건조,맑음,단일로 - 기타,승용,여,27세,경상,승용,남,37세,기타불명