사고번호,사고일시,요일,시군구,사고내용,사망자수,중상자수,경상자수,부상신고자수,사고유형,법규위반,노면상태,기상상태,도로형태,가해운전자 차종,가해운전자 성별,가해운전자 연령,가해운전자 상해정도,피해운전자 차종,피해운전자 성별,피해운전자 연령,피해운전자 상해정도
2017092000100571,2017년 9월 20일 18시,수요일,경상북도 김천시 감문면,경상사고,0,0,1,0,차대차 - 측면충돌,안전운전불이행,건조,맑음,교차로 - 교차로안,승용,남,33세,경상,이륜,남,40세,상해없음
2017092000100572,2017년 9월 20일 18시,수요일,경상북도 김천시 신음동,경상사고,0,0,1,0,차대차 - 측면충돌,안전운전불이행,건조,맑음,단일로 - 기타,화물,남,53세,상해없음,이륜,남,73세,경상
2017092000100573,2017년 9월 20일 18시,수요일,경상북도 경산시 진량읍,경상사고,0,0,1,0,차대사람 - 기타,안전운전불이행,건조,맑음,교차로 - 교차로부근,승용,남,38세,상해없음,보행자,여,60세,경상
2017092000100574,2017년 9월 20일 18시,수요일,경상북도 경산시 사동,중상사고,0,1,0,0,차대차 - 측면충돌,신호위반,건조,맑음,교차로 - 교차로안,자전거,남,11세,중상,승용,남,52세,상해없음
2017092000100629,2017년 9월 20일 19시,수요일,경상북도 경주시 성건동,경상사고,0,0,1,0,차대차 - 측면충돌,중앙선침범,건조,맑음,단일로 - 기타,승용,남,61세,상해없음,이륜,남,17세,경상
2017092000100630,2017년 9월 20일 19시,수요일,경상북도 경산시 조영동,경상사고,0,0,1,0,차대사람 - 길가장자리구역통행중,안전운전불이행,건조,맑음,단일로 - 기타,승용,남,29세,상해없음,보행자,남,26세,경상
2017092000100631,2017년 9월 20일 19시,수요일,경상북도 경산시 중방동,경상사고,0,0,1,0,차대사람 - 길가장자리구역통행중,안전운전불이행,건조,맑음,교차로 - 교차로부근,화물,남,50세,상해없음,보행자,여,57세,경상
2017092000100632,2017년 9월 20일 19시,수요일,경상북도 포항시 남구 상도동,중상사고,0,2,1,0,차대차 - 기타,안전운전불이행,건조,맑음,교차로 - 교차로안,승용,남,58세,상해없음,승용,남,48세,경상
2017092000100666,2017년 9월 20일 20시,수요일,경상북도 김천시 성내동,중상사고,0,1,0,0,차대사람 - 횡단중,보행자보호의무위반,건조,맑음,단일로 - 기타,승용,남,51세,상해없음,보행자,여,70세,중상
2017092000100667,2017년 9월 20일 20시,수요일,경상북도 경산시 진량읍,경상사고,0,0,1,0,차대사람 - 횡단중,교차로운행방법위반,건조,맑음,교차로 - 교차로안,승용,남,52세,기타불명,보행자,여,22세,경상
2017092000100758,2017년 9월 20일 23시,수요일,경상북도 포항시 북구 양덕동,경상사고,0,0,1,0,차대차 - 추돌,안전운전불이행,건조,맑음,단일로 - 기타,승용,남,37세,상해없음,승용,여,46세,경상
2017092100100044,2017년 9월 21일 01시,목요일,경상북도 경산시 압량면,경상사고,0,0,1,0,차대차 - 측면충돌,안전거리미확보,건조,맑음,단일로 - 기타,이륜,남,21세,상해없음,승용,남,28세,경상
2017092100100055,2017년 9월 21일 02시,목요일,경상북도 경산시 사동,경상사고,0,0,2,0,차대차 - 측면충돌,신호위반,건조,맑음,교차로 - 교차로안,승용,남,56세,상해없음,승용,남,39세,경상
2017092100100067,2017년 9월 21일 04시,목요일,경상북도 의성군 의성읍,경상사고,0,0,1,0,차대차 - 측면충돌,직진우회전진행방해,건조,맑음,교차로 - 교차로부근,승용,남,78세,상해없음,승용,여,35세,경상
2017092100100073,2017년 9월 21일 05시,목요일,경상북도 경주시 성동동,경상사고,0,0,1,0,차대차 - 측면충돌,신호위반,건조,맑음,단일로 - 기타,화물,남,70세,상해없음,자전거,남,42세,경상
2017092100100089,2017년 9월 21일 06시,목요일,경상북도 성주군 선남면,중상사고,0,2,0,0,차대차 - 추돌,안전운전불이행,건조,맑음,단일로 - 기타,승용,남,52세,중상,농기계,남,53세,중상
2017092100100109,2017년 9월 21일 07시,목요일,경상북도 경산시 하양읍,중상사고,0,2,0,0,차대차 - 측면충돌,교차로운행방법위반,건조,맑음,교차로 - 교차로안,승용,여,69세,상해없음,원동기,남,82세,중상
2017092100100110,2017년 9월 21일 07시,목요일,경상북도 구미시 인의동,경상사고,0,0,1,0,차대차 - 기타,안전운전불이행,건조,맑음,교차로 - 교차로부근,이륜,남,19세,상해없음,자전거,남,13세,경상
2017092100100148,2017년 9월 21일 08시,목요일,경상북도 안동시 금곡동,경상사고,0,0,2,0,차대차 - 측면충돌,안전운전불이행,건조,맑음,기타 - 기타,자전거,남,10세,경상,자전거,여,67세,경상
2017092100100149,2017년 9월 21일 08시,목요일,경상북도 영주시 문수면,부상신고사고,0,0,0,1,차대차 - 측면충돌,안전운전불이행,건조,맑음,교차로 - 교차로부근,농기계,남,81세,부상신고,승용,여,49세,상해없음
2017092100100150,2017년 9월 21일 08시,목요일,경상북도 구미시 오태동,중상사고,0,1,0,1,차대차 - 기타,안전운전불이행,건조,맑음,교차로 - 교차로부근,승용,여,46세,부상신고,승용,여,62세,중상
2017092100100151,2017년 9월 21일 08시,목요일,경상북도 구미시 오태동,경상사고,0,0,2,0,차대차 - 추돌,안전거리미확보,기타,맑음,교차로 - 교차로부근,승용,여,42세,상해없음,승용,여,48세,상해없음
2017092100100152,2017년 9월 21일 08시,목요일,경상북도 포항시 남구 송도동,중상사고,0,1,0,0,차대차 - 추돌,안전운전불이행,건조,맑음,단일로 - 기타,승용,여,22세,상해없음,자전거,여,61세,중상
2017092100100153,2017년 9월 21일 08시,목요일,경상북도 포항시 남구 동촌동,경상사고,0,0,1,0,차대차 - 기타,안전운전불이행,건조,맑음,교차로 - 교차로부근,자전거,남,39세,경상,자전거,남,78세,상해없음
2017092100100196,2017년 9월 21일 09시,목요일,경상북도 문경시 영순면,중상사고,0,1,0,0,차대차 - 측면충돌,안전운전불이행,건조,맑음,교차로 - 교차로안,화물,남,23세,상해없음,원동기,남,70세,중상
2017092100100197,2017년 9월 21일 09시,목요일,경상북도 포항시 남구 오천읍,중상사고,0,1,0,0,차대차 - 측면충돌,안전운전불이행,건조,맑음,교차로 - 교차로안,승용,남,19세,상해없음,이륜,남,71세,중상
2017092100100232,2017년 9월 21일 10시,목요일,경상북도 경주시 성동동,경상사고,0,0,1,0,차대차 - 측면충돌,안전운전불이행,건조,맑음,교차로 - 교차로안,이륜,남,32세,경상,승용,여,51세,상해없음
2017092100100233,2017년 9월 21일 10시,목요일,경상북도 경주시 노동동,중상사고,0,1,0,0,차대차 - 측면충돌,안전운전불이행,건조,맑음,단일로 - 기타,승용,여,46세,상해없음,자전거,여,69세,중상
2017092100100234,2017년 9월 21일 10시,목요일,경상북도 울진군 울진읍,경상사고,0,0,3,0,차대차 - 측면충돌,교차로운행방법위반,건조,맑음,교차로 - 교차로안,승용,남,75세,상해없음,승용,남,49세,경상
2017092100100268,2017년 9월 21일 11시,목요일,경상북도 경주시 감포읍,경상사고,0,0,1,0,차대사람 - 기타,안전운전불이행,건조,맑음,단일로 - 기타,승용,남,67세,상해없음,보행자,남,32세,경상
2017092100100269,2017년 9월 21일 11시,목요일,경상북도 포항시 북구 덕수동,중상사고,0,1,0,0,차대차 - 기타,안전운전불이행,건조,맑음,단일로 - 기타,승용,여,53세,상해없음,원동기,남,65세,중상
2017092100100270,2017년 9월 21일 11시,목요일,경상북도 구미시 원평동,중상사고,0,1,0,0,차대사람 - 기타,안전운전불이행,건조,맑음,단일로 - 기타,승용,남,25세,상해없음,보행자,남,81세,중상
2017092100100296,2017년 9월 21일 12시,목요일,경상북도 포항시 북구 죽도동,경상사고,0,0,1,0,차대차 - 측면충돌,안전운전불이행,건조,맑음,단일로 - 기타,화물,남,63세,상해없음,원동기,남,53세,경상
2017092100100297,2017년 9월 21일 12시,목요일,경상북도 안동시 풍산읍,경상사고,0,0,1,0,차대사람 - 기타,안전운전불이행,건조,맑음,단일로 - 기타,승용,남,59세,상해없음,보행자,남,83세,경상
2017092100100298,2017년 9월 21일 12시,목요일,경상북도 상주시 낙양동,중상사고,0,1,0,0,차대차 - 측면충돌,교차로운행방법위반,건조,맑음,교차로 - 교차로안,승용,여,47세,상해없음,원동기,여,72세,중상
2017092100100327,2017년 9월 21일 13시,목요일,경상북도 청도군 풍각면,경상사고,0,0,1,0,차대차 - 기타,중앙선침범,건조,맑음,기타 - 기타,화물,남,56세,상해없음,승용,여,27세,경상
2017092100100328,2017년 9월 21일 13시,목요일,경상북도 고령군 쌍림면,경상사고,0,0,3,0,차대차 - 측면충돌,안전운전불이행,건조,맑음,교차로 - 교차로안,화물,남,37세,상해없음,승용,남,50세,경상
2017092100100375,2017년 9월 21일 14시,목요일,경상북도 경산시 사동,경상사고,0,0,1,0,차대차 - 측면충돌,안전운전불이행,건조,맑음,단일로 - 기타,승용,남,52세,상해없음,승용,여,39세,경상
2017092100100376,2017년 9월 21일 14시,목요일,경상북도 울진군 울진읍,중상사고,0,1,0,0,차량단독 - 전도전복,안전운전불이행,건조,맑음,단일로 - 기타,이륜,남,41세,중상,미분류,미분류,미분류,미분류
2017092100100377,2017년 9월 21일 14시,목요일,경상북도 고령군 쌍림면,중상사고,0,1,0,0,차량단독 - 전도전복 - 전도,안전운전불이행,기타,맑음,단일로 - 기타,원동기,여,65세,중상,,,,
2017092100100378,2017년 9월 21일 14시,목요일,경상북도 구미시 송정동,경상사고,0,0,1,0,차대차 - 측면충돌,직진우회전진행방해,건조,맑음,교차로 - 교차로안,화물,남,31세,상해없음,원동기,남,23세,경상
2017092100100418,2017년 9월 21일 15시,목요일,경상북도 경주시 양남면,사망사고,1,0,0,0,차량단독 - 전도전복,안전운전불이행,건조,맑음,단일로 - 기타,화물,남,35세,사망,미분류,미분류,미분류,미분류
2017092100100467,2017년 9월 21일 16시,목요일,경상북도 청도군 화양읍,경상사고,0,0,1,0,차대차 - 추돌,안전거리미확보,건조,맑음,단일로 - 기타,화물,남,60세,상해없음,화물,남,66세,상해없음
2017092100100499,2017년 9월 21일 17시,목요일,경상북도 포항시 북구 덕수동,경상사고,0,0,1,0,차대사람 - 기타,안전운전불이행,건조,맑음,단일로 - 기타,승용,남,66세,상해없음,보행자,여,50세,경상
2017092100100500,2017년 9월 21일 17시,목요일,경상북도 영주시 가흥동,경상사고,0,0,1,0,차대사람 - 횡단중,보행자보호의무위반,건조,맑음,교차로 - 교차로횡단보도내,승용,여,41세,상해없음,보행자,남,68세,경상
2017092100100501,2017년 9월 21일 17시,목요일,경상북도 경산시 진량읍,중상사고,0,1,0,0,차대차 - 측면충돌,교차로운행방법위반,건조,맑음,교차로 - 교차로안,승합,남,49세,상해없음,이륜,남,70세,중상
2017092100100556,2017년 9월 21일 18시,목요일,경상북도 칠곡군 석적읍,부상신고사고,0,0,0,1,차대사람 - 길가장자리구역통행중,안전운전불이행,건조,맑음,단일로 - 기타,화물,남,60세,상해없음,보행자,여,26세,부상신고
2017092100100557,2017년 9월 21일 18시,목요일,경상북도 구미시 거의동,부상신고사고,0,0,0,1,차대차 - 기타,안전운전불이행,건조,맑음,단일로 - 기타,이륜,기타불명,미분류,기타불명,자전거,남,23세,부상신고
2017092100100631,2017년 9월 21일 20시,목요일,경상북도 경산시 백천동,중상사고,0,1,0,0,차대사람 - 길가장자리구역통행중,안전운전불이행,건조,맑음,단일로 - 기타,승용,남,41세,상해없음,보행자,남,42세,중상
2017092100100632,2017년 9월 21일 20시,목요일,경상북도 청도군 이서면,사망사고,1,0,0,0,차대차 - 추돌,안전운전불이행,건조,맑음,단일로 - 기타,승용,남,43세,상해없음,자전거,남,66세,사망
2017092100100633,2017년 9월 21일 20시,목요일,경상북도 구미시 구포동,중상사고,0,1,0,0,차대차 - 기타,안전거리미확보,건조,맑음,단일로 - 기타,승용,남,34세,상해없음,승용,남,55세,중상
2017092100100666,2017년 9월 21일 21시,목요일,경상북도 김천시 삼락동,중상사고,0,1,0,0,차대차 - 추돌,안전운전불이행,건조,맑음,단일로 - 기타,이륜,남,25세,중상,승용,남,41세,상해없음
2017092100100691,2017년 9월 21일 22시,목요일,경상북도 구미시 진평동,중상사고,0,1,0,0,차대사람 - 기타,안전운전불이행,건조,맑음,교차로 - 교차로안,승용,남,51세,기타불명,보행자,남,12세,중상
2017092100100710,2017년 9월 21일 23시,목요일,경상북도 칠곡군 북삼읍,사망사고,1,0,0,0,차대사람 - 기타,안전운전불이행,건조,맑음,단일로 - 기타,승용,남,61세,기타불명,보행자,여,74세,사망
2017092200100040,2017년 9월 22일 00시,금요일,경상북도 포항시 북구 동빈2가,중상사고,0,3,1,0,차대차 - 측면충돌,신호위반,건조,맑음,교차로 - 교차로안,승용,남,36세,경상,승용,남,61세,중상
2017092200100074,2017년 9월 22일 02시,금요일,경상북도 경산시 대동,중상사고,0,1,0,0,차대사람 - 기타,안전운전불이행,건조,맑음,교차로 - 교차로횡단보도내,승용,남,20세,상해없음,보행자,남,23세,중상
2017092200100102,2017년 9월 22일 05시,금요일,경상북도 경주시 천북면,경상사고,0,0,1,0,차대차 - 측면충돌,안전운전불이행,건조,맑음,단일로 - 기타,승용,남,76세,상해없음,자전거,남,54세,경상
2017092200100103,2017년 9월 22일 05시,금요일,경상북도 구미시 사곡동,중상사고,0,1,0,0,차대차 - 기타,안전운전불이행,건조,맑음,단일로 - 기타,화물,남,49세,상해없음,자전거,남,58세,중상
2017092200100104,2017년 9월 22일 05시,금요일,경상북도 구미시 광평동,중상사고,0,1,1,0,차대차 - 측면충돌,신호위반,건조,맑음,교차로 - 교차로안,승용,남,21세,경상,승용,여,50세,중상
2017092200100144,2017년 9월 22일 07시,금요일,경상북도 경산시 백천동,중상사고,0,1,0,0,차대차 - 측면충돌,안전운전불이행,건조,맑음,교차로 - 교차로횡단보도내,승용,여,55세,상해없음,자전거,남,15세,중상
2017092200100145,2017년 9월 22일 07시,금요일,경상북도 포항시 남구 호미곶면,경상사고,0,0,1,0,차대차 - 기타,중앙선침범,건조,맑음,단일로 - 기타,이륜,남,78세,경상,승용,남,43세,상해없음
2017092200100146,2017년 9월 22일 07시,금요일,경상북도 포항시 남구 괴동동,경상사고,0,0,1,0,차대차 - 기타,안전거리미확보,건조,맑음,단일로 - 기타,승용,남,24세,상해없음,승용,남,34세,경상
2017092200100178,2017년 9월 22일 08시,금요일,경상북도 구미시 장천면,경상사고,0,0,1,0,차대차 - 측면충돌,안전운전불이행,건조,맑음,단일로 - 기타,승용,여,34세,상해없음,화물,남,66세,경상
2017092200100179,2017년 9월 22일 08시,금요일,경상북도 포항시 남구 일월동,경상사고,0,0,1,0,차대차 - 기타,안전운전불이행,건조,맑음,교차로 - 교차로부근,승용,남,77세,경상,건설기계,남,55세,상해없음
2017092200100218,2017년 9월 22일 09시,금요일,경상북도 경주시 황성동,경상사고,0,0,1,0,차대차 - 측면충돌,안전운전불이행,건조,맑음,교차로 - 교차로안,승용,여,36세,상해없음,이륜,남,31세,경상
2017092200100219,2017년 9월 22일 09시,금요일,경상북도 경주시 동천동,중상사고,0,1,0,0,차량단독 - 기타,안전운전불이행,건조,맑음,단일로 - 기타,승용,남,54세,중상,,,,
2017092200100220,2017년 9월 22일 09시,금요일,경상북도 영덕군 영덕읍,중상사고,0,1,0,0,차대차 - 추돌,안전운전불이행,건조,맑음,교차로 - 교차로안,승용,남,57세,상해없음,이륜,남,85세,중상
2017092200100254,2017년 9월 22일 10시,금요일,경상북도 의성군 의성읍,중상사고,0,2,0,0,차대차 - 측면충돌,기타,건조,맑음,기타 - 기타,승용,여,55세,상해없음,이륜,남,79세,중상
2017092200100255,2017년 9월 22일 10시,금요일,경상북도 예천군 예천읍,중상사고,0,1,0,0,차대차 - 측면충돌,신호위반,건조,맑음,교차로 - 교차로안,승용,남,65세,상해없음,승용,남,50세,중상
2017092200100256,2017년 9월 22일 10시,금요일,경상북도 포항시 남구 송도동,경상사고,0,0,2,0,차대차 - 기타,신호위반,건조,맑음,교차로 - 교차로안,승용,남,75세,경상,승용,남,31세,경상
2017092200100279,2017년 9월 22일 11시,금요일,경상북도 경주시 양북면,중상사고,0,1,0,0,차대사람 - 기타,안전운전불이행,건조,맑음,교차로 - 교차로횡단보도내,승합,남,67세,상해없음,보행자,여,75세,중상
2017092200100309,2017년 9월 22일 12시,금요일,경상북도 경주시 황성동,경상사고,0,0,1,0,차량단독 - 기타,안전운전불이행,건조,맑음,교차로 - 교차로안,승용,남,56세,상해없음,,,,
2017092200100310,2017년 9월 22일 12시,금요일,경상북도 구미시 지산동,경상사고,0,0,1,0,차대차 - 기타,안전운전불이행,건조,맑음,단일로 - 기타,승용,여,51세,상해없음,화물,남,71세,경상
2017092200100337,2017년 9월 22일 13시,금요일,경상북도 안동시 운흥동,경상사고,0,0,1,0,차대차 - 측면충돌,신호위반,건조,맑음,단일로 - 기타,이륜,남,49세,경상,승용,남,76세,상해없음
2017092200100368,2017년 9월 22일 14시,금요일,경상북도 성주군 성주읍,중상사고,0,1,1,0,차대차 - 측면충돌,직진우회전진행방해,건조,맑음,교차로 - 교차로안,이륜,남,65세,경상,화물,남,55세,상해없음
2017092200100369,2017년 9월 22일 14시,금요일,경상북도 울진군 울진읍,부상신고사고,0,0,0,1,차대차 - 측면충돌,교차로운행방법위반,건조,맑음,교차로 - 교차로안,승용,여,42세,부상신고,승용,남,68세,상해없음
2017092200100370,2017년 9월 22일 14시,금요일,경상북도 구미시 선기동,중상사고,0,1,1,0,차대차 - 기타,안전거리미확보,건조,맑음,단일로 - 기타,승용,여,33세,상해없음,승용,여,27세,중상
2017092200100399,2017년 9월 22일 15시,금요일,경상북도 경주시 성동동,경상사고,0,0,1,0,차대차 - 측면충돌,안전운전불이행,건조,맑음,단일로 - 기타,자전거,남,26세,경상,승용,남,59세,상해없음
2017092200100400,2017년 9월 22일 15시,금요일,경상북도 영천시 금노동,중상사고,0,1,4,0,차대차 - 추돌,안전운전불이행,건조,맑음,단일로 - 기타,승용,여,54세,상해없음,승용,여,31세,중상
2017092200100446,2017년 9월 22일 16시,금요일,경상북도 포항시 북구 죽도동,중상사고,0,1,1,0,차대차 - 기타,안전운전불이행,건조,맑음,단일로 - 기타,승용,여,59세,상해없음,승합,남,50세,경상
2017092200100447,2017년 9월 22일 16시,금요일,경상북도 김천시 황금동,경상사고,0,0,2,0,차대사람 - 횡단중,보행자보호의무위반,건조,맑음,단일로 - 기타,승용,여,51세,상해없음,보행자,여,9세,경상
2017092200100448,2017년 9월 22일 16시,금요일,경상북도 영주시 봉현면,경상사고,0,0,2,0,차대차 - 측면충돌,안전운전불이행,건조,맑음,교차로 - 교차로안,화물,남,42세,경상,승용,남,67세,경상
2017092200100510,2017년 9월 22일 17시,금요일,경상북도 안동시 옥야동,중상사고,0,1,0,0,차대차 - 측면충돌,안전운전불이행,건조,맑음,교차로 - 교차로부근,승용,여,56세,상해없음,이륜,남,66세,중상
2017092200100511,2017년 9월 22일 17시,금요일,경상북도 구미시 공단동,중상사고,0,1,0,0,차대차 - 기타,안전운전불이행,건조,맑음,단일로 - 기타,승용,남,34세,상해없음,자전거,남,62세,중상
2017092200100565,2017년 9월 22일 18시,금요일,경상북도 군위군 부계면,경상사고,0,0,1,0,차대차 - 기타,중앙선침범,건조,기타,단일로 - 기타,화물,남,37세,상해없음,승용,남,46세,경상
2017092200100616,2017년 9월 22일 19시,금요일,경상북도 경주시 건천읍,중상사고,0,1,0,0,차대차 - 측면충돌,안전운전불이행,건조,맑음,단일로 - 기타,화물,남,63세,상해없음,자전거,남,75세,중상
2017092200100617,2017년 9월 22일 19시,금요일,경상북도 안동시 임하면,중상사고,0,1,0,0,차대사람 - 기타,안전운전불이행,건조,맑음,단일로 - 기타,화물,남,53세,상해없음,보행자,남,38세,중상
2017092200100618,2017년 9월 22일 19시,금요일,경상북도 포항시 남구 대잠동,경상사고,0,0,1,0,차대차 - 기타,안전거리미확보,건조,맑음,단일로 - 기타,건설기계,남,31세,기타불명,승용,여,60세,경상
2017092200100664,2017년 9월 22일 20시,금요일,경상북도 영주시 장수면,중상사고,0,1,0,0,차대차 - 추돌,안전운전불이행,건조,맑음,단일로 - 기타,승용,남,74세,상해없음,자전거,남,78세,중상
2017092200100665,2017년 9월 22일 20시,금요일,경상북도 포항시 남구 오천읍,중상사고,0,1,0,0,차대차 - 기타,안전운전불이행,건조,맑음,교차로 - 교차로부근,승용,남,30세,상해없음,이륜,남,37세,중상
2017092200100666,2017년 9월 22일 20시,금요일,경상북도 영천시 북안면,경상사고,0,0,2,0,차대차 - 측면충돌,안전거리미확보,건조,맑음,단일로 - 기타,특수,남,54세,상해없음,승용,남,30세,경상
2017092200100696,2017년 9월 22일 21시,금요일,경상북도 경주시 황오동,경상사고,0,0,1,0,차대사람 - 차도통행중,안전운전불이행,건조,맑음,단일로 - 기타,승용,여,27세,상해없음,보행자,남,20세,경상
2017092200100697,2017년 9월 22일 21시,금요일,경상북도 포항시 북구 죽도동,경상사고,0,0,1,0,차대사람 - 차도통행중,안전운전불이행,건조,맑음,교차로 - 교차로안,승용,남,58세,상해없음,보행자,여,64세,경상
2017092200100698,2017년 9월 22일 21시,금요일,경상북도 상주시 연원동,경상사고,0,0,2,0,차대사람 - 길가장자리구역통행중,안전운전불이행,건조,맑음,교차로 - 교차로부근,화물,남,67세,상해없음,보행자,여,34세,경상
2017092200100743,2017년 9월 22일 22시,금요일,경상북도 안동시 운흥동,경상사고,0,0,3,0,차대차 - 측면충돌,교차로운행방법위반,건조,맑음,교차로 - 교차로안,승용,여,38세,경상,승용,남,42세,경상
2017092200100744,2017년 9월 22일 22시,금요일,경상북도 김천시 율곡동,경상사고,0,0,1,0,차대차 - 측면충돌,차로위반,건조,맑음,교차로 - 교차로부근,승용,남,61세,상해없음,승용,여,25세,경상
2017092200100745,2017년 9월 22일 22시,금요일,경상북도 영주시 영주동,중상사고,0,1,0,0,차대사람 - 횡단중,보행자보호의무위반,건조,맑음,교차로 - 교차로부근,승용,여,32세,상해없음,보행자,여,64세,중상
2017092200100746,2017년 9월 22일 22시,금요일,경상북도 경산시 대동,경상사고,0,0,1,0,차대사람 - 차도통행중,안전운전불이행,건조,맑음,단일로 - 기타,승용,남,26세,상해없음,보행자,남,27세,경상
2017092200100776,2017년 9월 22일 23시,금요일,경상북도 안동시 안막동,사망사고,1,0,0,0,차대사람 - 길가장자리구역통행중,안전운전불이행,건조,맑음,단일로 - 기타,승용,남,34세,상해없음,보행자,남,58세,사망
2017092300100058,2017년 9월 23일 01시,토요일,경상북도 안동시 옥동,경상사고,0,0,1,0,차대차 - 기타,안전운전불이행,건조,맑음,교차로 - 교차로안,승용,남,29세,상해없음,화물,남,24세,경상
2017092300100098,2017년 9월 23일 04시,토요일,경상북도 구미시 공단동,중상사고,0,1,0,0,차대차 - 추돌,안전운전불이행,건조,맑음,단일로 - 기타,승용,남,24세,상해없음,승용,여,27세,중상
2017092300100111,2017년 9월 23일 05시,토요일,경상북도 영주시 하망동,경상사고,0,0,1,0,차대차 - 측면충돌,교차로운행방법위반,건조,맑음,교차로 - 교차로안,승용,남,60세,상해없음,승용,남,61세,경상
2017092300100137,2017년 9월 23일 07시,토요일,경상북도 청도군 각남면,중상사고,0,1,0,0,차대차 - 측면충돌,안전운전불이행,건조,맑음,단일로 - 기타,승용,남,53세,상해없음,농기계,남,82세,중상
2017092300100154,2017년 9월 23일 08시,토요일,경상북도 칠곡군 지천면,중상사고,0,1,0,0,차대차 - 추돌,안전운전불이행,건조,맑음,교차로 - 교차로부근,화물,남,46세,상해없음,승용,여,57세,중상
2017092300100183,2017년 9월 23일 09시,토요일,경상북도 경주시 성건동,중상사고,0,1,0,0,차대차 - 측면충돌,안전운전불이행,건조,맑음,교차로 - 교차로안,승용,남,60세,상해없음,승용,남,61세,중상
2017092300100212,2017년 9월 23일 10시,토요일,경상북도 경주시 성건동,경상사고,0,0,1,0,차대차 - 측면충돌,안전운전불이행,건조,맑음,교차로 - 교차로안,승용,남,53세,상해없음,승용,남,63세,경상
2017092300100213,2017년 9월 23일 10시,토요일,경상북도 김천시 아포읍,경상사고,0,0,1,0,차대차 - 측면충돌,안전운전불이행,건조,맑음,단일로 - 기타,이륜,여,81세,경상,승용,남,45세,상해없음
2017092300100214,2017년 9월 23일 10시,토요일,경상북도 영천시 금호읍,경상사고,0,0,2,0,차대차 - 추돌,안전거리미확보,건조,맑음,단일로 - 기타,화물,남,65세,경상,화물,남,40세,경상
2017092300100215,2017년 9월 23일 10시,토요일,경상북도 성주군 용암면,경상사고,0,0,1,0,차대차 - 측면충돌,안전운전불이행,건조,맑음,교차로 - 교차로안,화물,여,74세,상해없음,화물,남,37세,경상
2017092300100243,2017년 9월 23일 11시,토요일,경상북도 안동시 용상동,중상사고,0,1,1,0,차대차 - 추돌,안전운전불이행,건조,맑음,교차로 - 교차로부근,이륜,남,81세,경상,화물,남,50세,상해없음
2017092300100244,2017년 9월 23일 11시,토요일,경상북도 안동시 풍천면,중상사고,0,1,0,0,차대차 - 측면충돌,안전운전불이행,건조,맑음,교차로 - 교차로안,승용,남,39세,상해없음,승용,여,22세,중상
2017092300100245,2017년 9월 23일 11시,토요일,경상북도 구미시 인의동,경상사고,0,0,1,0,차대차 - 측면충돌,교차로운행방법위반,건조,맑음,단일로 - 기타,승용,남,74세,상해없음,이륜,남,54세,경상
2017092300100297,2017년 9월 23일 12시,토요일,경상북도 포항시 북구 용흥동,경상사고,0,0,1,0,차대차 - 측면충돌,교차로운행방법위반,건조,맑음,교차로 - 교차로안,승용,남,63세,상해없음,이륜,남,28세,경상
2017092300100298,2017년 9월 23일 12시,토요일,경상북도 영천시 신령면,중상사고,0,1,0,0,차량단독 - 기타,안전운전불이행,건조,맑음,단일로 - 기타,원동기,남,55세,중상,,,,
2017092300100299,2017년 9월 23일 12시,토요일,경상북도 영덕군 축산면,중상사고,0,1,1,0,차량단독 - 전도전복,안전운전불이행,건조,맑음,단일로 - 기타,이륜,남,55세,경상,미분류,미분류,미분류,미분류
2017092300100351,2017년 9월 23일 13시,토요일,경상북도 안동시 도산면,경상사고,0,0,2,0,차대차 - 정면충돌,안전운전불이행,건조,맑음,단일로 - 기타,승합,남,57세,상해없음,승용,남,36세,경상
2017092300100352,2017년 9월 23일 13시,토요일,경상북도 상주시 냉림동,중상사고,0,1,0,0,차대사람 - 횡단중,안전운전불이행,건조,맑음,교차로 - 교차로안,승용,남,48세,상해없음,보행자,여,55세,중상
2017092300100353,2017년 9월 23일 13시,토요일,경상북도 칠곡군 지천면,중상사고,0,1,1,3,차대차 - 정면충돌,중앙선침범,건조,맑음,단일로 - 기타,화물,남,63세,부상신고,승용,남,29세,중상
2017092300100354,2017년 9월 23일 13시,토요일,경상북도 구미시 진평동,중상사고,0,1,0,0,차대차 - 기타,안전운전불이행,건조,맑음,단일로 - 기타,이륜,남,25세,중상,승용,남,52세,상해없음
2017092300100355,2017년 9월 23일 13시,토요일,경상북도 구미시 선산읍,부상신고사고,0,0,0,1,차대차 - 측면충돌,교차로운행방법위반,건조,맑음,교차로 - 교차로안,이륜,남,21세,부상신고,화물,남,62세,상해없음
2017092300100393,2017년 9월 23일 14시,토요일,경상북도 포항시 북구 죽도동,경상사고,0,0,4,0,차대차 - 측면충돌,직진우회전진행방해,건조,맑음,교차로 - 교차로안,승용,남,73세,경상,승용,남,68세,경상
2017092300100394,2017년 9월 23일 14시,토요일,경상북도 포항시 북구 장성동,경상사고,0,0,1,0,차대차 - 측면충돌,차로위반,건조,맑음,단일로 - 기타,승용,남,59세,상해없음,이륜,남,46세,경상
2017092300100395,2017년 9월 23일 14시,토요일,경상북도 칠곡군 왜관읍,경상사고,0,0,4,0,차대차 - 추돌,안전운전불이행,건조,맑음,교차로 - 교차로부근,승용,여,63세,상해없음,승용,남,52세,상해없음