사고번호,사고일시,요일,시군구,사고내용,사망자수,중상자수,경상자수,부상신고자수,사고유형,법규위반,노면상태,기상상태,도로형태,가해운전자 차종,가해운전자 성별,가해운전자 연령,가해운전자 상해정도,피해운전자 차종,피해운전자 성별,피해운전자 연령,피해운전자 상해정도
2017092300100396,2017년 9월 23일 14시,토요일,경상북도 문경시 산북면,경상사고,0,0,1,0,차량단독 - 공작물충돌,안전운전불이행,건조,맑음,단일로 - 기타,승용,여,64세,경상,,,,
2017092300100397,2017년 9월 23일 14시,토요일,경상북도 구미시 송정동,중상사고,0,1,0,0,차대사람 - 횡단중,안전운전불이행,건조,맑음,단일로 - 기타,승용,남,33세,상해없음,보행자,여,56세,중상
2017092300100473,2017년 9월 23일 16시,토요일,경상북도 김천시 덕곡동,경상사고,0,0,1,0,차대차 - 측면충돌,안전운전불이행,건조,맑음,교차로 - 교차로부근,승용,여,23세,상해없음,승용,남,56세,경상
2017092300100508,2017년 9월 23일 17시,토요일,경상북도 영주시 풍기읍,경상사고,0,0,1,0,차량단독 - 기타,안전운전불이행,건조,맑음,미분류 - 미분류,화물,남,85세,상해없음,,,,
2017092300100509,2017년 9월 23일 17시,토요일,경상북도 칠곡군 동명면,중상사고,0,1,1,0,차대차 - 기타,안전운전불이행,건조,맑음,단일로 - 기타,승용,남,32세,경상,승용,여,62세,중상
2017092300100510,2017년 9월 23일 17시,토요일,경상북도 청송군 청송읍,중상사고,0,1,2,1,차대차 - 측면충돌,안전운전불이행,건조,맑음,단일로 - 기타,화물,남,58세,부상신고,승용,남,55세,경상
2017092300100511,2017년 9월 23일 17시,토요일,경상북도 포항시 남구 오천읍,경상사고,0,0,1,0,차대차 - 기타,안전운전불이행,건조,맑음,주차장 - 주차장,화물,남,68세,기타불명,승용,남,24세,경상
2017092300100610,2017년 9월 23일 19시,토요일,경상북도 포항시 북구 우현동,경상사고,0,0,3,0,차대차 - 추돌,안전운전불이행,건조,맑음,교차로 - 교차로부근,화물,남,26세,상해없음,화물,남,54세,경상
2017092300100611,2017년 9월 23일 19시,토요일,경상북도 상주시 냉림동,경상사고,0,0,1,0,차대차 - 측면충돌,안전운전불이행,건조,맑음,기타 - 기타,승용,여,64세,상해없음,이륜,남,16세,경상
2017092300100612,2017년 9월 23일 19시,토요일,경상북도 영천시 금호읍,중상사고,0,1,4,0,차대차 - 추돌,안전운전불이행,건조,맑음,교차로 - 교차로부근,승용,여,48세,상해없음,승용,남,58세,경상
2017092300100613,2017년 9월 23일 19시,토요일,경상북도 영천시 금호읍,중상사고,0,1,1,0,차대차 - 측면충돌,중앙선침범,건조,맑음,단일로 - 기타,특수,남,23세,상해없음,승용,남,57세,경상
2017092300100614,2017년 9월 23일 19시,토요일,경상북도 칠곡군 지천면,부상신고사고,0,0,0,1,차대차 - 추돌,안전거리미확보,건조,맑음,단일로 - 기타,기타불명,기타불명,미분류,기타불명,승용,여,54세,상해없음
2017092300100657,2017년 9월 23일 20시,토요일,경상북도 영천시 금호읍,부상신고사고,0,0,0,2,차대차 - 측면충돌,차로위반,건조,맑음,단일로 - 기타,승용,남,56세,상해없음,화물,남,33세,부상신고
2017092300100658,2017년 9월 23일 20시,토요일,경상북도 울진군 후포면,중상사고,0,1,0,0,차대사람 - 길가장자리구역통행중,안전운전불이행,건조,맑음,단일로 - 기타,승용,남,33세,상해없음,보행자,남,67세,중상
2017092300100659,2017년 9월 23일 20시,토요일,경상북도 구미시 송정동,중상사고,0,1,0,1,차대차 - 측면충돌,안전운전불이행,건조,맑음,단일로 - 기타,이륜,남,22세,부상신고,이륜,남,51세,중상
2017092300100660,2017년 9월 23일 20시,토요일,경상북도 구미시 공단동,중상사고,0,1,0,0,차대차 - 측면충돌,중앙선침범,건조,맑음,단일로 - 기타,자전거,여,56세,중상,승용,여,43세,상해없음
2017092300100724,2017년 9월 23일 22시,토요일,경상북도 경주시 동천동,중상사고,0,1,0,0,차대사람 - 기타,안전운전불이행,건조,맑음,단일로 - 기타,승용,남,52세,상해없음,보행자,남,55세,중상
2017092300100748,2017년 9월 23일 23시,토요일,경상북도 안동시 삼산동,경상사고,0,0,1,0,차대차 - 측면충돌,중앙선침범,건조,맑음,교차로 - 교차로안,승용,여,30세,상해없음,이륜,남,19세,경상
2017092300100749,2017년 9월 23일 23시,토요일,경상북도 경산시 진량읍,중상사고,0,1,0,0,차대사람 - 기타,안전운전불이행,건조,맑음,단일로 - 기타,승용,남,44세,상해없음,보행자,남,19세,중상
2017092400100031,2017년 9월 24일 00시,일요일,경상북도 경주시 용강동,중상사고,0,1,0,0,차대사람 - 횡단중,안전운전불이행,건조,맑음,교차로 - 교차로안,승용,남,38세,상해없음,보행자,남,43세,중상
2017092400100051,2017년 9월 24일 01시,일요일,경상북도 김천시 농소면,중상사고,0,1,1,0,차대차 - 측면충돌,신호위반,건조,맑음,교차로 - 교차로안,승용,남,43세,상해없음,승용,남,36세,중상
2017092400100052,2017년 9월 24일 01시,일요일,경상북도 경산시 조영동,중상사고,0,1,0,0,차대사람 - 길가장자리구역통행중,안전운전불이행,건조,맑음,단일로 - 기타,승용,여,28세,상해없음,보행자,여,21세,중상
2017092400100061,2017년 9월 24일 02시,일요일,경상북도 포항시 북구 흥해읍,경상사고,0,0,1,0,차대차 - 추돌,안전운전불이행,건조,맑음,단일로 - 기타,화물,남,44세,상해없음,승용,남,37세,경상
2017092400100083,2017년 9월 24일 04시,일요일,경상북도 칠곡군 석적읍,경상사고,0,0,1,0,차량단독 - 공작물충돌,안전운전불이행,건조,흐림,교차로 - 교차로안,승용,남,32세,경상,,,,
2017092400100113,2017년 9월 24일 06시,일요일,경상북도 칠곡군 왜관읍,중상사고,0,1,0,0,차대사람 - 기타,안전운전불이행,건조,맑음,교차로 - 교차로안,승용,남,75세,상해없음,보행자,여,79세,중상
2017092400100125,2017년 9월 24일 07시,일요일,경상북도 고령군 대가야읍,경상사고,0,0,1,0,차대사람 - 차도통행중,안전운전불이행,건조,맑음,교차로 - 교차로안,화물,남,79세,상해없음,보행자,여,70세,경상
2017092400100184,2017년 9월 24일 10시,일요일,경상북도 구미시 임은동,경상사고,0,0,1,0,차대차 - 기타,안전거리미확보,건조,맑음,교차로 - 교차로부근,승용,남,50세,상해없음,승용,남,37세,경상
2017092400100242,2017년 9월 24일 12시,일요일,경상북도 포항시 북구 창포동,경상사고,0,0,1,0,차대차 - 측면충돌,신호위반,건조,맑음,단일로 - 기타,이륜,남,17세,경상,승용,여,54세,상해없음
2017092400100243,2017년 9월 24일 12시,일요일,경상북도 문경시 흥덕동,중상사고,0,2,1,0,차대차 - 추돌,안전운전불이행,건조,맑음,교차로 - 교차로안,승용,남,26세,상해없음,승용,남,31세,중상
2017092400100244,2017년 9월 24일 12시,일요일,경상북도 구미시 송정동,경상사고,0,0,1,0,차대차 - 측면충돌,교차로운행방법위반,건조,맑음,교차로 - 교차로부근,승용,남,57세,상해없음,승용,여,57세,경상
2017092400100260,2017년 9월 24일 13시,일요일,경상북도 포항시 북구 죽장면,경상사고,0,0,2,0,차대차 - 측면충돌,안전운전불이행,건조,맑음,단일로 - 기타,승용,남,66세,상해없음,화물,남,43세,경상
2017092400100261,2017년 9월 24일 13시,일요일,경상북도 영천시 청통면,경상사고,0,0,1,0,차대차 - 추돌,안전운전불이행,건조,맑음,교차로 - 교차로부근,화물,남,57세,상해없음,승용,남,55세,경상
2017092400100262,2017년 9월 24일 13시,일요일,경상북도 영천시 고경면,경상사고,0,0,1,0,차대차 - 측면충돌,중앙선침범,건조,맑음,단일로 - 기타,원동기,남,56세,경상,승용,남,29세,상해없음
2017092400100263,2017년 9월 24일 13시,일요일,경상북도 울진군 죽변면,중상사고,0,1,0,0,차대차 - 후진중충돌,안전운전불이행,건조,맑음,주차장 - 주차장,승용,남,71세,상해없음,이륜,남,63세,중상
2017092400100264,2017년 9월 24일 13시,일요일,경상북도 포항시 남구 이동,경상사고,0,0,1,0,차대차 - 기타,중앙선침범,건조,맑음,단일로 - 기타,이륜,남,37세,경상,승용,남,35세,상해없음
2017092400100301,2017년 9월 24일 14시,일요일,경상북도 경주시 양남면,경상사고,0,0,4,0,차대차 - 측면충돌,안전운전불이행,건조,맑음,단일로 - 기타,이륜,남,37세,경상,승용,여,46세,경상
2017092400100344,2017년 9월 24일 15시,일요일,경상북도 경주시 성건동,중상사고,0,1,0,0,차대차 - 측면충돌,중앙선침범,건조,맑음,단일로 - 기타,자전거,남,85세,중상,화물,남,67세,상해없음
2017092400100345,2017년 9월 24일 15시,일요일,경상북도 경주시 서부동,중상사고,0,1,1,0,차대차 - 추돌,안전운전불이행,건조,맑음,교차로 - 교차로부근,승용,남,65세,상해없음,승용,여,53세,중상
2017092400100346,2017년 9월 24일 15시,일요일,경상북도 포항시 북구 신광면,경상사고,0,0,2,0,차대차 - 측면충돌,기타,건조,맑음,교차로 - 교차로안,승용,남,54세,상해없음,승용,여,58세,경상
2017092400100369,2017년 9월 24일 16시,일요일,경상북도 경주시 강동면,사망사고,1,0,0,0,차량단독 - 공작물충돌,안전운전불이행,건조,맑음,단일로 - 기타,이륜,남,36세,사망,,,,
2017092400100370,2017년 9월 24일 16시,일요일,경상북도 경주시 배반동,경상사고,0,0,1,0,차대차 - 추돌,안전운전불이행,건조,맑음,교차로 - 교차로부근,승용,남,23세,상해없음,승용,남,46세,상해없음
2017092400100371,2017년 9월 24일 16시,일요일,경상북도 경산시 삼북동,경상사고,0,0,1,0,차대차 - 측면충돌,안전운전불이행,건조,맑음,교차로 - 교차로안,이륜,남,26세,상해없음,이륜,남,45세,경상
2017092400100404,2017년 9월 24일 17시,일요일,경상북도 경주시 성건동,중상사고,0,1,0,0,차대사람 - 기타,안전운전불이행,건조,맑음,교차로 - 교차로안,화물,남,57세,상해없음,보행자,여,7세,중상
2017092400100434,2017년 9월 24일 18시,일요일,경상북도 경주시 사정동,경상사고,0,0,2,0,차대차 - 후진중충돌,안전운전불이행,건조,맑음,단일로 - 기타,승용,남,56세,상해없음,승용,남,27세,경상
2017092400100435,2017년 9월 24일 18시,일요일,경상북도 경주시 양북면,경상사고,0,0,1,0,차대차 - 추돌,안전운전불이행,건조,맑음,단일로 - 기타,승용,여,53세,상해없음,승용,여,57세,상해없음
2017092400100436,2017년 9월 24일 18시,일요일,경상북도 안동시 길안면,경상사고,0,0,1,0,차대차 - 기타,안전운전불이행,건조,맑음,단일로 - 기타,승용,남,39세,상해없음,이륜,남,50세,경상
2017092400100462,2017년 9월 24일 19시,일요일,경상북도 포항시 북구 장성동,중상사고,0,1,0,0,차대차 - 측면충돌,안전운전불이행,건조,맑음,단일로 - 기타,이륜,남,50세,중상,승용,여,22세,상해없음
2017092400100463,2017년 9월 24일 19시,일요일,경상북도 안동시 도산면,사망사고,1,0,0,0,차량단독 - 전도전복,안전운전불이행,건조,맑음,단일로 - 기타,이륜,남,41세,사망,미분류,미분류,미분류,미분류
2017092400100464,2017년 9월 24일 19시,일요일,경상북도 영주시 가흥동,경상사고,0,0,1,0,차대차 - 후진중충돌,안전운전불이행,건조,맑음,교차로 - 교차로안,승용,남,63세,상해없음,승용,여,47세,경상
2017092400100465,2017년 9월 24일 19시,일요일,경상북도 칠곡군 지천면,중상사고,0,1,0,1,차대차 - 측면충돌,안전운전불이행,건조,맑음,단일로 - 기타,화물,남,57세,부상신고,승용,남,58세,중상
2017092400100466,2017년 9월 24일 19시,일요일,경상북도 포항시 남구 대송면,중상사고,0,1,0,0,차대사람 - 기타,안전운전불이행,건조,맑음,교차로 - 교차로안,승용,남,55세,상해없음,보행자,여,66세,중상
2017092400100498,2017년 9월 24일 20시,일요일,경상북도 경산시 하양읍,중상사고,0,1,0,0,차대사람 - 기타,안전운전불이행,건조,맑음,단일로 - 기타,승용,여,33세,상해없음,보행자,남,35세,중상
2017092400100499,2017년 9월 24일 20시,일요일,경상북도 구미시 고아읍,중상사고,0,1,0,0,차대차 - 기타,안전거리미확보,건조,맑음,교차로 - 교차로부근,승용,여,45세,상해없음,승용,남,64세,중상
2017092400100524,2017년 9월 24일 21시,일요일,경상북도 청도군 화양읍,부상신고사고,0,0,0,1,차대사람 - 차도통행중,안전운전불이행,건조,맑음,단일로 - 기타,승용,여,49세,상해없음,보행자,여,32세,부상신고
2017092400100525,2017년 9월 24일 21시,일요일,경상북도 구미시 옥계동,부상신고사고,0,0,0,1,차대차 - 측면충돌,안전운전불이행,건조,맑음,교차로 - 교차로부근,기타불명,기타불명,미분류,기타불명,이륜,남,20세,부상신고
2017092400100526,2017년 9월 24일 21시,일요일,경상북도 구미시 원평동,부상신고사고,0,0,0,1,차대차 - 측면충돌,교차로운행방법위반,건조,맑음,교차로 - 교차로안,이륜,남,55세,부상신고,승용,남,30세,상해없음
2017092400100527,2017년 9월 24일 21시,일요일,경상북도 구미시 진평동,경상사고,0,0,1,0,차대차 - 측면충돌,안전운전불이행,건조,맑음,교차로 - 교차로안,승용,남,27세,상해없음,승용,남,31세,경상
2017092400100546,2017년 9월 24일 22시,일요일,경상북도 경주시 외동읍,중상사고,0,1,0,0,차대사람 - 차도통행중,안전운전불이행,건조,맑음,단일로 - 기타,승용,남,61세,상해없음,보행자,남,50세,중상
2017092500100031,2017년 9월 25일 00시,월요일,경상북도 청도군 풍각면,경상사고,0,0,1,0,차량단독 - 전도전복 - 전도,안전운전불이행,건조,맑음,단일로 - 기타,이륜,남,25세,경상,,,,
2017092500100032,2017년 9월 25일 00시,월요일,경상북도 포항시 남구 대도동,중상사고,0,1,2,0,차대차 - 기타,교차로운행방법위반,건조,맑음,교차로 - 교차로안,이륜,남,24세,중상,승용,남,65세,경상
2017092500100056,2017년 9월 25일 04시,월요일,경상북도 안동시 정하동,경상사고,0,0,6,0,차대차 - 기타,직진우회전진행방해,건조,맑음,교차로 - 교차로안,승용,남,60세,경상,승용,남,61세,경상
2017092500100068,2017년 9월 25일 05시,월요일,경상북도 구미시 고아읍,부상신고사고,0,0,0,1,차대차 - 기타,교차로운행방법위반,건조,맑음,교차로 - 교차로안,이륜,남,75세,부상신고,화물,남,63세,상해없음
2017092500100110,2017년 9월 25일 07시,월요일,경상북도 구미시 진평동,경상사고,0,0,1,0,차대차 - 기타,안전운전불이행,건조,맑음,단일로 - 기타,승합,남,68세,상해없음,승용,여,36세,경상
2017092500100111,2017년 9월 25일 07시,월요일,경상북도 구미시 진평동,경상사고,0,0,1,0,차대사람 - 기타,안전운전불이행,건조,맑음,단일로 - 기타,승용,남,27세,상해없음,보행자,남,15세,경상
2017092500100141,2017년 9월 25일 08시,월요일,경상북도 경주시 충효동,경상사고,0,0,1,0,차대차 - 측면충돌,안전운전불이행,건조,맑음,교차로 - 교차로안,승용,여,31세,상해없음,자전거,남,16세,경상
2017092500100142,2017년 9월 25일 08시,월요일,경상북도 상주시 신봉동,경상사고,0,0,1,0,차대차 - 후진중충돌,안전운전불이행,건조,맑음,단일로 - 기타,승용,남,55세,상해없음,승용,남,48세,경상
2017092500100143,2017년 9월 25일 08시,월요일,경상북도 영주시 상망동,중상사고,0,1,0,0,차대차 - 추돌,안전운전불이행,건조,맑음,단일로 - 기타,건설기계,남,48세,상해없음,화물,남,48세,중상
2017092500100144,2017년 9월 25일 08시,월요일,경상북도 영주시 하망동,경상사고,0,0,1,0,차대차 - 측면충돌,안전운전불이행,건조,맑음,교차로 - 교차로부근,건설기계,남,46세,상해없음,승용,남,70세,경상
2017092500100181,2017년 9월 25일 09시,월요일,경상북도 포항시 북구 남빈동,경상사고,0,0,1,0,차대차 - 측면충돌,교차로운행방법위반,건조,맑음,교차로 - 교차로안,자전거,남,75세,경상,승용,남,40세,상해없음
2017092500100182,2017년 9월 25일 09시,월요일,경상북도 칠곡군 왜관읍,중상사고,0,1,0,0,차대사람 - 기타,보행자보호의무위반,건조,맑음,교차로 - 교차로횡단보도내,승용,남,66세,상해없음,보행자,여,74세,중상
2017092500100183,2017년 9월 25일 09시,월요일,경상북도 울진군 근남면,경상사고,0,0,1,0,차량단독 - 전도전복,안전운전불이행,건조,맑음,단일로 - 기타,이륜,남,78세,경상,미분류,미분류,미분류,미분류
2017092500100215,2017년 9월 25일 10시,월요일,경상북도 포항시 북구 죽도동,경상사고,0,0,2,0,차대차 - 추돌,안전운전불이행,건조,맑음,교차로 - 교차로안,승용,남,66세,상해없음,화물,남,67세,경상
2017092500100216,2017년 9월 25일 10시,월요일,경상북도 상주시 무양동,경상사고,0,0,2,0,차대차 - 측면충돌,신호위반,건조,맑음,교차로 - 교차로안,승용,남,50세,상해없음,승용,여,49세,경상
2017092500100217,2017년 9월 25일 10시,월요일,경상북도 포항시 남구 연일읍,중상사고,0,1,1,0,차대차 - 측면충돌,안전운전불이행,건조,맑음,단일로 - 기타,화물,남,56세,상해없음,승용,남,66세,중상
2017092500100260,2017년 9월 25일 11시,월요일,경상북도 경주시 황오동,중상사고,0,1,0,0,차대사람 - 기타,안전운전불이행,건조,맑음,주차장 - 주차장,승용,남,45세,상해없음,보행자,여,36세,중상
2017092500100261,2017년 9월 25일 11시,월요일,경상북도 고령군 대가야읍,경상사고,0,0,3,0,차대차 - 측면충돌,교차로운행방법위반,건조,맑음,교차로 - 교차로안,승용,여,48세,경상,승합,여,42세,경상
2017092500100289,2017년 9월 25일 12시,월요일,경상북도 경주시 노동동,경상사고,0,0,1,0,차대사람 - 기타,안전운전불이행,건조,맑음,교차로 - 교차로안,화물,남,34세,상해없음,보행자,여,44세,경상
2017092500100343,2017년 9월 25일 14시,월요일,경상북도 경주시 외동읍,경상사고,0,0,1,0,차대차 - 측면충돌,중앙선침범,건조,맑음,단일로 - 기타,승합,남,62세,상해없음,승용,남,47세,경상
2017092500100344,2017년 9월 25일 14시,월요일,경상북도 영주시 휴천동,중상사고,0,1,0,0,차대차 - 기타,안전운전불이행,건조,맑음,단일로 - 기타,화물,남,40세,상해없음,자전거,남,44세,중상
2017092500100388,2017년 9월 25일 15시,월요일,경상북도 포항시 북구 흥해읍,부상신고사고,0,0,0,1,차대차 - 기타,기타,건조,맑음,단일로 - 기타,기타불명,기타불명,미분류,기타불명,승용,남,51세,상해없음
2017092500100389,2017년 9월 25일 15시,월요일,경상북도 구미시 공단동,부상신고사고,0,0,0,1,차대차 - 기타,안전운전불이행,건조,맑음,교차로 - 교차로안,승용,여,65세,부상신고,화물,남,40세,상해없음
2017092500100434,2017년 9월 25일 16시,월요일,경상북도 포항시 북구 두호동,경상사고,0,0,1,0,차대사람 - 횡단중,보행자보호의무위반,건조,맑음,교차로 - 교차로횡단보도내,승용,여,38세,상해없음,보행자,여,8세,경상
2017092500100435,2017년 9월 25일 16시,월요일,경상북도 경산시 진량읍,경상사고,0,0,1,0,차대사람 - 길가장자리구역통행중,안전운전불이행,건조,맑음,단일로 - 기타,승용,남,26세,상해없음,보행자,여,39세,경상
2017092500100436,2017년 9월 25일 16시,월요일,경상북도 구미시 인의동,경상사고,0,0,1,1,차대차 - 기타,안전운전불이행,건조,맑음,교차로 - 교차로안,승용,남,66세,상해없음,승용,여,44세,경상
2017092500100437,2017년 9월 25일 16시,월요일,경상북도 포항시 남구 오천읍,경상사고,0,0,1,0,차대사람 - 기타,안전운전불이행,건조,맑음,교차로 - 교차로안,승용,여,52세,상해없음,보행자,여,3세,경상
2017092500100481,2017년 9월 25일 17시,월요일,경상북도 경주시 건천읍,중상사고,0,1,7,0,차대차 - 측면충돌,안전운전불이행,건조,맑음,단일로 - 기타,승용,남,39세,상해없음,승합,남,55세,상해없음
2017092500100482,2017년 9월 25일 17시,월요일,경상북도 구미시 도량동,경상사고,0,0,1,0,차대차 - 추돌,안전운전불이행,건조,맑음,교차로 - 교차로부근,승용,남,35세,상해없음,승용,남,34세,경상
2017092500100528,2017년 9월 25일 18시,월요일,경상북도 경산시 임당동,중상사고,0,1,0,0,차대차 - 후진중충돌,안전운전불이행,건조,맑음,단일로 - 기타,승용,남,38세,상해없음,승용,남,43세,중상
2017092500100529,2017년 9월 25일 18시,월요일,경상북도 고령군 대가야읍,경상사고,0,0,1,0,차대차 - 측면충돌,안전운전불이행,건조,맑음,기타 - 기타,자전거,남,77세,경상,화물,여,60세,상해없음
2017092500100579,2017년 9월 25일 19시,월요일,경상북도 경주시 현곡면,중상사고,0,2,0,0,차대사람 - 보도통행중,안전운전불이행,건조,맑음,단일로 - 기타,자전거,남,12세,중상,보행자,여,64세,중상
2017092500100580,2017년 9월 25일 19시,월요일,경상북도 김천시 평화동,중상사고,0,1,0,0,차대사람 - 기타,안전운전불이행,건조,맑음,주차장 - 주차장,승용,남,46세,상해없음,보행자,여,71세,중상
2017092500100581,2017년 9월 25일 19시,월요일,경상북도 영천시 북안면,경상사고,0,0,1,0,차대차 - 측면충돌,안전운전불이행,건조,맑음,단일로 - 기타,승용,남,59세,상해없음,승용,남,30세,경상
2017092500100610,2017년 9월 25일 20시,월요일,경상북도 구미시 사곡동,중상사고,0,1,0,0,차대사람 - 기타,안전운전불이행,건조,맑음,교차로 - 교차로안,승용,남,49세,상해없음,보행자,여,57세,중상
2017092500100611,2017년 9월 25일 20시,월요일,경상북도 포항시 남구 해도동,중상사고,0,1,0,0,차대사람 - 횡단중,안전운전불이행,건조,맑음,단일로 - 기타,이륜,남,30세,상해없음,보행자,여,77세,중상
2017092500100649,2017년 9월 25일 21시,월요일,경상북도 구미시 사곡동,경상사고,0,0,1,0,차대차 - 추돌,안전운전불이행,건조,맑음,교차로 - 교차로부근,승용,남,43세,상해없음,승용,남,37세,경상
2017092500100672,2017년 9월 25일 22시,월요일,경상북도 군위군 효령면,경상사고,0,0,1,0,차대차 - 기타,안전운전불이행,건조,맑음,단일로 - 기타,승용,여,56세,상해없음,화물,남,67세,경상
2017092500100693,2017년 9월 25일 23시,월요일,경상북도 경산시 자인면,중상사고,0,1,1,0,차대차 - 측면충돌,신호위반,건조,맑음,교차로 - 교차로안,건설기계,남,49세,상해없음,승용,남,48세,경상
2017092600100062,2017년 9월 26일 03시,화요일,경상북도 구미시 신평동,중상사고,0,1,0,0,차대차 - 추돌,안전운전불이행,건조,맑음,교차로 - 교차로부근,승용,남,53세,중상,승합,남,67세,상해없음
2017092600100090,2017년 9월 26일 05시,화요일,경상북도 경주시 황성동,중상사고,0,1,1,0,차대차 - 추돌,안전운전불이행,건조,맑음,단일로 - 기타,승용,남,58세,상해없음,승용,남,73세,경상
2017092600100091,2017년 9월 26일 05시,화요일,경상북도 안동시 옥동,중상사고,0,1,0,0,차대사람 - 차도통행중,안전운전불이행,건조,맑음,단일로 - 기타,승용,여,51세,상해없음,보행자,남,50세,중상
2017092600100092,2017년 9월 26일 05시,화요일,경상북도 청도군 풍각면,중상사고,0,1,0,0,차대차 - 기타,안전운전불이행,젖음/습기,안개,단일로 - 기타,특수,남,57세,상해없음,건설기계,남,57세,중상
2017092600100104,2017년 9월 26일 06시,화요일,경상북도 상주시 서성동,경상사고,0,0,3,0,차대차 - 측면충돌,안전운전불이행,건조,맑음,교차로 - 교차로안,화물,남,51세,상해없음,화물,남,52세,경상
2017092600100105,2017년 9월 26일 06시,화요일,경상북도 구미시 인의동,경상사고,0,0,1,0,차대차 - 측면충돌,교차로운행방법위반,건조,맑음,교차로 - 교차로안,승용,남,47세,상해없음,자전거,남,44세,경상
2017092600100106,2017년 9월 26일 06시,화요일,경상북도 구미시 신평동,경상사고,0,0,1,0,차대차 - 기타,신호위반,건조,맑음,교차로 - 교차로안,승용,남,66세,상해없음,승용,여,54세,경상
2017092600100120,2017년 9월 26일 07시,화요일,경상북도 안동시 길안면,사망사고,1,1,0,0,차량단독 - 전도전복 - 전도,안전운전불이행,건조,맑음,단일로 - 기타,이륜,남,81세,사망,,,,
2017092600100145,2017년 9월 26일 08시,화요일,경상북도 안동시 용상동,중상사고,0,1,1,0,차대차 - 측면충돌,교차로운행방법위반,건조,맑음,교차로 - 교차로안,승용,남,54세,상해없음,승용,여,36세,중상
2017092600100146,2017년 9월 26일 08시,화요일,경상북도 포항시 남구 대도동,중상사고,0,1,0,0,차대차 - 측면충돌,차로위반,건조,맑음,단일로 - 기타,승용,남,72세,상해없음,이륜,남,27세,중상
2017092600100147,2017년 9월 26일 08시,화요일,경상북도 포항시 남구 대도동,경상사고,0,0,1,0,차대차 - 후진중충돌,불법유턴,건조,맑음,단일로 - 기타,승용,여,51세,상해없음,승용,여,36세,경상
2017092600100148,2017년 9월 26일 08시,화요일,경상북도 포항시 남구 대잠동,경상사고,0,0,1,0,차대차 - 기타,신호위반,건조,맑음,교차로 - 교차로안,승용,여,40세,상해없음,승용,여,50세,경상
2017092600100189,2017년 9월 26일 09시,화요일,경상북도 안동시 옥동,중상사고,0,1,0,0,차대차 - 기타,기타,건조,맑음,단일로 - 기타,승용,남,56세,상해없음,자전거,남,78세,중상
2017092600100190,2017년 9월 26일 09시,화요일,경상북도 안동시 풍천면,경상사고,0,0,1,0,차대차 - 기타,안전운전불이행,건조,맑음,단일로 - 기타,자전거,남,19세,경상,화물,남,40세,상해없음
2017092600100191,2017년 9월 26일 09시,화요일,경상북도 상주시 지천동,경상사고,0,0,1,0,차대차 - 측면충돌,안전운전불이행,건조,맑음,단일로 - 기타,원동기,여,63세,경상,화물,남,37세,상해없음
2017092600100192,2017년 9월 26일 09시,화요일,경상북도 영천시 창구동,경상사고,0,0,1,0,차대차 - 측면충돌,신호위반,건조,맑음,교차로 - 교차로안,승용,여,55세,상해없음,승용,여,36세,경상
2017092600100225,2017년 9월 26일 10시,화요일,경상북도 상주시 이안면,중상사고,0,1,0,0,차대사람 - 횡단중,안전운전불이행,건조,맑음,단일로 - 기타,승용,남,81세,상해없음,보행자,여,77세,중상
2017092600100283,2017년 9월 26일 12시,화요일,경상북도 경주시 안강읍,중상사고,0,1,0,0,차대사람 - 기타,안전운전불이행,건조,맑음,교차로 - 교차로부근,승용,남,33세,상해없음,보행자,남,58세,중상
2017092600100284,2017년 9월 26일 12시,화요일,경상북도 경산시 삼풍동,중상사고,0,1,1,0,차대차 - 기타,교차로운행방법위반,건조,맑음,교차로 - 교차로안,화물,남,22세,상해없음,이륜,남,75세,경상
2017092600100285,2017년 9월 26일 12시,화요일,경상북도 울진군 기성면,경상사고,0,0,1,0,차대사람 - 차도통행중,안전운전불이행,건조,맑음,단일로 - 기타,화물,남,55세,상해없음,보행자,남,50세,경상
2017092600100286,2017년 9월 26일 12시,화요일,경상북도 포항시 남구 상도동,경상사고,0,0,3,0,차대차 - 추돌,안전운전불이행,건조,맑음,단일로 - 기타,승용,여,42세,상해없음,승용,남,54세,경상
2017092600100322,2017년 9월 26일 13시,화요일,경상북도 경주시 성건동,중상사고,0,1,0,0,차대사람 - 길가장자리구역통행중,안전운전불이행,건조,맑음,단일로 - 기타,승합,남,54세,상해없음,보행자,여,80세,중상
2017092600100323,2017년 9월 26일 13시,화요일,경상북도 성주군 벽진면,경상사고,0,0,1,0,차대차 - 측면충돌,직진우회전진행방해,건조,맑음,교차로 - 교차로안,이륜,남,76세,경상,승용,남,65세,상해없음
2017092600100358,2017년 9월 26일 14시,화요일,경상북도 영주시 휴천동,경상사고,0,0,1,0,차대차 - 측면충돌,안전운전불이행,건조,맑음,교차로 - 교차로부근,승용,남,64세,상해없음,자전거,남,85세,경상
2017092600100359,2017년 9월 26일 14시,화요일,경상북도 경산시 중방동,경상사고,0,0,1,0,차대차 - 기타,안전운전불이행,건조,맑음,교차로 - 교차로부근,승용,남,46세,상해없음,승용,여,34세,경상
2017092600100360,2017년 9월 26일 14시,화요일,경상북도 경산시 하양읍,경상사고,0,0,1,0,차대차 - 측면충돌,중앙선침범,건조,맑음,단일로 - 기타,승용,남,49세,상해없음,승용,여,40세,경상