사고번호,사고일시,요일,시군구,사고내용,사망자수,중상자수,경상자수,부상신고자수,사고유형,법규위반,노면상태,기상상태,도로형태,가해운전자 차종,가해운전자 성별,가해운전자 연령,가해운전자 상해정도,피해운전자 차종,피해운전자 성별,피해운전자 연령,피해운전자 상해정도
2017092900100212,2017년 9월 29일 08시,금요일,경상북도 포항시 남구 장흥동,중상사고,0,1,0,0,차대차 - 측면충돌,교차로운행방법위반,건조,맑음,교차로 - 교차로부근,특수,남,60세,상해없음,승용,여,61세,중상
2017092900100254,2017년 9월 29일 09시,금요일,경상북도 김천시 용두동,중상사고,0,1,0,0,차대사람 - 횡단중,보행자보호의무위반,건조,맑음,교차로 - 교차로횡단보도내,화물,남,44세,상해없음,보행자,남,67세,중상
2017092900100255,2017년 9월 29일 09시,금요일,경상북도 영천시 금호읍,경상사고,0,0,1,0,차대사람 - 기타,안전운전불이행,건조,맑음,교차로 - 교차로부근,화물,남,78세,상해없음,보행자,여,83세,경상
2017092900100256,2017년 9월 29일 09시,금요일,경상북도 문경시 산양면,중상사고,0,1,1,0,차대차 - 기타,안전운전불이행,건조,맑음,단일로 - 기타,승용,남,64세,상해없음,화물,남,61세,경상
2017092900100290,2017년 9월 29일 10시,금요일,경상북도 포항시 북구 대신동,중상사고,0,1,0,0,차대사람 - 횡단중,보행자보호의무위반,건조,맑음,교차로 - 교차로횡단보도내,승용,여,76세,상해없음,보행자,남,84세,중상
2017092900100291,2017년 9월 29일 10시,금요일,경상북도 칠곡군 왜관읍,경상사고,0,0,1,0,차대차 - 측면충돌,안전운전불이행,건조,맑음,교차로 - 교차로안,승용,남,57세,상해없음,승용,남,71세,경상
2017092900100292,2017년 9월 29일 10시,금요일,경상북도 포항시 남구 송도동,중상사고,0,1,0,0,차대차 - 기타,신호위반,건조,맑음,교차로 - 교차로안,승용,남,56세,상해없음,자전거,여,58세,중상
2017092900100322,2017년 9월 29일 11시,금요일,경상북도 김천시 감호동,중상사고,0,1,0,0,차대차 - 측면충돌,안전운전불이행,건조,맑음,교차로 - 교차로안,승용,남,83세,상해없음,이륜,남,60세,중상
2017092900100323,2017년 9월 29일 11시,금요일,경상북도 문경시 모전동,경상사고,0,0,3,0,차대차 - 추돌,안전운전불이행,건조,맑음,교차로 - 교차로부근,승용,남,62세,상해없음,승용,남,79세,경상
2017092900100356,2017년 9월 29일 12시,금요일,경상북도 경주시 성동동,부상신고사고,0,0,0,1,차대사람 - 횡단중,안전운전불이행,건조,맑음,단일로 - 기타,승용,남,63세,상해없음,보행자,남,56세,부상신고
2017092900100357,2017년 9월 29일 12시,금요일,경상북도 영주시 휴천동,경상사고,0,0,2,0,차대차 - 측면충돌,안전운전불이행,건조,맑음,단일로 - 기타,승용,남,46세,상해없음,승용,남,41세,경상
2017092900100358,2017년 9월 29일 12시,금요일,경상북도 경산시 남방동,부상신고사고,0,0,0,1,차대차 - 기타,교차로운행방법위반,건조,맑음,교차로 - 교차로안,농기계,남,78세,부상신고,화물,남,32세,상해없음
2017092900100396,2017년 9월 29일 13시,금요일,경상북도 안동시 태화동,경상사고,0,0,1,0,차대차 - 정면충돌,안전운전불이행,건조,맑음,교차로 - 교차로부근,자전거,남,61세,경상,승용,여,56세,상해없음
2017092900100397,2017년 9월 29일 13시,금요일,경상북도 경산시 대정동,경상사고,0,0,1,0,차대차 - 기타,안전운전불이행,건조,맑음,단일로 - 기타,이륜,남,57세,경상,승용,여,70세,상해없음
2017092900100433,2017년 9월 29일 14시,금요일,경상북도 경주시 강동면,경상사고,0,0,3,0,차대차 - 측면충돌,안전운전불이행,건조,맑음,단일로 - 기타,건설기계,남,38세,상해없음,승용,여,28세,경상
2017092900100434,2017년 9월 29일 14시,금요일,경상북도 안동시 길안면,경상사고,0,0,1,0,차대차 - 정면충돌,안전운전불이행,건조,맑음,단일로 - 기타,이륜,남,65세,경상,화물,남,52세,상해없음
2017092900100435,2017년 9월 29일 14시,금요일,경상북도 구미시 진평동,중상사고,0,1,0,0,차대차 - 기타,교차로운행방법위반,건조,맑음,교차로 - 교차로안,승용,남,37세,상해없음,자전거,남,56세,중상
2017092900100436,2017년 9월 29일 14시,금요일,경상북도 포항시 남구 대잠동,경상사고,0,0,1,0,차대사람 - 기타,안전운전불이행,건조,맑음,주차장 - 주차장,승용,남,48세,상해없음,보행자,남,48세,경상
2017092900100471,2017년 9월 29일 15시,금요일,경상북도 안동시 당북동,경상사고,0,0,1,0,차대차 - 추돌,안전운전불이행,건조,맑음,단일로 - 기타,화물,남,27세,상해없음,승용,여,60세,경상
2017092900100472,2017년 9월 29일 15시,금요일,경상북도 성주군 초전면,경상사고,0,0,1,0,차대차 - 측면충돌,안전운전불이행,건조,맑음,기타 - 기타,화물,여,37세,상해없음,승용,남,81세,경상
2017092900100473,2017년 9월 29일 15시,금요일,경상북도 포항시 남구 대잠동,중상사고,0,1,0,0,차대사람 - 기타,보행자보호의무위반,건조,맑음,교차로 - 교차로횡단보도내,승합,남,71세,상해없음,보행자,여,55세,중상
2017092900100537,2017년 9월 29일 16시,금요일,경상북도 포항시 북구 대신동,중상사고,0,1,0,0,차대사람 - 횡단중,안전운전불이행,건조,맑음,교차로 - 교차로안,화물,남,53세,상해없음,보행자,여,55세,중상
2017092900100538,2017년 9월 29일 16시,금요일,경상북도 영천시 금호읍,경상사고,0,0,1,0,차대사람 - 횡단중,안전운전불이행,건조,맑음,교차로 - 교차로부근,승합,남,70세,상해없음,보행자,남,57세,경상
2017092900100539,2017년 9월 29일 16시,금요일,경상북도 군위군 효령면,중상사고,0,1,0,0,차대차 - 측면충돌,신호위반,건조,맑음,교차로 - 교차로안,승용,남,52세,상해없음,이륜,남,47세,중상
2017092900100582,2017년 9월 29일 17시,금요일,경상북도 영주시 휴천동,부상신고사고,0,0,0,1,차대차 - 측면충돌,안전운전불이행,건조,맑음,단일로 - 기타,자전거,남,14세,부상신고,승용,남,56세,상해없음
2017092900100583,2017년 9월 29일 17시,금요일,경상북도 칠곡군 왜관읍,중상사고,0,1,0,0,차대사람 - 차도통행중,안전운전불이행,건조,맑음,단일로 - 기타,승합,남,57세,상해없음,보행자,여,59세,중상
2017092900100584,2017년 9월 29일 17시,금요일,경상북도 칠곡군 왜관읍,경상사고,0,0,1,0,차대사람 - 횡단중,안전운전불이행,건조,맑음,단일로 - 기타,승용,남,73세,상해없음,보행자,여,50세,경상
2017092900100585,2017년 9월 29일 17시,금요일,경상북도 영천시 금호읍,경상사고,0,0,1,0,차대차 - 측면충돌,안전운전불이행,건조,맑음,단일로 - 기타,화물,남,34세,상해없음,화물,남,24세,경상
2017092900100586,2017년 9월 29일 17시,금요일,경상북도 경산시 중방동,경상사고,0,0,1,0,차대차 - 기타,안전운전불이행,건조,맑음,단일로 - 기타,화물,남,37세,상해없음,자전거,남,48세,경상
2017092900100587,2017년 9월 29일 17시,금요일,경상북도 예천군 호명면,중상사고,0,1,1,0,차대차 - 측면충돌,안전운전불이행,건조,맑음,단일로 - 기타,승용,남,45세,중상,승용,여,35세,경상
2017092900100588,2017년 9월 29일 17시,금요일,경상북도 군위군 부계면,경상사고,0,0,1,0,차대차 - 정면충돌,중앙선침범,건조,맑음,단일로 - 기타,화물,남,61세,상해없음,승용,남,20세,경상
2017092900100589,2017년 9월 29일 17시,금요일,경상북도 구미시 공단동,경상사고,0,0,2,0,차대사람 - 기타,안전운전불이행,건조,맑음,단일로 - 기타,승용,남,51세,상해없음,보행자,여,23세,경상
2017092900100635,2017년 9월 29일 18시,금요일,경상북도 경주시 성동동,경상사고,0,0,2,0,차대차 - 추돌,안전운전불이행,건조,맑음,교차로 - 교차로횡단보도내,승용,여,58세,상해없음,승용,여,55세,경상
2017092900100636,2017년 9월 29일 18시,금요일,경상북도 포항시 북구 장성동,경상사고,0,0,1,0,차대차 - 측면충돌,안전운전불이행,건조,맑음,단일로 - 기타,승용,남,27세,상해없음,이륜,남,22세,경상
2017092900100637,2017년 9월 29일 18시,금요일,경상북도 안동시 이천동,경상사고,0,0,1,0,차대차 - 기타,안전운전불이행,건조,맑음,단일로 - 기타,화물,남,69세,상해없음,승용,남,19세,상해없음
2017092900100638,2017년 9월 29일 18시,금요일,경상북도 예천군 용문면,중상사고,0,1,0,0,차대사람 - 차도통행중,중앙선침범,건조,맑음,교차로 - 교차로부근,승용,여,51세,상해없음,보행자,여,61세,중상
2017092900100702,2017년 9월 29일 19시,금요일,경상북도 안동시 평화동,경상사고,0,0,1,0,차대차 - 기타,안전운전불이행,건조,맑음,교차로 - 교차로안,승용,여,29세,상해없음,이륜,남,18세,경상
2017092900100703,2017년 9월 29일 19시,금요일,경상북도 의성군 단촌면,중상사고,0,1,0,0,차대차 - 측면충돌,불법유턴,건조,맑음,기타 - 기타,화물,남,49세,상해없음,승용,여,27세,중상
2017092900100704,2017년 9월 29일 19시,금요일,경상북도 구미시 선산읍,부상신고사고,0,0,0,1,차대차 - 측면충돌,안전운전불이행,건조,맑음,단일로 - 기타,화물,남,74세,부상신고,화물,남,58세,상해없음
2017092900100758,2017년 9월 29일 20시,금요일,경상북도 경주시 북군동,중상사고,0,2,0,1,차대차 - 측면충돌,신호위반,건조,맑음,교차로 - 교차로안,승용,남,40세,부상신고,승용,여,58세,중상
2017092900100759,2017년 9월 29일 20시,금요일,경상북도 구미시 산동면,부상신고사고,0,0,0,1,차대차 - 기타,안전운전불이행,건조,맑음,교차로 - 교차로안,승용,남,35세,부상신고,승용,남,23세,기타불명
2017092900100801,2017년 9월 29일 21시,금요일,경상북도 경산시 중방동,사망사고,1,0,1,0,차대사람 - 길가장자리구역통행중,안전운전불이행,건조,맑음,단일로 - 기타,이륜,남,31세,경상,보행자,여,79세,사망
2017092900100831,2017년 9월 29일 22시,금요일,경상북도 경주시 외동읍,경상사고,0,0,3,0,차대차 - 추돌,안전운전불이행,건조,맑음,단일로 - 기타,승합,남,45세,상해없음,승용,남,43세,경상
2017092900100859,2017년 9월 29일 23시,금요일,경상북도 포항시 남구 대송면,부상신고사고,0,0,0,1,차대사람 - 기타,안전운전불이행,건조,맑음,교차로 - 교차로안,승용,여,47세,상해없음,보행자,남,60세,부상신고
2017093000100062,2017년 9월 30일 02시,토요일,경상북도 포항시 북구 용흥동,중상사고,0,1,1,0,차대차 - 추돌,안전거리미확보,건조,맑음,교차로 - 교차로부근,승용,남,25세,상해없음,승용,남,58세,경상
2017093000100063,2017년 9월 30일 02시,토요일,경상북도 포항시 남구 상도동,중상사고,0,1,0,0,차대차 - 측면충돌,신호위반,건조,맑음,교차로 - 교차로안,이륜,남,63세,중상,승용,남,37세,상해없음
2017093000100073,2017년 9월 30일 03시,토요일,경상북도 영천시 성내동,경상사고,0,0,3,0,차대차 - 추돌,안전운전불이행,건조,맑음,교차로 - 교차로부근,승용,여,47세,경상,승합,남,28세,경상
2017093000100074,2017년 9월 30일 03시,토요일,경상북도 경산시 옥곡동,중상사고,0,1,0,0,차량단독 - 기타,안전운전불이행,건조,맑음,단일로 - 기타,승용,남,41세,중상,,,,
2017093000100094,2017년 9월 30일 05시,토요일,경상북도 구미시 오태동,경상사고,0,0,1,0,차대차 - 기타,교차로운행방법위반,건조,맑음,교차로 - 교차로부근,승용,남,42세,상해없음,승용,여,37세,경상
2017093000100105,2017년 9월 30일 06시,토요일,경상북도 경주시 도지동,부상신고사고,0,0,0,4,차대차 - 추돌,안전운전불이행,건조,맑음,교차로 - 교차로부근,승용,남,55세,상해없음,승용,남,49세,부상신고
2017093000100106,2017년 9월 30일 06시,토요일,경상북도 포항시 북구 학잠동,중상사고,0,1,0,0,차대차 - 측면충돌,직진우회전진행방해,건조,맑음,교차로 - 교차로안,이륜,남,67세,중상,승용,남,66세,상해없음
2017093000100118,2017년 9월 30일 07시,토요일,경상북도 칠곡군 기산면,경상사고,0,0,2,0,차대차 - 측면충돌,교차로운행방법위반,건조,맑음,교차로 - 교차로안,승용,남,72세,경상,승용,여,57세,경상
2017093000100119,2017년 9월 30일 07시,토요일,경상북도 포항시 남구 연일읍,경상사고,0,0,1,0,차대차 - 기타,교차로운행방법위반,건조,맑음,교차로 - 교차로안,승용,남,66세,상해없음,화물,여,54세,경상
2017093000100145,2017년 9월 30일 08시,토요일,경상북도 경주시 황성동,중상사고,0,1,0,0,차대차 - 기타,안전운전불이행,건조,맑음,교차로 - 교차로횡단보도내,승용,남,52세,상해없음,자전거,여,26세,중상
2017093000100146,2017년 9월 30일 08시,토요일,경상북도 예천군 용궁면,경상사고,0,0,1,0,차대사람 - 기타,안전운전불이행,건조,맑음,교차로 - 교차로부근,화물,남,71세,상해없음,보행자,여,80세,경상
2017093000100170,2017년 9월 30일 09시,토요일,경상북도 경주시 충효동,경상사고,0,0,1,0,차대차 - 기타,안전운전불이행,건조,맑음,교차로 - 교차로부근,화물,남,62세,상해없음,자전거,남,11세,경상
2017093000100171,2017년 9월 30일 09시,토요일,경상북도 상주시 은척면,중상사고,0,1,0,0,차대차 - 추돌,안전운전불이행,건조,맑음,단일로 - 기타,화물,남,78세,상해없음,원동기,남,75세,중상
2017093000100172,2017년 9월 30일 09시,토요일,경상북도 포항시 남구 대송면,중상사고,0,1,0,0,차대사람 - 기타,안전운전불이행,건조,맑음,단일로 - 기타,승용,여,56세,상해없음,보행자,여,59세,중상
2017093000100194,2017년 9월 30일 10시,토요일,경상북도 영덕군 영해면,경상사고,0,0,1,0,차대사람 - 기타,안전운전불이행,건조,맑음,단일로 - 기타,승용,남,75세,상해없음,보행자,여,74세,경상
2017093000100232,2017년 9월 30일 11시,토요일,경상북도 안동시 옥동,경상사고,0,0,1,0,차대차 - 측면충돌,신호위반,건조,맑음,교차로 - 교차로안,승용,남,31세,상해없음,승용,여,46세,경상
2017093000100233,2017년 9월 30일 11시,토요일,경상북도 영주시 영주동,경상사고,0,0,1,0,차대차 - 측면충돌,중앙선침범,건조,맑음,단일로 - 기타,이륜,남,39세,경상,승용,여,35세,상해없음
2017093000100263,2017년 9월 30일 12시,토요일,경상북도 경주시 성동동,중상사고,0,2,1,0,차대차 - 기타,안전운전불이행,건조,맑음,단일로 - 기타,승용,남,65세,중상,승합,남,46세,경상
2017093000100264,2017년 9월 30일 12시,토요일,경상북도 포항시 북구 죽도동,경상사고,0,0,2,0,차대차 - 추돌,안전거리미확보,건조,맑음,단일로 - 기타,승용,남,61세,상해없음,승용,남,58세,경상
2017093000100265,2017년 9월 30일 12시,토요일,경상북도 안동시 태화동,경상사고,0,0,6,0,차대차 - 측면충돌,교차로운행방법위반,건조,맑음,교차로 - 교차로안,승용,남,66세,상해없음,승용,남,31세,경상
2017093000100266,2017년 9월 30일 12시,토요일,경상북도 상주시 남성동,경상사고,0,0,1,0,차대차 - 추돌,안전거리미확보,건조,맑음,단일로 - 기타,승용,여,41세,상해없음,승용,여,57세,경상
2017093000100267,2017년 9월 30일 12시,토요일,경상북도 봉화군 봉화읍,경상사고,0,0,1,0,차대차 - 측면충돌,교차로운행방법위반,건조,맑음,교차로 - 교차로안,승용,남,53세,상해없음,승용,여,46세,경상
2017093000100268,2017년 9월 30일 12시,토요일,경상북도 울진군 울진읍,중상사고,0,1,0,0,차대차 - 측면충돌,안전운전불이행,건조,맑음,교차로 - 교차로부근,자전거,남,미분류,중상,승용,남,41세,상해없음
2017093000100312,2017년 9월 30일 13시,토요일,경상북도 칠곡군 기산면,경상사고,0,0,1,0,차대차 - 측면충돌,안전거리미확보,건조,맑음,단일로 - 기타,승용,남,67세,상해없음,승용,여,44세,경상
2017093000100313,2017년 9월 30일 13시,토요일,경상북도 경산시 삼북동,경상사고,0,0,1,0,차대차 - 측면충돌,안전거리미확보,건조,맑음,교차로 - 교차로안,승용,남,69세,상해없음,이륜,남,55세,경상
2017093000100314,2017년 9월 30일 13시,토요일,경상북도 울진군 죽변면,중상사고,0,1,0,0,차대사람 - 횡단중,안전운전불이행,건조,맑음,단일로 - 기타,승용,남,31세,상해없음,보행자,여,60세,중상
2017093000100346,2017년 9월 30일 14시,토요일,경상북도 안동시 안흥동,중상사고,0,1,0,0,차대차 - 측면충돌,중앙선침범,건조,맑음,교차로 - 교차로안,화물,남,72세,상해없음,승용,남,47세,중상
2017093000100347,2017년 9월 30일 14시,토요일,경상북도 청도군 금천면,사망사고,1,0,6,0,차대차 - 측면충돌,신호위반,건조,맑음,교차로 - 교차로안,이륜,남,87세,사망,승합,남,48세,경상
2017093000100388,2017년 9월 30일 15시,토요일,경상북도 경주시 외동읍,중상사고,0,1,0,0,차대차 - 측면충돌,신호위반,건조,맑음,교차로 - 교차로안,건설기계,남,52세,상해없음,원동기,남,47세,중상
2017093000100389,2017년 9월 30일 15시,토요일,경상북도 안동시 태화동,경상사고,0,0,1,0,차대사람 - 기타,안전운전불이행,건조,맑음,기타 - 기타,승용,여,55세,상해없음,보행자,여,85세,경상
2017093000100390,2017년 9월 30일 15시,토요일,경상북도 경산시 사동,경상사고,0,0,1,0,차대사람 - 기타,안전운전불이행,건조,맑음,기타 - 기타,자전거,남,12세,기타불명,보행자,여,68세,경상
2017093000100391,2017년 9월 30일 15시,토요일,경상북도 예천군 예천읍,경상사고,0,0,1,0,차대차 - 측면충돌,안전운전불이행,건조,맑음,단일로 - 기타,승용,남,73세,상해없음,자전거,남,11세,경상
2017093000100392,2017년 9월 30일 15시,토요일,경상북도 포항시 남구 대잠동,경상사고,0,0,3,0,차대차 - 기타,직진우회전진행방해,건조,맑음,교차로 - 교차로안,승용,남,46세,상해없음,승용,남,45세,경상
2017093000100431,2017년 9월 30일 16시,토요일,경상북도 상주시 함창읍,경상사고,0,0,1,0,차대차 - 측면충돌,안전운전불이행,건조,맑음,교차로 - 교차로안,승용,여,71세,상해없음,승용,남,31세,경상
2017093000100432,2017년 9월 30일 16시,토요일,경상북도 영천시 청통면,경상사고,0,0,1,0,차대차 - 측면충돌,기타,건조,맑음,교차로 - 교차로안,화물,남,23세,상해없음,이륜,남,68세,경상
2017093000100433,2017년 9월 30일 16시,토요일,경상북도 영덕군 병곡면,경상사고,0,0,1,0,차대차 - 측면충돌,교차로운행방법위반,건조,맑음,교차로 - 교차로안,승용,남,45세,상해없음,승용,여,61세,경상
2017093000100434,2017년 9월 30일 16시,토요일,경상북도 청도군 청도읍,중상사고,0,1,0,0,차대차 - 측면충돌,안전운전불이행,건조,맑음,단일로 - 기타,이륜,남,38세,중상,승용,남,51세,상해없음
2017093000100513,2017년 9월 30일 18시,토요일,경상북도 경주시 외동읍,경상사고,0,0,1,0,차대차 - 추돌,안전운전불이행,건조,맑음,단일로 - 기타,화물,남,59세,상해없음,승용,남,56세,상해없음
2017093000100514,2017년 9월 30일 18시,토요일,경상북도 상주시 화서면,사망사고,1,0,0,0,차대사람 - 횡단중,안전운전불이행,건조,맑음,교차로 - 교차로부근,승용,남,45세,상해없음,보행자,여,83세,사망
2017093000100515,2017년 9월 30일 18시,토요일,경상북도 영주시 순흥면,중상사고,0,1,0,0,차대사람 - 횡단중,안전운전불이행,건조,맑음,단일로 - 기타,승용,여,58세,상해없음,보행자,남,87세,중상
2017093000100516,2017년 9월 30일 18시,토요일,경상북도 포항시 남구 연일읍,중상사고,0,1,0,0,차대차 - 기타,안전운전불이행,건조,맑음,단일로 - 기타,이륜,남,45세,기타불명,자전거,남,48세,중상
2017093000100550,2017년 9월 30일 19시,토요일,경상북도 경주시 황오동,경상사고,0,0,2,0,차대차 - 추돌,안전운전불이행,건조,맑음,단일로 - 기타,승용,남,57세,상해없음,승용,여,41세,경상
2017093000100551,2017년 9월 30일 19시,토요일,경상북도 안동시 옥야동,중상사고,0,1,5,4,차대차 - 측면충돌,안전운전불이행,건조,맑음,단일로 - 기타,승용,남,38세,상해없음,승용,여,56세,중상
2017093000100552,2017년 9월 30일 19시,토요일,경상북도 의성군 사곡면,중상사고,0,1,0,0,차대차 - 기타,안전운전불이행,건조,맑음,단일로 - 기타,화물,남,59세,상해없음,자전거,남,60세,중상
2017093000100553,2017년 9월 30일 19시,토요일,경상북도 칠곡군 가산면,사망사고,1,0,0,1,차대차 - 측면충돌,안전운전불이행,건조,맑음,단일로 - 기타,승용,남,23세,부상신고,화물,여,65세,상해없음
2017093000100554,2017년 9월 30일 19시,토요일,경상북도 성주군 선남면,사망사고,1,1,1,0,차대사람 - 길가장자리구역통행중,안전운전불이행,건조,맑음,기타 - 기타,화물,남,62세,상해없음,보행자,여,60세,사망
2017093000100555,2017년 9월 30일 19시,토요일,경상북도 포항시 남구 이동,중상사고,0,1,0,0,차대차 - 기타,신호위반,건조,맑음,교차로 - 교차로안,승용,남,59세,상해없음,승용,여,48세,중상
2017093000100596,2017년 9월 30일 20시,토요일,경상북도 영천시 금노동,중상사고,0,1,2,0,차대차 - 측면충돌,신호위반,건조,맑음,교차로 - 교차로안,승용,남,52세,상해없음,승합,남,32세,경상
2017093000100626,2017년 9월 30일 21시,토요일,경상북도 칠곡군 북삼읍,경상사고,0,0,1,0,차대차 - 측면충돌,중앙선침범,건조,맑음,단일로 - 기타,승용,남,42세,상해없음,이륜,남,55세,경상
2017093000100654,2017년 9월 30일 22시,토요일,경상북도 봉화군 봉화읍,중상사고,0,1,0,0,차대사람 - 기타,안전운전불이행,건조,맑음,단일로 - 교량,화물,남,33세,상해없음,보행자,남,47세,중상
2017093000100655,2017년 9월 30일 22시,토요일,경상북도 구미시 공단동,경상사고,0,0,1,0,차대차 - 정면충돌,안전운전불이행,건조,기타,교차로 - 교차로안,승용,남,43세,상해없음,승용,남,47세,경상
2017093000100675,2017년 9월 30일 23시,토요일,경상북도 포항시 북구 항구동,경상사고,0,0,1,0,차대차 - 측면충돌,안전운전불이행,건조,맑음,단일로 - 기타,이륜,남,18세,경상,승용,남,57세,상해없음
2017093000100676,2017년 9월 30일 23시,토요일,경상북도 김천시 부곡동,경상사고,0,0,1,0,차량단독 - 기타,안전운전불이행,건조,맑음,단일로 - 기타,승용,남,36세,경상,,,,
2017093000100677,2017년 9월 30일 23시,토요일,경상북도 포항시 남구 오천읍,중상사고,0,1,2,0,차량단독 - 전도전복 - 전도,안전운전불이행,건조,맑음,단일로 - 기타,승용,남,18세,경상,,,,
2017100100100042,2017년 10월 1일 00시,일요일,경상북도 포항시 북구 죽도동,경상사고,0,0,2,0,차대차 - 기타,차로위반,건조,흐림,교차로 - 교차로부근,승용,남,66세,상해없음,승용,남,47세,경상
2017100100100071,2017년 10월 1일 02시,일요일,경상북도 경산시 중방동,중상사고,0,1,1,0,차대차 - 추돌,안전거리미확보,건조,맑음,단일로 - 기타,승용,남,37세,상해없음,승용,남,34세,경상
2017100100100124,2017년 10월 1일 07시,일요일,경상북도 포항시 북구 양덕동,경상사고,0,0,1,0,차대차 - 기타,안전운전불이행,건조,맑음,단일로 - 기타,승용,여,48세,상해없음,승용,남,33세,경상
2017100100100134,2017년 10월 1일 08시,일요일,경상북도 경주시 외동읍,경상사고,0,0,1,0,차대차 - 추돌,안전운전불이행,젖음/습기,비,기타 - 기타,승용,남,69세,상해없음,승용,남,33세,경상
2017100100100135,2017년 10월 1일 08시,일요일,경상북도 포항시 북구 용흥동,중상사고,0,1,0,0,차대차 - 기타,안전운전불이행,건조,맑음,단일로 - 기타,자전거,남,18세,중상,화물,여,56세,상해없음
2017100100100136,2017년 10월 1일 08시,일요일,경상북도 경산시 진량읍,경상사고,0,0,2,0,차대차 - 기타,신호위반,건조,맑음,교차로 - 교차로안,승용,남,42세,상해없음,승용,여,53세,경상
2017100100100176,2017년 10월 1일 10시,일요일,경상북도 청도군 이서면,경상사고,0,0,1,0,차대차 - 추돌,안전거리미확보,건조,맑음,단일로 - 기타,건설기계,남,54세,상해없음,승용,여,50세,경상
2017100100100193,2017년 10월 1일 11시,일요일,경상북도 포항시 남구 송도동,중상사고,0,1,0,0,차대차 - 측면충돌,교차로운행방법위반,건조,맑음,교차로 - 교차로안,화물,남,42세,상해없음,이륜,여,63세,중상
2017100100100211,2017년 10월 1일 12시,일요일,경상북도 영덕군 병곡면,경상사고,0,0,8,0,차대차 - 추돌,안전거리미확보,건조,맑음,교차로 - 교차로부근,승합,남,56세,상해없음,승용,남,35세,경상
2017100100100212,2017년 10월 1일 12시,일요일,경상북도 구미시 임수동,부상신고사고,0,0,0,1,차대차 - 정면충돌,안전운전불이행,건조,맑음,단일로 - 기타,이륜,남,44세,부상신고,승용,남,55세,상해없음
2017100100100239,2017년 10월 1일 13시,일요일,경상북도 경주시 양남면,중상사고,0,1,0,0,차대차 - 측면충돌,안전운전불이행,건조,맑음,단일로 - 기타,승용,남,33세,상해없음,원동기,남,35세,중상
2017100100100240,2017년 10월 1일 13시,일요일,경상북도 상주시 공성면,경상사고,0,0,2,0,차대차 - 측면충돌,교차로운행방법위반,건조,맑음,교차로 - 교차로안,승합,여,44세,상해없음,원동기,남,16세,경상
2017100100100241,2017년 10월 1일 13시,일요일,경상북도 경산시 조영동,중상사고,0,1,0,0,차대차 - 측면충돌,신호위반,건조,맑음,교차로 - 교차로안,승용,남,70세,상해없음,이륜,남,45세,중상
2017100100100263,2017년 10월 1일 14시,일요일,경상북도 경주시 진현동,중상사고,0,1,0,0,차대차 - 측면충돌,안전운전불이행,건조,맑음,교차로 - 교차로안,승용,남,68세,상해없음,승용,남,19세,상해없음
2017100100100264,2017년 10월 1일 14시,일요일,경상북도 영주시 가흥동,경상사고,0,0,2,0,차대사람 - 보도통행중,안전운전불이행,건조,맑음,교차로 - 교차로안,승용,여,60세,상해없음,보행자,여,28세,경상
2017100100100265,2017년 10월 1일 14시,일요일,경상북도 봉화군 봉화읍,경상사고,0,0,6,0,차대차 - 기타,안전운전불이행,건조,맑음,교차로 - 교차로부근,승용,남,67세,상해없음,화물,남,47세,경상
2017100100100292,2017년 10월 1일 15시,일요일,경상북도 경주시 천군동,경상사고,0,0,4,0,차대차 - 측면충돌,안전운전불이행,건조,맑음,교차로 - 교차로안,승용,여,50세,상해없음,승용,여,37세,경상
2017100100100293,2017년 10월 1일 15시,일요일,경상북도 김천시 개령면,중상사고,0,1,0,0,차대차 - 측면충돌,교차로운행방법위반,건조,흐림,교차로 - 교차로안,승용,남,46세,상해없음,원동기,여,63세,중상
2017100100100294,2017년 10월 1일 15시,일요일,경상북도 청송군 현동면,경상사고,0,0,4,0,차대차 - 정면충돌,중앙선침범,건조,맑음,기타 - 기타,화물,남,67세,상해없음,승용,남,49세,경상
2017100100100329,2017년 10월 1일 16시,일요일,경상북도 경주시 감포읍,중상사고,0,1,3,0,차대차 - 정면충돌,중앙선침범,건조,맑음,단일로 - 기타,승용,남,26세,상해없음,승용,남,40세,중상
2017100100100330,2017년 10월 1일 16시,일요일,경상북도 경주시 하동,경상사고,0,0,3,0,차대차 - 측면충돌,안전운전불이행,건조,맑음,단일로 - 기타,승용,남,39세,상해없음,승용,남,38세,경상
2017100100100331,2017년 10월 1일 16시,일요일,경상북도 칠곡군 지천면,경상사고,0,0,1,0,차대차 - 정면충돌,안전운전불이행,건조,맑음,단일로 - 기타,이륜,여,52세,경상,승용,남,54세,상해없음
2017100100100332,2017년 10월 1일 16시,일요일,경상북도 영천시 오수동,경상사고,0,0,3,0,차대차 - 측면충돌,신호위반,건조,맑음,교차로 - 교차로안,승용,여,45세,경상,승용,여,49세,경상
2017100100100333,2017년 10월 1일 16시,일요일,경상북도 구미시 고아읍,중상사고,0,1,0,0,차대차 - 정면충돌,안전운전불이행,건조,맑음,단일로 - 기타,화물,남,56세,상해없음,승용,여,49세,중상
2017100100100348,2017년 10월 1일 17시,일요일,경상북도 포항시 북구 학산동,경상사고,0,0,1,0,차대차 - 측면충돌,직진우회전진행방해,건조,맑음,교차로 - 교차로안,승용,남,35세,상해없음,이륜,남,17세,경상