사고번호,사고일시,요일,시군구,사고내용,사망자수,중상자수,경상자수,부상신고자수,사고유형,법규위반,노면상태,기상상태,도로형태,가해운전자 차종,가해운전자 성별,가해운전자 연령,가해운전자 상해정도,피해운전자 차종,피해운전자 성별,피해운전자 연령,피해운전자 상해정도
2017100500100060,2017년 10월 5일 04시,목요일,경상북도 경주시 성건동,중상사고,0,1,0,0,차대차 - 추돌,안전운전불이행,건조,맑음,교차로 - 교차로안,승용,남,58세,상해없음,이륜,남,25세,중상
2017100500100072,2017년 10월 5일 06시,목요일,경상북도 영천시 망정동,경상사고,0,0,1,0,차대차 - 측면충돌,안전운전불이행,건조,맑음,교차로 - 교차로횡단보도내,승용,여,65세,상해없음,자전거,남,50세,경상
2017100500100073,2017년 10월 5일 06시,목요일,경상북도 경산시 대평동,중상사고,0,1,0,0,차대차 - 측면충돌,신호위반,건조,맑음,교차로 - 교차로안,승용,남,25세,상해없음,승용,여,57세,중상
2017100500100074,2017년 10월 5일 06시,목요일,경상북도 구미시 광평동,경상사고,0,0,1,0,차대차 - 측면충돌,직진우회전진행방해,건조,맑음,교차로 - 교차로안,승용,남,58세,상해없음,승용,여,49세,경상
2017100500100082,2017년 10월 5일 07시,목요일,경상북도 구미시 지산동,경상사고,0,0,2,0,차대차 - 측면충돌,안전운전불이행,건조,맑음,단일로 - 기타,승용,남,28세,상해없음,승용,남,50세,경상
2017100500100091,2017년 10월 5일 08시,목요일,경상북도 구미시 남통동,경상사고,0,0,1,0,차대차 - 추돌,안전운전불이행,건조,맑음,교차로 - 교차로부근,승용,여,29세,상해없음,승용,여,59세,경상
2017100500100108,2017년 10월 5일 10시,목요일,경상북도 경주시 건천읍,중상사고,0,1,0,0,차대차 - 측면충돌,안전운전불이행,건조,맑음,단일로 - 기타,이륜,남,62세,중상,화물,남,67세,상해없음
2017100500100109,2017년 10월 5일 10시,목요일,경상북도 포항시 남구 해도동,경상사고,0,0,1,0,차량단독 - 기타,안전운전불이행,건조,맑음,교차로 - 교차로안,승용,남,70세,상해없음,,,,
2017100500100126,2017년 10월 5일 11시,목요일,경상북도 영주시 영주동,경상사고,0,0,1,0,차대차 - 측면충돌,안전운전불이행,건조,맑음,단일로 - 기타,승용,남,69세,상해없음,자전거,남,59세,경상
2017100500100137,2017년 10월 5일 12시,목요일,경상북도 김천시 신음동,경상사고,0,0,1,0,차대차 - 추돌,안전운전불이행,건조,맑음,단일로 - 기타,승용,남,55세,상해없음,승용,남,40세,경상
2017100500100138,2017년 10월 5일 12시,목요일,경상북도 경산시 와촌면,경상사고,0,0,1,0,차대차 - 기타,안전운전불이행,건조,맑음,단일로 - 기타,승용,남,54세,경상,승용,남,51세,상해없음
2017100500100162,2017년 10월 5일 13시,목요일,경상북도 영덕군 강구면,경상사고,0,0,7,0,차대차 - 추돌,안전운전불이행,건조,맑음,단일로 - 기타,승용,남,55세,경상,승용,남,46세,상해없음
2017100500100183,2017년 10월 5일 14시,목요일,경상북도 경주시 진현동,경상사고,0,0,1,0,차대차 - 측면충돌,신호위반,건조,맑음,교차로 - 교차로안,승용,남,47세,상해없음,승용,여,23세,경상
2017100500100184,2017년 10월 5일 14시,목요일,경상북도 영주시 휴천동,경상사고,0,0,1,0,차대차 - 측면충돌,안전운전불이행,건조,맑음,단일로 - 기타,승용,남,31세,상해없음,자전거,남,75세,경상
2017100500100203,2017년 10월 5일 15시,목요일,경상북도 경주시 외동읍,중상사고,0,2,0,0,차대차 - 측면충돌,안전운전불이행,건조,맑음,교차로 - 교차로부근,승용,남,70세,상해없음,승용,남,54세,상해없음
2017100500100204,2017년 10월 5일 15시,목요일,경상북도 경주시 감포읍,경상사고,0,0,2,1,차대차 - 추돌,안전운전불이행,건조,맑음,교차로 - 교차로부근,화물,남,70세,상해없음,승용,남,38세,경상
2017100500100205,2017년 10월 5일 15시,목요일,경상북도 영천시 오미동,경상사고,0,0,1,0,차대차 - 추돌,안전운전불이행,건조,맑음,교차로 - 교차로부근,승용,여,57세,상해없음,승용,남,47세,경상
2017100500100206,2017년 10월 5일 15시,목요일,경상북도 영양군 수비면,경상사고,0,0,9,0,차대차 - 측면충돌,교차로운행방법위반,건조,맑음,교차로 - 교차로안,승용,남,77세,상해없음,승합,남,41세,경상
2017100500100226,2017년 10월 5일 16시,목요일,경상북도 경주시 건천읍,경상사고,0,0,2,0,차대차 - 측면충돌,안전운전불이행,건조,맑음,교차로 - 교차로안,승용,남,56세,상해없음,승용,여,61세,상해없음
2017100500100227,2017년 10월 5일 16시,목요일,경상북도 문경시 모전동,경상사고,0,0,1,0,차대차 - 측면충돌,안전운전불이행,건조,맑음,교차로 - 교차로안,승용,여,43세,경상,승합,남,50세,상해없음
2017100500100228,2017년 10월 5일 16시,목요일,경상북도 구미시 지산동,경상사고,0,0,1,0,차대차 - 기타,안전운전불이행,기타,맑음,교차로 - 교차로부근,화물,남,67세,상해없음,화물,남,38세,경상
2017100500100249,2017년 10월 5일 17시,목요일,경상북도 포항시 북구 흥해읍,경상사고,0,0,1,0,차대차 - 추돌,안전운전불이행,건조,맑음,교차로 - 교차로부근,승용,남,60세,상해없음,승합,남,41세,상해없음
2017100500100274,2017년 10월 5일 18시,목요일,경상북도 안동시 송현동,경상사고,0,0,3,0,차대차 - 측면충돌,안전운전불이행,건조,맑음,교차로 - 교차로부근,승용,여,59세,상해없음,승용,남,32세,경상
2017100500100275,2017년 10월 5일 18시,목요일,경상북도 청도군 이서면,중상사고,0,1,1,0,차대차 - 추돌,안전운전불이행,건조,맑음,단일로 - 기타,화물,남,78세,경상,화물,남,53세,상해없음
2017100500100276,2017년 10월 5일 18시,목요일,경상북도 포항시 남구 구룡포읍,경상사고,0,0,1,0,차대차 - 기타,안전운전불이행,건조,맑음,교차로 - 교차로부근,이륜,남,23세,경상,승용,남,25세,상해없음
2017100500100316,2017년 10월 5일 20시,목요일,경상북도 안동시 정하동,경상사고,0,0,1,0,차대차 - 기타,중앙선침범,건조,맑음,단일로 - 기타,승용,여,43세,상해없음,이륜,남,48세,경상
2017100500100341,2017년 10월 5일 21시,목요일,경상북도 안동시 임하면,경상사고,0,0,3,0,차대차 - 측면충돌,안전운전불이행,건조,맑음,단일로 - 기타,승용,여,42세,경상,승용,남,60세,경상
2017100500100342,2017년 10월 5일 21시,목요일,경상북도 영덕군 강구면,경상사고,0,0,1,0,차대사람 - 기타,안전운전불이행,건조,맑음,단일로 - 기타,승용,남,59세,상해없음,보행자,남,55세,경상
2017100600100021,2017년 10월 6일 00시,금요일,경상북도 구미시 고아읍,중상사고,0,1,0,0,차량단독 - 전도전복 - 전도,안전운전불이행,건조,맑음,단일로 - 교량,승용,남,41세,중상,,,,
2017100600100040,2017년 10월 6일 01시,금요일,경상북도 칠곡군 왜관읍,경상사고,0,0,1,0,차대사람 - 횡단중,안전거리미확보,건조,맑음,기타 - 기타,기타불명,기타불명,미분류,기타불명,보행자,남,54세,경상
2017100600100058,2017년 10월 6일 02시,금요일,경상북도 경산시 중산동,중상사고,0,1,0,0,차대사람 - 횡단중,안전운전불이행,건조,맑음,교차로 - 교차로부근,승용,남,49세,상해없음,보행자,남,29세,중상
2017100600100098,2017년 10월 6일 06시,금요일,경상북도 안동시 당북동,중상사고,0,1,0,0,차대차 - 기타,신호위반,건조,맑음,교차로 - 교차로안,승용,남,64세,상해없음,화물,남,49세,중상
2017100600100099,2017년 10월 6일 06시,금요일,경상북도 영천시 화산면,경상사고,0,0,1,0,차대차 - 추돌,안전운전불이행,젖음/습기,비,단일로 - 기타,승용,여,27세,경상,화물,남,43세,상해없음
2017100600100100,2017년 10월 6일 06시,금요일,경상북도 성주군 벽진면,경상사고,0,0,1,0,차량단독 - 공작물충돌,안전운전불이행,젖음/습기,비,단일로 - 기타,승용,남,20세,경상,,,,
2017100600100120,2017년 10월 6일 08시,금요일,경상북도 문경시 점촌동,경상사고,0,0,2,0,차대차 - 측면충돌,직진우회전진행방해,건조,맑음,교차로 - 교차로안,승용,남,61세,상해없음,승용,남,45세,상해없음
2017100600100121,2017년 10월 6일 08시,금요일,경상북도 구미시 진평동,경상사고,0,0,1,0,차대차 - 기타,교차로운행방법위반,젖음/습기,비,교차로 - 교차로안,승합,남,29세,상해없음,승용,여,46세,경상
2017100600100136,2017년 10월 6일 09시,금요일,경상북도 경주시 신평동,경상사고,0,0,3,0,차대차 - 추돌,안전운전불이행,젖음/습기,비,교차로 - 교차로부근,승용,남,55세,상해없음,승용,여,56세,경상
2017100600100148,2017년 10월 6일 10시,금요일,경상북도 경주시 황오동,중상사고,0,1,2,0,차대차 - 추돌,안전운전불이행,젖음/습기,비,단일로 - 기타,화물,여,47세,상해없음,승합,남,46세,경상
2017100600100185,2017년 10월 6일 12시,금요일,경상북도 칠곡군 가산면,중상사고,0,1,0,0,차대차 - 측면충돌,안전운전불이행,젖음/습기,비,교차로 - 교차로안,승용,남,62세,상해없음,승용,여,32세,중상
2017100600100186,2017년 10월 6일 12시,금요일,경상북도 경산시 조영동,경상사고,0,0,1,0,차대차 - 기타,중앙선침범,건조,맑음,교차로 - 교차로안,승용,남,24세,상해없음,승용,남,59세,경상
2017100600100207,2017년 10월 6일 13시,금요일,경상북도 경주시 성동동,경상사고,0,0,1,0,차대사람 - 횡단중,안전운전불이행,건조,맑음,주차장 - 주차장,승용,여,58세,상해없음,보행자,남,49세,경상
2017100600100208,2017년 10월 6일 13시,금요일,경상북도 구미시 임은동,경상사고,0,0,1,0,차대차 - 기타,안전운전불이행,젖음/습기,비,교차로 - 교차로안,이륜,남,34세,경상,승용,남,44세,상해없음
2017100600100229,2017년 10월 6일 14시,금요일,경상북도 구미시 황상동,경상사고,0,0,1,0,차대차 - 기타,기타,건조,맑음,교차로 - 교차로안,승용,여,58세,상해없음,이륜,남,26세,경상
2017100600100230,2017년 10월 6일 14시,금요일,경상북도 구미시 인의동,경상사고,0,0,2,0,차대차 - 기타,안전운전불이행,건조,맑음,단일로 - 기타,승용,남,23세,상해없음,승용,여,21세,경상
2017100600100249,2017년 10월 6일 15시,금요일,경상북도 칠곡군 동명면,경상사고,0,0,1,0,차대차 - 측면충돌,안전운전불이행,건조,맑음,단일로 - 기타,화물,남,64세,상해없음,화물,남,62세,상해없음
2017100600100250,2017년 10월 6일 15시,금요일,경상북도 포항시 남구 연일읍,중상사고,0,2,2,0,차대차 - 추돌,안전운전불이행,젖음/습기,비,단일로 - 기타,승용,남,44세,경상,승용,남,38세,경상
2017100600100269,2017년 10월 6일 16시,금요일,경상북도 문경시 마성면,경상사고,0,0,1,0,차대차 - 측면충돌,직진우회전진행방해,건조,맑음,교차로 - 교차로안,이륜,남,84세,상해없음,승용,남,36세,상해없음
2017100600100270,2017년 10월 6일 16시,금요일,경상북도 구미시 진평동,중상사고,0,1,1,0,차대차 - 측면충돌,중앙선침범,젖음/습기,흐림,교차로 - 교차로안,승용,여,50세,상해없음,승용,남,38세,중상
2017100600100283,2017년 10월 6일 17시,금요일,경상북도 영천시 창구동,경상사고,0,0,2,0,차대차 - 추돌,안전운전불이행,건조,맑음,교차로 - 교차로부근,화물,남,53세,상해없음,승용,남,44세,경상
2017100600100312,2017년 10월 6일 18시,금요일,경상북도 경주시 배반동,중상사고,0,1,1,0,차대차 - 추돌,안전운전불이행,건조,맑음,교차로 - 교차로부근,승용,여,24세,상해없음,승용,남,42세,중상
2017100600100313,2017년 10월 6일 18시,금요일,경상북도 의성군 안계면,중상사고,0,1,0,0,차대차 - 측면충돌,직진우회전진행방해,건조,맑음,교차로 - 교차로부근,승용,여,45세,상해없음,이륜,여,66세,중상
2017100600100314,2017년 10월 6일 18시,금요일,경상북도 영천시 금호읍,경상사고,0,0,1,0,차대차 - 측면충돌,신호위반,젖음/습기,비,교차로 - 교차로부근,승용,여,59세,경상,승용,남,34세,상해없음
2017100600100333,2017년 10월 6일 19시,금요일,경상북도 경주시 황성동,경상사고,0,0,2,0,차대차 - 측면충돌,안전운전불이행,젖음/습기,비,교차로 - 교차로안,승용,남,57세,상해없음,이륜,남,20세,경상
2017100600100334,2017년 10월 6일 19시,금요일,경상북도 칠곡군 석적읍,경상사고,0,0,1,0,차대차 - 기타,안전운전불이행,건조,맑음,교차로 - 교차로안,승용,남,73세,상해없음,승용,남,61세,경상
2017100600100335,2017년 10월 6일 19시,금요일,경상북도 영덕군 강구면,경상사고,0,0,1,0,차대차 - 추돌,안전거리미확보,젖음/습기,비,교차로 - 교차로안,승용,남,35세,상해없음,승용,여,30세,경상
2017100600100336,2017년 10월 6일 19시,금요일,경상북도 울진군 울진읍,경상사고,0,0,1,0,차대차 - 측면충돌,중앙선침범,건조,맑음,단일로 - 기타,화물,남,57세,상해없음,화물,남,49세,경상
2017100600100337,2017년 10월 6일 19시,금요일,경상북도 포항시 남구 지곡동,경상사고,0,0,2,0,차대사람 - 기타,신호위반,젖음/습기,비,교차로 - 교차로안,승용,남,62세,상해없음,보행자,남,29세,경상
2017100600100387,2017년 10월 6일 21시,금요일,경상북도 포항시 북구 두호동,경상사고,0,0,1,0,차대차 - 추돌,안전운전불이행,젖음/습기,비,단일로 - 기타,승용,남,47세,기타불명,승용,여,48세,경상
2017100600100388,2017년 10월 6일 21시,금요일,경상북도 안동시 옥야동,경상사고,0,0,1,0,차대사람 - 차도통행중,안전운전불이행,건조,맑음,단일로 - 기타,승용,남,37세,상해없음,보행자,남,50세,경상
2017100600100416,2017년 10월 6일 22시,금요일,경상북도 경주시 석장동,중상사고,0,1,0,0,차량단독 - 공작물충돌,안전운전불이행,건조,맑음,기타 - 기타,승용,남,25세,상해없음,,,,
2017100600100417,2017년 10월 6일 22시,금요일,경상북도 청도군 화양읍,중상사고,0,1,0,0,차대사람 - 횡단중,안전운전불이행,건조,맑음,단일로 - 기타,승용,남,41세,상해없음,보행자,남,56세,중상
2017100600100437,2017년 10월 6일 23시,금요일,경상북도 구미시 임수동,중상사고,0,3,0,0,차대차 - 기타,신호위반,건조,맑음,교차로 - 교차로안,승용,남,24세,중상,승용,남,51세,중상
2017100600100438,2017년 10월 6일 23시,금요일,경상북도 포항시 남구 이동,경상사고,0,0,1,0,차대차 - 추돌,안전운전불이행,건조,맑음,교차로 - 교차로부근,승용,남,48세,상해없음,승용,남,49세,경상
2017100700100025,2017년 10월 7일 00시,토요일,경상북도 포항시 북구 장성동,경상사고,0,0,1,0,차량단독 - 기타,안전운전불이행,건조,맑음,기타 - 기타,승용,남,45세,경상,,,,
2017100700100046,2017년 10월 7일 01시,토요일,경상북도 안동시 정하동,경상사고,0,0,2,0,차대차 - 측면충돌,교차로운행방법위반,건조,맑음,교차로 - 교차로안,승용,남,46세,상해없음,승용,남,49세,경상
2017100700100047,2017년 10월 7일 01시,토요일,경상북도 칠곡군 석적읍,경상사고,0,0,1,1,차대차 - 측면충돌,안전운전불이행,건조,맑음,교차로 - 교차로안,승용,남,41세,상해없음,승용,남,53세,상해없음
2017100700100058,2017년 10월 7일 02시,토요일,경상북도 문경시 모전동,경상사고,0,0,1,0,차대사람 - 기타,안전운전불이행,건조,맑음,단일로 - 기타,승용,남,24세,상해없음,보행자,남,55세,경상
2017100700100059,2017년 10월 7일 02시,토요일,경상북도 예천군 예천읍,중상사고,0,1,0,0,차량단독 - 공작물충돌,안전운전불이행,젖음/습기,안개,교차로 - 교차로부근,승용,여,50세,중상,,,,
2017100700100067,2017년 10월 7일 03시,토요일,경상북도 포항시 남구 상도동,중상사고,0,1,0,0,차대차 - 기타,기타,젖음/습기,비,교차로 - 교차로안,승용,남,66세,상해없음,이륜,남,36세,중상
2017100700100069,2017년 10월 7일 04시,토요일,경상북도 경산시 하양읍,경상사고,0,0,1,0,차대차 - 기타,안전운전불이행,건조,맑음,교차로 - 교차로안,승용,남,24세,상해없음,승용,남,22세,경상
2017100700100102,2017년 10월 7일 08시,토요일,경상북도 포항시 북구 학산동,중상사고,0,1,0,0,차대사람 - 횡단중,보행자보호의무위반,건조,맑음,교차로 - 교차로횡단보도내,승용,여,45세,상해없음,보행자,여,18세,중상
2017100700100103,2017년 10월 7일 08시,토요일,경상북도 경산시 자인면,중상사고,0,1,0,0,차대차 - 기타,신호위반,건조,맑음,교차로 - 교차로안,화물,남,56세,상해없음,승용,여,55세,중상
2017100700100140,2017년 10월 7일 10시,토요일,경상북도 영덕군 달산면,부상신고사고,0,0,0,1,차대차 - 측면충돌,직진우회전진행방해,건조,맑음,교차로 - 교차로안,이륜,남,85세,부상신고,화물,여,54세,상해없음
2017100700100167,2017년 10월 7일 11시,토요일,경상북도 경주시 성건동,중상사고,0,1,1,0,차대차 - 측면충돌,안전운전불이행,건조,맑음,단일로 - 기타,화물,남,64세,상해없음,자전거,남,73세,경상
2017100700100168,2017년 10월 7일 11시,토요일,경상북도 영덕군 병곡면,중상사고,0,1,0,0,차대차 - 추돌,안전거리미확보,건조,맑음,단일로 - 기타,화물,남,33세,상해없음,승합,여,64세,중상
2017100700100169,2017년 10월 7일 11시,토요일,경상북도 구미시 임수동,경상사고,0,0,2,0,차대차 - 기타,안전운전불이행,건조,맑음,교차로 - 교차로안,승용,여,30세,상해없음,승용,남,30세,경상
2017100700100170,2017년 10월 7일 11시,토요일,경상북도 포항시 남구 장기면,중상사고,0,1,0,0,차대사람 - 기타,기타,건조,맑음,교차로 - 교차로부근,화물,남,52세,상해없음,보행자,여,67세,중상
2017100700100194,2017년 10월 7일 12시,토요일,경상북도 상주시 중동면,중상사고,0,1,1,0,차대차 - 측면충돌,교차로운행방법위반,건조,맑음,교차로 - 교차로안,화물,남,63세,상해없음,화물,남,26세,경상
2017100700100195,2017년 10월 7일 12시,토요일,경상북도 영덕군 병곡면,중상사고,0,1,0,0,차대차 - 측면충돌,교차로운행방법위반,건조,맑음,교차로 - 교차로안,이륜,남,55세,중상,승용,남,54세,상해없음
2017100700100196,2017년 10월 7일 12시,토요일,경상북도 봉화군 춘양면,경상사고,0,0,5,0,차대차 - 기타,안전운전불이행,건조,맑음,교차로 - 교차로부근,승용,남,34세,상해없음,화물,남,73세,경상
2017100700100224,2017년 10월 7일 13시,토요일,경상북도 청도군 이서면,중상사고,0,1,0,0,차대차 - 측면충돌,교차로운행방법위반,건조,맑음,교차로 - 교차로안,화물,남,67세,상해없음,이륜,남,80세,중상
2017100700100225,2017년 10월 7일 13시,토요일,경상북도 고령군 대가야읍,경상사고,0,0,1,0,차대차 - 추돌,안전운전불이행,건조,맑음,단일로 - 기타,자전거,남,12세,경상,승용,남,56세,상해없음
2017100700100252,2017년 10월 7일 14시,토요일,경상북도 안동시 풍산읍,중상사고,0,1,0,0,차대차 - 추돌,중앙선침범,건조,맑음,단일로 - 기타,승용,남,44세,상해없음,이륜,남,53세,중상
2017100700100285,2017년 10월 7일 15시,토요일,경상북도 경주시 안강읍,부상신고사고,0,0,0,1,차대차 - 측면충돌,안전운전불이행,건조,맑음,교차로 - 교차로안,이륜,남,65세,부상신고,승용,여,52세,상해없음
2017100700100286,2017년 10월 7일 15시,토요일,경상북도 문경시 농암면,경상사고,0,0,1,0,차대차 - 측면충돌,직진우회전진행방해,건조,맑음,교차로 - 교차로안,승용,여,54세,상해없음,화물,남,25세,경상
2017100700100287,2017년 10월 7일 15시,토요일,경상북도 영덕군 강구면,경상사고,0,0,1,0,차대사람 - 길가장자리구역통행중,안전운전불이행,건조,맑음,단일로 - 기타,승용,여,45세,상해없음,보행자,남,51세,경상
2017100700100288,2017년 10월 7일 15시,토요일,경상북도 구미시 시미동,부상신고사고,0,0,0,1,차대차 - 기타,교차로운행방법위반,건조,맑음,교차로 - 교차로안,이륜,남,24세,부상신고,승용,남,41세,상해없음
2017100700100346,2017년 10월 7일 17시,토요일,경상북도 상주시 남성동,중상사고,0,1,0,0,차대차 - 측면충돌,안전운전불이행,건조,맑음,교차로 - 교차로안,화물,남,39세,상해없음,자전거,여,62세,중상
2017100700100347,2017년 10월 7일 17시,토요일,경상북도 경산시 서상동,경상사고,0,0,1,0,차대사람 - 길가장자리구역통행중,교차로운행방법위반,건조,맑음,단일로 - 기타,승용,남,49세,상해없음,보행자,남,7세,경상
2017100700100380,2017년 10월 7일 18시,토요일,경상북도 안동시 풍산읍,중상사고,0,2,0,0,차대차 - 추돌,안전운전불이행,건조,맑음,단일로 - 기타,승용,남,45세,상해없음,승용,남,34세,중상
2017100700100381,2017년 10월 7일 18시,토요일,경상북도 김천시 신음동,중상사고,0,2,2,0,차대차 - 측면충돌,불법유턴,건조,맑음,교차로 - 교차로안,승용,남,66세,상해없음,승용,남,42세,경상
2017100700100382,2017년 10월 7일 18시,토요일,경상북도 김천시 양천동,중상사고,0,1,0,0,차대차 - 기타,안전운전불이행,건조,맑음,단일로 - 기타,화물,남,56세,상해없음,자전거,여,66세,중상
2017100700100383,2017년 10월 7일 18시,토요일,경상북도 김천시 지례면,중상사고,0,2,0,0,차대차 - 추돌,안전운전불이행,건조,맑음,단일로 - 기타,화물,남,68세,상해없음,농기계,남,47세,중상
2017100700100463,2017년 10월 7일 21시,토요일,경상북도 경주시 서부동,경상사고,0,0,3,0,차대차 - 추돌,안전운전불이행,건조,맑음,교차로 - 교차로부근,승용,남,62세,상해없음,승용,남,58세,상해없음
2017100700100512,2017년 10월 7일 23시,토요일,경상북도 경주시 천북면,경상사고,0,0,2,0,차대차 - 추돌,안전운전불이행,건조,맑음,단일로 - 기타,승용,남,33세,상해없음,승용,남,33세,경상
2017100800100039,2017년 10월 8일 01시,일요일,경상북도 김천시 평화동,경상사고,0,0,1,0,차대차 - 기타,교차로운행방법위반,건조,맑음,교차로 - 교차로안,화물,남,56세,상해없음,자전거,남,56세,경상
2017100800100062,2017년 10월 8일 05시,일요일,경상북도 구미시 원평동,경상사고,0,0,1,0,차대차 - 기타,안전운전불이행,건조,맑음,교차로 - 교차로부근,승용,남,40세,상해없음,승용,여,47세,경상
2017100800100086,2017년 10월 8일 08시,일요일,경상북도 상주시 청리면,경상사고,0,0,1,0,차대차 - 기타,중앙선침범,건조,맑음,단일로 - 기타,자전거,남,61세,경상,승용,남,70세,상해없음
2017100800100106,2017년 10월 8일 09시,일요일,경상북도 경주시 노서동,경상사고,0,0,4,0,차대차 - 측면충돌,안전운전불이행,건조,맑음,교차로 - 교차로안,승용,남,30세,상해없음,승용,남,68세,경상
2017100800100107,2017년 10월 8일 09시,일요일,경상북도 김천시 농소면,중상사고,0,1,0,0,차대차 - 측면충돌,신호위반,건조,맑음,교차로 - 교차로안,승용,남,26세,상해없음,승용,남,57세,상해없음
2017100800100108,2017년 10월 8일 09시,일요일,경상북도 칠곡군 왜관읍,경상사고,0,0,1,0,차대사람 - 횡단중,안전거리미확보,건조,맑음,주차장 - 주차장,승용,남,54세,상해없음,보행자,남,57세,경상
2017100800100118,2017년 10월 8일 10시,일요일,경상북도 문경시 모전동,경상사고,0,0,2,0,차대차 - 측면충돌,안전운전불이행,건조,맑음,교차로 - 교차로안,승용,여,51세,상해없음,승용,여,56세,경상
2017100800100119,2017년 10월 8일 10시,일요일,경상북도 포항시 남구 장흥동,경상사고,0,0,4,0,차대차 - 기타,안전운전불이행,건조,맑음,단일로 - 기타,승용,남,27세,경상,승용,여,42세,경상
2017100800100120,2017년 10월 8일 10시,일요일,경상북도 문경시 문경읍,경상사고,0,0,3,0,차대차 - 추돌,안전운전불이행,건조,맑음,단일로 - 기타,승용,여,35세,경상,승용,여,39세,상해없음
2017100800100134,2017년 10월 8일 11시,일요일,경상북도 안동시 용상동,경상사고,0,0,1,0,차대차 - 측면충돌,안전운전불이행,건조,맑음,단일로 - 기타,승용,여,37세,상해없음,자전거,남,48세,경상
2017100800100135,2017년 10월 8일 11시,일요일,경상북도 칠곡군 약목면,경상사고,0,0,4,0,차대차 - 측면충돌,신호위반,건조,맑음,교차로 - 교차로안,승용,여,27세,상해없음,승용,남,46세,경상
2017100800100136,2017년 10월 8일 11시,일요일,경상북도 칠곡군 왜관읍,경상사고,0,0,1,0,차대차 - 측면충돌,안전운전불이행,건조,맑음,교차로 - 교차로안,승용,남,73세,상해없음,승용,남,37세,경상
2017100800100137,2017년 10월 8일 11시,일요일,경상북도 칠곡군 지천면,중상사고,0,2,3,0,차대차 - 기타,안전운전불이행,건조,맑음,교차로 - 교차로안,승용,남,59세,상해없음,승용,남,32세,중상
2017100800100138,2017년 10월 8일 11시,일요일,경상북도 봉화군 명호면,중상사고,0,4,0,0,차대차 - 측면충돌,교차로운행방법위반,건조,맑음,교차로 - 교차로안,승용,남,53세,상해없음,승용,남,33세,중상
2017100800100152,2017년 10월 8일 12시,일요일,경상북도 경주시 노서동,경상사고,0,0,1,0,차대사람 - 횡단중,안전운전불이행,건조,맑음,단일로 - 기타,승용,남,35세,상해없음,보행자,남,2세,경상
2017100800100153,2017년 10월 8일 12시,일요일,경상북도 영주시 가흥동,중상사고,0,1,4,0,차대차 - 측면충돌,안전운전불이행,건조,맑음,교차로 - 교차로안,이륜,남,38세,중상,승용,남,40세,경상
2017100800100154,2017년 10월 8일 12시,일요일,경상북도 영주시 가흥동,경상사고,0,0,1,0,차대차 - 추돌,안전운전불이행,건조,맑음,단일로 - 기타,승용,남,38세,상해없음,승용,남,62세,경상
2017100800100175,2017년 10월 8일 13시,일요일,경상북도 영천시 조교동,경상사고,0,0,1,0,차대차 - 측면충돌,교차로운행방법위반,건조,맑음,교차로 - 교차로안,원동기,남,21세,경상,승용,남,42세,상해없음
2017100800100176,2017년 10월 8일 13시,일요일,경상북도 포항시 남구 장흥동,경상사고,0,0,2,0,차대차 - 측면충돌,직진우회전진행방해,건조,맑음,교차로 - 교차로안,화물,남,46세,경상,승용,여,62세,경상
2017100800100200,2017년 10월 8일 14시,일요일,경상북도 경주시 마동,중상사고,0,1,2,0,차대차 - 추돌,안전운전불이행,건조,맑음,단일로 - 기타,화물,남,68세,상해없음,승용,남,41세,경상
2017100800100201,2017년 10월 8일 14시,일요일,경상북도 청송군 진보면,사망사고,1,0,0,0,차대사람 - 기타,안전운전불이행,건조,맑음,기타 - 기타,화물,남,78세,상해없음,보행자,여,76세,사망
2017100800100231,2017년 10월 8일 15시,일요일,경상북도 구미시 신평동,경상사고,0,0,1,0,차대차 - 후진중충돌,안전운전불이행,건조,맑음,기타 - 기타,승용,여,50세,상해없음,승용,여,43세,경상
2017100800100250,2017년 10월 8일 16시,일요일,경상북도 경주시 강동면,경상사고,0,0,1,0,차대차 - 측면충돌,안전운전불이행,건조,맑음,단일로 - 기타,화물,여,54세,경상,승합,남,50세,상해없음
2017100800100251,2017년 10월 8일 16시,일요일,경상북도 안동시 정상동,중상사고,0,2,1,0,차대차 - 측면충돌,신호위반,건조,맑음,교차로 - 교차로안,승용,남,27세,상해없음,승용,남,73세,경상
2017100800100252,2017년 10월 8일 16시,일요일,경상북도 영천시 북안면,경상사고,0,0,1,0,차대차 - 측면충돌,중앙선침범,건조,맑음,단일로 - 기타,화물,여,56세,상해없음,원동기,남,52세,경상
2017100800100278,2017년 10월 8일 17시,일요일,경상북도 칠곡군 가산면,부상신고사고,0,0,0,1,차대차 - 추돌,안전운전불이행,건조,맑음,교차로 - 교차로부근,승용,남,52세,부상신고,승용,여,47세,상해없음
2017100800100279,2017년 10월 8일 17시,일요일,경상북도 경산시 정평동,경상사고,0,0,1,0,차대사람 - 횡단중,안전운전불이행,건조,맑음,기타 - 기타,자전거,남,13세,상해없음,보행자,남,4세,경상
2017100800100280,2017년 10월 8일 17시,일요일,경상북도 칠곡군 지천면,경상사고,0,0,2,0,차대차 - 측면충돌,안전거리미확보,건조,맑음,단일로 - 기타,승용,남,22세,상해없음,승용,여,38세,경상