사고번호,사고일시,요일,시군구,사고내용,사망자수,중상자수,경상자수,부상신고자수,사고유형,법규위반,노면상태,기상상태,도로형태,가해운전자 차종,가해운전자 성별,가해운전자 연령,가해운전자 상해정도,피해운전자 차종,피해운전자 성별,피해운전자 연령,피해운전자 상해정도
2017100800100314,2017년 10월 8일 18시,일요일,경상북도 경주시 황성동,경상사고,0,0,1,0,차대차 - 측면충돌,안전운전불이행,건조,맑음,교차로 - 교차로안,승용,여,46세,상해없음,자전거,남,10세,경상
2017100800100315,2017년 10월 8일 18시,일요일,경상북도 포항시 북구 환호동,경상사고,0,0,1,0,차대차 - 측면충돌,안전운전불이행,건조,맑음,교차로 - 교차로부근,승용,남,82세,상해없음,승용,여,57세,경상
2017100800100316,2017년 10월 8일 18시,일요일,경상북도 포항시 북구 동빈1가,경상사고,0,0,2,0,차대차 - 측면충돌,과속,건조,맑음,교차로 - 교차로안,승용,남,60세,경상,화물,남,57세,경상
2017100800100317,2017년 10월 8일 18시,일요일,경상북도 안동시 운흥동,중상사고,0,1,0,0,차대차 - 기타,안전운전불이행,건조,맑음,단일로 - 기타,승합,남,68세,상해없음,승용,남,64세,중상
2017100800100318,2017년 10월 8일 18시,일요일,경상북도 상주시 양촌동,중상사고,0,1,0,0,차대차 - 추돌,안전운전불이행,건조,맑음,단일로 - 기타,승용,남,46세,상해없음,농기계,남,77세,중상
2017100800100319,2017년 10월 8일 18시,일요일,경상북도 구미시 도개면,부상신고사고,0,0,0,1,차대차 - 측면충돌,안전운전불이행,건조,맑음,단일로 - 기타,이륜,남,51세,부상신고,화물,남,43세,기타불명
2017100800100346,2017년 10월 8일 19시,일요일,경상북도 경주시 노서동,중상사고,0,1,0,0,차대차 - 추돌,안전운전불이행,건조,맑음,단일로 - 기타,화물,남,58세,상해없음,승용,여,62세,중상
2017100800100347,2017년 10월 8일 19시,일요일,경상북도 안동시 옥야동,부상신고사고,0,0,0,1,차대사람 - 기타,안전운전불이행,건조,맑음,단일로 - 기타,기타불명,기타불명,미분류,기타불명,보행자,남,67세,부상신고
2017100800100365,2017년 10월 8일 20시,일요일,경상북도 경주시 동천동,경상사고,0,0,2,0,차대차 - 측면충돌,신호위반,건조,맑음,교차로 - 교차로안,승용,남,59세,상해없음,승용,남,48세,경상
2017100800100387,2017년 10월 8일 21시,일요일,경상북도 경주시 성건동,부상신고사고,0,0,0,1,차대차 - 측면충돌,안전운전불이행,건조,맑음,교차로 - 교차로안,승용,여,57세,상해없음,원동기,여,37세,상해없음
2017100800100419,2017년 10월 8일 23시,일요일,경상북도 포항시 북구 청하면,경상사고,0,0,1,0,차대차 - 측면충돌,안전운전불이행,건조,맑음,교차로 - 교차로안,승용,남,67세,상해없음,화물,여,46세,경상
2017100800100420,2017년 10월 8일 23시,일요일,경상북도 포항시 남구 이동,경상사고,0,0,3,0,차대차 - 측면충돌,중앙선침범,건조,맑음,단일로 - 기타,승용,남,23세,상해없음,승용,남,61세,경상
2017100900100033,2017년 10월 9일 01시,월요일,경상북도 경주시 양북면,사망사고,1,0,0,0,차량단독 - 공작물충돌,안전운전불이행,건조,맑음,단일로 - 터널,승용,남,31세,사망,,,,
2017100900100037,2017년 10월 9일 01시,월요일,경상북도 영주시 영주동,경상사고,0,0,2,0,차대차 - 측면충돌,신호위반,건조,맑음,교차로 - 교차로안,승용,남,23세,경상,승용,여,51세,경상
2017100900100038,2017년 10월 9일 01시,월요일,경상북도 문경시 마성면,경상사고,0,0,1,0,차량단독 - 공작물충돌,안전운전불이행,건조,맑음,단일로 - 기타,승용,남,29세,경상,,,,
2017100900100099,2017년 10월 9일 08시,월요일,경상북도 구미시 원평동,부상신고사고,0,0,0,1,차대사람 - 기타,안전운전불이행,건조,맑음,주차장 - 주차장,승합,남,49세,상해없음,보행자,남,59세,부상신고
2017100900100127,2017년 10월 9일 10시,월요일,경상북도 포항시 남구 동촌동,중상사고,0,1,6,0,차대차 - 기타,차로위반,건조,맑음,단일로 - 기타,승용,남,59세,상해없음,승합,남,49세,경상
2017100900100165,2017년 10월 9일 12시,월요일,경상북도 구미시 구평동,경상사고,0,0,1,0,차대차 - 추돌,안전운전불이행,건조,맑음,단일로 - 기타,승용,남,31세,상해없음,승용,남,37세,경상
2017100900100189,2017년 10월 9일 13시,월요일,경상북도 구미시 고아읍,중상사고,0,1,0,0,차대차 - 기타,안전운전불이행,건조,맑음,교차로 - 교차로부근,화물,남,36세,상해없음,이륜,남,20세,중상
2017100900100216,2017년 10월 9일 14시,월요일,경상북도 포항시 북구 대흥동,경상사고,0,0,1,0,차대사람 - 차도통행중,보행자보호의무위반,건조,맑음,단일로 - 기타,승용,여,70세,상해없음,보행자,남,39세,경상
2017100900100241,2017년 10월 9일 15시,월요일,경상북도 포항시 북구 흥해읍,경상사고,0,0,4,0,차대차 - 추돌,안전거리미확보,건조,맑음,단일로 - 기타,승용,남,59세,상해없음,화물,남,74세,경상
2017100900100242,2017년 10월 9일 15시,월요일,경상북도 칠곡군 왜관읍,경상사고,0,0,1,0,차대차 - 추돌,안전운전불이행,건조,맑음,단일로 - 기타,승합,남,50세,상해없음,승용,여,55세,경상
2017100900100284,2017년 10월 9일 16시,월요일,경상북도 경주시 외동읍,중상사고,0,1,0,0,차대차 - 측면충돌,안전운전불이행,건조,맑음,단일로 - 기타,승용,남,34세,상해없음,이륜,남,49세,중상
2017100900100285,2017년 10월 9일 16시,월요일,경상북도 경주시 감포읍,중상사고,0,1,1,0,차대차 - 측면충돌,중앙선침범,건조,맑음,단일로 - 기타,화물,남,46세,상해없음,승용,여,54세,경상
2017100900100286,2017년 10월 9일 16시,월요일,경상북도 봉화군 소천면,사망사고,1,0,0,0,차량단독 - 전도전복 - 전복,안전운전불이행,건조,맑음,단일로 - 기타,화물,남,62세,사망,,,,
2017100900100287,2017년 10월 9일 16시,월요일,경상북도 구미시 송정동,경상사고,0,0,2,0,차대차 - 측면충돌,안전운전불이행,건조,맑음,교차로 - 교차로부근,승용,여,45세,상해없음,승용,여,38세,경상
2017100900100325,2017년 10월 9일 17시,월요일,경상북도 경주시 감포읍,경상사고,0,0,2,0,차대차 - 추돌,안전운전불이행,건조,맑음,단일로 - 기타,승용,남,32세,상해없음,승용,남,68세,경상
2017100900100326,2017년 10월 9일 17시,월요일,경상북도 고령군 대가야읍,경상사고,0,0,1,0,차대차 - 기타,중앙선침범,건조,맑음,단일로 - 기타,승용,여,56세,상해없음,승합,남,59세,상해없음
2017100900100358,2017년 10월 9일 18시,월요일,경상북도 영주시 조암동,경상사고,0,0,1,0,차대차 - 추돌,안전운전불이행,건조,맑음,단일로 - 기타,화물,남,68세,상해없음,이륜,남,73세,경상
2017100900100359,2017년 10월 9일 18시,월요일,경상북도 영천시 청통면,경상사고,0,0,4,0,차대차 - 측면충돌,안전운전불이행,건조,맑음,단일로 - 교량,승용,남,73세,상해없음,승용,남,60세,경상
2017100900100360,2017년 10월 9일 18시,월요일,경상북도 경산시 진량읍,중상사고,0,1,0,0,차대사람 - 기타,안전운전불이행,건조,맑음,단일로 - 기타,화물,남,24세,상해없음,보행자,여,77세,중상
2017100900100361,2017년 10월 9일 18시,월요일,경상북도 구미시 옥계동,경상사고,0,0,1,0,차대사람 - 기타,보행자보호의무위반,건조,맑음,교차로 - 교차로횡단보도내,승용,여,57세,기타불명,보행자,남,48세,경상
2017100900100391,2017년 10월 9일 19시,월요일,경상북도 영천시 문외동,경상사고,0,0,1,0,차대차 - 측면충돌,직진우회전진행방해,건조,맑음,교차로 - 교차로안,승용,남,54세,상해없음,자전거,남,22세,경상
2017100900100392,2017년 10월 9일 19시,월요일,경상북도 포항시 남구 오천읍,경상사고,0,0,2,0,차대사람 - 횡단중,보행자보호의무위반,건조,맑음,교차로 - 교차로안,승용,여,43세,상해없음,보행자,여,45세,경상
2017100900100416,2017년 10월 9일 20시,월요일,경상북도 구미시 부곡동,부상신고사고,0,0,0,1,차대차 - 기타,안전운전불이행,건조,맑음,기타 - 기타,자전거,남,59세,부상신고,승용,남,71세,상해없음
2017100900100417,2017년 10월 9일 20시,월요일,경상북도 포항시 남구 효자동,경상사고,0,0,1,0,차대차 - 기타,안전운전불이행,건조,맑음,단일로 - 기타,사륜오토바이(ATV),남,21세,상해없음,자전거,남,64세,경상
2017100900100418,2017년 10월 9일 20시,월요일,경상북도 포항시 남구 송도동,중상사고,0,2,0,0,차대차 - 기타,차로위반,건조,맑음,단일로 - 기타,승용,남,62세,상해없음,승용,남,30세,중상
2017100900100430,2017년 10월 9일 21시,월요일,경상북도 경주시 동천동,경상사고,0,0,1,0,차대차 - 추돌,안전운전불이행,건조,맑음,교차로 - 교차로부근,승용,남,52세,상해없음,승용,남,25세,경상
2017100900100449,2017년 10월 9일 22시,월요일,경상북도 포항시 북구 항구동,중상사고,0,1,0,0,차대차 - 측면충돌,신호위반,건조,맑음,단일로 - 기타,원동기,남,21세,중상,승용,남,48세,상해없음
2017101000100023,2017년 10월 10일 00시,화요일,경상북도 경주시 안강읍,중상사고,0,1,0,0,차대사람 - 횡단중,안전운전불이행,건조,맑음,교차로 - 교차로횡단보도내,승용,남,27세,상해없음,보행자,남,37세,중상
2017101000100024,2017년 10월 10일 00시,화요일,경상북도 경주시 황성동,경상사고,0,0,1,0,차대차 - 추돌,안전운전불이행,건조,맑음,교차로 - 교차로부근,승용,남,46세,상해없음,승용,남,29세,경상
2017101000100025,2017년 10월 10일 00시,화요일,경상북도 구미시 옥계동,경상사고,0,0,1,0,차대차 - 기타,안전운전불이행,건조,맑음,단일로 - 기타,승용,남,43세,상해없음,이륜,남,38세,경상
2017101000100042,2017년 10월 10일 02시,화요일,경상북도 구미시 형곡동,중상사고,0,1,0,0,차대차 - 측면충돌,안전운전불이행,건조,맑음,단일로 - 기타,승용,남,23세,상해없음,승용,남,57세,중상
2017101000100054,2017년 10월 10일 04시,화요일,경상북도 경산시 하양읍,사망사고,2,3,1,0,차대차 - 측면충돌,신호위반,건조,맑음,교차로 - 교차로안,승용,남,28세,중상,특수,남,56세,경상
2017101000100088,2017년 10월 10일 07시,화요일,경상북도 경주시 황성동,경상사고,0,0,1,0,차대차 - 기타,신호위반,건조,맑음,교차로 - 교차로안,승합,남,32세,상해없음,승용,남,59세,경상
2017101000100123,2017년 10월 10일 08시,화요일,경상북도 상주시 남성동,중상사고,0,1,1,0,차대차 - 측면충돌,안전거리미확보,건조,맑음,단일로 - 기타,이륜,남,51세,중상,자전거,남,17세,경상
2017101000100124,2017년 10월 10일 08시,화요일,경상북도 봉화군 봉화읍,경상사고,0,0,1,0,차대차 - 정면충돌,교차로운행방법위반,건조,맑음,교차로 - 교차로안,이륜,남,82세,경상,화물,남,28세,상해없음
2017101000100161,2017년 10월 10일 09시,화요일,경상북도 포항시 북구 양덕동,중상사고,0,1,2,0,차대차 - 측면충돌,직진우회전진행방해,건조,맑음,교차로 - 교차로안,승용,남,64세,상해없음,승용,남,31세,경상
2017101000100162,2017년 10월 10일 09시,화요일,경상북도 경산시 하양읍,경상사고,0,0,1,0,차대차 - 기타,안전운전불이행,건조,맑음,교차로 - 교차로부근,승합,남,54세,상해없음,승합,남,62세,상해없음
2017101000100192,2017년 10월 10일 10시,화요일,경상북도 경주시 안강읍,경상사고,0,0,1,0,차대차 - 측면충돌,안전운전불이행,건조,맑음,단일로 - 기타,화물,남,75세,상해없음,승용,남,26세,경상
2017101000100193,2017년 10월 10일 10시,화요일,경상북도 안동시 당북동,중상사고,0,1,0,0,차대사람 - 횡단중,안전운전불이행,건조,맑음,단일로 - 기타,승용,여,50세,상해없음,보행자,여,67세,중상
2017101000100221,2017년 10월 10일 11시,화요일,경상북도 칠곡군 약목면,부상신고사고,0,0,0,1,차대차 - 기타,차로위반,건조,맑음,단일로 - 기타,이륜,남,90세 이상,부상신고,승용,여,50세,상해없음
2017101000100222,2017년 10월 10일 11시,화요일,경상북도 울진군 죽변면,중상사고,0,1,0,2,차대차 - 측면충돌,교차로운행방법위반,건조,맑음,교차로 - 교차로안,화물,남,62세,부상신고,승용,여,60세,중상
2017101000100252,2017년 10월 10일 12시,화요일,경상북도 경주시 감포읍,경상사고,0,0,1,0,차대차 - 측면충돌,안전운전불이행,건조,맑음,교차로 - 교차로안,승용,남,44세,상해없음,승용,여,65세,경상
2017101000100253,2017년 10월 10일 12시,화요일,경상북도 상주시 남성동,중상사고,0,1,0,0,차대차 - 추돌,안전운전불이행,건조,맑음,단일로 - 기타,화물,남,77세,상해없음,이륜,여,28세,중상
2017101000100254,2017년 10월 10일 12시,화요일,경상북도 영주시 봉현면,중상사고,0,1,0,0,차대차 - 측면충돌,안전운전불이행,건조,맑음,교차로 - 교차로안,승용,남,30세,상해없음,이륜,남,72세,중상
2017101000100255,2017년 10월 10일 12시,화요일,경상북도 칠곡군 기산면,부상신고사고,0,0,0,1,차량단독 - 공작물충돌,안전운전불이행,건조,맑음,단일로 - 기타,화물,남,56세,부상신고,,,,
2017101000100256,2017년 10월 10일 12시,화요일,경상북도 구미시 진평동,경상사고,0,0,1,1,차대차 - 측면충돌,교차로운행방법위반,건조,맑음,교차로 - 교차로안,승용,여,42세,부상신고,승용,남,35세,경상
2017101000100279,2017년 10월 10일 13시,화요일,경상북도 경산시 하양읍,경상사고,0,0,1,0,차대차 - 측면충돌,안전운전불이행,건조,맑음,단일로 - 기타,승용,남,70세,상해없음,승용,남,21세,경상
2017101000100280,2017년 10월 10일 13시,화요일,경상북도 영덕군 축산면,중상사고,0,1,0,0,차대차 - 정면충돌,중앙선침범,건조,맑음,단일로 - 기타,건설기계,남,62세,상해없음,화물,남,47세,중상
2017101000100281,2017년 10월 10일 13시,화요일,경상북도 구미시 봉곡동,경상사고,0,0,1,0,차대차 - 측면충돌,신호위반,건조,맑음,교차로 - 교차로부근,승용,남,63세,상해없음,승용,여,33세,경상
2017101000100322,2017년 10월 10일 14시,화요일,경상북도 예천군 예천읍,경상사고,0,0,1,0,차대차 - 측면충돌,안전운전불이행,건조,맑음,단일로 - 기타,화물,남,52세,상해없음,승용,남,49세,경상
2017101000100345,2017년 10월 10일 15시,화요일,경상북도 칠곡군 가산면,중상사고,0,1,0,0,차대차 - 추돌,안전운전불이행,건조,맑음,단일로 - 기타,건설기계,남,57세,상해없음,승용,여,62세,중상
2017101000100346,2017년 10월 10일 15시,화요일,경상북도 영양군 영양읍,중상사고,0,1,0,0,차대차 - 측면충돌,안전운전불이행,건조,맑음,교차로 - 교차로안,농기계,남,81세,중상,화물,남,60세,상해없음
2017101000100347,2017년 10월 10일 15시,화요일,경상북도 포항시 남구 대잠동,경상사고,0,0,1,0,차대차 - 측면충돌,신호위반,건조,맑음,교차로 - 교차로안,승용,여,70세,상해없음,승용,여,50세,경상
2017101000100379,2017년 10월 10일 16시,화요일,경상북도 상주시 함창읍,사망사고,1,0,1,0,차대차 - 측면충돌,안전운전불이행,건조,맑음,교차로 - 교차로안,원동기,여,60세,사망,화물,남,54세,경상
2017101000100380,2017년 10월 10일 16시,화요일,경상북도 영주시 가흥동,경상사고,0,0,1,2,차대차 - 측면충돌,안전운전불이행,건조,맑음,교차로 - 교차로안,승용,남,75세,부상신고,승용,여,70세,경상
2017101000100381,2017년 10월 10일 16시,화요일,경상북도 문경시 마성면,중상사고,0,1,0,0,차대차 - 기타,안전운전불이행,건조,맑음,단일로 - 기타,이륜,남,48세,중상,승용,남,48세,상해없음
2017101000100409,2017년 10월 10일 17시,화요일,경상북도 포항시 북구 장성동,중상사고,0,1,0,0,차대차 - 기타,차로위반,건조,맑음,단일로 - 기타,승용,여,41세,상해없음,이륜,남,29세,중상
2017101000100410,2017년 10월 10일 17시,화요일,경상북도 칠곡군 가산면,중상사고,0,1,1,0,차대차 - 측면충돌,중앙선침범,건조,맑음,단일로 - 기타,승용,여,57세,중상,승용,남,55세,경상
2017101000100411,2017년 10월 10일 17시,화요일,경상북도 영천시 대창면,경상사고,0,0,1,0,차대차 - 측면충돌,안전운전불이행,건조,맑음,단일로 - 기타,화물,남,60세,상해없음,원동기,남,51세,경상
2017101000100412,2017년 10월 10일 17시,화요일,경상북도 봉화군 소천면,중상사고,0,1,2,0,차대차 - 기타,기타,건조,맑음,교차로 - 교차로안,승용,남,54세,상해없음,화물,남,70세,상해없음
2017101000100452,2017년 10월 10일 18시,화요일,경상북도 김천시 모암동,중상사고,0,1,0,0,차대차 - 기타,안전운전불이행,건조,맑음,교차로 - 교차로안,화물,남,53세,상해없음,자전거,여,74세,중상
2017101000100453,2017년 10월 10일 18시,화요일,경상북도 청도군 청도읍,경상사고,0,0,1,0,차대차 - 측면충돌,안전운전불이행,건조,맑음,단일로 - 기타,화물,남,40세,상해없음,승용,남,52세,경상
2017101000100454,2017년 10월 10일 18시,화요일,경상북도 구미시 옥성면,사망사고,1,1,1,0,차대차 - 추돌,안전운전불이행,건조,맑음,단일로 - 기타,화물,남,68세,경상,농기계,남,74세,중상
2017101000100501,2017년 10월 10일 19시,화요일,경상북도 포항시 북구 장성동,중상사고,0,1,0,0,차대사람 - 차도통행중,안전운전불이행,건조,맑음,단일로 - 기타,승용,여,46세,상해없음,보행자,여,47세,중상
2017101000100502,2017년 10월 10일 19시,화요일,경상북도 안동시 동부동,중상사고,0,1,2,0,차대차 - 측면충돌,안전운전불이행,건조,맑음,단일로 - 기타,승용,여,53세,상해없음,승용,여,27세,중상
2017101000100529,2017년 10월 10일 20시,화요일,경상북도 경산시 조영동,중상사고,0,1,0,0,차대차 - 측면충돌,안전운전불이행,건조,맑음,단일로 - 기타,이륜,남,25세,중상,승용,남,45세,상해없음
2017101000100554,2017년 10월 10일 21시,화요일,경상북도 구미시 원평동,경상사고,0,0,1,0,차대차 - 측면충돌,교차로운행방법위반,건조,맑음,교차로 - 교차로안,승용,남,56세,상해없음,자전거,여,55세,경상
2017101000100574,2017년 10월 10일 22시,화요일,경상북도 칠곡군 석적읍,부상신고사고,0,0,0,1,차대차 - 기타,안전운전불이행,건조,맑음,교차로 - 교차로안,이륜,남,21세,부상신고,승용,남,54세,상해없음
2017101000100575,2017년 10월 10일 22시,화요일,경상북도 예천군 예천읍,중상사고,0,1,0,0,차대차 - 측면충돌,안전운전불이행,건조,맑음,교차로 - 교차로안,화물,남,66세,상해없음,승용,여,31세,중상
2017101000100596,2017년 10월 10일 23시,화요일,경상북도 안동시 당북동,경상사고,0,0,1,0,차대사람 - 기타,안전운전불이행,건조,맑음,교차로 - 교차로부근,승용,남,57세,상해없음,보행자,남,56세,경상
2017101100100036,2017년 10월 11일 00시,수요일,경상북도 안동시 옥동,경상사고,0,0,1,0,차대차 - 추돌,안전운전불이행,건조,맑음,교차로 - 교차로안,승용,남,51세,상해없음,승용,여,39세,경상
2017101100100096,2017년 10월 11일 06시,수요일,경상북도 경산시 옥곡동,경상사고,0,0,1,0,차대차 - 측면충돌,교차로운행방법위반,건조,맑음,교차로 - 교차로안,승용,여,60세,기타불명,승용,여,61세,경상
2017101100100154,2017년 10월 11일 08시,수요일,경상북도 경주시 안강읍,중상사고,0,1,0,0,차대차 - 기타,안전운전불이행,건조,맑음,단일로 - 기타,승용,남,49세,상해없음,자전거,남,76세,중상
2017101100100155,2017년 10월 11일 08시,수요일,경상북도 영주시 문정동,사망사고,1,0,0,0,차대사람 - 횡단중,안전운전불이행,젖음/습기,비,교차로 - 교차로부근,화물,남,44세,상해없음,보행자,남,78세,사망
2017101100100156,2017년 10월 11일 08시,수요일,경상북도 영주시 가흥동,중상사고,0,1,0,0,차대사람 - 차도통행중,안전운전불이행,젖음/습기,비,교차로 - 교차로안,화물,남,54세,상해없음,보행자,남,46세,중상
2017101100100190,2017년 10월 11일 09시,수요일,경상북도 상주시 공검면,경상사고,0,0,1,0,차대차 - 측면충돌,안전운전불이행,젖음/습기,흐림,교차로 - 교차로안,승용,남,54세,상해없음,원동기,남,79세,경상
2017101100100253,2017년 10월 11일 11시,수요일,경상북도 김천시 평화동,경상사고,0,0,2,0,차대차 - 후진중충돌,안전운전불이행,건조,맑음,주차장 - 주차장,화물,남,55세,상해없음,승용,남,34세,상해없음
2017101100100254,2017년 10월 11일 11시,수요일,경상북도 상주시 낙동면,중상사고,0,1,0,0,차대차 - 측면충돌,기타,젖음/습기,비,교차로 - 교차로안,화물,남,55세,상해없음,이륜,남,83세,중상
2017101100100255,2017년 10월 11일 11시,수요일,경상북도 문경시 점촌동,중상사고,0,1,0,0,차대사람 - 횡단중,안전운전불이행,건조,맑음,단일로 - 기타,승용,여,61세,상해없음,보행자,여,87세,중상
2017101100100277,2017년 10월 11일 12시,수요일,경상북도 포항시 북구 죽도동,경상사고,0,0,3,0,차대차 - 측면충돌,차로위반,건조,맑음,단일로 - 기타,승용,남,45세,경상,승용,여,53세,경상
2017101100100278,2017년 10월 11일 12시,수요일,경상북도 고령군 대가야읍,경상사고,0,0,1,0,차대사람 - 횡단중,안전운전불이행,건조,맑음,기타 - 기타,이륜,남,76세,상해없음,보행자,남,18세,경상
2017101100100304,2017년 10월 11일 13시,수요일,경상북도 영천시 창구동,중상사고,0,1,4,0,차대차 - 측면충돌,신호위반,건조,맑음,교차로 - 교차로안,승용,남,56세,경상,승용,여,51세,중상
2017101100100329,2017년 10월 11일 14시,수요일,경상북도 의성군 의성읍,중상사고,0,1,1,0,차대차 - 측면충돌,안전운전불이행,건조,맑음,교차로 - 교차로부근,화물,남,49세,상해없음,승용,여,39세,중상
2017101100100384,2017년 10월 11일 16시,수요일,경상북도 상주시 성하동,중상사고,0,1,1,0,차대차 - 추돌,안전운전불이행,건조,흐림,단일로 - 기타,승용,남,61세,상해없음,화물,여,60세,중상
2017101100100421,2017년 10월 11일 17시,수요일,경상북도 경산시 옥산동,경상사고,0,0,1,0,차대사람 - 기타,안전운전불이행,건조,맑음,단일로 - 기타,이륜,남,57세,상해없음,보행자,여,19세,경상
2017101100100422,2017년 10월 11일 17시,수요일,경상북도 예천군 예천읍,경상사고,0,0,1,0,차량단독 - 공작물충돌,안전운전불이행,건조,흐림,단일로 - 기타,화물,남,58세,경상,,,,
2017101100100423,2017년 10월 11일 17시,수요일,경상북도 구미시 고아읍,중상사고,0,1,0,0,차대차 - 측면충돌,안전운전불이행,건조,맑음,단일로 - 기타,자전거,여,55세,상해없음,자전거,남,75세,중상
2017101100100462,2017년 10월 11일 18시,수요일,경상북도 포항시 북구 학잠동,중상사고,0,1,0,0,차대차 - 기타,안전운전불이행,건조,맑음,교차로 - 교차로안,승용,남,52세,상해없음,이륜,남,55세,중상
2017101100100463,2017년 10월 11일 18시,수요일,경상북도 경산시 하양읍,중상사고,0,1,0,0,차대사람 - 횡단중,안전운전불이행,건조,맑음,단일로 - 기타,승용,남,66세,상해없음,보행자,여,64세,중상
2017101100100593,2017년 10월 11일 22시,수요일,경상북도 경주시 성건동,경상사고,0,0,1,0,차대차 - 측면충돌,안전운전불이행,건조,맑음,교차로 - 교차로안,승용,여,21세,상해없음,이륜,남,23세,경상
2017101200100029,2017년 10월 12일 00시,목요일,경상북도 포항시 북구 두호동,경상사고,0,0,1,0,차대차 - 기타,신호위반,건조,맑음,교차로 - 교차로안,개인형이동수단(PM),남,51세,경상,승용,남,61세,상해없음
2017101200100039,2017년 10월 12일 01시,목요일,경상북도 안동시 태화동,경상사고,0,0,3,0,차대차 - 측면충돌,직진우회전진행방해,건조,맑음,교차로 - 교차로안,승용,여,48세,상해없음,승용,남,55세,경상
2017101200100040,2017년 10월 12일 01시,목요일,경상북도 경산시 압량면,중상사고,0,1,0,0,차대사람 - 기타,안전운전불이행,건조,맑음,교차로 - 교차로부근,승용,남,52세,상해없음,보행자,여,51세,중상
2017101200100041,2017년 10월 12일 01시,목요일,경상북도 구미시 진평동,경상사고,0,0,1,0,차대사람 - 횡단중,안전운전불이행,건조,맑음,단일로 - 기타,이륜,남,23세,기타불명,보행자,남,34세,경상
2017101200100058,2017년 10월 12일 03시,목요일,경상북도 칠곡군 가산면,중상사고,0,1,0,0,차량단독 - 공작물충돌,안전운전불이행,건조,흐림,단일로 - 기타,화물,남,56세,중상,,,,
2017101200100073,2017년 10월 12일 05시,목요일,경상북도 구미시 임수동,경상사고,0,0,1,0,차대차 - 추돌,안전운전불이행,건조,흐림,교차로 - 교차로부근,승용,남,30세,상해없음,승용,남,34세,경상
2017101200100081,2017년 10월 12일 06시,목요일,경상북도 영천시 언하동,경상사고,0,0,1,0,차대차 - 추돌,안전운전불이행,건조,맑음,교차로 - 교차로안,승용,남,72세,상해없음,승용,여,45세,경상
2017101200100097,2017년 10월 12일 07시,목요일,경상북도 포항시 남구 해도동,중상사고,0,1,0,0,차대사람 - 기타,안전운전불이행,건조,맑음,단일로 - 기타,승용,남,23세,상해없음,보행자,여,80세,중상
2017101200100131,2017년 10월 12일 08시,목요일,경상북도 영천시 화룡동,경상사고,0,0,2,0,차대차 - 추돌,안전거리미확보,건조,맑음,교차로 - 교차로부근,화물,여,34세,경상,승용,남,19세,경상
2017101200100132,2017년 10월 12일 08시,목요일,경상북도 성주군 월항면,경상사고,0,0,1,0,차대차 - 측면충돌,중앙선침범,건조,맑음,단일로 - 기타,건설기계,남,57세,상해없음,승용,여,44세,경상
2017101200100159,2017년 10월 12일 09시,목요일,경상북도 칠곡군 석적읍,경상사고,0,0,1,0,차대차 - 기타,안전운전불이행,건조,맑음,교차로 - 교차로안,승용,여,27세,상해없음,승용,여,31세,경상
2017101200100160,2017년 10월 12일 09시,목요일,경상북도 포항시 남구 대송면,중상사고,0,1,1,0,차대차 - 기타,안전운전불이행,젖음/습기,흐림,교차로 - 교차로부근,화물,남,36세,상해없음,승용,남,66세,경상
2017101200100161,2017년 10월 12일 09시,목요일,경상북도 성주군 성주읍,중상사고,0,1,0,0,차량단독 - 기타,기타,건조,맑음,단일로 - 기타,화물,남,56세,중상,,,,
2017101200100210,2017년 10월 12일 11시,목요일,경상북도 칠곡군 석적읍,부상신고사고,0,0,0,1,차대차 - 추돌,안전운전불이행,건조,맑음,단일로 - 기타,화물,남,62세,부상신고,건설기계,남,63세,상해없음
2017101200100211,2017년 10월 12일 11시,목요일,경상북도 구미시 오태동,경상사고,0,0,1,0,차대차 - 추돌,안전운전불이행,젖음/습기,비,단일로 - 기타,승용,남,54세,상해없음,승용,남,52세,경상
2017101200100248,2017년 10월 12일 12시,목요일,경상북도 경주시 충효동,경상사고,0,0,3,0,차대차 - 기타,신호위반,젖음/습기,비,교차로 - 교차로안,승용,남,53세,상해없음,화물,남,70세,경상
2017101200100249,2017년 10월 12일 12시,목요일,경상북도 구미시 봉곡동,경상사고,0,0,1,0,차대차 - 기타,안전운전불이행,젖음/습기,비,교차로 - 교차로안,승용,여,65세,상해없음,승용,여,40세,경상
2017101200100274,2017년 10월 12일 13시,목요일,경상북도 경주시 동천동,경상사고,0,0,1,0,차대차 - 추돌,안전운전불이행,건조,맑음,교차로 - 교차로부근,승용,남,48세,상해없음,이륜,남,36세,경상
2017101200100275,2017년 10월 12일 13시,목요일,경상북도 경주시 성건동,중상사고,0,1,0,0,차대차 - 측면충돌,안전운전불이행,젖음/습기,비,교차로 - 교차로안,승용,남,41세,상해없음,자전거,여,74세,중상
2017101200100276,2017년 10월 12일 13시,목요일,경상북도 영주시 영주동,경상사고,0,0,1,0,차대차 - 기타,교차로운행방법위반,젖음/습기,비,교차로 - 교차로부근,승용,남,39세,상해없음,이륜,남,52세,경상
2017101200100277,2017년 10월 12일 13시,목요일,경상북도 봉화군 봉화읍,중상사고,0,1,1,0,차대차 - 측면충돌,교차로운행방법위반,젖음/습기,비,교차로 - 교차로안,화물,남,71세,상해없음,화물,남,64세,중상