사고번호,사고일시,요일,시군구,사고내용,사망자수,중상자수,경상자수,부상신고자수,사고유형,법규위반,노면상태,기상상태,도로형태,가해운전자 차종,가해운전자 성별,가해운전자 연령,가해운전자 상해정도,피해운전자 차종,피해운전자 성별,피해운전자 연령,피해운전자 상해정도
2017101200100278,2017년 10월 12일 13시,목요일,경상북도 구미시 송정동,중상사고,0,1,0,0,차대차 - 기타,안전운전불이행,젖음/습기,비,단일로 - 기타,승용,여,57세,상해없음,이륜,남,22세,중상
2017101200100316,2017년 10월 12일 14시,목요일,경상북도 봉화군 봉성면,경상사고,0,0,1,0,차량단독 - 공작물충돌,안전운전불이행,젖음/습기,비,단일로 - 기타,승용,남,38세,경상,,,,
2017101200100317,2017년 10월 12일 14시,목요일,경상북도 포항시 남구 대잠동,경상사고,0,0,1,0,차대차 - 기타,안전운전불이행,젖음/습기,비,교차로 - 교차로부근,승용,여,63세,상해없음,승용,여,59세,경상
2017101200100342,2017년 10월 12일 15시,목요일,경상북도 경주시 천북면,경상사고,0,0,1,0,차대차 - 측면충돌,안전운전불이행,건조,흐림,교차로 - 교차로안,건설기계,남,39세,상해없음,화물,남,41세,경상
2017101200100343,2017년 10월 12일 15시,목요일,경상북도 의성군 의성읍,중상사고,0,1,1,0,차대차 - 추돌,안전운전불이행,젖음/습기,비,단일로 - 기타,건설기계,남,37세,상해없음,승용,남,64세,중상
2017101200100374,2017년 10월 12일 16시,목요일,경상북도 포항시 북구 양덕동,경상사고,0,0,1,0,차량단독 - 공작물충돌,안전운전불이행,건조,맑음,단일로 - 기타,승합,남,41세,경상,,,,
2017101200100375,2017년 10월 12일 16시,목요일,경상북도 의성군 봉양면,경상사고,0,0,1,0,차대차 - 측면충돌,안전운전불이행,젖음/습기,비,기타 - 기타,승용,남,51세,상해없음,승용,남,53세,경상
2017101200100376,2017년 10월 12일 16시,목요일,경상북도 문경시 모전동,경상사고,0,0,1,0,차대차 - 추돌,안전운전불이행,건조,맑음,교차로 - 교차로부근,승용,남,56세,상해없음,승용,여,66세,경상
2017101200100377,2017년 10월 12일 16시,목요일,경상북도 경산시 조영동,경상사고,0,0,1,0,차대차 - 기타,안전운전불이행,젖음/습기,비,단일로 - 기타,승용,남,21세,상해없음,이륜,남,20세,경상
2017101200100378,2017년 10월 12일 16시,목요일,경상북도 성주군 대가면,중상사고,0,1,0,0,차대사람 - 차도통행중,안전운전불이행,젖음/습기,비,단일로 - 기타,화물,남,68세,상해없음,보행자,여,90세 이상,중상
2017101200100379,2017년 10월 12일 16시,목요일,경상북도 포항시 남구 오천읍,경상사고,0,0,1,0,차대차 - 후진중충돌,신호위반,젖음/습기,비,단일로 - 기타,승용,여,34세,상해없음,자전거,남,12세,경상
2017101200100416,2017년 10월 12일 17시,목요일,경상북도 영덕군 강구면,중상사고,0,1,0,0,차대차 - 정면충돌,중앙선침범,젖음/습기,비,단일로 - 기타,이륜,남,44세,중상,승용,남,29세,상해없음
2017101200100458,2017년 10월 12일 18시,목요일,경상북도 경주시 충효동,중상사고,0,1,3,0,차대차 - 측면충돌,중앙선침범,젖음/습기,비,단일로 - 기타,승용,남,76세,상해없음,승용,여,39세,경상
2017101200100459,2017년 10월 12일 18시,목요일,경상북도 안동시 옥야동,경상사고,0,0,1,0,차대사람 - 기타,안전운전불이행,젖음/습기,흐림,단일로 - 기타,화물,여,58세,상해없음,보행자,남,35세,경상
2017101200100460,2017년 10월 12일 18시,목요일,경상북도 영주시 가흥동,경상사고,0,0,5,0,차대차 - 측면충돌,안전운전불이행,젖음/습기,비,교차로 - 교차로안,이륜,남,20세,경상,승용,여,29세,경상
2017101200100461,2017년 10월 12일 18시,목요일,경상북도 영덕군 남정면,경상사고,0,0,3,0,차대차 - 측면충돌,안전운전불이행,젖음/습기,비,단일로 - 기타,승용,여,35세,경상,승용,남,52세,경상
2017101200100513,2017년 10월 12일 19시,목요일,경상북도 포항시 북구 동빈1가,경상사고,0,0,1,0,차대차 - 정면충돌,교차로운행방법위반,젖음/습기,비,교차로 - 교차로안,승용,남,59세,상해없음,화물,남,22세,상해없음
2017101200100514,2017년 10월 12일 19시,목요일,경상북도 영주시 휴천동,중상사고,0,1,0,0,차대사람 - 횡단중,보행자보호의무위반,건조,맑음,교차로 - 교차로횡단보도내,승용,남,51세,상해없음,보행자,남,44세,중상
2017101200100515,2017년 10월 12일 19시,목요일,경상북도 칠곡군 지천면,경상사고,0,0,1,0,차대차 - 측면충돌,안전거리미확보,젖음/습기,비,단일로 - 기타,건설기계,남,29세,상해없음,승용,남,39세,경상
2017101200100516,2017년 10월 12일 19시,목요일,경상북도 고령군 운수면,경상사고,0,0,1,0,차대차 - 측면충돌,교차로운행방법위반,젖음/습기,비,교차로 - 교차로안,승합,남,59세,상해없음,승용,남,54세,경상
2017101200100517,2017년 10월 12일 19시,목요일,경상북도 포항시 남구 상도동,중상사고,0,1,0,0,차대차 - 기타,안전운전불이행,젖음/습기,비,단일로 - 기타,이륜,남,26세,중상,승용,여,54세,상해없음
2017101200100550,2017년 10월 12일 20시,목요일,경상북도 영주시 휴천동,경상사고,0,0,1,0,차대사람 - 횡단중,보행자보호의무위반,건조,맑음,단일로 - 기타,승용,여,46세,상해없음,보행자,여,53세,경상
2017101200100570,2017년 10월 12일 21시,목요일,경상북도 경주시 노서동,중상사고,0,1,0,0,차대사람 - 횡단중,보행자보호의무위반,젖음/습기,비,교차로 - 교차로횡단보도내,승용,남,62세,상해없음,보행자,남,25세,중상
2017101200100571,2017년 10월 12일 21시,목요일,경상북도 포항시 북구 장성동,중상사고,0,1,0,0,차대사람 - 횡단중,보행자보호의무위반,젖음/습기,비,교차로 - 교차로부근,승용,남,45세,상해없음,보행자,남,57세,중상
2017101200100572,2017년 10월 12일 21시,목요일,경상북도 상주시 서문동,경상사고,0,0,1,0,차대차 - 추돌,안전운전불이행,건조,흐림,교차로 - 교차로부근,승용,남,69세,상해없음,승용,여,53세,경상
2017101200100604,2017년 10월 12일 22시,목요일,경상북도 안동시 수상동,경상사고,0,0,1,0,차량단독 - 기타,안전운전불이행,건조,맑음,교차로 - 교차로안,승용,남,64세,상해없음,,,,
2017101200100605,2017년 10월 12일 22시,목요일,경상북도 칠곡군 가산면,경상사고,0,0,1,0,차대차 - 측면충돌,안전운전불이행,건조,맑음,단일로 - 기타,화물,남,57세,상해없음,승용,여,60세,경상
2017101200100630,2017년 10월 12일 23시,목요일,경상북도 영주시 영주동,경상사고,0,0,2,0,차대차 - 측면충돌,안전운전불이행,건조,맑음,교차로 - 교차로부근,승용,남,31세,상해없음,승용,남,45세,경상
2017101200100631,2017년 10월 12일 23시,목요일,경상북도 영천시 조교동,경상사고,0,0,2,0,차대차 - 측면충돌,신호위반,건조,맑음,교차로 - 교차로안,화물,남,68세,상해없음,승용,여,29세,경상
2017101300100029,2017년 10월 13일 00시,금요일,경상북도 영주시 휴천동,경상사고,0,0,1,0,차대차 - 측면충돌,안전운전불이행,건조,흐림,교차로 - 교차로안,승용,남,28세,상해없음,승용,남,75세,경상
2017101300100030,2017년 10월 13일 00시,금요일,경상북도 울진군 죽변면,중상사고,0,1,0,0,차대사람 - 기타,안전운전불이행,건조,맑음,교차로 - 교차로안,화물,남,51세,상해없음,보행자,남,59세,중상
2017101300100049,2017년 10월 13일 02시,금요일,경상북도 상주시 가장동,경상사고,0,0,3,0,차대차 - 추돌,안전운전불이행,건조,맑음,교차로 - 교차로부근,승용,남,23세,상해없음,승용,남,23세,경상
2017101300100057,2017년 10월 13일 03시,금요일,경상북도 포항시 남구 오천읍,부상신고사고,0,0,0,1,차대차 - 기타,안전운전불이행,건조,맑음,단일로 - 기타,승용,여,65세,상해없음,승용,남,62세,상해없음
2017101300100072,2017년 10월 13일 05시,금요일,경상북도 예천군 예천읍,중상사고,0,1,0,0,차대사람 - 차도통행중,안전운전불이행,건조,맑음,교차로 - 교차로안,화물,남,36세,상해없음,보행자,남,31세,중상
2017101300100119,2017년 10월 13일 07시,금요일,경상북도 김천시 교동,경상사고,0,0,1,0,차대차 - 측면충돌,차로위반,건조,맑음,교차로 - 교차로부근,화물,남,68세,상해없음,승용,남,34세,경상
2017101300100120,2017년 10월 13일 07시,금요일,경상북도 의성군 의성읍,경상사고,0,0,1,0,차대차 - 측면충돌,직진우회전진행방해,건조,흐림,교차로 - 교차로안,승합,여,45세,상해없음,이륜,남,63세,경상
2017101300100121,2017년 10월 13일 07시,금요일,경상북도 포항시 남구 대도동,경상사고,0,0,1,0,차대차 - 기타,안전운전불이행,건조,맑음,교차로 - 교차로부근,자전거,남,17세,경상,승용,여,37세,상해없음
2017101300100159,2017년 10월 13일 08시,금요일,경상북도 경주시 용강동,경상사고,0,0,1,0,차대차 - 측면충돌,안전운전불이행,건조,맑음,교차로 - 교차로안,승합,남,68세,상해없음,승용,여,45세,상해없음
2017101300100160,2017년 10월 13일 08시,금요일,경상북도 안동시 임하면,경상사고,0,0,2,0,차대차 - 기타,직진우회전진행방해,건조,맑음,교차로 - 교차로안,승용,남,64세,상해없음,승합,남,53세,상해없음
2017101300100161,2017년 10월 13일 08시,금요일,경상북도 김천시 신음동,경상사고,0,0,1,0,차대사람 - 기타,안전운전불이행,건조,맑음,단일로 - 기타,승용,남,47세,상해없음,보행자,여,71세,경상
2017101300100162,2017년 10월 13일 08시,금요일,경상북도 의성군 의성읍,중상사고,0,1,0,0,차대차 - 측면충돌,직진우회전진행방해,건조,맑음,교차로 - 교차로안,승용,여,29세,상해없음,자전거,남,58세,중상
2017101300100200,2017년 10월 13일 09시,금요일,경상북도 경주시 서악동,경상사고,0,0,1,0,차대차 - 기타,안전운전불이행,건조,맑음,교차로 - 교차로안,승용,남,78세,상해없음,승용,남,59세,경상
2017101300100201,2017년 10월 13일 09시,금요일,경상북도 포항시 북구 덕수동,중상사고,0,1,0,0,차대차 - 측면충돌,차로위반,건조,맑음,단일로 - 기타,승용,남,65세,상해없음,이륜,남,68세,중상
2017101300100202,2017년 10월 13일 09시,금요일,경상북도 포항시 남구 대잠동,경상사고,0,0,1,0,차대차 - 기타,안전거리미확보,건조,맑음,교차로 - 교차로안,승용,남,75세,상해없음,승용,남,44세,경상
2017101300100231,2017년 10월 13일 10시,금요일,경상북도 경주시 신평동,경상사고,0,0,3,0,차대차 - 기타,교차로운행방법위반,건조,맑음,교차로 - 교차로안,승용,남,76세,상해없음,승용,여,31세,경상
2017101300100232,2017년 10월 13일 10시,금요일,경상북도 경주시 서면,경상사고,0,0,1,0,차대차 - 측면충돌,안전운전불이행,건조,맑음,단일로 - 기타,농기계,남,62세,상해없음,이륜,남,78세,경상
2017101300100262,2017년 10월 13일 11시,금요일,경상북도 경주시 현곡면,경상사고,0,0,1,0,차대차 - 측면충돌,신호위반,건조,맑음,교차로 - 교차로안,화물,남,57세,상해없음,승용,여,52세,경상
2017101300100263,2017년 10월 13일 11시,금요일,경상북도 의성군 안사면,중상사고,0,1,0,0,차대사람 - 횡단중,과속,건조,맑음,단일로 - 기타,승용,남,58세,상해없음,보행자,여,72세,중상
2017101300100264,2017년 10월 13일 11시,금요일,경상북도 의성군 점곡면,중상사고,0,1,0,0,차량단독 - 전도전복,안전운전불이행,건조,맑음,단일로 - 기타,이륜,남,38세,중상,미분류,미분류,미분류,미분류
2017101300100265,2017년 10월 13일 11시,금요일,경상북도 영주시 장수면,경상사고,0,0,1,0,차대차 - 측면충돌,교차로운행방법위반,건조,맑음,교차로 - 교차로안,특수,남,53세,상해없음,승용,여,64세,경상
2017101300100266,2017년 10월 13일 11시,금요일,경상북도 구미시 상모동,경상사고,0,0,2,0,차대차 - 측면충돌,안전운전불이행,건조,맑음,단일로 - 기타,승용,여,45세,상해없음,승용,남,62세,경상
2017101300100290,2017년 10월 13일 12시,금요일,경상북도 경주시 감포읍,중상사고,0,1,1,0,차대차 - 측면충돌,안전운전불이행,건조,맑음,기타 - 기타,승용,남,71세,상해없음,승용,남,74세,상해없음
2017101300100291,2017년 10월 13일 12시,금요일,경상북도 문경시 마성면,경상사고,0,0,1,0,차대차 - 추돌,안전거리미확보,건조,맑음,교차로 - 교차로부근,화물,남,52세,상해없음,화물,남,56세,경상
2017101300100292,2017년 10월 13일 12시,금요일,경상북도 구미시 원평동,경상사고,0,0,1,0,차대사람 - 기타,안전운전불이행,건조,맑음,교차로 - 교차로안,승용,여,46세,상해없음,보행자,여,48세,경상
2017101300100354,2017년 10월 13일 14시,금요일,경상북도 상주시 서문동,경상사고,0,0,1,0,차대차 - 측면충돌,중앙선침범,건조,맑음,단일로 - 기타,자전거,남,63세,경상,이륜,남,67세,상해없음
2017101300100393,2017년 10월 13일 15시,금요일,경상북도 포항시 북구 덕수동,경상사고,0,0,1,0,차대차 - 측면충돌,안전운전불이행,건조,맑음,교차로 - 교차로안,승용,여,52세,경상,승용,남,78세,상해없음
2017101300100394,2017년 10월 13일 15시,금요일,경상북도 상주시 남성동,중상사고,0,1,0,0,차대사람 - 길가장자리구역통행중,안전운전불이행,건조,맑음,단일로 - 기타,승용,남,60세,상해없음,보행자,여,66세,중상
2017101300100395,2017년 10월 13일 15시,금요일,경상북도 경산시 상방동,경상사고,0,0,1,0,차대사람 - 횡단중,보행자보호의무위반,건조,맑음,교차로 - 교차로횡단보도내,승용,남,52세,상해없음,보행자,남,62세,경상
2017101300100396,2017년 10월 13일 15시,금요일,경상북도 성주군 성주읍,경상사고,0,0,1,0,차대사람 - 기타,안전운전불이행,건조,맑음,기타 - 기타,승용,여,73세,상해없음,보행자,남,60세,경상
2017101300100439,2017년 10월 13일 16시,금요일,경상북도 포항시 북구 죽도동,경상사고,0,0,1,0,차대차 - 기타,안전운전불이행,건조,맑음,교차로 - 교차로안,기타불명,기타불명,미분류,기타불명,자전거,여,42세,경상
2017101300100440,2017년 10월 13일 16시,금요일,경상북도 안동시 옥동,중상사고,0,1,0,0,차대차 - 측면충돌,신호위반,건조,맑음,단일로 - 기타,승용,남,42세,상해없음,승용,남,35세,중상
2017101300100441,2017년 10월 13일 16시,금요일,경상북도 구미시 공단동,경상사고,0,0,2,0,차대차 - 기타,안전거리미확보,건조,맑음,단일로 - 교량,승합,남,54세,상해없음,승용,여,24세,경상
2017101300100487,2017년 10월 13일 17시,금요일,경상북도 경주시 안강읍,부상신고사고,0,0,0,1,차량단독 - 기타,안전운전불이행,건조,맑음,단일로 - 기타,사륜오토바이(ATV),남,82세,부상신고,,,,
2017101300100488,2017년 10월 13일 17시,금요일,경상북도 포항시 북구 동빈1가,경상사고,0,0,1,0,차대차 - 기타,신호위반,건조,맑음,교차로 - 교차로안,승용,여,33세,상해없음,승용,남,59세,경상
2017101300100537,2017년 10월 13일 18시,금요일,경상북도 경주시 양남면,중상사고,0,1,0,0,차대차 - 측면충돌,중앙선침범,건조,맑음,단일로 - 기타,승용,남,38세,상해없음,이륜,남,73세,중상
2017101300100538,2017년 10월 13일 18시,금요일,경상북도 포항시 북구 죽도동,경상사고,0,0,1,0,차대사람 - 기타,안전운전불이행,건조,맑음,단일로 - 기타,승용,남,28세,상해없음,보행자,남,39세,경상
2017101300100539,2017년 10월 13일 18시,금요일,경상북도 안동시 송현동,경상사고,0,0,1,0,차대사람 - 보도통행중,보행자보호의무위반,건조,맑음,단일로 - 기타,승용,남,33세,상해없음,보행자,남,5세,경상
2017101300100540,2017년 10월 13일 18시,금요일,경상북도 안동시 와룡면,중상사고,0,1,0,0,차대사람 - 보도통행중,신호위반,건조,맑음,교차로 - 교차로안,승용,여,61세,상해없음,보행자,남,58세,중상
2017101300100541,2017년 10월 13일 18시,금요일,경상북도 의성군 점곡면,중상사고,0,1,0,0,차대차 - 추돌,안전운전불이행,건조,흐림,단일로 - 기타,승용,여,56세,상해없음,자전거,남,62세,중상
2017101300100542,2017년 10월 13일 18시,금요일,경상북도 칠곡군 북삼읍,중상사고,0,1,0,0,차대차 - 기타,안전운전불이행,건조,맑음,단일로 - 기타,승용,남,49세,상해없음,개인형이동수단(PM),남,54세,중상
2017101300100543,2017년 10월 13일 18시,금요일,경상북도 경산시 계양동,사망사고,1,0,0,0,차대사람 - 기타,안전운전불이행,건조,기타,단일로 - 기타,승용,남,48세,상해없음,보행자,여,71세,사망
2017101300100544,2017년 10월 13일 18시,금요일,경상북도 예천군 예천읍,사망사고,1,0,0,0,차대사람 - 횡단중,보행자보호의무위반,건조,맑음,교차로 - 교차로횡단보도내,이륜,남,38세,상해없음,보행자,여,60세,사망
2017101300100545,2017년 10월 13일 18시,금요일,경상북도 포항시 남구 오천읍,중상사고,0,1,0,0,차대차 - 기타,안전운전불이행,건조,맑음,교차로 - 교차로부근,화물,남,58세,상해없음,승합,남,54세,상해없음
2017101300100594,2017년 10월 13일 19시,금요일,경상북도 경주시 구황동,경상사고,0,0,1,0,차대차 - 추돌,안전운전불이행,건조,맑음,교차로 - 교차로부근,화물,남,51세,상해없음,승용,여,41세,경상
2017101300100595,2017년 10월 13일 19시,금요일,경상북도 김천시 개령면,경상사고,0,0,1,0,차대차 - 측면충돌,안전운전불이행,건조,맑음,교차로 - 교차로안,승용,남,63세,경상,화물,남,48세,상해없음
2017101300100596,2017년 10월 13일 19시,금요일,경상북도 경산시 자인면,중상사고,0,1,1,0,차대차 - 측면충돌,안전거리미확보,건조,맑음,단일로 - 기타,이륜,남,25세,경상,이륜,남,33세,중상
2017101300100597,2017년 10월 13일 19시,금요일,경상북도 구미시 옥계동,경상사고,0,0,3,0,차대차 - 추돌,안전운전불이행,건조,맑음,교차로 - 교차로부근,승용,여,45세,경상,승용,여,39세,경상
2017101300100629,2017년 10월 13일 20시,금요일,경상북도 안동시 풍산읍,경상사고,0,0,1,0,차대사람 - 횡단중,안전운전불이행,건조,맑음,단일로 - 기타,승용,남,54세,상해없음,보행자,남,60세,경상
2017101300100630,2017년 10월 13일 20시,금요일,경상북도 칠곡군 석적읍,중상사고,0,1,0,0,차대차 - 추돌,안전운전불이행,건조,맑음,교차로 - 교차로부근,승용,남,40세,상해없음,승용,여,36세,중상
2017101300100652,2017년 10월 13일 21시,금요일,경상북도 구미시 송정동,중상사고,0,1,0,0,차대차 - 기타,신호위반,건조,맑음,교차로 - 교차로안,화물,남,73세,상해없음,이륜,남,38세,중상
2017101300100681,2017년 10월 13일 22시,금요일,경상북도 포항시 북구 대흥동,중상사고,0,1,1,0,차대차 - 측면충돌,중앙선침범,건조,맑음,교차로 - 교차로안,승용,남,50세,상해없음,승용,남,47세,중상
2017101300100682,2017년 10월 13일 22시,금요일,경상북도 구미시 거의동,경상사고,0,0,1,0,차대차 - 기타,중앙선침범,건조,맑음,단일로 - 기타,승용,남,32세,상해없음,이륜,남,22세,경상
2017101300100711,2017년 10월 13일 23시,금요일,경상북도 경산시 중방동,경상사고,0,0,1,0,차대차 - 측면충돌,안전운전불이행,건조,맑음,교차로 - 교차로부근,이륜,남,21세,경상,승용,남,45세,상해없음
2017101400100068,2017년 10월 14일 03시,토요일,경상북도 안동시 옥동,경상사고,0,0,1,0,차대차 - 추돌,안전운전불이행,건조,맑음,단일로 - 기타,승용,남,30세,상해없음,승용,여,38세,경상
2017101400100069,2017년 10월 14일 03시,토요일,경상북도 경산시 중방동,중상사고,0,1,0,0,차대차 - 측면충돌,안전운전불이행,건조,맑음,단일로 - 기타,화물,남,40세,상해없음,이륜,남,15세,중상
2017101400100081,2017년 10월 14일 04시,토요일,경상북도 경주시 시래동,경상사고,0,0,2,0,차대차 - 측면충돌,안전운전불이행,건조,맑음,교차로 - 교차로안,화물,남,51세,상해없음,승용,남,57세,경상
2017101400100132,2017년 10월 14일 07시,토요일,경상북도 상주시 외서면,중상사고,0,2,0,0,차대차 - 추돌,안전운전불이행,건조,맑음,단일로 - 기타,승용,여,31세,상해없음,농기계,남,69세,중상
2017101400100133,2017년 10월 14일 07시,토요일,경상북도 구미시 진평동,경상사고,0,0,2,0,차대차 - 측면충돌,중앙선침범,건조,맑음,단일로 - 기타,승용,남,34세,상해없음,승용,남,47세,경상
2017101400100204,2017년 10월 14일 10시,토요일,경상북도 안동시 태화동,중상사고,0,1,0,0,차대사람 - 기타,안전운전불이행,건조,맑음,단일로 - 기타,승용,여,39세,상해없음,보행자,여,65세,중상
2017101400100205,2017년 10월 14일 10시,토요일,경상북도 영천시 망정동,중상사고,0,1,0,0,차대차 - 측면충돌,안전운전불이행,건조,맑음,단일로 - 기타,승용,여,42세,상해없음,자전거,남,62세,중상
2017101400100206,2017년 10월 14일 10시,토요일,경상북도 칠곡군 지천면,경상사고,0,0,6,0,차대차 - 기타,안전운전불이행,건조,맑음,단일로 - 기타,승용,남,75세,상해없음,화물,남,53세,경상
2017101400100207,2017년 10월 14일 10시,토요일,경상북도 경주시 건천읍,경상사고,0,0,1,2,차대차 - 측면충돌,안전운전불이행,건조,맑음,단일로 - 기타,건설기계,남,50세,상해없음,승용,남,73세,부상신고
2017101400100235,2017년 10월 14일 11시,토요일,경상북도 포항시 남구 오천읍,중상사고,0,1,0,0,차대사람 - 차도통행중,안전운전불이행,건조,맑음,교차로 - 교차로안,기타불명,기타불명,미분류,기타불명,보행자,남,64세,중상
2017101400100274,2017년 10월 14일 12시,토요일,경상북도 영천시 금노동,경상사고,0,0,2,0,차대차 - 측면충돌,신호위반,건조,맑음,교차로 - 교차로안,승용,여,43세,경상,승용,남,57세,경상
2017101400100275,2017년 10월 14일 12시,토요일,경상북도 구미시 남통동,경상사고,0,0,1,0,차대차 - 추돌,안전운전불이행,건조,맑음,교차로 - 교차로안,승용,남,45세,상해없음,승용,남,31세,경상
2017101400100314,2017년 10월 14일 13시,토요일,경상북도 상주시 무양동,중상사고,0,1,1,0,차대차 - 측면충돌,교차로운행방법위반,건조,맑음,교차로 - 교차로안,승용,남,66세,경상,승용,남,35세,상해없음
2017101400100315,2017년 10월 14일 13시,토요일,경상북도 성주군 금수면,사망사고,1,0,0,0,차량단독 - 도로외이탈 - 기타,안전운전불이행,건조,맑음,단일로 - 기타,화물,남,80세,사망,,,,
2017101400100350,2017년 10월 14일 14시,토요일,경상북도 포항시 북구 신흥동,경상사고,0,0,1,0,차대차 - 측면충돌,안전운전불이행,건조,맑음,단일로 - 기타,승용,남,50세,상해없음,승용,여,61세,경상
2017101400100351,2017년 10월 14일 14시,토요일,경상북도 칠곡군 왜관읍,경상사고,0,0,1,0,차대사람 - 횡단중,안전운전불이행,건조,맑음,단일로 - 기타,승용,남,68세,상해없음,보행자,남,15세,경상
2017101400100352,2017년 10월 14일 14시,토요일,경상북도 구미시 오태동,경상사고,0,0,3,0,차대차 - 추돌,안전운전불이행,건조,맑음,기타 - 기타,이륜,남,33세,상해없음,승용,여,34세,경상
2017101400100353,2017년 10월 14일 14시,토요일,경상북도 구미시 산동면,중상사고,0,1,0,0,차대차 - 기타,안전운전불이행,건조,맑음,교차로 - 교차로부근,이륜,남,78세,중상,승용,여,27세,상해없음
2017101400100354,2017년 10월 14일 14시,토요일,경상북도 포항시 남구 효자동,중상사고,0,1,0,0,차대차 - 기타,기타,건조,맑음,단일로 - 기타,승용,남,29세,상해없음,자전거,남,23세,중상
2017101400100429,2017년 10월 14일 16시,토요일,경상북도 경주시 양북면,경상사고,0,0,2,0,차대차 - 추돌,안전운전불이행,건조,맑음,단일로 - 기타,화물,남,43세,상해없음,화물,남,61세,경상
2017101400100430,2017년 10월 14일 16시,토요일,경상북도 경주시 신평동,경상사고,0,0,2,0,차대차 - 측면충돌,안전운전불이행,건조,맑음,교차로 - 교차로안,승용,남,20세,상해없음,이륜,여,24세,경상
2017101400100431,2017년 10월 14일 16시,토요일,경상북도 구미시 광평동,경상사고,0,0,1,0,차대차 - 측면충돌,교차로운행방법위반,건조,맑음,교차로 - 교차로안,승용,남,63세,상해없음,승용,남,41세,경상
2017101400100432,2017년 10월 14일 16시,토요일,경상북도 구미시 원평동,사망사고,1,0,0,0,차대사람 - 차도통행중,보행자보호의무위반,건조,맑음,단일로 - 기타,화물,남,54세,상해없음,보행자,여,61세,사망
2017101400100465,2017년 10월 14일 17시,토요일,경상북도 영천시 북안면,중상사고,0,1,6,0,차대차 - 추돌,안전거리미확보,건조,맑음,교차로 - 교차로부근,승용,남,58세,경상,승용,여,49세,경상
2017101400100508,2017년 10월 14일 18시,토요일,경상북도 경주시 외동읍,부상신고사고,0,0,0,1,차대사람 - 횡단중,안전운전불이행,건조,맑음,단일로 - 기타,승용,여,53세,상해없음,보행자,여,미분류,부상신고
2017101400100509,2017년 10월 14일 18시,토요일,경상북도 안동시 용상동,중상사고,0,1,0,0,차대차 - 기타,안전운전불이행,건조,맑음,교차로 - 교차로안,승용,남,23세,상해없음,이륜,남,34세,중상
2017101400100510,2017년 10월 14일 18시,토요일,경상북도 상주시 신봉동,사망사고,1,0,0,0,차대사람 - 횡단중,안전운전불이행,건조,맑음,단일로 - 기타,승용,남,59세,상해없음,보행자,여,77세,사망
2017101400100511,2017년 10월 14일 18시,토요일,경상북도 구미시 송정동,경상사고,0,0,2,0,차대차 - 추돌,안전운전불이행,건조,맑음,교차로 - 교차로부근,승용,여,51세,상해없음,승용,여,42세,경상
2017101400100546,2017년 10월 14일 19시,토요일,경상북도 영주시 휴천동,경상사고,0,0,2,0,차대차 - 추돌,교차로운행방법위반,건조,맑음,교차로 - 교차로안,승용,남,55세,상해없음,화물,남,29세,상해없음
2017101400100547,2017년 10월 14일 19시,토요일,경상북도 포항시 남구 해도동,중상사고,0,1,0,0,차대사람 - 기타,안전운전불이행,건조,맑음,교차로 - 교차로안,승용,남,69세,상해없음,보행자,여,36세,중상
2017101400100583,2017년 10월 14일 20시,토요일,경상북도 김천시 남산동,중상사고,0,1,0,0,차대사람 - 횡단중,안전운전불이행,건조,맑음,교차로 - 교차로부근,승용,남,32세,상해없음,보행자,여,67세,중상
2017101400100584,2017년 10월 14일 20시,토요일,경상북도 경산시 압량면,경상사고,0,0,1,0,차대차 - 측면충돌,안전운전불이행,건조,맑음,교차로 - 교차로부근,승용,남,36세,상해없음,승합,남,50세,경상
2017101400100585,2017년 10월 14일 20시,토요일,경상북도 고령군 쌍림면,중상사고,0,2,3,0,차대차 - 추돌,안전거리미확보,건조,맑음,단일로 - 기타,화물,남,61세,상해없음,승용,여,49세,중상
2017101400100586,2017년 10월 14일 20시,토요일,경상북도 포항시 남구 오천읍,중상사고,0,1,0,0,차대차 - 기타,안전운전불이행,건조,맑음,단일로 - 기타,승용,남,65세,상해없음,이륜,남,36세,중상
2017101400100614,2017년 10월 14일 21시,토요일,경상북도 포항시 북구 양덕동,경상사고,0,0,1,0,차대차 - 측면충돌,중앙선침범,건조,맑음,교차로 - 교차로안,승용,남,40세,상해없음,자전거,남,23세,경상
2017101400100615,2017년 10월 14일 21시,토요일,경상북도 포항시 북구 죽도동,경상사고,0,0,1,0,차대차 - 측면충돌,차로위반,건조,맑음,단일로 - 기타,승용,남,58세,상해없음,승용,남,29세,경상
2017101400100616,2017년 10월 14일 21시,토요일,경상북도 칠곡군 왜관읍,중상사고,0,1,1,0,차대차 - 기타,교차로운행방법위반,건조,맑음,교차로 - 교차로안,승용,남,43세,경상,자전거,남,13세,중상
2017101400100617,2017년 10월 14일 21시,토요일,경상북도 청도군 화양읍,중상사고,0,1,1,0,차대차 - 추돌,안전운전불이행,건조,맑음,교차로 - 교차로부근,승용,남,55세,상해없음,승용,여,56세,경상
2017101400100636,2017년 10월 14일 22시,토요일,경상북도 경주시 석장동,중상사고,0,2,0,0,차대차 - 측면충돌,신호위반,건조,맑음,교차로 - 교차로안,이륜,남,44세,중상,승용,여,30세,중상