사고번호,사고일시,요일,시군구,사고내용,사망자수,중상자수,경상자수,부상신고자수,사고유형,법규위반,노면상태,기상상태,도로형태,가해운전자 차종,가해운전자 성별,가해운전자 연령,가해운전자 상해정도,피해운전자 차종,피해운전자 성별,피해운전자 연령,피해운전자 상해정도
2017101700100629,2017년 10월 17일 21시,화요일,경상북도 경산시 계양동,중상사고,0,1,1,0,차대차 - 기타,안전운전불이행,건조,맑음,단일로 - 기타,이륜,남,17세,상해없음,승용,남,30세,경상
2017101700100630,2017년 10월 17일 21시,화요일,경상북도 구미시 인의동,부상신고사고,0,0,0,1,차대차 - 기타,안전운전불이행,건조,맑음,교차로 - 교차로부근,이륜,남,28세,부상신고,승용,남,65세,상해없음
2017101700100668,2017년 10월 17일 23시,화요일,경상북도 칠곡군 북삼읍,경상사고,0,0,1,0,차대차 - 측면충돌,교차로운행방법위반,건조,맑음,교차로 - 교차로안,승용,여,56세,상해없음,이륜,남,23세,경상
2017101700100669,2017년 10월 17일 23시,화요일,경상북도 칠곡군 약목면,경상사고,0,0,1,0,차대사람 - 기타,보행자보호의무위반,건조,맑음,교차로 - 교차로횡단보도내,승용,남,48세,상해없음,보행자,남,58세,경상
2017101700100670,2017년 10월 17일 23시,화요일,경상북도 구미시 봉곡동,경상사고,0,0,1,0,차대차 - 정면충돌,신호위반,건조,맑음,교차로 - 교차로안,승용,여,48세,상해없음,화물,여,59세,경상
2017101800100030,2017년 10월 18일 00시,수요일,경상북도 포항시 남구 대잠동,경상사고,0,0,1,0,차대차 - 기타,안전운전불이행,건조,맑음,교차로 - 교차로부근,승용,남,37세,상해없음,승용,남,24세,경상
2017101800100072,2017년 10월 18일 05시,수요일,경상북도 안동시 길안면,중상사고,0,1,0,0,차대사람 - 횡단중,안전운전불이행,건조,맑음,교차로 - 교차로부근,승용,여,56세,상해없음,보행자,여,74세,중상
2017101800100073,2017년 10월 18일 05시,수요일,경상북도 포항시 남구 송도동,중상사고,0,1,4,0,차대차 - 측면충돌,안전운전불이행,건조,맑음,단일로 - 기타,승용,남,70세,상해없음,승용,남,20세,중상
2017101800100092,2017년 10월 18일 06시,수요일,경상북도 포항시 남구 대도동,중상사고,0,1,0,0,차대차 - 측면충돌,안전운전불이행,건조,맑음,교차로 - 교차로부근,화물,남,42세,상해없음,승용,남,63세,중상
2017101800100150,2017년 10월 18일 08시,수요일,경상북도 경주시 황성동,경상사고,0,0,1,0,차대차 - 기타,안전운전불이행,건조,맑음,단일로 - 기타,승용,남,62세,상해없음,승용,남,61세,경상
2017101800100151,2017년 10월 18일 08시,수요일,경상북도 경주시 성건동,경상사고,0,0,1,0,차대차 - 측면충돌,안전운전불이행,건조,맑음,교차로 - 교차로안,승용,여,32세,상해없음,승용,여,40세,경상
2017101800100152,2017년 10월 18일 08시,수요일,경상북도 포항시 북구 양덕동,경상사고,0,0,1,0,차대차 - 기타,교차로운행방법위반,건조,맑음,교차로 - 교차로안,승용,여,52세,상해없음,화물,남,35세,경상
2017101800100153,2017년 10월 18일 08시,수요일,경상북도 김천시 아포읍,사망사고,1,0,0,0,차대차 - 측면충돌,안전운전불이행,건조,맑음,단일로 - 기타,기타불명,남,38세,상해없음,자전거,남,77세,사망
2017101800100154,2017년 10월 18일 08시,수요일,경상북도 구미시 공단동,경상사고,0,0,2,0,차대차 - 기타,중앙선침범,건조,맑음,단일로 - 기타,승용,남,47세,상해없음,승용,남,34세,경상
2017101800100155,2017년 10월 18일 08시,수요일,경상북도 포항시 남구 해도동,경상사고,0,0,1,0,차대차 - 측면충돌,안전운전불이행,건조,맑음,단일로 - 기타,승용,여,38세,상해없음,승용,남,47세,경상
2017101800100181,2017년 10월 18일 09시,수요일,경상북도 안동시 풍산읍,경상사고,0,0,1,0,차량단독 - 기타,안전운전불이행,건조,맑음,단일로 - 기타,승합,남,34세,상해없음,,,,
2017101800100204,2017년 10월 18일 10시,수요일,경상북도 경산시 옥산동,중상사고,0,1,0,0,차대차 - 측면충돌,신호위반,건조,맑음,교차로 - 교차로안,승용,남,55세,상해없음,승용,여,67세,중상
2017101800100228,2017년 10월 18일 11시,수요일,경상북도 포항시 북구 죽도동,경상사고,0,0,1,0,차대차 - 측면충돌,중앙선침범,건조,맑음,단일로 - 기타,승용,남,58세,상해없음,화물,남,43세,경상
2017101800100229,2017년 10월 18일 11시,수요일,경상북도 안동시 옥야동,중상사고,0,1,0,0,차대차 - 측면충돌,안전운전불이행,건조,맑음,단일로 - 기타,자전거,남,44세,상해없음,자전거,남,69세,중상
2017101800100256,2017년 10월 18일 12시,수요일,경상북도 경주시 성건동,경상사고,0,0,1,0,차대사람 - 길가장자리구역통행중,안전운전불이행,건조,맑음,교차로 - 교차로부근,승용,여,58세,상해없음,보행자,여,49세,경상
2017101800100257,2017년 10월 18일 12시,수요일,경상북도 경주시 성건동,중상사고,0,1,0,0,차대사람 - 차도통행중,안전운전불이행,건조,맑음,단일로 - 기타,승용,여,47세,상해없음,보행자,여,69세,중상
2017101800100286,2017년 10월 18일 13시,수요일,경상북도 김천시 신음동,경상사고,0,0,1,0,차대차 - 측면충돌,안전운전불이행,건조,맑음,단일로 - 기타,승용,남,22세,상해없음,이륜,남,37세,경상
2017101800100313,2017년 10월 18일 14시,수요일,경상북도 포항시 북구 흥해읍,경상사고,0,0,1,0,차대차 - 측면충돌,직진우회전진행방해,건조,맑음,교차로 - 교차로안,승용,여,65세,상해없음,승용,여,47세,경상
2017101800100314,2017년 10월 18일 14시,수요일,경상북도 김천시 성내동,경상사고,0,0,1,0,차대차 - 측면충돌,안전운전불이행,건조,맑음,단일로 - 기타,이륜,남,86세,경상,승용,여,40세,상해없음
2017101800100341,2017년 10월 18일 15시,수요일,경상북도 영주시 영주동,중상사고,0,1,0,0,차대차 - 측면충돌,안전운전불이행,건조,맑음,단일로 - 기타,승용,여,35세,상해없음,자전거,여,60세,중상
2017101800100361,2017년 10월 18일 16시,수요일,경상북도 구미시 옥계동,중상사고,0,1,0,0,차대사람 - 길가장자리구역통행중,안전운전불이행,건조,맑음,교차로 - 교차로안,승용,남,46세,상해없음,보행자,남,5세,중상
2017101800100399,2017년 10월 18일 17시,수요일,경상북도 칠곡군 석적읍,경상사고,0,0,2,0,차대차 - 측면충돌,안전운전불이행,건조,맑음,교차로 - 교차로안,승용,여,25세,경상,승용,남,58세,경상
2017101800100400,2017년 10월 18일 17시,수요일,경상북도 청도군 화양읍,경상사고,0,0,3,0,차대차 - 측면충돌,직진우회전진행방해,건조,맑음,교차로 - 교차로안,승용,남,38세,경상,화물,여,61세,경상
2017101800100459,2017년 10월 18일 18시,수요일,경상북도 문경시 문경읍,경상사고,0,0,2,3,차대차 - 기타,안전운전불이행,젖음/습기,비,교차로 - 교차로안,승용,남,53세,부상신고,승용,여,57세,경상
2017101800100460,2017년 10월 18일 18시,수요일,경상북도 경산시 진량읍,중상사고,0,1,0,0,차대차 - 측면충돌,불법유턴,건조,맑음,단일로 - 기타,승용,남,31세,상해없음,이륜,남,35세,중상
2017101800100461,2017년 10월 18일 18시,수요일,경상북도 고령군 쌍림면,경상사고,0,0,1,0,차대차 - 추돌,안전운전불이행,건조,맑음,단일로 - 기타,승용,남,70세,상해없음,농기계,남,60세,경상
2017101800100462,2017년 10월 18일 18시,수요일,경상북도 포항시 남구 대도동,중상사고,0,1,0,0,차대차 - 측면충돌,교차로운행방법위반,건조,맑음,교차로 - 교차로부근,승용,남,56세,상해없음,이륜,남,57세,중상
2017101800100507,2017년 10월 18일 19시,수요일,경상북도 포항시 북구 청하면,경상사고,0,0,1,0,차대차 - 추돌,안전운전불이행,건조,맑음,단일로 - 기타,승용,남,32세,상해없음,승용,여,56세,상해없음
2017101800100508,2017년 10월 18일 19시,수요일,경상북도 영천시 본촌동,경상사고,0,0,1,0,차대차 - 측면충돌,교차로운행방법위반,건조,흐림,교차로 - 교차로안,승용,남,31세,상해없음,승용,남,57세,경상
2017101800100509,2017년 10월 18일 19시,수요일,경상북도 문경시 모전동,경상사고,0,0,1,0,차대차 - 측면충돌,신호위반,젖음/습기,비,교차로 - 교차로안,승용,여,62세,경상,승용,남,55세,상해없음
2017101800100510,2017년 10월 18일 19시,수요일,경상북도 포항시 남구 연일읍,경상사고,0,0,1,0,차대차 - 기타,안전운전불이행,건조,맑음,단일로 - 기타,승용,남,25세,경상,농기계,남,60세,기타불명
2017101800100511,2017년 10월 18일 19시,수요일,경상북도 포항시 남구 효자동,경상사고,0,0,1,0,차대차 - 정면충돌,직진우회전진행방해,건조,맑음,교차로 - 교차로안,승용,남,49세,상해없음,자전거,남,14세,경상
2017101800100543,2017년 10월 18일 20시,수요일,경상북도 영주시 상망동,경상사고,0,0,1,0,차대차 - 측면충돌,안전운전불이행,젖음/습기,비,교차로 - 교차로부근,승용,여,47세,상해없음,승용,남,40세,경상
2017101800100544,2017년 10월 18일 20시,수요일,경상북도 구미시 신평동,중상사고,0,1,0,0,차대사람 - 차도통행중,안전운전불이행,건조,맑음,단일로 - 기타,승용,남,25세,상해없음,보행자,남,61세,중상
2017101800100545,2017년 10월 18일 20시,수요일,경상북도 구미시 사곡동,부상신고사고,0,0,0,1,차대차 - 기타,안전운전불이행,건조,맑음,교차로 - 교차로부근,자전거,남,13세,부상신고,승용,남,45세,상해없음
2017101800100546,2017년 10월 18일 20시,수요일,경상북도 상주시 낙동면,경상사고,0,0,1,0,차대차 - 측면충돌,안전거리미확보,건조,맑음,단일로 - 기타,승용,남,30세,상해없음,화물,남,42세,상해없음
2017101800100580,2017년 10월 18일 21시,수요일,경상북도 영주시 하망동,중상사고,0,1,0,0,차대차 - 측면충돌,교차로운행방법위반,건조,흐림,교차로 - 교차로안,승용,남,39세,상해없음,승용,여,51세,중상
2017101800100581,2017년 10월 18일 21시,수요일,경상북도 포항시 남구 괴동동,중상사고,0,1,0,0,차대차 - 기타,안전운전불이행,건조,맑음,교차로 - 교차로안,화물,남,50세,상해없음,승용,여,52세,중상
2017101800100622,2017년 10월 18일 23시,수요일,경상북도 구미시 오태동,경상사고,0,0,1,0,차대차 - 기타,안전운전불이행,건조,맑음,교차로 - 교차로안,승용,남,45세,상해없음,승용,남,44세,경상
2017101900100029,2017년 10월 19일 00시,목요일,경상북도 포항시 북구 동빈1가,경상사고,0,0,1,0,차대차 - 측면충돌,교차로운행방법위반,적설,비,교차로 - 교차로안,승용,여,53세,상해없음,승용,남,27세,경상
2017101900100044,2017년 10월 19일 01시,목요일,경상북도 칠곡군 석적읍,중상사고,0,1,0,0,차량단독 - 공작물충돌,안전운전불이행,건조,맑음,교차로 - 교차로부근,승용,남,33세,상해없음,,,,
2017101900100051,2017년 10월 19일 02시,목요일,경상북도 경산시 중산동,경상사고,0,0,1,0,차대차 - 측면충돌,안전운전불이행,건조,맑음,교차로 - 교차로부근,승용,남,42세,상해없음,이륜,남,25세,경상
2017101900100068,2017년 10월 19일 05시,목요일,경상북도 경주시 외동읍,경상사고,0,0,1,0,차대차 - 측면충돌,안전운전불이행,젖음/습기,맑음,교차로 - 교차로부근,승용,남,48세,상해없음,승용,남,24세,경상
2017101900100069,2017년 10월 19일 05시,목요일,경상북도 영주시 영주동,중상사고,0,1,0,0,차대차 - 측면충돌,안전운전불이행,건조,맑음,단일로 - 기타,승용,여,59세,상해없음,승용,여,56세,중상
2017101900100087,2017년 10월 19일 06시,목요일,경상북도 경주시 안강읍,경상사고,0,0,1,0,차대사람 - 기타,안전운전불이행,건조,맑음,단일로 - 기타,화물,남,56세,상해없음,보행자,여,42세,경상
2017101900100088,2017년 10월 19일 06시,목요일,경상북도 문경시 문경읍,경상사고,0,0,1,0,차대차 - 추돌,안전운전불이행,건조,맑음,단일로 - 기타,승용,남,55세,경상,화물,남,46세,상해없음
2017101900100089,2017년 10월 19일 06시,목요일,경상북도 경산시 와촌면,중상사고,0,1,0,0,차대차 - 측면충돌,안전운전불이행,건조,맑음,단일로 - 기타,기타불명,기타불명,미분류,기타불명,자전거,남,68세,중상
2017101900100112,2017년 10월 19일 07시,목요일,경상북도 포항시 북구 학산동,중상사고,0,1,0,0,차대차 - 기타,안전운전불이행,건조,맑음,교차로 - 교차로부근,승용,여,51세,상해없음,자전거,여,58세,중상
2017101900100113,2017년 10월 19일 07시,목요일,경상북도 영주시 상망동,중상사고,0,2,0,0,차대차 - 측면충돌,신호위반,건조,맑음,교차로 - 교차로안,승용,남,63세,상해없음,승용,여,41세,중상
2017101900100114,2017년 10월 19일 07시,목요일,경상북도 고령군 덕곡면,중상사고,0,1,0,0,차대차 - 추돌,안전운전불이행,건조,맑음,기타 - 기타,화물,남,25세,상해없음,화물,남,61세,상해없음
2017101900100155,2017년 10월 19일 08시,목요일,경상북도 상주시 화서면,중상사고,0,1,0,0,차량단독 - 도로외이탈 - 기타,안전운전불이행,건조,맑음,교차로 - 교차로부근,농기계,남,61세,중상,,,,
2017101900100156,2017년 10월 19일 08시,목요일,경상북도 영주시 이산면,경상사고,0,0,1,0,차대사람 - 길가장자리구역통행중,안전운전불이행,건조,맑음,단일로 - 기타,승용,남,29세,상해없음,보행자,남,60세,경상
2017101900100157,2017년 10월 19일 08시,목요일,경상북도 영주시 가흥동,경상사고,0,0,2,0,차대차 - 정면충돌,안전운전불이행,건조,맑음,단일로 - 기타,승용,남,68세,경상,승용,여,43세,경상
2017101900100158,2017년 10월 19일 08시,목요일,경상북도 칠곡군 석적읍,경상사고,0,0,1,0,차대사람 - 기타,안전운전불이행,건조,맑음,단일로 - 기타,기타불명,기타불명,미분류,기타불명,보행자,남,40세,경상
2017101900100159,2017년 10월 19일 08시,목요일,경상북도 영천시 완산동,경상사고,0,0,2,0,차대차 - 측면충돌,직진우회전진행방해,건조,맑음,교차로 - 교차로안,승용,여,38세,상해없음,원동기,남,72세,경상
2017101900100208,2017년 10월 19일 09시,목요일,경상북도 영천시 임고면,경상사고,0,0,3,0,차대차 - 측면충돌,안전운전불이행,건조,맑음,교차로 - 교차로안,승용,여,59세,상해없음,승합,남,55세,경상
2017101900100209,2017년 10월 19일 09시,목요일,경상북도 포항시 남구 오천읍,중상사고,0,1,0,0,차대차 - 기타,직진우회전진행방해,건조,맑음,교차로 - 교차로안,자전거,남,68세,중상,승용,여,58세,상해없음
2017101900100240,2017년 10월 19일 10시,목요일,경상북도 김천시 감천면,경상사고,0,0,1,0,차대차 - 측면충돌,중앙선침범,건조,맑음,단일로 - 기타,화물,남,37세,상해없음,화물,남,57세,경상
2017101900100241,2017년 10월 19일 10시,목요일,경상북도 청도군 청도읍,중상사고,0,1,0,0,차대차 - 추돌,안전운전불이행,건조,맑음,단일로 - 기타,화물,남,57세,상해없음,사륜오토바이(ATV),남,75세,중상
2017101900100242,2017년 10월 19일 10시,목요일,경상북도 영양군 영양읍,중상사고,0,2,0,0,차대차 - 정면충돌,중앙선침범,건조,맑음,단일로 - 기타,승용,남,50세,중상,화물,남,76세,중상
2017101900100267,2017년 10월 19일 11시,목요일,경상북도 영천시 성내동,중상사고,0,1,0,0,차대사람 - 횡단중,보행자보호의무위반,건조,맑음,교차로 - 교차로횡단보도내,승용,여,41세,상해없음,보행자,여,69세,중상
2017101900100284,2017년 10월 19일 12시,목요일,경상북도 경주시 감포읍,경상사고,0,0,1,0,차대차 - 정면충돌,중앙선침범,건조,맑음,단일로 - 기타,승용,남,31세,상해없음,승용,남,47세,경상
2017101900100285,2017년 10월 19일 12시,목요일,경상북도 영주시 영주동,중상사고,0,1,0,0,차대사람 - 횡단중,안전운전불이행,건조,맑음,단일로 - 기타,화물,남,39세,상해없음,보행자,여,81세,중상
2017101900100286,2017년 10월 19일 12시,목요일,경상북도 포항시 남구 대도동,경상사고,0,0,1,0,차대차 - 기타,안전운전불이행,젖음/습기,흐림,단일로 - 기타,이륜,남,40세,경상,승용,여,55세,상해없음
2017101900100305,2017년 10월 19일 13시,목요일,경상북도 경주시 안강읍,경상사고,0,0,1,0,차대차 - 측면충돌,안전운전불이행,건조,맑음,단일로 - 기타,화물,남,66세,상해없음,화물,남,57세,경상
2017101900100306,2017년 10월 19일 13시,목요일,경상북도 의성군 가음면,경상사고,0,0,1,0,차량단독 - 전도전복,안전운전불이행,건조,맑음,단일로 - 기타,농기계,남,73세,경상,미분류,미분류,미분류,미분류
2017101900100373,2017년 10월 19일 15시,목요일,경상북도 칠곡군 왜관읍,중상사고,0,1,0,0,차대사람 - 기타,안전운전불이행,젖음/습기,비,교차로 - 교차로부근,승합,여,43세,상해없음,보행자,여,56세,중상
2017101900100415,2017년 10월 19일 16시,목요일,경상북도 칠곡군 왜관읍,경상사고,0,0,2,0,차대차 - 추돌,안전운전불이행,젖음/습기,흐림,단일로 - 기타,화물,남,67세,경상,화물,남,55세,경상
2017101900100453,2017년 10월 19일 17시,목요일,경상북도 경주시 보문동,중상사고,0,1,0,0,차대차 - 측면충돌,안전운전불이행,젖음/습기,비,교차로 - 교차로안,승용,여,58세,상해없음,승용,남,60세,중상
2017101900100454,2017년 10월 19일 17시,목요일,경상북도 칠곡군 왜관읍,경상사고,0,0,1,0,차대차 - 기타,교차로운행방법위반,건조,맑음,교차로 - 교차로안,승용,여,46세,상해없음,이륜,남,65세,경상
2017101900100455,2017년 10월 19일 17시,목요일,경상북도 칠곡군 석적읍,경상사고,0,0,1,0,차대차 - 기타,안전운전불이행,건조,맑음,교차로 - 교차로안,승용,남,36세,상해없음,승용,남,24세,경상
2017101900100499,2017년 10월 19일 18시,목요일,경상북도 경주시 용강동,중상사고,0,1,2,0,차대차 - 추돌,안전거리미확보,젖음/습기,비,단일로 - 기타,승용,남,49세,경상,승용,여,37세,중상
2017101900100500,2017년 10월 19일 18시,목요일,경상북도 칠곡군 석적읍,중상사고,0,1,0,0,차대차 - 기타,신호위반,건조,맑음,교차로 - 교차로안,승용,여,43세,상해없음,승용,남,39세,중상
2017101900100501,2017년 10월 19일 18시,목요일,경상북도 칠곡군 왜관읍,경상사고,0,0,2,0,차대차 - 측면충돌,안전운전불이행,건조,맑음,단일로 - 기타,승용,남,40세,상해없음,승용,여,40세,경상
2017101900100502,2017년 10월 19일 18시,목요일,경상북도 경산시 와촌면,경상사고,0,0,1,0,차대차 - 측면충돌,신호위반,건조,맑음,교차로 - 교차로안,승용,남,49세,상해없음,승용,남,27세,경상
2017101900100503,2017년 10월 19일 18시,목요일,경상북도 영양군 영양읍,경상사고,0,0,1,0,차대차 - 측면충돌,중앙선침범,건조,맑음,교차로 - 교차로부근,승용,여,50세,상해없음,원동기,남,34세,경상
2017101900100555,2017년 10월 19일 19시,목요일,경상북도 상주시 남성동,중상사고,0,1,0,0,차대차 - 측면충돌,교차로운행방법위반,건조,맑음,교차로 - 교차로안,승용,남,28세,상해없음,이륜,남,21세,중상
2017101900100556,2017년 10월 19일 19시,목요일,경상북도 칠곡군 왜관읍,부상신고사고,0,0,0,1,차대차 - 기타,안전운전불이행,건조,맑음,단일로 - 기타,화물,남,79세,부상신고,승용,남,43세,기타불명
2017101900100584,2017년 10월 19일 20시,목요일,경상북도 울릉군 울릉읍,경상사고,0,0,4,0,차대차 - 기타,안전운전불이행,건조,맑음,기타 - 기타,승용,남,37세,상해없음,승용,남,33세,경상
2017101900100585,2017년 10월 19일 20시,목요일,경상북도 포항시 남구 오천읍,경상사고,0,0,1,0,차대차 - 추돌,안전운전불이행,건조,맑음,교차로 - 교차로부근,이륜,남,24세,경상,승용,남,42세,상해없음
2017101900100609,2017년 10월 19일 21시,목요일,경상북도 김천시 평화동,경상사고,0,0,1,0,차대차 - 측면충돌,안전운전불이행,젖음/습기,비,단일로 - 기타,승용,남,59세,상해없음,이륜,남,26세,경상
2017101900100641,2017년 10월 19일 22시,목요일,경상북도 경산시 사동,경상사고,0,0,1,0,차대차 - 기타,신호위반,건조,맑음,교차로 - 교차로안,승용,남,64세,상해없음,승용,남,56세,기타불명
2017102000100048,2017년 10월 20일 01시,금요일,경상북도 포항시 남구 연일읍,경상사고,0,0,1,0,차대차 - 측면충돌,안전운전불이행,젖음/습기,비,단일로 - 고가도로위,기타불명,기타불명,미분류,기타불명,승용,여,32세,경상
2017102000100096,2017년 10월 20일 06시,금요일,경상북도 김천시 남산동,경상사고,0,0,1,0,차대차 - 측면충돌,안전운전불이행,건조,맑음,교차로 - 교차로안,승용,남,28세,상해없음,승용,남,46세,경상
2017102000100115,2017년 10월 20일 07시,금요일,경상북도 경산시 삼북동,경상사고,0,0,1,0,차대차 - 측면충돌,교차로운행방법위반,건조,맑음,교차로 - 교차로안,이륜,여,44세,경상,화물,남,68세,상해없음
2017102000100157,2017년 10월 20일 08시,금요일,경상북도 김천시 삼락동,중상사고,0,1,0,0,차대사람 - 길가장자리구역통행중,안전운전불이행,기타,맑음,교차로 - 교차로안,화물,남,59세,상해없음,보행자,남,67세,중상
2017102000100158,2017년 10월 20일 08시,금요일,경상북도 영주시 가흥동,경상사고,0,0,1,0,차대차 - 측면충돌,안전운전불이행,건조,맑음,단일로 - 기타,화물,남,56세,상해없음,자전거,남,12세,경상
2017102000100159,2017년 10월 20일 08시,금요일,경상북도 문경시 점촌동,부상신고사고,0,0,0,1,차대차 - 기타,안전운전불이행,건조,맑음,교차로 - 교차로안,이륜,남,58세,부상신고,화물,남,63세,상해없음
2017102000100202,2017년 10월 20일 09시,금요일,경상북도 경주시 외동읍,중상사고,0,1,0,0,차대차 - 기타,안전운전불이행,건조,맑음,교차로 - 교차로안,화물,남,54세,상해없음,승용,여,64세,중상
2017102000100203,2017년 10월 20일 09시,금요일,경상북도 상주시 함창읍,경상사고,0,0,2,0,차대차 - 기타,기타,건조,맑음,단일로 - 기타,화물,남,57세,상해없음,이륜,남,84세,경상
2017102000100204,2017년 10월 20일 09시,금요일,경상북도 구미시 공단동,중상사고,0,1,0,0,차대사람 - 기타,안전운전불이행,건조,맑음,기타 - 기타,승용,남,44세,상해없음,보행자,여,60세,중상
2017102000100237,2017년 10월 20일 10시,금요일,경상북도 안동시 금곡동,경상사고,0,0,2,0,차대차 - 측면충돌,차로위반,건조,맑음,단일로 - 기타,화물,남,76세,상해없음,승용,남,62세,경상
2017102000100238,2017년 10월 20일 10시,금요일,경상북도 안동시 옥동,중상사고,0,1,0,0,차대차 - 기타,안전운전불이행,건조,맑음,교차로 - 교차로안,승용,남,56세,상해없음,자전거,여,69세,중상
2017102000100239,2017년 10월 20일 10시,금요일,경상북도 의성군 가음면,중상사고,0,1,0,0,차대차 - 측면충돌,직진우회전진행방해,건조,맑음,교차로 - 교차로안,농기계,남,79세,상해없음,이륜,남,83세,중상
2017102000100277,2017년 10월 20일 11시,금요일,경상북도 경주시 성건동,중상사고,0,1,0,0,차대차 - 측면충돌,중앙선침범,건조,맑음,단일로 - 기타,승용,남,78세,상해없음,승용,여,43세,중상
2017102000100278,2017년 10월 20일 11시,금요일,경상북도 상주시 복룡동,중상사고,0,1,0,0,차대차 - 기타,안전운전불이행,건조,맑음,단일로 - 기타,화물,남,70세,상해없음,자전거,여,73세,중상
2017102000100315,2017년 10월 20일 12시,금요일,경상북도 영주시 창진동,중상사고,0,1,0,0,차대차 - 측면충돌,안전운전불이행,건조,맑음,단일로 - 기타,승용,남,65세,상해없음,이륜,남,73세,중상
2017102000100355,2017년 10월 20일 13시,금요일,경상북도 경주시 양남면,중상사고,0,1,0,0,차대차 - 측면충돌,안전운전불이행,건조,맑음,교차로 - 교차로안,화물,남,64세,상해없음,이륜,남,79세,중상
2017102000100356,2017년 10월 20일 13시,금요일,경상북도 상주시 서문동,경상사고,0,0,1,0,차대차 - 추돌,안전거리미확보,건조,맑음,교차로 - 교차로부근,승용,남,59세,상해없음,승용,여,60세,경상
2017102000100357,2017년 10월 20일 13시,금요일,경상북도 포항시 남구 대송면,경상사고,0,0,1,0,차대차 - 측면충돌,안전운전불이행,건조,맑음,단일로 - 기타,화물,남,48세,상해없음,기타불명,여,66세,경상
2017102000100358,2017년 10월 20일 13시,금요일,경상북도 포항시 남구 오천읍,경상사고,0,0,1,0,차대차 - 기타,안전운전불이행,건조,맑음,단일로 - 기타,승용,남,67세,상해없음,승용,여,37세,경상
2017102000100396,2017년 10월 20일 14시,금요일,경상북도 상주시 남성동,중상사고,0,1,0,0,차대차 - 측면충돌,교차로운행방법위반,건조,맑음,교차로 - 교차로안,승용,여,34세,상해없음,이륜,남,75세,중상
2017102000100444,2017년 10월 20일 15시,금요일,경상북도 포항시 북구 동빈1가,중상사고,0,1,0,0,차대차 - 측면충돌,직진우회전진행방해,건조,맑음,교차로 - 교차로안,자전거,여,64세,중상,승용,남,62세,상해없음
2017102000100445,2017년 10월 20일 15시,금요일,경상북도 구미시 원평동,중상사고,0,1,0,0,차대차 - 기타,안전운전불이행,건조,맑음,교차로 - 교차로부근,이륜,남,34세,중상,승용,남,70세,상해없음
2017102000100446,2017년 10월 20일 15시,금요일,경상북도 포항시 남구 오천읍,부상신고사고,0,0,0,1,차대사람 - 기타,보행자보호의무위반,건조,맑음,단일로 - 기타,승용,여,48세,상해없음,보행자,남,8세,부상신고
2017102000100491,2017년 10월 20일 16시,금요일,경상북도 안동시 옥동,경상사고,0,0,2,0,차대차 - 후진중충돌,안전운전불이행,건조,맑음,교차로 - 교차로안,승용,남,57세,상해없음,승용,여,32세,경상
2017102000100492,2017년 10월 20일 16시,금요일,경상북도 구미시 공단동,경상사고,0,0,1,0,차대차 - 기타,안전운전불이행,건조,맑음,단일로 - 기타,화물,남,46세,상해없음,화물,남,62세,경상
2017102000100493,2017년 10월 20일 16시,금요일,경상북도 포항시 남구 오천읍,경상사고,0,0,1,0,차대차 - 기타,안전운전불이행,건조,맑음,교차로 - 교차로안,승용,남,48세,상해없음,자전거,남,10세,경상
2017102000100531,2017년 10월 20일 17시,금요일,경상북도 영주시 부석면,경상사고,0,0,2,0,차대차 - 측면충돌,안전운전불이행,건조,맑음,단일로 - 기타,승용,여,45세,상해없음,승용,여,33세,경상
2017102000100532,2017년 10월 20일 17시,금요일,경상북도 경산시 진량읍,경상사고,0,0,1,0,차대사람 - 길가장자리구역통행중,안전운전불이행,건조,맑음,단일로 - 기타,승용,여,57세,상해없음,보행자,남,7세,경상
2017102000100533,2017년 10월 20일 17시,금요일,경상북도 봉화군 물야면,경상사고,0,0,1,0,차대차 - 측면충돌,교차로운행방법위반,건조,맑음,교차로 - 교차로안,화물,여,65세,상해없음,화물,남,68세,경상
2017102000100600,2017년 10월 20일 18시,금요일,경상북도 경주시 강동면,중상사고,0,1,0,0,차대사람 - 기타,안전운전불이행,건조,맑음,단일로 - 기타,승용,남,69세,상해없음,보행자,여,67세,중상
2017102000100601,2017년 10월 20일 18시,금요일,경상북도 경주시 사정동,사망사고,1,0,0,0,차대차 - 측면충돌,안전운전불이행,건조,맑음,교차로 - 교차로부근,화물,남,51세,상해없음,자전거,남,26세,사망
2017102000100602,2017년 10월 20일 18시,금요일,경상북도 포항시 북구 장성동,중상사고,0,1,0,0,차대사람 - 기타,안전운전불이행,건조,맑음,교차로 - 교차로안,승용,남,36세,상해없음,보행자,여,70세,중상
2017102000100603,2017년 10월 20일 18시,금요일,경상북도 안동시 명륜동,경상사고,0,0,1,0,차대차 - 기타,안전운전불이행,건조,맑음,단일로 - 기타,승용,남,59세,상해없음,이륜,남,31세,경상
2017102000100604,2017년 10월 20일 18시,금요일,경상북도 문경시 동로면,경상사고,0,0,1,0,차대사람 - 차도통행중,안전운전불이행,건조,맑음,단일로 - 기타,승용,남,61세,상해없음,보행자,여,65세,경상
2017102000100605,2017년 10월 20일 18시,금요일,경상북도 고령군 다산면,경상사고,0,0,4,0,차대차 - 측면충돌,교차로운행방법위반,건조,맑음,교차로 - 교차로안,화물,여,65세,상해없음,승합,남,63세,상해없음