사고번호,사고일시,요일,시군구,사고내용,사망자수,중상자수,경상자수,부상신고자수,사고유형,법규위반,노면상태,기상상태,도로형태,가해운전자 차종,가해운전자 성별,가해운전자 연령,가해운전자 상해정도,피해운전자 차종,피해운전자 성별,피해운전자 연령,피해운전자 상해정도
2017110600100452,2017년 11월 6일 17시,월요일,경상북도 울진군 죽변면,경상사고,0,0,1,0,차량단독 - 공작물충돌,안전운전불이행,건조,맑음,단일로 - 기타,화물,남,53세,경상,,,,
2017110600100511,2017년 11월 6일 18시,월요일,경상북도 칠곡군 약목면,경상사고,0,0,3,0,차대차 - 측면충돌,안전운전불이행,건조,맑음,단일로 - 기타,화물,여,57세,경상,화물,남,60세,경상
2017110600100512,2017년 11월 6일 18시,월요일,경상북도 영천시 청통면,사망사고,1,0,0,0,차대사람 - 횡단중,보행자보호의무위반,건조,맑음,교차로 - 교차로안,화물,남,55세,상해없음,보행자,여,81세,사망
2017110600100513,2017년 11월 6일 18시,월요일,경상북도 예천군 용궁면,경상사고,0,0,1,0,차대차 - 정면충돌,중앙선침범,건조,맑음,단일로 - 기타,이륜,남,74세,상해없음,농기계,남,79세,경상
2017110600100562,2017년 11월 6일 19시,월요일,경상북도 경주시 동천동,중상사고,0,2,0,0,차대차 - 측면충돌,안전운전불이행,건조,맑음,교차로 - 교차로안,승용,남,37세,상해없음,승용,남,28세,중상
2017110600100563,2017년 11월 6일 19시,월요일,경상북도 포항시 북구 장성동,경상사고,0,0,1,0,차대사람 - 기타,안전운전불이행,건조,맑음,단일로 - 기타,승용,남,23세,상해없음,보행자,남,37세,경상
2017110600100564,2017년 11월 6일 19시,월요일,경상북도 의성군 안계면,중상사고,0,1,0,0,차대차 - 측면충돌,안전운전불이행,건조,맑음,기타 - 기타,승용,남,56세,중상,농기계,남,54세,상해없음
2017110600100565,2017년 11월 6일 19시,월요일,경상북도 경산시 상방동,경상사고,0,0,1,0,차대차 - 기타,안전운전불이행,건조,맑음,단일로 - 기타,승용,남,47세,상해없음,이륜,남,16세,경상
2017110600100589,2017년 11월 6일 20시,월요일,경상북도 포항시 북구 죽도동,중상사고,0,1,0,0,차대사람 - 횡단중,안전운전불이행,건조,맑음,단일로 - 기타,승용,남,68세,상해없음,보행자,남,39세,중상
2017110600100610,2017년 11월 6일 21시,월요일,경상북도 구미시 원평동,중상사고,0,1,0,0,차대차 - 측면충돌,교차로운행방법위반,건조,맑음,교차로 - 교차로부근,이륜,남,23세,상해없음,자전거,남,23세,중상
2017110600100611,2017년 11월 6일 21시,월요일,경상북도 포항시 남구 대도동,경상사고,0,0,1,0,차대차 - 기타,직진우회전진행방해,건조,맑음,교차로 - 교차로안,이륜,남,23세,기타불명,이륜,남,26세,경상
2017110600100644,2017년 11월 6일 23시,월요일,경상북도 경주시 강동면,중상사고,0,4,4,0,차대차 - 추돌,안전운전불이행,건조,맑음,단일로 - 기타,승용,남,25세,중상,승용,남,26세,경상
2017110700100030,2017년 11월 7일 00시,화요일,경상북도 경주시 석장동,부상신고사고,0,0,0,1,차량단독 - 공작물충돌,안전운전불이행,건조,맑음,단일로 - 기타,승용,남,23세,부상신고,,,,
2017110700100031,2017년 11월 7일 00시,화요일,경상북도 구미시 공단동,중상사고,0,1,4,1,차대차 - 기타,안전운전불이행,건조,맑음,단일로 - 교량,승용,여,33세,부상신고,승용,남,36세,중상
2017110700100071,2017년 11월 7일 05시,화요일,경상북도 영천시 오미동,경상사고,0,0,2,0,차대차 - 측면충돌,안전운전불이행,건조,맑음,단일로 - 기타,승용,남,43세,경상,화물,남,60세,경상
2017110700100090,2017년 11월 7일 06시,화요일,경상북도 경주시 충효동,경상사고,0,0,2,0,차대차 - 측면충돌,안전운전불이행,건조,맑음,교차로 - 교차로안,승용,남,24세,상해없음,승용,남,52세,경상
2017110700100113,2017년 11월 7일 07시,화요일,경상북도 포항시 남구 이동,부상신고사고,0,0,0,1,차대차 - 기타,직진우회전진행방해,건조,맑음,교차로 - 교차로안,승용,남,62세,상해없음,건설기계,남,47세,부상신고
2017110700100151,2017년 11월 7일 08시,화요일,경상북도 안동시 대석동,사망사고,1,0,0,0,차대사람 - 보도통행중,안전운전불이행,건조,맑음,단일로 - 기타,승합,여,52세,상해없음,보행자,남,70세,사망
2017110700100152,2017년 11월 7일 08시,화요일,경상북도 청도군 각남면,경상사고,0,0,1,0,차대차 - 기타,안전운전불이행,건조,맑음,교차로 - 교차로안,화물,남,55세,상해없음,원동기,남,77세,경상
2017110700100153,2017년 11월 7일 08시,화요일,경상북도 구미시 양호동,부상신고사고,0,0,0,1,차대차 - 기타,교차로운행방법위반,건조,맑음,교차로 - 교차로안,이륜,남,68세,부상신고,화물,남,67세,상해없음
2017110700100186,2017년 11월 7일 09시,화요일,경상북도 경주시 용강동,경상사고,0,0,1,0,차대차 - 추돌,안전운전불이행,건조,맑음,단일로 - 기타,화물,남,28세,경상,화물,남,57세,상해없음
2017110700100187,2017년 11월 7일 09시,화요일,경상북도 영주시 영주동,중상사고,0,1,0,0,차대차 - 측면충돌,안전운전불이행,건조,맑음,단일로 - 기타,승용,남,68세,상해없음,이륜,여,66세,중상
2017110700100220,2017년 11월 7일 10시,화요일,경상북도 경주시 동천동,경상사고,0,0,2,0,차대차 - 측면충돌,안전운전불이행,건조,맑음,교차로 - 교차로안,승용,남,68세,경상,승용,남,66세,경상
2017110700100221,2017년 11월 7일 10시,화요일,경상북도 포항시 북구 대흥동,중상사고,0,1,0,0,차대사람 - 기타,안전운전불이행,건조,맑음,교차로 - 교차로부근,승용,남,49세,상해없음,보행자,여,62세,중상
2017110700100222,2017년 11월 7일 10시,화요일,경상북도 울진군 울진읍,중상사고,0,1,0,0,차대사람 - 차도통행중,안전운전불이행,건조,맑음,교차로 - 교차로부근,화물,남,45세,상해없음,보행자,남,72세,중상
2017110700100223,2017년 11월 7일 10시,화요일,경상북도 구미시 옥계동,경상사고,0,0,2,0,차대차 - 기타,교차로운행방법위반,건조,맑음,교차로 - 교차로안,화물,여,46세,상해없음,승용,남,32세,경상
2017110700100248,2017년 11월 7일 11시,화요일,경상북도 봉화군 봉화읍,경상사고,0,0,1,0,차대차 - 추돌,안전운전불이행,건조,맑음,단일로 - 기타,화물,남,70세,상해없음,승용,여,56세,경상
2017110700100270,2017년 11월 7일 12시,화요일,경상북도 경산시 진량읍,경상사고,0,0,1,0,차대차 - 측면충돌,중앙선침범,건조,맑음,단일로 - 기타,승용,남,25세,상해없음,승용,남,48세,경상
2017110700100294,2017년 11월 7일 13시,화요일,경상북도 예천군 지보면,사망사고,1,2,0,0,차대차 - 측면충돌,신호위반,건조,맑음,교차로 - 교차로안,승용,남,56세,중상,화물,남,38세,중상
2017110700100323,2017년 11월 7일 14시,화요일,경상북도 구미시 산동면,경상사고,0,0,1,0,차대차 - 측면충돌,중앙선침범,건조,맑음,교차로 - 교차로부근,승용,여,33세,상해없음,화물,남,35세,경상
2017110700100349,2017년 11월 7일 15시,화요일,경상북도 구미시 송정동,중상사고,0,1,0,1,차대차 - 기타,안전거리미확보,건조,맑음,단일로 - 기타,승용,남,46세,부상신고,원동기,남,18세,중상
2017110700100382,2017년 11월 7일 16시,화요일,경상북도 상주시 무양동,경상사고,0,0,1,0,차대차 - 측면충돌,신호위반,건조,맑음,교차로 - 교차로안,승용,여,47세,상해없음,화물,남,45세,경상
2017110700100383,2017년 11월 7일 16시,화요일,경상북도 구미시 구평동,경상사고,0,0,1,0,차대차 - 추돌,안전운전불이행,건조,맑음,단일로 - 기타,승용,남,48세,상해없음,승용,남,40세,경상
2017110700100424,2017년 11월 7일 17시,화요일,경상북도 영천시 야사동,경상사고,0,0,1,0,차대차 - 추돌,안전운전불이행,건조,맑음,교차로 - 교차로부근,승용,여,46세,상해없음,승용,여,35세,경상
2017110700100425,2017년 11월 7일 17시,화요일,경상북도 경산시 옥산동,경상사고,0,0,1,0,차대차 - 기타,교차로운행방법위반,건조,맑음,교차로 - 교차로안,승용,여,30세,상해없음,이륜,남,21세,경상
2017110700100426,2017년 11월 7일 17시,화요일,경상북도 군위군 효령면,경상사고,0,0,1,0,차량단독 - 도로외이탈 - 추락,안전운전불이행,건조,맑음,단일로 - 기타,승용,남,55세,경상,,,,
2017110700100427,2017년 11월 7일 17시,화요일,경상북도 포항시 남구 오천읍,경상사고,0,0,3,0,차대차 - 기타,안전운전불이행,건조,맑음,교차로 - 교차로부근,승용,남,72세,상해없음,승용,남,56세,경상
2017110700100428,2017년 11월 7일 17시,화요일,경상북도 포항시 남구 오천읍,경상사고,0,0,2,0,차대차 - 기타,직진우회전진행방해,건조,맑음,교차로 - 교차로안,승용,여,31세,경상,승용,남,46세,경상
2017110700100487,2017년 11월 7일 18시,화요일,경상북도 포항시 남구 상도동,경상사고,0,0,2,0,차대차 - 측면충돌,안전운전불이행,건조,맑음,교차로 - 교차로부근,화물,남,45세,상해없음,승용,여,43세,경상
2017110700100488,2017년 11월 7일 18시,화요일,경상북도 포항시 남구 해도동,경상사고,0,0,1,0,차대차 - 기타,신호위반,건조,맑음,교차로 - 교차로안,기타불명,기타불명,미분류,기타불명,승용,여,51세,경상
2017110700100531,2017년 11월 7일 19시,화요일,경상북도 안동시 태화동,경상사고,0,0,1,0,차대차 - 기타,안전운전불이행,건조,맑음,교차로 - 교차로안,화물,남,63세,상해없음,승용,여,40세,경상
2017110700100532,2017년 11월 7일 19시,화요일,경상북도 울진군 기성면,중상사고,0,2,0,0,차대차 - 기타,안전운전불이행,건조,맑음,단일로 - 터널,승용,여,29세,중상,승용,남,49세,상해없음
2017110700100608,2017년 11월 7일 21시,화요일,경상북도 김천시 평화동,경상사고,0,0,2,0,차대차 - 기타,안전운전불이행,건조,맑음,단일로 - 기타,승용,남,16세,상해없음,화물,남,55세,경상
2017110700100609,2017년 11월 7일 21시,화요일,경상북도 김천시 부곡동,중상사고,0,1,0,0,차대차 - 기타,안전운전불이행,건조,맑음,교차로 - 교차로안,승용,남,54세,상해없음,이륜,남,19세,중상
2017110700100610,2017년 11월 7일 21시,화요일,경상북도 경산시 와촌면,중상사고,0,1,0,0,차대차 - 측면충돌,안전운전불이행,건조,맑음,단일로 - 기타,승용,남,60세,상해없음,승용,남,48세,중상
2017110700100632,2017년 11월 7일 22시,화요일,경상북도 안동시 태화동,경상사고,0,0,1,0,차대차 - 측면충돌,중앙선침범,건조,맑음,단일로 - 기타,승용,남,58세,상해없음,이륜,남,23세,경상
2017110800100028,2017년 11월 8일 00시,수요일,경상북도 구미시 사곡동,중상사고,0,5,0,0,차대차 - 기타,안전운전불이행,건조,맑음,단일로 - 기타,승용,남,58세,상해없음,승용,남,44세,중상
2017110800100075,2017년 11월 8일 05시,수요일,경상북도 영주시 하망동,중상사고,0,1,1,0,차대차 - 측면충돌,안전운전불이행,건조,맑음,교차로 - 교차로안,이륜,남,70세,중상,승용,남,63세,경상
2017110800100076,2017년 11월 8일 05시,수요일,경상북도 봉화군 법전면,경상사고,0,0,1,0,차대차 - 측면충돌,안전운전불이행,건조,맑음,단일로 - 기타,화물,남,56세,상해없음,승용,여,27세,경상
2017110800100091,2017년 11월 8일 06시,수요일,경상북도 포항시 북구 흥해읍,경상사고,0,0,2,1,차대차 - 추돌,안전거리미확보,건조,맑음,교차로 - 교차로부근,화물,남,45세,부상신고,승용,여,40세,경상
2017110800100092,2017년 11월 8일 06시,수요일,경상북도 구미시 옥계동,부상신고사고,0,0,0,1,차량단독 - 전도전복 - 전도,안전운전불이행,건조,맑음,교차로 - 교차로부근,이륜,남,69세,부상신고,,,,
2017110800100093,2017년 11월 8일 06시,수요일,경상북도 포항시 남구 일월동,중상사고,0,2,0,0,차대사람 - 횡단중,신호위반,건조,맑음,교차로 - 교차로횡단보도내,승용,남,60세,상해없음,보행자,여,70세,중상
2017110800100156,2017년 11월 8일 08시,수요일,경상북도 포항시 북구 우현동,경상사고,0,0,1,0,차대차 - 추돌,안전거리미확보,건조,맑음,단일로 - 기타,승용,남,56세,상해없음,승용,남,54세,경상
2017110800100157,2017년 11월 8일 08시,수요일,경상북도 안동시 운흥동,경상사고,0,0,2,0,차대차 - 측면충돌,신호위반,건조,맑음,교차로 - 교차로안,승용,여,35세,상해없음,승용,여,28세,경상
2017110800100158,2017년 11월 8일 08시,수요일,경상북도 상주시 계산동,경상사고,0,0,2,0,차대차 - 측면충돌,안전운전불이행,건조,맑음,교차로 - 교차로부근,자전거,남,17세,경상,자전거,여,72세,경상
2017110800100159,2017년 11월 8일 08시,수요일,경상북도 영주시 휴천동,경상사고,0,0,1,0,차대차 - 추돌,안전운전불이행,건조,맑음,단일로 - 기타,이륜,남,68세,경상,승용,여,44세,상해없음
2017110800100201,2017년 11월 8일 09시,수요일,경상북도 상주시 화서면,중상사고,0,1,0,0,차대차 - 측면충돌,안전운전불이행,건조,맑음,단일로 - 기타,화물,여,54세,상해없음,이륜,남,86세,중상
2017110800100202,2017년 11월 8일 09시,수요일,경상북도 의성군 금성면,경상사고,0,0,2,0,차대차 - 측면충돌,신호위반,건조,맑음,교차로 - 교차로부근,승용,남,61세,상해없음,화물,남,69세,경상
2017110800100203,2017년 11월 8일 09시,수요일,경상북도 경산시 옥산동,중상사고,0,1,0,0,차대차 - 기타,안전운전불이행,건조,맑음,단일로 - 기타,승용,여,45세,상해없음,자전거,여,53세,중상
2017110800100230,2017년 11월 8일 10시,수요일,경상북도 경주시 안강읍,중상사고,0,1,0,0,차대사람 - 길가장자리구역통행중,중앙선침범,건조,맑음,단일로 - 기타,화물,남,77세,상해없음,보행자,여,61세,중상
2017110800100231,2017년 11월 8일 10시,수요일,경상북도 안동시 와룡면,경상사고,0,0,1,0,차대차 - 측면충돌,중앙선침범,건조,맑음,단일로 - 기타,화물,남,67세,상해없음,승용,여,55세,경상
2017110800100232,2017년 11월 8일 10시,수요일,경상북도 의성군 의성읍,중상사고,0,1,0,0,차대차 - 측면충돌,안전운전불이행,건조,맑음,교차로 - 교차로부근,승용,남,56세,상해없음,이륜,남,85세,중상
2017110800100260,2017년 11월 8일 11시,수요일,경상북도 영덕군 강구면,경상사고,0,0,3,0,차대차 - 추돌,안전거리미확보,건조,맑음,교차로 - 교차로안,화물,남,45세,상해없음,화물,남,74세,경상
2017110800100261,2017년 11월 8일 11시,수요일,경상북도 구미시 원평동,중상사고,0,1,0,0,차대차 - 측면충돌,안전운전불이행,건조,맑음,교차로 - 교차로안,이륜,남,59세,중상,승용,남,32세,상해없음
2017110800100292,2017년 11월 8일 12시,수요일,경상북도 포항시 북구 동빈1가,경상사고,0,0,1,0,차량단독 - 기타,안전운전불이행,건조,맑음,단일로 - 기타,승용,남,65세,상해없음,,,,
2017110800100293,2017년 11월 8일 12시,수요일,경상북도 영주시 휴천동,경상사고,0,0,1,0,차대차 - 측면충돌,교차로운행방법위반,건조,맑음,교차로 - 교차로안,승용,여,56세,상해없음,승용,남,28세,경상
2017110800100325,2017년 11월 8일 13시,수요일,경상북도 경주시 서면,중상사고,0,1,0,0,차대차 - 측면충돌,안전거리미확보,건조,맑음,단일로 - 기타,특수,남,62세,상해없음,승용,여,66세,중상
2017110800100326,2017년 11월 8일 13시,수요일,경상북도 영천시 자양면,사망사고,1,0,0,0,차량단독 - 공작물충돌,안전운전불이행,건조,맑음,단일로 - 기타,화물,남,58세,사망,,,,
2017110800100327,2017년 11월 8일 13시,수요일,경상북도 고령군 대가야읍,경상사고,0,0,1,0,차대사람 - 기타,안전운전불이행,건조,맑음,교차로 - 교차로안,승합,남,64세,상해없음,보행자,남,18세,경상
2017110800100352,2017년 11월 8일 14시,수요일,경상북도 안동시 송현동,경상사고,0,0,1,0,차대차 - 추돌,안전운전불이행,건조,맑음,교차로 - 교차로안,승용,남,39세,상해없음,승용,여,38세,경상
2017110800100353,2017년 11월 8일 14시,수요일,경상북도 영천시 문외동,중상사고,0,1,1,0,차대차 - 측면충돌,교차로운행방법위반,건조,맑음,교차로 - 교차로안,승용,여,48세,경상,승용,남,78세,중상
2017110800100354,2017년 11월 8일 14시,수요일,경상북도 군위군 군위읍,중상사고,0,1,0,0,차대차 - 측면충돌,안전운전불이행,건조,맑음,단일로 - 기타,화물,남,41세,상해없음,이륜,남,83세,중상
2017110800100355,2017년 11월 8일 14시,수요일,경상북도 청송군 부동면,중상사고,0,1,0,0,차대차 - 정면충돌,중앙선침범,건조,맑음,단일로 - 기타,승용,남,76세,상해없음,화물,남,47세,상해없음
2017110800100356,2017년 11월 8일 14시,수요일,경상북도 구미시 황상동,경상사고,0,0,1,0,차대차 - 기타,중앙선침범,건조,맑음,단일로 - 기타,승합,여,49세,상해없음,화물,남,63세,경상
2017110800100357,2017년 11월 8일 14시,수요일,경상북도 포항시 남구 대도동,경상사고,0,0,1,0,차대차 - 측면충돌,안전거리미확보,건조,맑음,단일로 - 기타,건설기계,남,38세,상해없음,승용,남,46세,경상
2017110800100389,2017년 11월 8일 15시,수요일,경상북도 안동시 성곡동,경상사고,0,0,2,0,차대차 - 추돌,안전운전불이행,건조,맑음,교차로 - 교차로부근,승용,여,50세,기타불명,승용,남,48세,경상
2017110800100390,2017년 11월 8일 15시,수요일,경상북도 안동시 태화동,경상사고,0,0,1,0,차대차 - 측면충돌,안전운전불이행,건조,맑음,단일로 - 기타,승용,여,37세,상해없음,자전거,남,72세,경상
2017110800100391,2017년 11월 8일 15시,수요일,경상북도 김천시 모암동,경상사고,0,0,2,0,차대차 - 측면충돌,안전운전불이행,건조,맑음,단일로 - 기타,승용,남,37세,상해없음,승용,여,60세,경상
2017110800100392,2017년 11월 8일 15시,수요일,경상북도 의성군 가음면,경상사고,0,0,1,0,차대차 - 측면충돌,안전운전불이행,건조,맑음,단일로 - 기타,건설기계,남,44세,상해없음,자전거,남,79세,경상
2017110800100431,2017년 11월 8일 16시,수요일,경상북도 성주군 수륜면,중상사고,0,1,0,0,차대사람 - 차도통행중,안전운전불이행,건조,맑음,기타 - 기타,건설기계,남,55세,상해없음,보행자,여,71세,중상
2017110800100487,2017년 11월 8일 17시,수요일,경상북도 안동시 수상동,경상사고,0,0,1,0,차대차 - 기타,안전운전불이행,건조,맑음,단일로 - 기타,이륜,여,25세,경상,건설기계,남,58세,상해없음
2017110800100488,2017년 11월 8일 17시,수요일,경상북도 예천군 예천읍,중상사고,0,1,1,0,차대차 - 측면충돌,과속,건조,맑음,교차로 - 교차로안,화물,남,52세,상해없음,승용,남,69세,경상
2017110800100540,2017년 11월 8일 18시,수요일,경상북도 포항시 북구 신흥동,경상사고,0,0,1,0,차대차 - 측면충돌,차로위반,건조,맑음,단일로 - 기타,승용,여,45세,기타불명,승용,여,28세,경상
2017110800100541,2017년 11월 8일 18시,수요일,경상북도 경산시 하양읍,경상사고,0,0,4,0,차대차 - 측면충돌,신호위반,건조,맑음,교차로 - 교차로안,승용,남,62세,상해없음,화물,남,31세,경상
2017110800100542,2017년 11월 8일 18시,수요일,경상북도 군위군 효령면,중상사고,0,1,0,0,차대차 - 기타,안전운전불이행,건조,맑음,단일로 - 기타,화물,남,60세,상해없음,농기계,남,72세,중상
2017110800100589,2017년 11월 8일 19시,수요일,경상북도 김천시 덕곡동,경상사고,0,0,1,0,차대차 - 추돌,안전운전불이행,건조,맑음,교차로 - 교차로부근,화물,남,56세,상해없음,승용,남,28세,경상
2017110800100590,2017년 11월 8일 19시,수요일,경상북도 구미시 구평동,사망사고,1,0,0,0,차대차 - 측면충돌,신호위반,건조,맑음,교차로 - 교차로부근,자전거,남,58세,사망,승용,여,34세,상해없음
2017110800100591,2017년 11월 8일 19시,수요일,경상북도 포항시 남구 해도동,경상사고,0,0,1,0,차대차 - 기타,안전운전불이행,건조,맑음,교차로 - 교차로부근,승용,남,27세,상해없음,승용,남,36세,경상
2017110800100625,2017년 11월 8일 20시,수요일,경상북도 영천시 오수동,중상사고,0,1,2,0,차대차 - 측면충돌,불법유턴,건조,맑음,교차로 - 교차로부근,승용,남,30세,경상,승용,남,60세,중상
2017110800100665,2017년 11월 8일 21시,수요일,경상북도 안동시 옥동,경상사고,0,0,2,0,차대차 - 측면충돌,안전운전불이행,건조,맑음,단일로 - 기타,승용,남,33세,상해없음,승용,남,25세,경상
2017110800100666,2017년 11월 8일 21시,수요일,경상북도 경산시 남천면,중상사고,0,1,0,0,차량단독 - 기타,안전운전불이행,건조,맑음,단일로 - 기타,승용,여,58세,중상,,,,
2017110800100688,2017년 11월 8일 22시,수요일,경상북도 울진군 울진읍,중상사고,0,1,0,0,차대차 - 측면충돌,안전운전불이행,건조,맑음,단일로 - 기타,승용,남,39세,상해없음,승용,여,55세,중상
2017110800100706,2017년 11월 8일 23시,수요일,경상북도 울진군 매화면,중상사고,0,1,0,0,차량단독 - 도로외이탈 - 기타,안전운전불이행,건조,맑음,단일로 - 기타,승용,남,49세,상해없음,,,,
2017110900100030,2017년 11월 9일 00시,목요일,경상북도 안동시 정하동,경상사고,0,0,1,0,차대차 - 측면충돌,안전운전불이행,건조,맑음,교차로 - 교차로안,승용,남,35세,상해없음,승용,남,39세,경상
2017110900100042,2017년 11월 9일 01시,목요일,경상북도 포항시 남구 대도동,경상사고,0,0,1,0,차대사람 - 기타,안전운전불이행,건조,맑음,교차로 - 교차로부근,승용,남,29세,상해없음,보행자,여,45세,경상
2017110900100055,2017년 11월 9일 03시,목요일,경상북도 울진군 후포면,사망사고,1,0,0,0,차량단독 - 공작물충돌,안전운전불이행,건조,맑음,주차장 - 주차장,화물,남,40세,사망,,,,
2017110900100062,2017년 11월 9일 04시,목요일,경상북도 김천시 아포읍,중상사고,0,1,2,0,차대차 - 측면충돌,안전운전불이행,건조,맑음,교차로 - 교차로부근,승용,남,49세,상해없음,승용,남,63세,경상
2017110900100108,2017년 11월 9일 07시,목요일,경상북도 경주시 양북면,경상사고,0,0,1,0,차대차 - 측면충돌,안전운전불이행,건조,맑음,교차로 - 교차로안,화물,여,62세,상해없음,승합,남,52세,경상
2017110900100109,2017년 11월 9일 07시,목요일,경상북도 경주시 외동읍,중상사고,0,1,0,0,차대사람 - 길가장자리구역통행중,안전운전불이행,건조,맑음,단일로 - 기타,승용,여,52세,상해없음,보행자,남,79세,중상
2017110900100110,2017년 11월 9일 07시,목요일,경상북도 구미시 황상동,경상사고,0,0,1,0,차대차 - 측면충돌,안전운전불이행,건조,맑음,단일로 - 기타,화물,남,55세,상해없음,승용,남,41세,경상
2017110900100144,2017년 11월 9일 08시,목요일,경상북도 경주시 현곡면,경상사고,0,0,2,0,차대차 - 기타,안전운전불이행,건조,맑음,교차로 - 교차로안,승용,여,51세,상해없음,승용,여,49세,경상
2017110900100145,2017년 11월 9일 08시,목요일,경상북도 영주시 단산면,중상사고,0,1,0,0,차대사람 - 길가장자리구역통행중,안전운전불이행,건조,맑음,단일로 - 기타,화물,남,57세,상해없음,보행자,남,90세 이상,중상
2017110900100146,2017년 11월 9일 08시,목요일,경상북도 영천시 망정동,경상사고,0,0,3,0,차대차 - 정면충돌,중앙선침범,건조,맑음,단일로 - 기타,승합,남,34세,상해없음,승용,여,33세,경상
2017110900100147,2017년 11월 9일 08시,목요일,경상북도 구미시 지산동,경상사고,0,0,2,0,차대차 - 기타,안전거리미확보,건조,맑음,단일로 - 기타,승용,여,57세,상해없음,승용,남,34세,경상
2017110900100186,2017년 11월 9일 09시,목요일,경상북도 군위군 군위읍,중상사고,0,1,0,0,차대차 - 측면충돌,안전운전불이행,건조,맑음,교차로 - 교차로부근,특수,남,56세,상해없음,이륜,남,63세,중상
2017110900100187,2017년 11월 9일 09시,목요일,경상북도 포항시 남구 해도동,중상사고,0,1,0,0,차대사람 - 기타,안전운전불이행,건조,맑음,교차로 - 교차로안,화물,남,33세,상해없음,보행자,여,63세,중상
2017110900100222,2017년 11월 9일 10시,목요일,경상북도 상주시 사벌면,중상사고,0,1,0,0,차대차 - 측면충돌,안전운전불이행,건조,맑음,단일로 - 기타,화물,남,52세,상해없음,이륜,남,82세,중상
2017110900100246,2017년 11월 9일 11시,목요일,경상북도 경주시 황오동,경상사고,0,0,1,0,차대차 - 측면충돌,안전운전불이행,건조,맑음,교차로 - 교차로안,승용,남,68세,상해없음,자전거,남,86세,경상
2017110900100276,2017년 11월 9일 12시,목요일,경상북도 칠곡군 석적읍,중상사고,0,1,0,0,차대차 - 기타,신호위반,건조,맑음,교차로 - 교차로안,이륜,남,79세,중상,화물,남,51세,상해없음
2017110900100277,2017년 11월 9일 12시,목요일,경상북도 구미시 송정동,경상사고,0,0,2,0,차대차 - 기타,안전운전불이행,건조,맑음,교차로 - 교차로안,화물,남,46세,상해없음,승용,남,38세,경상
2017110900100298,2017년 11월 9일 13시,목요일,경상북도 경주시 현곡면,경상사고,0,0,1,0,차대사람 - 기타,안전운전불이행,건조,맑음,기타 - 기타,승용,여,30세,상해없음,보행자,남,10세,경상
2017110900100319,2017년 11월 9일 14시,목요일,경상북도 영천시 화남면,중상사고,0,2,0,0,차대차 - 정면충돌,중앙선침범,건조,맑음,단일로 - 기타,화물,남,69세,상해없음,승용,여,45세,중상
2017110900100320,2017년 11월 9일 14시,목요일,경상북도 경산시 용성면,사망사고,1,0,0,0,차량단독 - 전도전복,안전운전불이행,건조,맑음,교차로 - 교차로부근,건설기계,남,56세,사망,미분류,미분류,미분류,미분류
2017110900100321,2017년 11월 9일 14시,목요일,경상북도 경산시 하양읍,경상사고,0,0,3,0,차대차 - 추돌,안전운전불이행,건조,맑음,교차로 - 교차로부근,화물,남,64세,경상,화물,남,67세,경상
2017110900100322,2017년 11월 9일 14시,목요일,경상북도 경산시 자인면,경상사고,0,0,1,0,차량단독 - 기타,안전운전불이행,건조,맑음,단일로 - 지하차도(도로)내,이륜,남,77세,경상,,,,
2017110900100323,2017년 11월 9일 14시,목요일,경상북도 경산시 하양읍,경상사고,0,0,1,0,차대사람 - 기타,안전운전불이행,건조,맑음,주차장 - 주차장,승용,여,21세,상해없음,보행자,남,23세,경상
2017110900100360,2017년 11월 9일 15시,목요일,경상북도 예천군 은풍면,중상사고,0,1,0,0,차대차 - 측면충돌,기타,건조,맑음,교차로 - 교차로안,승용,남,67세,상해없음,사륜오토바이(ATV),여,57세,중상
2017110900100361,2017년 11월 9일 15시,목요일,경상북도 구미시 신평동,부상신고사고,0,0,0,1,차대차 - 기타,안전거리미확보,건조,맑음,교차로 - 교차로부근,자전거,남,66세,부상신고,승용,여,61세,상해없음
2017110900100403,2017년 11월 9일 16시,목요일,경상북도 영주시 봉현면,중상사고,0,1,0,0,차대차 - 측면충돌,안전운전불이행,건조,맑음,교차로 - 교차로안,승용,남,36세,상해없음,화물,남,59세,중상
2017110900100404,2017년 11월 9일 16시,목요일,경상북도 경산시 와촌면,경상사고,0,0,2,0,차대차 - 기타,교차로운행방법위반,건조,맑음,교차로 - 교차로안,승용,남,51세,기타불명,승용,남,27세,경상
2017110900100405,2017년 11월 9일 16시,목요일,경상북도 구미시 임은동,부상신고사고,0,0,0,1,차대차 - 기타,안전운전불이행,건조,맑음,기타 - 기타,자전거,남,9세,부상신고,승용,여,59세,상해없음
2017110900100446,2017년 11월 9일 17시,목요일,경상북도 경주시 강동면,경상사고,0,0,2,0,차대차 - 측면충돌,안전운전불이행,건조,맑음,단일로 - 기타,승용,남,55세,상해없음,승용,남,56세,상해없음
2017110900100447,2017년 11월 9일 17시,목요일,경상북도 상주시 함창읍,중상사고,0,1,0,0,차대차 - 측면충돌,안전운전불이행,건조,맑음,단일로 - 기타,화물,남,60세,상해없음,원동기,여,59세,중상