사고번호,사고일시,요일,시군구,사고내용,사망자수,중상자수,경상자수,부상신고자수,사고유형,법규위반,노면상태,기상상태,도로형태,가해운전자 차종,가해운전자 성별,가해운전자 연령,가해운전자 상해정도,피해운전자 차종,피해운전자 성별,피해운전자 연령,피해운전자 상해정도
2017111200100247,2017년 11월 12일 13시,일요일,경상북도 포항시 남구 상도동,경상사고,0,0,1,0,차대차 - 추돌,안전거리미확보,건조,맑음,교차로 - 교차로부근,승용,남,58세,상해없음,승용,남,66세,경상
2017111200100276,2017년 11월 12일 14시,일요일,경상북도 포항시 북구 신광면,중상사고,0,3,0,0,차대차 - 측면충돌,중앙선침범,건조,맑음,단일로 - 기타,승용,여,56세,중상,화물,남,42세,중상
2017111200100277,2017년 11월 12일 14시,일요일,경상북도 안동시 태화동,경상사고,0,0,1,0,차대차 - 기타,안전운전불이행,건조,맑음,교차로 - 교차로안,자전거,남,54세,경상,승용,남,58세,상해없음
2017111200100278,2017년 11월 12일 14시,일요일,경상북도 고령군 다산면,중상사고,0,1,0,0,차대차 - 측면충돌,안전운전불이행,건조,맑음,단일로 - 기타,원동기,여,12세,상해없음,자전거,남,56세,중상
2017111200100279,2017년 11월 12일 14시,일요일,경상북도 구미시 고아읍,부상신고사고,0,0,0,1,차대차 - 기타,안전운전불이행,건조,맑음,단일로 - 기타,이륜,남,55세,부상신고,승용,여,55세,상해없음
2017111200100280,2017년 11월 12일 14시,일요일,경상북도 구미시 원평동,경상사고,0,0,3,0,차대차 - 측면충돌,안전거리미확보,건조,맑음,단일로 - 기타,승용,남,78세,경상,승용,여,50세,경상
2017111200100315,2017년 11월 12일 15시,일요일,경상북도 고령군 쌍림면,경상사고,0,0,1,0,차대차 - 추돌,안전운전불이행,건조,맑음,단일로 - 기타,승용,남,46세,상해없음,화물,남,48세,경상
2017111200100348,2017년 11월 12일 16시,일요일,경상북도 경주시 충효동,경상사고,0,0,1,0,차대차 - 측면충돌,안전운전불이행,건조,맑음,교차로 - 교차로부근,자전거,남,12세,경상,이륜,남,42세,상해없음
2017111200100349,2017년 11월 12일 16시,일요일,경상북도 구미시 형곡동,경상사고,0,0,1,0,차대차 - 추돌,안전운전불이행,건조,맑음,교차로 - 교차로부근,화물,남,62세,상해없음,승용,남,25세,경상
2017111200100350,2017년 11월 12일 16시,일요일,경상북도 포항시 남구 오천읍,경상사고,0,0,1,0,차대차 - 기타,안전운전불이행,건조,맑음,교차로 - 교차로부근,화물,남,32세,상해없음,화물,남,55세,상해없음
2017111200100383,2017년 11월 12일 17시,일요일,경상북도 김천시 성내동,경상사고,0,0,3,0,차대차 - 측면충돌,안전운전불이행,건조,흐림,교차로 - 교차로안,승용,남,40세,경상,이륜,남,73세,경상
2017111200100384,2017년 11월 12일 17시,일요일,경상북도 포항시 남구 인덕동,경상사고,0,0,2,0,차대차 - 기타,안전운전불이행,건조,맑음,교차로 - 교차로안,자전거,남,27세,경상,이륜,남,22세,경상
2017111200100430,2017년 11월 12일 18시,일요일,경상북도 경주시 건천읍,사망사고,1,0,0,0,차대사람 - 차도통행중,안전운전불이행,건조,맑음,단일로 - 기타,화물,남,71세,상해없음,보행자,남,57세,사망
2017111200100431,2017년 11월 12일 18시,일요일,경상북도 안동시 풍산읍,중상사고,0,1,0,0,차대차 - 추돌,안전운전불이행,건조,맑음,단일로 - 기타,승용,남,53세,중상,건설기계,남,51세,상해없음
2017111200100460,2017년 11월 12일 19시,일요일,경상북도 포항시 남구 오천읍,중상사고,0,1,0,0,차대사람 - 기타,안전운전불이행,건조,맑음,교차로 - 교차로안,승용,남,36세,상해없음,보행자,남,51세,중상
2017111200100493,2017년 11월 12일 20시,일요일,경상북도 영천시 임고면,경상사고,0,0,2,0,차대차 - 측면충돌,교차로운행방법위반,건조,맑음,교차로 - 교차로안,승용,남,61세,상해없음,화물,남,60세,경상
2017111200100548,2017년 11월 12일 22시,일요일,경상북도 포항시 남구 해도동,중상사고,0,1,0,0,차대차 - 측면충돌,중앙선침범,건조,맑음,단일로 - 기타,승용,남,63세,상해없음,이륜,남,30세,중상
2017111200100549,2017년 11월 12일 22시,일요일,경상북도 포항시 남구 인덕동,경상사고,0,0,1,0,차대차 - 측면충돌,안전운전불이행,건조,맑음,교차로 - 교차로부근,승용,남,57세,상해없음,승용,남,42세,경상
2017111200100569,2017년 11월 12일 23시,일요일,경상북도 포항시 북구 용흥동,경상사고,0,0,1,0,차대차 - 기타,신호위반,건조,맑음,교차로 - 교차로안,승용,여,20세,기타불명,승용,남,61세,경상
2017111300100055,2017년 11월 13일 04시,월요일,경상북도 포항시 남구 송도동,경상사고,0,0,1,0,차량단독 - 기타,안전운전불이행,건조,맑음,단일로 - 기타,승용,남,68세,경상,,,,
2017111300100097,2017년 11월 13일 07시,월요일,경상북도 구미시 고아읍,중상사고,0,1,1,0,차대차 - 측면충돌,안전운전불이행,건조,맑음,교차로 - 교차로안,화물,남,46세,경상,승용,여,62세,중상
2017111300100137,2017년 11월 13일 08시,월요일,경상북도 포항시 북구 대신동,경상사고,0,0,1,0,차대차 - 측면충돌,교차로운행방법위반,건조,맑음,교차로 - 교차로안,이륜,남,85세,경상,승용,남,50세,상해없음
2017111300100138,2017년 11월 13일 08시,월요일,경상북도 영주시 하망동,경상사고,0,0,1,0,차대사람 - 기타,안전운전불이행,건조,맑음,주차장 - 주차장,승용,남,48세,상해없음,보행자,여,58세,경상
2017111300100139,2017년 11월 13일 08시,월요일,경상북도 구미시 공단동,경상사고,0,0,1,0,차대차 - 추돌,안전운전불이행,건조,맑음,단일로 - 기타,승용,남,24세,상해없음,승용,남,39세,경상
2017111300100173,2017년 11월 13일 09시,월요일,경상북도 포항시 북구 흥해읍,경상사고,0,0,1,0,차대차 - 측면충돌,교차로운행방법위반,건조,맑음,교차로 - 교차로안,승용,여,54세,상해없음,이륜,남,25세,경상
2017111300100174,2017년 11월 13일 09시,월요일,경상북도 문경시 모전동,중상사고,0,1,0,0,차대차 - 측면충돌,안전운전불이행,건조,맑음,단일로 - 기타,승용,남,70세,상해없음,승용,여,60세,중상
2017111300100175,2017년 11월 13일 09시,월요일,경상북도 경산시 삼북동,경상사고,0,0,1,0,차대차 - 측면충돌,안전운전불이행,건조,맑음,교차로 - 교차로안,승용,여,54세,상해없음,자전거,남,70세,경상
2017111300100208,2017년 11월 13일 10시,월요일,경상북도 경주시 강동면,경상사고,0,0,1,0,차대차 - 추돌,안전운전불이행,건조,맑음,단일로 - 기타,화물,남,46세,상해없음,승용,여,48세,경상
2017111300100209,2017년 11월 13일 10시,월요일,경상북도 포항시 북구 흥해읍,경상사고,0,0,1,0,차대차 - 측면충돌,직진우회전진행방해,건조,맑음,교차로 - 교차로안,승용,남,60세,상해없음,승용,남,37세,경상
2017111300100210,2017년 11월 13일 10시,월요일,경상북도 포항시 남구 대송면,경상사고,0,0,1,0,차대차 - 추돌,안전운전불이행,건조,맑음,교차로 - 교차로부근,화물,남,49세,상해없음,화물,남,53세,상해없음
2017111300100248,2017년 11월 13일 11시,월요일,경상북도 안동시 길안면,경상사고,0,0,1,0,차대차 - 기타,직진우회전진행방해,건조,맑음,교차로 - 교차로안,승용,여,58세,경상,건설기계,남,54세,상해없음
2017111300100249,2017년 11월 13일 11시,월요일,경상북도 상주시 사벌면,중상사고,0,1,0,0,차대차 - 추돌,직진우회전진행방해,건조,맑음,교차로 - 교차로부근,승용,여,34세,상해없음,이륜,여,79세,중상
2017111300100250,2017년 11월 13일 11시,월요일,경상북도 영덕군 창수면,경상사고,0,0,1,0,차량단독 - 공작물충돌,안전운전불이행,건조,맑음,기타 - 기타,이륜,남,85세,경상,,,,
2017111300100279,2017년 11월 13일 12시,월요일,경상북도 포항시 북구 득량동,중상사고,0,1,0,0,차대차 - 기타,안전운전불이행,건조,맑음,단일로 - 기타,원동기,남,69세,중상,승용,여,41세,상해없음
2017111300100280,2017년 11월 13일 12시,월요일,경상북도 영주시 가흥동,경상사고,0,0,3,0,차대차 - 측면충돌,교차로운행방법위반,건조,맑음,교차로 - 교차로안,승용,남,70세,경상,승용,여,33세,경상
2017111300100306,2017년 11월 13일 13시,월요일,경상북도 칠곡군 석적읍,중상사고,0,1,0,1,차대차 - 측면충돌,안전운전불이행,건조,맑음,교차로 - 교차로안,승용,여,25세,부상신고,화물,남,53세,중상
2017111300100333,2017년 11월 13일 14시,월요일,경상북도 상주시 흥각동,경상사고,0,0,2,0,차대차 - 추돌,안전거리미확보,건조,맑음,교차로 - 교차로부근,화물,남,46세,상해없음,화물,남,68세,경상
2017111300100334,2017년 11월 13일 14시,월요일,경상북도 구미시 무을면,중상사고,0,1,0,0,차대차 - 정면충돌,안전운전불이행,건조,맑음,교차로 - 교차로안,화물,남,66세,상해없음,이륜,남,23세,중상
2017111300100365,2017년 11월 13일 15시,월요일,경상북도 경주시 감포읍,경상사고,0,0,1,0,차대차 - 추돌,기타,건조,맑음,교차로 - 교차로안,승용,남,50세,상해없음,승용,남,32세,경상
2017111300100366,2017년 11월 13일 15시,월요일,경상북도 포항시 북구 용흥동,경상사고,0,0,1,0,차대차 - 기타,신호위반,건조,맑음,교차로 - 교차로안,승용,여,37세,상해없음,승용,남,74세,경상
2017111300100367,2017년 11월 13일 15시,월요일,경상북도 김천시 성내동,경상사고,0,0,1,0,차대차 - 측면충돌,안전운전불이행,건조,맑음,단일로 - 기타,이륜,남,75세,경상,승용,여,58세,상해없음
2017111300100368,2017년 11월 13일 15시,월요일,경상북도 청송군 청송읍,경상사고,0,0,2,0,차대차 - 측면충돌,교차로운행방법위반,건조,맑음,교차로 - 교차로안,화물,남,61세,상해없음,화물,남,61세,경상
2017111300100401,2017년 11월 13일 16시,월요일,경상북도 성주군 선남면,중상사고,0,1,0,0,차대차 - 측면충돌,신호위반,건조,맑음,교차로 - 교차로부근,승용,여,22세,상해없음,화물,남,31세,중상
2017111300100449,2017년 11월 13일 17시,월요일,경상북도 안동시 용상동,경상사고,0,0,1,0,차대사람 - 기타,안전운전불이행,건조,맑음,단일로 - 기타,화물,여,61세,기타불명,보행자,여,55세,경상
2017111300100450,2017년 11월 13일 17시,월요일,경상북도 칠곡군 왜관읍,경상사고,0,0,1,1,차대차 - 추돌,안전운전불이행,건조,맑음,교차로 - 교차로부근,승용,남,59세,부상신고,승용,남,32세,경상
2017111300100451,2017년 11월 13일 17시,월요일,경상북도 영양군 영양읍,경상사고,0,0,2,0,차대차 - 측면충돌,교차로운행방법위반,건조,맑음,교차로 - 교차로안,승용,여,67세,상해없음,승용,남,66세,경상
2017111300100504,2017년 11월 13일 18시,월요일,경상북도 경주시 광명동,중상사고,0,4,1,0,차대차 - 측면충돌,중앙선침범,건조,맑음,단일로 - 기타,화물,남,62세,중상,화물,남,60세,중상
2017111300100505,2017년 11월 13일 18시,월요일,경상북도 칠곡군 가산면,경상사고,0,0,1,0,차대사람 - 횡단중,안전운전불이행,건조,맑음,단일로 - 기타,승용,남,39세,상해없음,보행자,여,64세,경상
2017111300100538,2017년 11월 13일 19시,월요일,경상북도 봉화군 상운면,중상사고,0,1,0,1,차대차 - 추돌,안전운전불이행,건조,흐림,단일로 - 기타,승용,남,40세,부상신고,농기계,남,54세,중상
2017111300100565,2017년 11월 13일 20시,월요일,경상북도 포항시 북구 죽도동,중상사고,0,1,1,0,차대차 - 측면충돌,중앙선침범,건조,맑음,교차로 - 교차로안,원동기,남,22세,중상,승용,남,49세,상해없음
2017111300100566,2017년 11월 13일 20시,월요일,경상북도 구미시 공단동,중상사고,0,1,0,0,차대차 - 기타,안전운전불이행,건조,맑음,단일로 - 기타,승용,남,39세,상해없음,자전거,여,29세,중상
2017111300100567,2017년 11월 13일 20시,월요일,경상북도 포항시 남구 송도동,중상사고,0,1,0,0,차대차 - 기타,직진우회전진행방해,건조,맑음,교차로 - 교차로안,승용,남,33세,상해없음,이륜,여,49세,중상
2017111300100639,2017년 11월 13일 22시,월요일,경상북도 군위군 군위읍,사망사고,1,0,1,0,차대차 - 추돌,안전운전불이행,건조,맑음,단일로 - 기타,승용,남,55세,경상,농기계,남,74세,사망
2017111400100027,2017년 11월 14일 00시,화요일,경상북도 김천시 개령면,경상사고,0,0,1,0,차대차 - 기타,중앙선침범,건조,맑음,단일로 - 기타,특수,남,51세,상해없음,승용,남,58세,경상
2017111400100028,2017년 11월 14일 00시,화요일,경상북도 구미시 인의동,경상사고,0,0,3,0,차대차 - 추돌,안전운전불이행,건조,맑음,단일로 - 기타,승용,남,34세,상해없음,승용,남,34세,경상
2017111400100029,2017년 11월 14일 00시,화요일,경상북도 포항시 남구 이동,경상사고,0,0,1,0,차대사람 - 기타,안전운전불이행,건조,맑음,단일로 - 기타,승용,남,23세,상해없음,보행자,남,39세,경상
2017111400100050,2017년 11월 14일 04시,화요일,경상북도 군위군 부계면,중상사고,0,1,1,0,차대차 - 기타,안전운전불이행,건조,맑음,단일로 - 기타,화물,남,47세,중상,특수,남,42세,상해없음
2017111400100061,2017년 11월 14일 05시,화요일,경상북도 포항시 북구 흥해읍,경상사고,0,0,1,0,차대차 - 측면충돌,안전운전불이행,건조,맑음,단일로 - 기타,승용,남,28세,경상,화물,남,61세,상해없음
2017111400100062,2017년 11월 14일 05시,화요일,경상북도 안동시 옥동,경상사고,0,0,1,0,차대사람 - 횡단중,안전운전불이행,건조,맑음,단일로 - 기타,승용,여,31세,상해없음,보행자,남,22세,경상
2017111400100063,2017년 11월 14일 05시,화요일,경상북도 예천군 호명면,중상사고,0,1,0,0,차대사람 - 기타,안전운전불이행,건조,맑음,단일로 - 기타,승용,남,53세,상해없음,보행자,남,17세,중상
2017111400100102,2017년 11월 14일 07시,화요일,경상북도 경산시 압량면,경상사고,0,0,1,0,차대차 - 기타,신호위반,건조,맑음,교차로 - 교차로안,화물,남,66세,상해없음,승용,여,43세,경상
2017111400100139,2017년 11월 14일 08시,화요일,경상북도 구미시 구평동,경상사고,0,0,1,0,차대사람 - 기타,안전운전불이행,건조,맑음,교차로 - 교차로부근,승용,여,35세,상해없음,보행자,남,32세,경상
2017111400100206,2017년 11월 14일 10시,화요일,경상북도 포항시 북구 죽도동,경상사고,0,0,2,0,차대차 - 추돌,안전거리미확보,건조,맑음,단일로 - 기타,승용,남,61세,상해없음,승용,남,74세,상해없음
2017111400100207,2017년 11월 14일 10시,화요일,경상북도 영천시 북안면,경상사고,0,0,1,0,차량단독 - 전도전복,안전운전불이행,건조,맑음,단일로 - 기타,화물,남,62세,경상,미분류,미분류,미분류,미분류
2017111400100208,2017년 11월 14일 10시,화요일,경상북도 영천시 대창면,경상사고,0,0,1,0,차대차 - 기타,안전운전불이행,건조,맑음,단일로 - 기타,화물,남,57세,상해없음,승용,남,28세,경상
2017111400100209,2017년 11월 14일 10시,화요일,경상북도 문경시 모전동,중상사고,0,1,0,1,차대차 - 측면충돌,안전운전불이행,건조,맑음,단일로 - 기타,승용,여,38세,부상신고,승용,남,35세,중상
2017111400100210,2017년 11월 14일 10시,화요일,경상북도 구미시 구포동,경상사고,0,0,1,0,차대차 - 기타,안전거리미확보,건조,맑음,교차로 - 교차로부근,승용,남,62세,상해없음,승용,남,33세,경상
2017111400100211,2017년 11월 14일 10시,화요일,경상북도 고령군 성산면,경상사고,0,0,4,0,차대차 - 기타,안전운전불이행,건조,맑음,단일로 - 기타,화물,남,30세,상해없음,승용,여,58세,경상
2017111400100235,2017년 11월 14일 11시,화요일,경상북도 경주시 서부동,중상사고,0,1,0,0,차대사람 - 차도통행중,안전운전불이행,건조,맑음,교차로 - 교차로부근,이륜,여,40세,상해없음,보행자,여,62세,중상
2017111400100236,2017년 11월 14일 11시,화요일,경상북도 상주시 인봉동,경상사고,0,0,1,0,차대차 - 측면충돌,안전운전불이행,건조,맑음,교차로 - 교차로안,승용,여,52세,상해없음,자전거,남,29세,경상
2017111400100237,2017년 11월 14일 11시,화요일,경상북도 영덕군 영해면,중상사고,0,1,0,0,차대차 - 측면충돌,교차로운행방법위반,건조,맑음,교차로 - 교차로안,승용,여,56세,상해없음,이륜,남,69세,중상
2017111400100258,2017년 11월 14일 12시,화요일,경상북도 경주시 성건동,중상사고,0,1,0,0,차대차 - 측면충돌,안전운전불이행,건조,맑음,교차로 - 교차로안,승용,남,69세,상해없음,이륜,남,31세,중상
2017111400100296,2017년 11월 14일 13시,화요일,경상북도 영주시 봉현면,경상사고,0,0,1,0,차대차 - 기타,안전운전불이행,건조,맑음,단일로 - 기타,화물,남,42세,상해없음,승용,여,34세,경상
2017111400100297,2017년 11월 14일 13시,화요일,경상북도 칠곡군 북삼읍,경상사고,0,0,1,0,차대차 - 측면충돌,안전운전불이행,건조,맑음,단일로 - 기타,승용,여,47세,상해없음,승합,남,59세,상해없음
2017111400100298,2017년 11월 14일 13시,화요일,경상북도 고령군 성산면,부상신고사고,0,0,0,1,차대차 - 기타,중앙선침범,건조,맑음,단일로 - 기타,승용,여,51세,상해없음,승용,여,50세,부상신고
2017111400100332,2017년 11월 14일 14시,화요일,경상북도 의성군 단북면,중상사고,0,1,0,0,차대차 - 측면충돌,중앙선침범,건조,맑음,교차로 - 교차로부근,화물,남,58세,상해없음,이륜,남,82세,중상
2017111400100333,2017년 11월 14일 14시,화요일,경상북도 영천시 북안면,경상사고,0,0,4,0,차대차 - 기타,안전운전불이행,건조,맑음,교차로 - 교차로부근,승용,여,29세,경상,승용,여,40세,경상
2017111400100334,2017년 11월 14일 14시,화요일,경상북도 포항시 남구 연일읍,중상사고,0,1,0,0,차대차 - 측면충돌,직진우회전진행방해,건조,맑음,교차로 - 교차로안,승용,남,53세,상해없음,이륜,남,70세,중상
2017111400100381,2017년 11월 14일 15시,화요일,경상북도 안동시 송현동,중상사고,0,3,5,0,차대차 - 측면충돌,안전운전불이행,건조,맑음,기타 - 기타,승합,남,38세,상해없음,건설기계,남,46세,중상
2017111400100382,2017년 11월 14일 15시,화요일,경상북도 경산시 중방동,경상사고,0,0,1,0,차대차 - 측면충돌,안전운전불이행,건조,맑음,교차로 - 교차로부근,승합,남,59세,상해없음,자전거,남,79세,경상
2017111400100383,2017년 11월 14일 15시,화요일,경상북도 경산시 정평동,중상사고,0,1,0,0,차대사람 - 보도통행중,안전운전불이행,건조,맑음,단일로 - 기타,승합,남,45세,상해없음,보행자,남,79세,중상
2017111400100384,2017년 11월 14일 15시,화요일,경상북도 예천군 개포면,중상사고,0,1,0,0,차대차 - 측면충돌,중앙선침범,건조,맑음,단일로 - 기타,승용,여,44세,상해없음,이륜,남,82세,중상
2017111400100419,2017년 11월 14일 16시,화요일,경상북도 경주시 노동동,경상사고,0,0,3,0,차대차 - 정면충돌,안전운전불이행,건조,맑음,단일로 - 기타,승용,남,63세,경상,승합,남,59세,상해없음
2017111400100454,2017년 11월 14일 17시,화요일,경상북도 경주시 서악동,중상사고,0,1,0,0,차대차 - 측면충돌,안전운전불이행,건조,맑음,교차로 - 교차로부근,승용,남,49세,상해없음,승용,남,27세,중상
2017111400100455,2017년 11월 14일 17시,화요일,경상북도 포항시 남구 동촌동,경상사고,0,0,1,0,차대차 - 기타,신호위반,건조,맑음,교차로 - 교차로안,이륜,남,42세,상해없음,자전거,남,30세,경상
2017111400100456,2017년 11월 14일 17시,화요일,경상북도 포항시 남구 오천읍,경상사고,0,0,2,0,차대차 - 측면충돌,안전운전불이행,건조,맑음,교차로 - 교차로안,승용,여,34세,경상,승합,남,52세,경상
2017111400100506,2017년 11월 14일 18시,화요일,경상북도 칠곡군 석적읍,부상신고사고,0,0,0,1,차대차 - 기타,교차로운행방법위반,건조,맑음,교차로 - 교차로안,승용,여,47세,부상신고,승용,여,23세,상해없음
2017111400100507,2017년 11월 14일 18시,화요일,경상북도 경산시 진량읍,경상사고,0,0,1,0,차대차 - 측면충돌,신호위반,건조,맑음,교차로 - 교차로안,승용,남,19세,상해없음,승용,남,49세,경상
2017111400100508,2017년 11월 14일 18시,화요일,경상북도 포항시 남구 송내동,경상사고,0,0,1,0,차대차 - 측면충돌,안전운전불이행,건조,맑음,교차로 - 교차로부근,승용,남,60세,상해없음,승용,남,60세,경상
2017111400100560,2017년 11월 14일 19시,화요일,경상북도 구미시 구포동,경상사고,0,0,1,1,차대차 - 추돌,안전거리미확보,건조,맑음,단일로 - 기타,원동기,남,38세,부상신고,승용,여,23세,경상
2017111400100561,2017년 11월 14일 19시,화요일,경상북도 구미시 도량동,경상사고,0,0,1,1,차대차 - 측면충돌,안전운전불이행,건조,맑음,교차로 - 교차로안,승용,여,73세,부상신고,승용,남,37세,경상
2017111400100562,2017년 11월 14일 19시,화요일,경상북도 구미시 봉곡동,중상사고,0,1,0,0,차대사람 - 차도통행중,안전운전불이행,건조,맑음,교차로 - 교차로횡단보도내,화물,남,55세,상해없음,보행자,남,8세,중상
2017111400100593,2017년 11월 14일 20시,화요일,경상북도 구미시 금전동,중상사고,0,1,0,0,차대차 - 기타,안전운전불이행,건조,맑음,단일로 - 기타,승용,남,36세,상해없음,이륜,남,54세,중상
2017111400100622,2017년 11월 14일 21시,화요일,경상북도 경주시 광명동,중상사고,0,1,0,0,차대사람 - 횡단중,안전운전불이행,건조,맑음,단일로 - 기타,승용,여,49세,상해없음,보행자,남,46세,중상
2017111400100623,2017년 11월 14일 21시,화요일,경상북도 경주시 건천읍,사망사고,1,0,0,0,차대사람 - 길가장자리구역통행중,안전운전불이행,건조,맑음,단일로 - 기타,화물,여,61세,상해없음,보행자,남,57세,사망
2017111400100624,2017년 11월 14일 21시,화요일,경상북도 칠곡군 왜관읍,경상사고,0,0,2,0,차대차 - 측면충돌,교차로운행방법위반,건조,맑음,교차로 - 교차로안,승용,남,67세,상해없음,승용,남,50세,경상
2017111400100649,2017년 11월 14일 22시,화요일,경상북도 경주시 용강동,경상사고,0,0,1,0,차대차 - 추돌,안전운전불이행,건조,맑음,단일로 - 기타,승용,남,49세,상해없음,이륜,남,45세,경상
2017111400100650,2017년 11월 14일 22시,화요일,경상북도 칠곡군 왜관읍,부상신고사고,0,0,0,1,차대사람 - 길가장자리구역통행중,안전운전불이행,건조,맑음,단일로 - 기타,승용,남,30세,상해없음,보행자,여,15세,부상신고
2017111400100677,2017년 11월 14일 23시,화요일,경상북도 포항시 북구 득량동,중상사고,0,1,0,0,차대사람 - 횡단중,보행자보호의무위반,건조,맑음,교차로 - 교차로횡단보도내,승용,남,50세,상해없음,보행자,여,51세,중상
2017111500100062,2017년 11월 15일 03시,수요일,경상북도 구미시 황상동,경상사고,0,0,4,0,차대차 - 기타,신호위반,건조,맑음,단일로 - 기타,승용,남,27세,상해없음,승용,남,48세,상해없음
2017111500100079,2017년 11월 15일 05시,수요일,경상북도 예천군 호명면,중상사고,0,1,0,0,차대차 - 추돌,안전운전불이행,건조,맑음,단일로 - 기타,승용,여,25세,상해없음,농기계,남,64세,중상
2017111500100096,2017년 11월 15일 06시,수요일,경상북도 포항시 남구 효자동,경상사고,0,0,1,0,차대차 - 추돌,안전운전불이행,건조,맑음,단일로 - 기타,승용,남,52세,상해없음,승용,남,50세,경상
2017111500100153,2017년 11월 15일 08시,수요일,경상북도 경주시 황성동,경상사고,0,0,2,0,차대차 - 측면충돌,안전운전불이행,건조,맑음,교차로 - 교차로안,화물,남,50세,경상,승용,남,62세,경상
2017111500100154,2017년 11월 15일 08시,수요일,경상북도 상주시 함창읍,중상사고,0,1,0,0,차대사람 - 횡단중,안전운전불이행,건조,맑음,단일로 - 기타,승용,여,54세,상해없음,보행자,여,88세,중상
2017111500100155,2017년 11월 15일 08시,수요일,경상북도 구미시 산동면,경상사고,0,0,1,1,차대차 - 기타,안전운전불이행,건조,맑음,교차로 - 교차로안,승용,여,53세,부상신고,승용,남,44세,경상
2017111500100185,2017년 11월 15일 09시,수요일,경상북도 영주시 가흥동,경상사고,0,0,1,0,차대차 - 측면충돌,안전운전불이행,건조,맑음,단일로 - 기타,이륜,남,57세,경상,승용,남,76세,상해없음
2017111500100211,2017년 11월 15일 10시,수요일,경상북도 칠곡군 가산면,중상사고,0,1,2,0,차대차 - 추돌,안전거리미확보,건조,맑음,단일로 - 기타,화물,남,66세,중상,승용,여,31세,경상
2017111500100212,2017년 11월 15일 10시,수요일,경상북도 칠곡군 왜관읍,경상사고,0,0,3,0,차대차 - 측면충돌,안전운전불이행,건조,맑음,교차로 - 교차로안,승용,남,36세,상해없음,승용,여,36세,경상
2017111500100213,2017년 11월 15일 10시,수요일,경상북도 영천시 금호읍,경상사고,0,0,1,0,차대차 - 측면충돌,직진우회전진행방해,건조,맑음,교차로 - 교차로안,승합,남,67세,상해없음,승용,남,43세,경상
2017111500100214,2017년 11월 15일 10시,수요일,경상북도 영덕군 남정면,중상사고,0,1,1,0,차대차 - 측면충돌,안전거리미확보,건조,맑음,단일로 - 기타,승용,남,57세,상해없음,승용,여,58세,중상
2017111500100215,2017년 11월 15일 10시,수요일,경상북도 영덕군 축산면,경상사고,0,0,1,0,차대차 - 측면충돌,직진우회전진행방해,건조,맑음,교차로 - 교차로안,승용,남,30세,상해없음,사륜오토바이(ATV),여,76세,경상
2017111500100216,2017년 11월 15일 10시,수요일,경상북도 구미시 고아읍,경상사고,0,0,2,0,차대차 - 기타,안전운전불이행,건조,맑음,교차로 - 교차로부근,건설기계,남,47세,상해없음,승합,남,63세,경상
2017111500100275,2017년 11월 15일 12시,수요일,경상북도 경주시 동천동,경상사고,0,0,1,0,차대사람 - 길가장자리구역통행중,안전운전불이행,건조,맑음,단일로 - 기타,승용,남,67세,상해없음,보행자,여,37세,경상
2017111500100276,2017년 11월 15일 12시,수요일,경상북도 포항시 북구 학산동,경상사고,0,0,2,0,차대차 - 측면충돌,안전운전불이행,건조,맑음,교차로 - 교차로부근,승용,여,51세,상해없음,승용,남,61세,상해없음
2017111500100277,2017년 11월 15일 12시,수요일,경상북도 안동시 용상동,경상사고,0,0,1,0,차대차 - 후진중충돌,안전운전불이행,건조,맑음,교차로 - 교차로부근,승용,남,67세,상해없음,승용,남,58세,경상
2017111500100278,2017년 11월 15일 12시,수요일,경상북도 칠곡군 약목면,부상신고사고,0,0,0,1,차대차 - 측면충돌,안전운전불이행,건조,맑음,교차로 - 교차로부근,이륜,남,54세,부상신고,승합,여,61세,상해없음
2017111500100361,2017년 11월 15일 14시,수요일,경상북도 문경시 점촌동,경상사고,0,0,2,0,차대차 - 후진중충돌,안전운전불이행,건조,맑음,교차로 - 교차로안,화물,남,58세,상해없음,승용,남,38세,경상
2017111500100362,2017년 11월 15일 14시,수요일,경상북도 고령군 운수면,경상사고,0,0,1,0,차대차 - 측면충돌,신호위반,건조,맑음,교차로 - 교차로안,승용,여,44세,상해없음,승용,여,54세,경상
2017111500100398,2017년 11월 15일 15시,수요일,경상북도 경주시 용강동,경상사고,0,0,1,0,차대차 - 기타,안전운전불이행,건조,맑음,단일로 - 기타,승용,여,44세,상해없음,승용,여,54세,경상
2017111500100399,2017년 11월 15일 15시,수요일,경상북도 경주시 인왕동,중상사고,0,1,0,0,차대사람 - 차도통행중,안전운전불이행,건조,맑음,교차로 - 교차로부근,화물,남,37세,상해없음,보행자,남,83세,중상
2017111500100400,2017년 11월 15일 15시,수요일,경상북도 경주시 인왕동,중상사고,0,1,0,0,차대사람 - 길가장자리구역통행중,안전운전불이행,건조,맑음,단일로 - 기타,자전거,여,18세,상해없음,보행자,여,46세,중상
2017111500100401,2017년 11월 15일 15시,수요일,경상북도 상주시 함창읍,경상사고,0,0,1,0,차대차 - 추돌,안전거리미확보,건조,맑음,교차로 - 교차로부근,건설기계,남,59세,상해없음,승용,여,52세,경상