사고번호,사고일시,요일,시군구,사고내용,사망자수,중상자수,경상자수,부상신고자수,사고유형,법규위반,노면상태,기상상태,도로형태,가해운전자 차종,가해운전자 성별,가해운전자 연령,가해운전자 상해정도,피해운전자 차종,피해운전자 성별,피해운전자 연령,피해운전자 상해정도
2017111800100509,2017년 11월 18일 17시,토요일,경상북도 경산시 사정동,경상사고,0,0,1,0,차대차 - 후진중충돌,안전운전불이행,건조,맑음,교차로 - 교차로안,승용,여,38세,상해없음,승용,여,53세,경상
2017111800100510,2017년 11월 18일 17시,토요일,경상북도 울진군 울진읍,중상사고,0,1,0,0,차대차 - 측면충돌,교차로운행방법위반,건조,맑음,교차로 - 교차로안,승용,남,62세,상해없음,화물,남,49세,중상
2017111800100547,2017년 11월 18일 18시,토요일,경상북도 포항시 북구 양덕동,중상사고,0,1,3,0,차대차 - 정면충돌,신호위반,건조,맑음,교차로 - 교차로안,이륜,남,52세,중상,승용,남,37세,경상
2017111800100587,2017년 11월 18일 19시,토요일,경상북도 경주시 동천동,경상사고,0,0,1,0,차대사람 - 차도통행중,안전운전불이행,건조,맑음,교차로 - 교차로안,승용,여,44세,상해없음,보행자,여,55세,경상
2017111800100614,2017년 11월 18일 20시,토요일,경상북도 구미시 산동면,경상사고,0,0,2,0,차대차 - 측면충돌,안전운전불이행,건조,맑음,교차로 - 교차로안,승용,남,32세,상해없음,승용,남,59세,경상
2017111800100646,2017년 11월 18일 21시,토요일,경상북도 경산시 진량읍,경상사고,0,0,1,0,차대사람 - 기타,보행자보호의무위반,건조,맑음,교차로 - 교차로횡단보도내,승용,남,21세,상해없음,보행자,남,27세,경상
2017111800100673,2017년 11월 18일 22시,토요일,경상북도 포항시 북구 장성동,중상사고,0,1,2,0,차대차 - 측면충돌,신호위반,건조,맑음,교차로 - 교차로안,승용,여,38세,중상,승용,여,58세,경상
2017111800100674,2017년 11월 18일 22시,토요일,경상북도 칠곡군 왜관읍,경상사고,0,0,1,0,차대차 - 기타,안전운전불이행,건조,맑음,단일로 - 기타,승용,남,31세,상해없음,이륜,남,17세,경상
2017111800100694,2017년 11월 18일 23시,토요일,경상북도 구미시 송정동,중상사고,0,1,0,0,차대사람 - 기타,안전운전불이행,건조,맑음,단일로 - 기타,승용,남,26세,상해없음,보행자,남,29세,중상
2017111900100039,2017년 11월 19일 01시,일요일,경상북도 경주시 동천동,중상사고,0,2,0,0,차대차 - 측면충돌,안전운전불이행,건조,맑음,교차로 - 교차로안,승용,남,24세,중상,승용,여,36세,중상
2017111900100040,2017년 11월 19일 01시,일요일,경상북도 포항시 남구 대도동,경상사고,0,0,1,0,차대차 - 추돌,안전운전불이행,건조,맑음,단일로 - 기타,승용,남,22세,상해없음,승용,남,59세,경상
2017111900100081,2017년 11월 19일 05시,일요일,경상북도 군위군 군위읍,경상사고,0,0,2,0,차대차 - 측면충돌,기타,건조,맑음,단일로 - 기타,기타불명,기타불명,미분류,기타불명,승용,남,27세,경상
2017111900100110,2017년 11월 19일 08시,일요일,경상북도 성주군 성주읍,중상사고,0,1,0,0,차대차 - 측면충돌,안전운전불이행,건조,맑음,교차로 - 교차로안,화물,남,64세,상해없음,이륜,남,61세,중상
2017111900100124,2017년 11월 19일 09시,일요일,경상북도 안동시 안흥동,경상사고,0,0,1,0,차대차 - 측면충돌,안전운전불이행,건조,맑음,교차로 - 교차로안,승용,여,38세,경상,승용,남,65세,상해없음
2017111900100125,2017년 11월 19일 09시,일요일,경상북도 청송군 현동면,중상사고,0,1,2,0,차대차 - 측면충돌,안전운전불이행,건조,맑음,단일로 - 기타,승용,남,67세,경상,승용,남,71세,경상
2017111900100169,2017년 11월 19일 11시,일요일,경상북도 경산시 평산동,중상사고,0,1,2,0,차대차 - 기타,교차로운행방법위반,건조,맑음,교차로 - 교차로안,승용,여,25세,상해없음,승용,남,42세,중상
2017111900100170,2017년 11월 19일 11시,일요일,경상북도 영양군 석보면,경상사고,0,0,3,0,차대차 - 후진중충돌,안전운전불이행,건조,맑음,단일로 - 기타,화물,남,57세,상해없음,승용,남,63세,경상
2017111900100171,2017년 11월 19일 11시,일요일,경상북도 구미시 구평동,경상사고,0,0,1,0,차대차 - 기타,안전운전불이행,건조,맑음,단일로 - 기타,승용,남,43세,상해없음,승용,남,30세,경상
2017111900100172,2017년 11월 19일 11시,일요일,경상북도 포항시 남구 대잠동,경상사고,0,0,3,0,차대차 - 기타,신호위반,건조,맑음,교차로 - 교차로안,승용,남,33세,상해없음,승합,남,57세,경상
2017111900100198,2017년 11월 19일 12시,일요일,경상북도 경주시 현곡면,중상사고,0,1,0,0,차량단독 - 전도전복,안전운전불이행,건조,맑음,교차로 - 교차로부근,사륜오토바이(ATV),여,76세,중상,미분류,미분류,미분류,미분류
2017111900100199,2017년 11월 19일 12시,일요일,경상북도 경주시 황남동,경상사고,0,0,4,0,차대차 - 측면충돌,안전운전불이행,건조,맑음,교차로 - 교차로안,승용,남,43세,상해없음,승용,남,46세,경상
2017111900100200,2017년 11월 19일 12시,일요일,경상북도 안동시 태화동,경상사고,0,0,1,0,차대차 - 기타,안전운전불이행,건조,맑음,단일로 - 기타,승용,여,52세,상해없음,이륜,남,26세,경상
2017111900100225,2017년 11월 19일 13시,일요일,경상북도 고령군 대가야읍,경상사고,0,0,4,0,차대차 - 측면충돌,중앙선침범,건조,맑음,단일로 - 기타,화물,남,75세,상해없음,승용,남,35세,경상
2017111900100295,2017년 11월 19일 15시,일요일,경상북도 경주시 도지동,경상사고,0,0,1,0,차대차 - 기타,안전운전불이행,건조,맑음,교차로 - 교차로부근,승용,남,21세,기타불명,승용,남,26세,경상
2017111900100326,2017년 11월 19일 16시,일요일,경상북도 경산시 자인면,중상사고,0,2,0,0,차대차 - 기타,안전운전불이행,건조,맑음,단일로 - 기타,화물,남,58세,상해없음,원동기,남,19세,중상
2017111900100358,2017년 11월 19일 17시,일요일,경상북도 경주시 안강읍,중상사고,0,1,0,0,차대차 - 정면충돌,중앙선침범,건조,맑음,단일로 - 기타,승용,남,60세,상해없음,화물,남,65세,중상
2017111900100359,2017년 11월 19일 17시,일요일,경상북도 안동시 서후면,경상사고,0,0,1,0,차대차 - 기타,안전운전불이행,건조,맑음,교차로 - 교차로부근,승용,남,65세,상해없음,승용,여,59세,경상
2017111900100388,2017년 11월 19일 18시,일요일,경상북도 구미시 진평동,부상신고사고,0,0,0,1,차대차 - 측면충돌,안전운전불이행,건조,맑음,교차로 - 교차로안,이륜,여,48세,부상신고,승용,남,51세,상해없음
2017111900100416,2017년 11월 19일 19시,일요일,경상북도 안동시 태화동,경상사고,0,0,2,0,차대차 - 추돌,안전운전불이행,건조,맑음,단일로 - 기타,화물,남,50세,상해없음,승용,남,46세,경상
2017111900100417,2017년 11월 19일 19시,일요일,경상북도 칠곡군 석적읍,경상사고,0,0,2,0,차대차 - 측면충돌,안전운전불이행,건조,맑음,단일로 - 기타,승용,남,27세,상해없음,승용,남,24세,경상
2017111900100418,2017년 11월 19일 19시,일요일,경상북도 구미시 원평동,경상사고,0,0,1,0,차대사람 - 기타,안전운전불이행,건조,맑음,단일로 - 기타,승용,남,22세,상해없음,보행자,여,14세,경상
2017111900100419,2017년 11월 19일 19시,일요일,경상북도 포항시 남구 효자동,경상사고,0,0,2,0,차대차 - 추돌,안전운전불이행,건조,맑음,교차로 - 교차로부근,화물,남,55세,상해없음,승용,남,35세,경상
2017111900100451,2017년 11월 19일 20시,일요일,경상북도 구미시 인의동,경상사고,0,0,1,0,차대차 - 기타,안전운전불이행,건조,맑음,단일로 - 기타,기타불명,기타불명,미분류,기타불명,이륜,남,30세,경상
2017111900100500,2017년 11월 19일 22시,일요일,경상북도 포항시 북구 장성동,중상사고,0,1,0,0,차대사람 - 차도통행중,안전운전불이행,건조,맑음,단일로 - 기타,이륜,남,17세,상해없음,보행자,남,57세,중상
2017111900100501,2017년 11월 19일 22시,일요일,경상북도 경산시 하양읍,중상사고,0,1,0,0,차대차 - 측면충돌,안전운전불이행,건조,맑음,단일로 - 기타,승용,남,38세,상해없음,승합,남,47세,상해없음
2017111900100515,2017년 11월 19일 23시,일요일,경상북도 포항시 남구 대도동,경상사고,0,0,2,0,차대차 - 추돌,안전운전불이행,건조,맑음,단일로 - 기타,승용,남,44세,상해없음,승용,남,56세,경상
2017112000100104,2017년 11월 20일 06시,월요일,경상북도 영천시 교촌동,중상사고,0,1,0,0,차대차 - 측면충돌,중앙선침범,건조,맑음,교차로 - 교차로부근,원동기,남,60세,중상,승합,남,62세,상해없음
2017112000100105,2017년 11월 20일 06시,월요일,경상북도 경산시 옥산동,경상사고,0,0,1,0,차대차 - 측면충돌,신호위반,건조,맑음,교차로 - 교차로안,승용,남,56세,상해없음,승용,남,32세,경상
2017112000100106,2017년 11월 20일 06시,월요일,경상북도 영덕군 남정면,경상사고,0,0,1,0,차대차 - 측면충돌,안전운전불이행,건조,맑음,단일로 - 기타,특수,남,55세,상해없음,승용,남,56세,경상
2017112000100133,2017년 11월 20일 07시,월요일,경상북도 포항시 북구 우현동,경상사고,0,0,3,0,차대차 - 추돌,안전거리미확보,건조,맑음,단일로 - 기타,화물,남,29세,상해없음,승용,남,54세,경상
2017112000100134,2017년 11월 20일 07시,월요일,경상북도 안동시 법흥동,중상사고,0,1,0,0,차대차 - 측면충돌,신호위반,건조,맑음,교차로 - 교차로안,승용,남,47세,상해없음,자전거,남,59세,중상
2017112000100135,2017년 11월 20일 07시,월요일,경상북도 안동시 광석동,경상사고,0,0,1,0,차대사람 - 기타,보행자보호의무위반,건조,맑음,단일로 - 기타,승용,남,69세,상해없음,보행자,남,25세,경상
2017112000100136,2017년 11월 20일 07시,월요일,경상북도 성주군 벽진면,중상사고,0,1,0,0,차량단독 - 공작물충돌,안전운전불이행,건조,맑음,단일로 - 기타,승용,여,59세,중상,,,,
2017112000100195,2017년 11월 20일 08시,월요일,경상북도 포항시 북구 용흥동,경상사고,0,0,1,0,차대차 - 측면충돌,교차로운행방법위반,건조,맑음,교차로 - 교차로부근,승용,여,66세,상해없음,승용,남,61세,경상
2017112000100196,2017년 11월 20일 08시,월요일,경상북도 상주시 무양동,경상사고,0,0,1,0,차대차 - 측면충돌,불법유턴,건조,맑음,교차로 - 교차로안,승용,남,48세,상해없음,승용,남,50세,상해없음
2017112000100197,2017년 11월 20일 08시,월요일,경상북도 칠곡군 왜관읍,경상사고,0,0,1,1,차대차 - 측면충돌,직진우회전진행방해,건조,맑음,교차로 - 교차로안,화물,남,66세,부상신고,화물,남,53세,경상
2017112000100198,2017년 11월 20일 08시,월요일,경상북도 영천시 신령면,중상사고,0,1,1,0,차대차 - 측면충돌,안전운전불이행,건조,맑음,교차로 - 교차로안,승용,여,56세,중상,승용,여,71세,경상
2017112000100199,2017년 11월 20일 08시,월요일,경상북도 구미시 산동면,경상사고,0,0,1,0,차대차 - 기타,안전운전불이행,건조,맑음,교차로 - 교차로안,승용,여,46세,상해없음,승용,남,39세,경상
2017112000100227,2017년 11월 20일 09시,월요일,경상북도 문경시 흥덕동,중상사고,0,1,0,0,차대사람 - 차도통행중,안전운전불이행,건조,맑음,단일로 - 기타,승용,여,41세,상해없음,보행자,남,74세,중상
2017112000100228,2017년 11월 20일 09시,월요일,경상북도 예천군 호명면,경상사고,0,0,1,0,차대차 - 측면충돌,안전거리미확보,건조,맑음,단일로 - 기타,건설기계,남,41세,상해없음,승용,남,39세,경상
2017112000100229,2017년 11월 20일 09시,월요일,경상북도 청송군 청송읍,경상사고,0,0,3,0,차대차 - 정면충돌,중앙선침범,건조,맑음,단일로 - 기타,승용,여,61세,경상,승용,남,73세,경상
2017112000100230,2017년 11월 20일 09시,월요일,경상북도 구미시 구평동,경상사고,0,0,1,0,차대차 - 기타,신호위반,건조,맑음,교차로 - 교차로안,승용,여,37세,상해없음,승용,남,32세,경상
2017112000100266,2017년 11월 20일 10시,월요일,경상북도 안동시 광석동,경상사고,0,0,1,0,차대차 - 후진중충돌,안전운전불이행,건조,맑음,단일로 - 기타,승용,여,60세,상해없음,승용,여,54세,상해없음
2017112000100267,2017년 11월 20일 10시,월요일,경상북도 영양군 영양읍,사망사고,1,0,0,0,차대사람 - 보도통행중,기타,건조,맑음,단일로 - 기타,승용,남,74세,상해없음,보행자,여,77세,사망
2017112000100293,2017년 11월 20일 11시,월요일,경상북도 경주시 천군동,중상사고,0,2,1,0,차대차 - 측면충돌,안전운전불이행,건조,맑음,교차로 - 교차로안,승용,남,27세,중상,승용,남,66세,상해없음
2017112000100294,2017년 11월 20일 11시,월요일,경상북도 칠곡군 북삼읍,중상사고,0,1,2,0,차대차 - 추돌,안전운전불이행,건조,맑음,교차로 - 교차로부근,화물,남,58세,상해없음,화물,남,68세,경상
2017112000100295,2017년 11월 20일 11시,월요일,경상북도 경산시 사동,경상사고,0,0,1,0,차대차 - 기타,안전운전불이행,건조,맑음,단일로 - 기타,승합,여,51세,상해없음,승용,여,32세,경상
2017112000100331,2017년 11월 20일 12시,월요일,경상북도 영천시 문외동,경상사고,0,0,4,0,차대차 - 측면충돌,직진우회전진행방해,건조,맑음,교차로 - 교차로안,승용,남,24세,경상,화물,남,55세,경상
2017112000100332,2017년 11월 20일 12시,월요일,경상북도 군위군 군위읍,중상사고,0,1,0,0,차대차 - 측면충돌,안전운전불이행,건조,맑음,교차로 - 교차로안,화물,남,61세,상해없음,원동기,여,65세,중상
2017112000100333,2017년 11월 20일 12시,월요일,경상북도 구미시 사곡동,경상사고,0,0,1,1,차대차 - 측면충돌,교차로운행방법위반,건조,맑음,교차로 - 교차로안,승용,여,54세,부상신고,승용,남,60세,경상
2017112000100334,2017년 11월 20일 12시,월요일,경상북도 포항시 남구 청림동,경상사고,0,0,2,0,차대차 - 추돌,안전거리미확보,건조,맑음,교차로 - 교차로부근,승용,남,32세,경상,승용,여,25세,경상
2017112000100360,2017년 11월 20일 13시,월요일,경상북도 성주군 성주읍,경상사고,0,0,1,0,차대사람 - 횡단중,안전운전불이행,건조,맑음,교차로 - 교차로횡단보도내,화물,남,58세,상해없음,보행자,여,75세,경상
2017112000100397,2017년 11월 20일 14시,월요일,경상북도 안동시 풍산읍,중상사고,0,1,0,0,차대사람 - 횡단중,안전운전불이행,건조,맑음,단일로 - 기타,승용,여,59세,상해없음,보행자,여,57세,중상
2017112000100398,2017년 11월 20일 14시,월요일,경상북도 청송군 부동면,경상사고,0,0,3,0,차대차 - 측면충돌,중앙선침범,건조,맑음,단일로 - 교량,화물,남,30세,상해없음,승용,남,71세,경상
2017112000100399,2017년 11월 20일 14시,월요일,경상북도 구미시 원평동,중상사고,0,1,0,0,차대차 - 측면충돌,중앙선침범,건조,맑음,단일로 - 기타,승용,여,60세,상해없음,승용,남,48세,중상
2017112000100400,2017년 11월 20일 14시,월요일,경상북도 포항시 남구 해도동,중상사고,0,1,0,0,차대사람 - 기타,안전운전불이행,건조,맑음,단일로 - 기타,화물,남,34세,상해없음,보행자,남,69세,중상
2017112000100438,2017년 11월 20일 15시,월요일,경상북도 성주군 성주읍,경상사고,0,0,1,0,차대차 - 측면충돌,안전운전불이행,건조,맑음,단일로 - 기타,화물,남,62세,상해없음,이륜,남,63세,경상
2017112000100465,2017년 11월 20일 16시,월요일,경상북도 포항시 남구 오천읍,중상사고,0,1,0,0,차대사람 - 길가장자리구역통행중,안전운전불이행,건조,맑음,교차로 - 교차로부근,승용,남,33세,상해없음,보행자,여,63세,중상
2017112000100466,2017년 11월 20일 16시,월요일,경상북도 포항시 남구 대도동,경상사고,0,0,1,0,차대차 - 기타,신호위반,건조,맑음,교차로 - 교차로안,승용,남,50세,상해없음,이륜,남,22세,경상
2017112000100516,2017년 11월 20일 17시,월요일,경상북도 안동시 서후면,경상사고,0,0,3,0,차대차 - 추돌,직진우회전진행방해,건조,맑음,교차로 - 교차로안,화물,남,64세,경상,승합,남,69세,경상
2017112000100517,2017년 11월 20일 17시,월요일,경상북도 청도군 매전면,경상사고,0,0,4,0,차대차 - 추돌,안전운전불이행,건조,맑음,단일로 - 터널,승용,남,62세,상해없음,승용,여,46세,경상
2017112000100518,2017년 11월 20일 17시,월요일,경상북도 구미시 선산읍,중상사고,0,1,0,0,차대차 - 기타,안전운전불이행,건조,맑음,교차로 - 교차로안,화물,남,47세,상해없음,이륜,남,38세,중상
2017112000100519,2017년 11월 20일 17시,월요일,경상북도 포항시 남구 연일읍,부상신고사고,0,0,0,1,차대차 - 측면충돌,직진우회전진행방해,건조,맑음,교차로 - 교차로부근,승용,남,31세,상해없음,자전거,여,49세,부상신고
2017112000100560,2017년 11월 20일 18시,월요일,경상북도 칠곡군 지천면,경상사고,0,0,1,0,차대차 - 기타,안전운전불이행,건조,맑음,단일로 - 기타,승용,남,65세,상해없음,화물,남,67세,경상
2017112000100561,2017년 11월 20일 18시,월요일,경상북도 영천시 오수동,부상신고사고,0,0,0,1,차대사람 - 횡단중,안전운전불이행,건조,맑음,단일로 - 기타,승용,남,84세,상해없음,보행자,남,61세,부상신고
2017112000100562,2017년 11월 20일 18시,월요일,경상북도 문경시 점촌동,중상사고,0,1,0,0,차대차 - 기타,신호위반,건조,맑음,교차로 - 교차로안,승용,남,33세,상해없음,이륜,남,21세,중상
2017112000100616,2017년 11월 20일 19시,월요일,경상북도 경산시 압량면,경상사고,0,0,2,0,차대차 - 기타,안전운전불이행,건조,맑음,단일로 - 기타,승용,남,37세,기타불명,승용,남,29세,경상
2017112000100653,2017년 11월 20일 20시,월요일,경상북도 구미시 옥계동,중상사고,0,1,0,0,차대차 - 기타,안전운전불이행,건조,맑음,단일로 - 기타,승용,여,25세,상해없음,이륜,남,49세,중상
2017112000100685,2017년 11월 20일 21시,월요일,경상북도 포항시 북구 학잠동,중상사고,0,1,0,0,차대사람 - 횡단중,안전운전불이행,건조,맑음,교차로 - 교차로안,승용,여,60세,상해없음,보행자,여,70세,중상
2017112000100686,2017년 11월 20일 21시,월요일,경상북도 포항시 남구 이동,중상사고,0,1,0,0,차대사람 - 길가장자리구역통행중,안전운전불이행,건조,맑음,단일로 - 기타,승용,남,18세,상해없음,보행자,남,58세,중상
2017112000100715,2017년 11월 20일 22시,월요일,경상북도 경산시 백천동,중상사고,0,1,0,0,차대사람 - 기타,안전운전불이행,건조,맑음,단일로 - 기타,승용,여,54세,상해없음,보행자,남,77세,중상
2017112100100056,2017년 11월 21일 01시,화요일,경상북도 포항시 북구 학산동,경상사고,0,0,2,0,차대차 - 측면충돌,신호위반,건조,맑음,교차로 - 교차로안,승용,남,59세,상해없음,승용,남,65세,경상
2017112100100071,2017년 11월 21일 04시,화요일,경상북도 문경시 모전동,사망사고,1,0,0,0,차량단독 - 기타,안전운전불이행,건조,맑음,교차로 - 교차로부근,승합,남,58세,사망,,,,
2017112100100084,2017년 11월 21일 05시,화요일,경상북도 영주시 안정면,부상신고사고,0,0,0,1,차대사람 - 기타,안전운전불이행,건조,맑음,단일로 - 기타,기타불명,기타불명,미분류,기타불명,보행자,남,60세,부상신고
2017112100100085,2017년 11월 21일 05시,화요일,경상북도 구미시 고아읍,중상사고,0,1,0,0,차대차 - 기타,신호위반,건조,맑음,교차로 - 교차로안,승용,남,24세,상해없음,승용,여,37세,중상
2017112100100103,2017년 11월 21일 06시,화요일,경상북도 안동시 풍산읍,경상사고,0,0,1,0,차량단독 - 전도전복,안전운전불이행,건조,맑음,교차로 - 교차로안,승합,남,56세,상해없음,미분류,미분류,미분류,미분류
2017112100100104,2017년 11월 21일 06시,화요일,경상북도 칠곡군 석적읍,경상사고,0,0,1,0,차대차 - 측면충돌,신호위반,건조,맑음,교차로 - 교차로안,승용,남,46세,상해없음,승용,남,49세,경상
2017112100100105,2017년 11월 21일 06시,화요일,경상북도 문경시 모전동,경상사고,0,0,2,0,차대차 - 측면충돌,신호위반,건조,맑음,교차로 - 교차로안,화물,남,60세,상해없음,승용,여,61세,경상
2017112100100106,2017년 11월 21일 06시,화요일,경상북도 포항시 남구 구룡포읍,중상사고,0,1,1,0,차대차 - 기타,중앙선침범,건조,맑음,교차로 - 교차로부근,승용,남,63세,상해없음,승용,남,23세,경상
2017112100100134,2017년 11월 21일 07시,화요일,경상북도 영덕군 강구면,부상신고사고,0,0,0,1,차대차 - 정면충돌,불법유턴,건조,맑음,교차로 - 교차로안,승용,남,35세,부상신고,건설기계,남,61세,상해없음
2017112100100172,2017년 11월 21일 08시,화요일,경상북도 포항시 북구 죽장면,사망사고,1,0,0,0,차량단독 - 기타,기타,건조,맑음,단일로 - 기타,화물,남,71세,사망,,,,
2017112100100173,2017년 11월 21일 08시,화요일,경상북도 안동시 용상동,경상사고,0,0,2,0,차대차 - 기타,안전운전불이행,젖음/습기,안개,교차로 - 교차로부근,승용,남,39세,상해없음,화물,남,46세,경상
2017112100100213,2017년 11월 21일 09시,화요일,경상북도 경산시 중방동,경상사고,0,0,1,0,차대차 - 측면충돌,안전운전불이행,건조,맑음,단일로 - 기타,자전거,남,25세,경상,승용,남,56세,상해없음
2017112100100214,2017년 11월 21일 09시,화요일,경상북도 경산시 사동,중상사고,0,1,0,0,차대차 - 기타,교차로운행방법위반,건조,맑음,교차로 - 교차로안,승용,남,64세,상해없음,승용,남,62세,중상
2017112100100246,2017년 11월 21일 10시,화요일,경상북도 포항시 북구 동빈2가,경상사고,0,0,1,0,차대차 - 정면충돌,안전운전불이행,건조,맑음,교차로 - 교차로안,승용,남,50세,상해없음,승용,남,73세,경상
2017112100100247,2017년 11월 21일 10시,화요일,경상북도 상주시 복룡동,중상사고,0,1,0,0,차대사람 - 차도통행중,안전운전불이행,건조,맑음,단일로 - 기타,화물,남,57세,상해없음,보행자,여,75세,중상
2017112100100278,2017년 11월 21일 11시,화요일,경상북도 포항시 북구 죽장면,중상사고,0,1,0,0,차대차 - 기타,중앙선침범,건조,맑음,단일로 - 기타,건설기계,남,66세,상해없음,화물,남,56세,중상
2017112100100279,2017년 11월 21일 11시,화요일,경상북도 구미시 인의동,경상사고,0,0,1,1,차대차 - 기타,교차로운행방법위반,건조,맑음,교차로 - 교차로안,승용,남,41세,부상신고,이륜,남,41세,경상
2017112100100343,2017년 11월 21일 13시,화요일,경상북도 포항시 북구 흥해읍,경상사고,0,0,3,0,차대차 - 추돌,안전거리미확보,건조,맑음,단일로 - 기타,승용,남,41세,상해없음,승용,남,63세,경상
2017112100100344,2017년 11월 21일 13시,화요일,경상북도 영덕군 축산면,부상신고사고,0,0,0,1,차대차 - 측면충돌,직진우회전진행방해,건조,맑음,교차로 - 교차로안,자전거,여,73세,부상신고,화물,남,61세,상해없음
2017112100100345,2017년 11월 21일 13시,화요일,경상북도 성주군 성주읍,경상사고,0,0,1,0,차대차 - 정면충돌,안전운전불이행,건조,맑음,교차로 - 교차로부근,승용,남,68세,상해없음,화물,여,59세,경상
2017112100100346,2017년 11월 21일 13시,화요일,경상북도 포항시 남구 동해면,경상사고,0,0,2,1,차대차 - 기타,중앙선침범,건조,맑음,단일로 - 기타,화물,남,58세,상해없음,승용,남,67세,부상신고
2017112100100376,2017년 11월 21일 14시,화요일,경상북도 김천시 감문면,경상사고,0,0,1,0,차대차 - 측면충돌,교차로운행방법위반,건조,맑음,교차로 - 교차로안,이륜,남,67세,경상,승용,남,63세,상해없음
2017112100100377,2017년 11월 21일 14시,화요일,경상북도 의성군 의성읍,경상사고,0,0,1,0,차대차 - 측면충돌,안전운전불이행,건조,맑음,교차로 - 교차로안,승용,남,58세,상해없음,이륜,여,61세,경상
2017112100100378,2017년 11월 21일 14시,화요일,경상북도 의성군 안평면,경상사고,0,0,2,0,차대차 - 후진중충돌,안전운전불이행,건조,맑음,단일로 - 기타,화물,남,39세,상해없음,승용,남,36세,경상
2017112100100379,2017년 11월 21일 14시,화요일,경상북도 영덕군 영해면,중상사고,0,1,0,0,차대사람 - 기타,안전운전불이행,건조,맑음,교차로 - 교차로안,승용,여,43세,상해없음,보행자,여,58세,중상
2017112100100380,2017년 11월 21일 14시,화요일,경상북도 구미시 비산동,경상사고,0,0,1,0,차대차 - 측면충돌,안전운전불이행,건조,맑음,단일로 - 기타,화물,남,57세,상해없음,승용,여,60세,경상
2017112100100406,2017년 11월 21일 15시,화요일,경상북도 경주시 동천동,경상사고,0,0,1,0,차대차 - 측면충돌,안전운전불이행,건조,맑음,교차로 - 교차로안,승용,여,54세,상해없음,승용,남,79세,경상
2017112100100407,2017년 11월 21일 15시,화요일,경상북도 안동시 옥야동,경상사고,0,0,1,0,차대차 - 기타,안전운전불이행,건조,맑음,교차로 - 교차로부근,승용,남,74세,경상,화물,남,78세,상해없음
2017112100100471,2017년 11월 21일 17시,화요일,경상북도 포항시 북구 장성동,중상사고,0,1,0,0,차대사람 - 보도통행중,보행자보호의무위반,건조,맑음,단일로 - 기타,승용,여,51세,상해없음,보행자,여,23세,중상
2017112100100472,2017년 11월 21일 17시,화요일,경상북도 포항시 북구 죽도동,중상사고,0,1,0,0,차대사람 - 보도통행중,신호위반,건조,맑음,단일로 - 기타,승용,남,66세,상해없음,보행자,여,75세,중상
2017112100100473,2017년 11월 21일 17시,화요일,경상북도 안동시 북문동,경상사고,0,0,1,0,차대차 - 측면충돌,안전운전불이행,건조,맑음,교차로 - 교차로부근,승용,남,74세,상해없음,승용,남,57세,경상
2017112100100474,2017년 11월 21일 17시,화요일,경상북도 상주시 서성동,중상사고,0,1,0,0,차대사람 - 횡단중,안전운전불이행,건조,맑음,교차로 - 교차로안,승합,남,57세,상해없음,보행자,여,63세,중상
2017112100100475,2017년 11월 21일 17시,화요일,경상북도 경산시 옥곡동,경상사고,0,0,1,0,차대사람 - 기타,보행자보호의무위반,건조,맑음,단일로 - 기타,기타불명,기타불명,미분류,기타불명,보행자,여,65세,경상
2017112100100476,2017년 11월 21일 17시,화요일,경상북도 경산시 용성면,경상사고,0,0,1,0,차대사람 - 보도통행중,안전운전불이행,건조,맑음,단일로 - 기타,승합,남,69세,상해없음,보행자,여,80세,경상
2017112100100477,2017년 11월 21일 17시,화요일,경상북도 구미시 임수동,중상사고,0,1,0,2,차대차 - 추돌,안전운전불이행,건조,맑음,단일로 - 교량,승용,여,25세,상해없음,승용,여,28세,중상
2017112100100521,2017년 11월 21일 18시,화요일,경상북도 경주시 황성동,경상사고,0,0,3,0,차대차 - 정면충돌,안전운전불이행,건조,맑음,교차로 - 교차로안,승용,남,57세,상해없음,승용,여,50세,경상
2017112100100522,2017년 11월 21일 18시,화요일,경상북도 구미시 상모동,경상사고,0,0,6,0,차대차 - 추돌,안전거리미확보,건조,맑음,단일로 - 기타,승용,남,28세,상해없음,승용,남,58세,경상
2017112100100523,2017년 11월 21일 18시,화요일,경상북도 구미시 진평동,경상사고,0,0,1,0,차대차 - 기타,안전운전불이행,건조,맑음,단일로 - 기타,승용,여,49세,상해없음,승용,남,39세,경상
2017112100100524,2017년 11월 21일 18시,화요일,경상북도 구미시 사곡동,중상사고,0,1,0,0,차대차 - 측면충돌,안전운전불이행,건조,맑음,단일로 - 기타,승용,남,40세,상해없음,승용,여,38세,중상
2017112100100563,2017년 11월 21일 19시,화요일,경상북도 영천시 망정동,경상사고,0,0,1,0,차대차 - 측면충돌,안전운전불이행,건조,맑음,단일로 - 기타,자전거,남,13세,경상,승용,남,39세,상해없음
2017112100100619,2017년 11월 21일 21시,화요일,경상북도 경주시 성동동,중상사고,0,1,0,0,차대차 - 측면충돌,안전운전불이행,건조,맑음,단일로 - 기타,승용,남,67세,상해없음,원동기,남,17세,중상