사고번호,사고일시,요일,시군구,사고내용,사망자수,중상자수,경상자수,부상신고자수,사고유형,법규위반,노면상태,기상상태,도로형태,가해운전자 차종,가해운전자 성별,가해운전자 연령,가해운전자 상해정도,피해운전자 차종,피해운전자 성별,피해운전자 연령,피해운전자 상해정도
2017112400100563,2017년 11월 24일 17시,금요일,경상북도 안동시 와룡면,중상사고,0,1,0,0,차량단독 - 기타,안전운전불이행,건조,맑음,단일로 - 기타,승합,남,58세,상해없음,,,,
2017112400100564,2017년 11월 24일 17시,금요일,경상북도 상주시 함창읍,경상사고,0,0,1,0,차대차 - 측면충돌,안전운전불이행,건조,맑음,단일로 - 기타,화물,남,55세,경상,특수,남,48세,상해없음
2017112400100565,2017년 11월 24일 17시,금요일,경상북도 구미시 고아읍,중상사고,0,1,0,0,차량단독 - 공작물충돌,안전운전불이행,건조,맑음,교차로 - 교차로부근,승용,남,59세,중상,,,,
2017112400100624,2017년 11월 24일 18시,금요일,경상북도 영주시 휴천동,사망사고,1,0,0,0,차대사람 - 횡단중,안전운전불이행,건조,맑음,단일로 - 기타,건설기계,남,51세,상해없음,보행자,여,83세,사망
2017112400100625,2017년 11월 24일 18시,금요일,경상북도 칠곡군 약목면,중상사고,0,1,0,0,차대차 - 측면충돌,안전운전불이행,건조,맑음,교차로 - 교차로부근,승용,남,71세,상해없음,화물,남,64세,중상
2017112400100626,2017년 11월 24일 18시,금요일,경상북도 울진군 울진읍,경상사고,0,0,1,0,차대차 - 측면충돌,안전운전불이행,건조,맑음,단일로 - 기타,자전거,남,11세,경상,승용,여,59세,상해없음
2017112400100682,2017년 11월 24일 19시,금요일,경상북도 경주시 안강읍,중상사고,0,2,0,0,차대차 - 측면충돌,안전운전불이행,건조,맑음,교차로 - 교차로부근,화물,남,26세,상해없음,화물,남,67세,중상
2017112400100683,2017년 11월 24일 19시,금요일,경상북도 경주시 성건동,중상사고,0,1,0,0,차대차 - 측면충돌,신호위반,건조,맑음,교차로 - 교차로횡단보도내,승용,남,61세,상해없음,이륜,남,56세,중상
2017112400100684,2017년 11월 24일 19시,금요일,경상북도 영천시 금노동,경상사고,0,0,3,0,차대차 - 추돌,안전거리미확보,건조,맑음,교차로 - 교차로부근,승용,남,36세,상해없음,승용,남,25세,경상
2017112400100685,2017년 11월 24일 19시,금요일,경상북도 예천군 감천면,경상사고,0,0,1,0,차대차 - 측면충돌,안전거리미확보,건조,맑음,단일로 - 기타,승용,남,46세,상해없음,화물,남,29세,경상
2017112400100686,2017년 11월 24일 19시,금요일,경상북도 구미시 인의동,경상사고,0,0,1,0,차대차 - 기타,안전운전불이행,건조,맑음,단일로 - 기타,승용,남,25세,상해없음,이륜,남,35세,경상
2017112400100723,2017년 11월 24일 20시,금요일,경상북도 영천시 야사동,경상사고,0,0,2,0,차대차 - 추돌,차로위반,건조,맑음,단일로 - 기타,승용,여,52세,상해없음,승용,남,50세,경상
2017112400100773,2017년 11월 24일 22시,금요일,경상북도 경주시 용강동,경상사고,0,0,1,0,차대사람 - 횡단중,안전운전불이행,건조,맑음,단일로 - 기타,승용,남,56세,상해없음,보행자,남,53세,경상
2017112400100774,2017년 11월 24일 22시,금요일,경상북도 구미시 산동면,경상사고,0,0,1,0,차량단독 - 기타,안전운전불이행,건조,맑음,단일로 - 기타,승용,남,61세,상해없음,,,,
2017112500100055,2017년 11월 25일 00시,토요일,경상북도 경주시 성건동,경상사고,0,0,1,0,차대차 - 측면충돌,안전운전불이행,건조,맑음,단일로 - 기타,승용,여,45세,상해없음,이륜,남,49세,경상
2017112500100056,2017년 11월 25일 00시,토요일,경상북도 경주시 율동,경상사고,0,0,2,0,차대차 - 추돌,안전운전불이행,건조,맑음,단일로 - 기타,승용,남,39세,상해없음,화물,남,55세,경상
2017112500100091,2017년 11월 25일 02시,토요일,경상북도 경산시 대동,경상사고,0,0,1,0,차대사람 - 보도통행중,안전운전불이행,건조,맑음,단일로 - 기타,승용,남,27세,상해없음,보행자,남,24세,경상
2017112500100092,2017년 11월 25일 02시,토요일,경상북도 포항시 남구 송내동,경상사고,0,0,1,0,차대차 - 기타,안전운전불이행,건조,맑음,단일로 - 기타,승용,남,40세,상해없음,승용,여,41세,경상
2017112500100117,2017년 11월 25일 04시,토요일,경상북도 포항시 남구 오천읍,경상사고,0,0,2,0,차대차 - 측면충돌,신호위반,건조,맑음,교차로 - 교차로안,승용,남,62세,상해없음,승용,여,36세,경상
2017112500100148,2017년 11월 25일 06시,토요일,경상북도 경주시 양북면,중상사고,0,3,0,0,차량단독 - 공작물충돌,안전운전불이행,건조,맑음,교차로 - 교차로안,승용,남,60세,중상,,,,
2017112500100149,2017년 11월 25일 06시,토요일,경상북도 경주시 동천동,중상사고,0,1,0,0,차대차 - 측면충돌,안전운전불이행,건조,맑음,교차로 - 교차로안,승용,남,69세,상해없음,승용,남,55세,중상
2017112500100150,2017년 11월 25일 06시,토요일,경상북도 영양군 청기면,중상사고,0,1,0,0,차량단독 - 도로외이탈 - 추락,안전운전불이행,건조,맑음,단일로 - 기타,승용,남,56세,중상,,,,
2017112500100180,2017년 11월 25일 08시,토요일,경상북도 구미시 형곡동,중상사고,0,1,0,0,차대차 - 측면충돌,교차로운행방법위반,건조,맑음,교차로 - 교차로안,승용,남,41세,상해없음,이륜,남,68세,중상
2017112500100211,2017년 11월 25일 09시,토요일,경상북도 안동시 서후면,사망사고,1,0,0,0,차량단독 - 전도전복 - 전도,안전운전불이행,건조,맑음,단일로 - 기타,승용,남,82세,사망,,,,
2017112500100233,2017년 11월 25일 10시,토요일,경상북도 경주시 감포읍,경상사고,0,0,1,0,차대차 - 추돌,안전운전불이행,건조,맑음,교차로 - 교차로안,이륜,남,58세,상해없음,이륜,남,69세,경상
2017112500100234,2017년 11월 25일 10시,토요일,경상북도 경산시 압량면,경상사고,0,0,3,0,차대차 - 기타,중앙선침범,건조,맑음,단일로 - 기타,승용,남,78세,상해없음,승용,남,37세,경상
2017112500100269,2017년 11월 25일 11시,토요일,경상북도 구미시 도량동,중상사고,0,1,0,0,차대차 - 기타,교차로운행방법위반,건조,맑음,교차로 - 교차로안,승용,여,57세,상해없음,이륜,남,42세,중상
2017112500100270,2017년 11월 25일 11시,토요일,경상북도 구미시 원평동,경상사고,0,0,1,0,차대사람 - 기타,안전운전불이행,건조,맑음,교차로 - 교차로부근,승용,남,25세,상해없음,보행자,남,35세,경상
2017112500100334,2017년 11월 25일 13시,토요일,경상북도 칠곡군 지천면,중상사고,0,1,0,0,차대차 - 측면충돌,안전운전불이행,건조,맑음,교차로 - 교차로안,화물,남,71세,상해없음,승용,남,62세,중상
2017112500100335,2017년 11월 25일 13시,토요일,경상북도 예천군 지보면,경상사고,0,0,1,0,차대차 - 추돌,과속,건조,맑음,교차로 - 교차로부근,화물,남,35세,상해없음,승용,여,49세,경상
2017112500100368,2017년 11월 25일 14시,토요일,경상북도 문경시 모전동,경상사고,0,0,1,0,차대차 - 측면충돌,신호위반,건조,맑음,교차로 - 교차로안,이륜,남,50세,경상,승용,남,47세,상해없음
2017112500100398,2017년 11월 25일 15시,토요일,경상북도 포항시 북구 죽도동,중상사고,0,1,0,0,차대차 - 기타,안전운전불이행,건조,맑음,단일로 - 기타,승용,남,70세,상해없음,자전거,남,77세,중상
2017112500100399,2017년 11월 25일 15시,토요일,경상북도 안동시 옥동,경상사고,0,0,3,0,차대차 - 측면충돌,중앙선침범,건조,맑음,교차로 - 교차로횡단보도내,승용,여,57세,경상,승용,남,49세,경상
2017112500100400,2017년 11월 25일 15시,토요일,경상북도 영덕군 영덕읍,중상사고,0,1,0,0,차량단독 - 공작물충돌,안전운전불이행,건조,맑음,단일로 - 기타,승용,여,39세,상해없음,,,,
2017112500100427,2017년 11월 25일 16시,토요일,경상북도 김천시 부곡동,경상사고,0,0,1,0,차대차 - 측면충돌,신호위반,건조,맑음,교차로 - 교차로안,승용,여,37세,상해없음,이륜,남,17세,경상
2017112500100428,2017년 11월 25일 16시,토요일,경상북도 영천시 봉동,경상사고,0,0,1,0,차대차 - 측면충돌,신호위반,건조,맑음,교차로 - 교차로안,승용,여,68세,상해없음,승용,남,36세,경상
2017112500100530,2017년 11월 25일 18시,토요일,경상북도 김천시 용두동,경상사고,0,0,2,0,차대차 - 측면충돌,안전거리미확보,건조,맑음,단일로 - 기타,승용,남,55세,상해없음,승용,남,42세,경상
2017112500100531,2017년 11월 25일 18시,토요일,경상북도 영덕군 병곡면,중상사고,0,1,1,0,차대차 - 측면충돌,안전거리미확보,건조,맑음,단일로 - 기타,승용,남,35세,상해없음,화물,남,62세,중상
2017112500100582,2017년 11월 25일 19시,토요일,경상북도 영천시 망정동,경상사고,0,0,1,0,차대차 - 추돌,안전운전불이행,건조,맑음,단일로 - 기타,화물,남,45세,상해없음,승용,여,68세,경상
2017112500100623,2017년 11월 25일 20시,토요일,경상북도 포항시 북구 죽도동,중상사고,0,1,0,0,차대차 - 측면충돌,안전운전불이행,건조,맑음,단일로 - 기타,자전거,남,56세,중상,승용,남,29세,상해없음
2017112500100624,2017년 11월 25일 20시,토요일,경상북도 구미시 봉곡동,중상사고,0,2,0,0,차대차 - 추돌,안전운전불이행,건조,맑음,단일로 - 기타,화물,남,51세,상해없음,승용,남,28세,중상
2017112500100625,2017년 11월 25일 20시,토요일,경상북도 구미시 오태동,부상신고사고,0,0,0,1,차대차 - 기타,안전운전불이행,건조,맑음,교차로 - 교차로안,이륜,남,39세,부상신고,승용,남,45세,상해없음
2017112500100650,2017년 11월 25일 21시,토요일,경상북도 구미시 공단동,중상사고,0,1,1,0,차대차 - 추돌,안전운전불이행,건조,맑음,교차로 - 교차로부근,승용,여,45세,상해없음,승용,여,25세,경상
2017112500100674,2017년 11월 25일 22시,토요일,경상북도 포항시 남구 인덕동,중상사고,0,1,0,0,차대사람 - 기타,안전운전불이행,건조,맑음,교차로 - 교차로부근,승용,여,39세,상해없음,보행자,여,57세,중상
2017112500100696,2017년 11월 25일 23시,토요일,경상북도 포항시 남구 연일읍,중상사고,0,1,0,0,차대차 - 측면충돌,신호위반,건조,맑음,교차로 - 교차로안,이륜,남,16세,중상,승용,남,69세,상해없음
2017112600100078,2017년 11월 26일 04시,일요일,경상북도 포항시 북구 창포동,경상사고,0,0,1,0,차대차 - 기타,기타,건조,맑음,단일로 - 기타,승용,남,57세,기타불명,승용,남,66세,상해없음
2017112600100093,2017년 11월 26일 06시,일요일,경상북도 구미시 광평동,경상사고,0,0,1,1,차대차 - 기타,안전운전불이행,건조,맑음,교차로 - 교차로안,승용,여,58세,부상신고,승합,남,54세,경상
2017112600100102,2017년 11월 26일 07시,일요일,경상북도 포항시 북구 용흥동,경상사고,0,0,1,0,차대차 - 측면충돌,안전운전불이행,건조,맑음,단일로 - 기타,승용,남,62세,상해없음,승용,남,25세,경상
2017112600100103,2017년 11월 26일 07시,일요일,경상북도 안동시 와룡면,중상사고,0,1,0,0,차량단독 - 전도전복,안전운전불이행,건조,맑음,단일로 - 기타,화물,남,52세,상해없음,미분류,미분류,미분류,미분류
2017112600100104,2017년 11월 26일 07시,일요일,경상북도 안동시 임동면,중상사고,0,2,0,0,차량단독 - 전도전복,안전운전불이행,서리/결빙,맑음,단일로 - 기타,화물,남,75세,중상,미분류,미분류,미분류,미분류
2017112600100105,2017년 11월 26일 07시,일요일,경상북도 청송군 진보면,경상사고,0,0,4,0,차대차 - 측면충돌,중앙선침범,서리/결빙,비,단일로 - 교량,승용,남,59세,상해없음,화물,남,53세,경상
2017112600100118,2017년 11월 26일 08시,일요일,경상북도 포항시 북구 송라면,중상사고,0,1,0,0,차대차 - 측면충돌,안전운전불이행,건조,맑음,단일로 - 기타,이륜,남,52세,중상,농기계,남,78세,상해없음
2017112600100128,2017년 11월 26일 09시,일요일,경상북도 봉화군 법전면,경상사고,0,0,1,0,차량단독 - 공작물충돌,안전운전불이행,서리/결빙,맑음,기타 - 기타,승용,남,67세,상해없음,,,,
2017112600100129,2017년 11월 26일 09시,일요일,경상북도 구미시 진평동,중상사고,0,1,0,0,차대사람 - 보도통행중,안전운전불이행,건조,맑음,단일로 - 기타,이륜,남,27세,기타불명,보행자,남,33세,중상
2017112600100145,2017년 11월 26일 10시,일요일,경상북도 경주시 황성동,경상사고,0,0,3,0,차대차 - 기타,직진우회전진행방해,건조,맑음,교차로 - 교차로안,승용,남,55세,경상,승용,남,34세,경상
2017112600100146,2017년 11월 26일 10시,일요일,경상북도 김천시 부곡동,경상사고,0,0,1,0,차대차 - 추돌,안전운전불이행,젖음/습기,비,단일로 - 기타,승용,남,53세,상해없음,승용,남,42세,경상
2017112600100147,2017년 11월 26일 10시,일요일,경상북도 영주시 하망동,중상사고,0,1,0,0,차대차 - 측면충돌,안전운전불이행,젖음/습기,흐림,교차로 - 교차로안,승용,남,57세,상해없음,이륜,남,65세,중상
2017112600100168,2017년 11월 26일 11시,일요일,경상북도 상주시 사벌면,경상사고,0,0,1,0,차대차 - 측면충돌,중앙선침범,건조,맑음,단일로 - 기타,화물,남,67세,상해없음,승용,남,47세,경상
2017112600100169,2017년 11월 26일 11시,일요일,경상북도 문경시 윤직동,중상사고,0,1,0,0,차대차 - 기타,안전운전불이행,건조,맑음,교차로 - 교차로안,승용,남,67세,상해없음,이륜,남,65세,중상
2017112600100170,2017년 11월 26일 11시,일요일,경상북도 봉화군 물야면,경상사고,0,0,3,0,차대차 - 측면충돌,교차로운행방법위반,건조,맑음,교차로 - 교차로안,승용,여,42세,경상,화물,남,61세,경상
2017112600100171,2017년 11월 26일 11시,일요일,경상북도 구미시 봉곡동,중상사고,0,1,5,0,차대차 - 측면충돌,중앙선침범,젖음/습기,흐림,교차로 - 교차로부근,화물,남,67세,상해없음,화물,남,59세,경상
2017112600100184,2017년 11월 26일 12시,일요일,경상북도 포항시 남구 대잠동,중상사고,0,1,0,0,차대차 - 측면충돌,안전운전불이행,건조,맑음,교차로 - 교차로안,승용,남,78세,상해없음,승용,남,61세,중상
2017112600100203,2017년 11월 26일 13시,일요일,경상북도 포항시 남구 효자동,경상사고,0,0,1,0,차대차 - 측면충돌,안전운전불이행,건조,맑음,단일로 - 기타,승용,여,39세,상해없음,승용,여,42세,경상
2017112600100226,2017년 11월 26일 14시,일요일,경상북도 경주시 진현동,중상사고,0,1,0,0,차대차 - 측면충돌,안전운전불이행,건조,맑음,단일로 - 기타,기타불명,기타불명,미분류,기타불명,자전거,남,48세,중상
2017112600100283,2017년 11월 26일 16시,일요일,경상북도 경주시 천북면,중상사고,0,1,3,0,차대차 - 추돌,안전운전불이행,건조,맑음,단일로 - 기타,승용,여,36세,상해없음,승용,남,33세,경상
2017112600100284,2017년 11월 26일 16시,일요일,경상북도 영주시 휴천동,경상사고,0,0,2,0,차대차 - 측면충돌,안전운전불이행,건조,맑음,교차로 - 교차로안,승용,남,45세,상해없음,승용,남,36세,경상
2017112600100285,2017년 11월 26일 16시,일요일,경상북도 영천시 도동,경상사고,0,0,3,0,차대차 - 기타,안전운전불이행,건조,맑음,교차로 - 교차로부근,승용,여,32세,상해없음,승용,여,58세,경상
2017112600100286,2017년 11월 26일 16시,일요일,경상북도 구미시 임은동,부상신고사고,0,0,0,2,차대차 - 추돌,안전거리미확보,건조,맑음,단일로 - 기타,승용,남,50세,기타불명,화물,남,58세,부상신고
2017112600100324,2017년 11월 26일 17시,일요일,경상북도 경주시 광명동,사망사고,1,0,0,0,차대사람 - 횡단중,안전운전불이행,건조,맑음,단일로 - 기타,승용,남,28세,상해없음,보행자,여,87세,사망
2017112600100325,2017년 11월 26일 17시,일요일,경상북도 청도군 풍각면,사망사고,1,0,0,0,차대사람 - 길가장자리구역통행중,안전운전불이행,건조,맑음,단일로 - 기타,승용,남,37세,상해없음,보행자,여,82세,사망
2017112600100326,2017년 11월 26일 17시,일요일,경상북도 청도군 이서면,경상사고,0,0,2,0,차대차 - 측면충돌,교차로운행방법위반,건조,맑음,교차로 - 교차로안,승용,여,44세,경상,승용,남,47세,경상
2017112600100327,2017년 11월 26일 17시,일요일,경상북도 구미시 구평동,중상사고,0,1,0,0,차대사람 - 기타,보행자보호의무위반,건조,맑음,교차로 - 교차로안,승용,남,46세,상해없음,보행자,여,73세,중상
2017112600100365,2017년 11월 26일 18시,일요일,경상북도 포항시 북구 장성동,경상사고,0,0,1,0,차대차 - 측면충돌,직진우회전진행방해,건조,맑음,교차로 - 교차로안,이륜,남,16세,경상,승용,남,51세,상해없음
2017112600100366,2017년 11월 26일 18시,일요일,경상북도 안동시 운흥동,경상사고,0,0,2,0,차대차 - 측면충돌,안전거리미확보,건조,맑음,단일로 - 기타,승용,남,68세,상해없음,승용,남,25세,경상
2017112600100367,2017년 11월 26일 18시,일요일,경상북도 안동시 안막동,경상사고,0,0,1,0,차대차 - 추돌,안전운전불이행,건조,맑음,단일로 - 기타,화물,남,30세,상해없음,화물,남,34세,경상
2017112600100368,2017년 11월 26일 18시,일요일,경상북도 안동시 정상동,중상사고,0,1,1,0,차대사람 - 횡단중,보행자보호의무위반,건조,맑음,단일로 - 기타,승용,남,24세,상해없음,보행자,여,76세,경상
2017112600100468,2017년 11월 26일 22시,일요일,경상북도 경산시 하양읍,경상사고,0,0,1,0,차대차 - 기타,교차로운행방법위반,건조,맑음,교차로 - 교차로안,승용,남,74세,상해없음,이륜,남,17세,경상
2017112700100058,2017년 11월 27일 03시,월요일,경상북도 포항시 남구 연일읍,경상사고,0,0,2,0,차대차 - 기타,안전운전불이행,건조,맑음,단일로 - 기타,승용,남,46세,경상,특수,남,57세,경상
2017112700100080,2017년 11월 27일 06시,월요일,경상북도 안동시 옥동,중상사고,0,1,1,0,차대차 - 측면충돌,교차로운행방법위반,건조,맑음,교차로 - 교차로안,승용,여,54세,경상,승용,남,67세,중상
2017112700100081,2017년 11월 27일 06시,월요일,경상북도 상주시 함창읍,경상사고,0,0,1,0,차대차 - 추돌,과속,건조,맑음,단일로 - 기타,화물,남,57세,상해없음,농기계,남,62세,경상
2017112700100082,2017년 11월 27일 06시,월요일,경상북도 구미시 도량동,중상사고,0,1,0,0,차대사람 - 기타,안전운전불이행,건조,맑음,교차로 - 교차로부근,승용,남,49세,상해없음,보행자,여,46세,중상
2017112700100083,2017년 11월 27일 06시,월요일,경상북도 구미시 도량동,중상사고,0,1,0,0,차대사람 - 기타,안전운전불이행,건조,맑음,교차로 - 교차로횡단보도내,승용,남,33세,상해없음,보행자,남,49세,중상
2017112700100102,2017년 11월 27일 07시,월요일,경상북도 영주시 풍기읍,경상사고,0,0,1,0,차대차 - 측면충돌,교차로운행방법위반,건조,맑음,교차로 - 교차로안,승용,남,53세,상해없음,화물,남,65세,경상
2017112700100103,2017년 11월 27일 07시,월요일,경상북도 구미시 인의동,부상신고사고,0,0,0,1,차대차 - 기타,안전운전불이행,기타,맑음,교차로 - 교차로부근,이륜,남,40세,부상신고,승용,남,31세,상해없음
2017112700100145,2017년 11월 27일 08시,월요일,경상북도 문경시 모전동,중상사고,0,1,1,0,차대차 - 측면충돌,안전운전불이행,건조,맑음,교차로 - 교차로안,승용,여,52세,상해없음,화물,남,48세,중상
2017112700100146,2017년 11월 27일 08시,월요일,경상북도 포항시 남구 지곡동,경상사고,0,0,3,0,차대차 - 추돌,안전거리미확보,건조,맑음,단일로 - 기타,승용,여,43세,상해없음,승용,여,61세,경상
2017112700100180,2017년 11월 27일 09시,월요일,경상북도 포항시 북구 항구동,중상사고,0,1,1,0,차대차 - 측면충돌,안전운전불이행,건조,맑음,교차로 - 교차로안,승용,남,59세,상해없음,승용,남,68세,경상
2017112700100181,2017년 11월 27일 09시,월요일,경상북도 영주시 가흥동,경상사고,0,0,2,0,차대차 - 측면충돌,안전운전불이행,건조,맑음,교차로 - 교차로안,승용,남,37세,경상,승용,남,76세,경상
2017112700100220,2017년 11월 27일 10시,월요일,경상북도 상주시 은척면,경상사고,0,0,2,0,차대차 - 기타,중앙선침범,건조,맑음,단일로 - 기타,승용,남,48세,상해없음,화물,여,44세,경상
2017112700100221,2017년 11월 27일 10시,월요일,경상북도 의성군 의성읍,중상사고,0,1,0,0,차대차 - 추돌,안전운전불이행,건조,맑음,단일로 - 기타,화물,남,65세,상해없음,농기계,남,69세,중상
2017112700100222,2017년 11월 27일 10시,월요일,경상북도 경산시 정평동,경상사고,0,0,1,0,차대차 - 기타,안전운전불이행,건조,맑음,단일로 - 기타,승용,남,20세,상해없음,승용,여,38세,경상
2017112700100223,2017년 11월 27일 10시,월요일,경상북도 구미시 임은동,경상사고,0,0,1,0,차대차 - 기타,안전운전불이행,건조,맑음,교차로 - 교차로안,승용,여,55세,상해없음,이륜,남,34세,경상
2017112700100238,2017년 11월 27일 11시,월요일,경상북도 포항시 북구 흥해읍,중상사고,0,1,2,0,차대차 - 추돌,안전운전불이행,건조,맑음,교차로 - 교차로부근,화물,남,64세,상해없음,승용,남,71세,경상
2017112700100239,2017년 11월 27일 11시,월요일,경상북도 문경시 동로면,중상사고,0,1,0,0,차대사람 - 기타,안전운전불이행,건조,맑음,단일로 - 기타,승용,남,47세,상해없음,보행자,남,90세 이상,중상
2017112700100279,2017년 11월 27일 13시,월요일,경상북도 경주시 동천동,경상사고,0,0,1,0,차대사람 - 길가장자리구역통행중,안전운전불이행,건조,맑음,단일로 - 기타,승합,남,54세,상해없음,보행자,여,67세,경상
2017112700100280,2017년 11월 27일 13시,월요일,경상북도 김천시 모암동,경상사고,0,0,2,0,차대차 - 측면충돌,안전운전불이행,건조,맑음,교차로 - 교차로부근,화물,여,59세,상해없음,승용,남,35세,경상
2017112700100281,2017년 11월 27일 13시,월요일,경상북도 문경시 공평동,경상사고,0,0,3,0,차대차 - 측면충돌,안전운전불이행,건조,맑음,교차로 - 교차로안,승용,남,37세,경상,승용,남,61세,경상
2017112700100282,2017년 11월 27일 13시,월요일,경상북도 청송군 진보면,중상사고,0,2,0,0,차대차 - 측면충돌,기타,건조,맑음,교차로 - 교차로안,건설기계,남,56세,상해없음,승용,남,68세,중상
2017112700100304,2017년 11월 27일 14시,월요일,경상북도 포항시 북구 상원동,중상사고,0,1,0,0,차대사람 - 기타,안전운전불이행,건조,맑음,단일로 - 기타,승합,남,55세,상해없음,보행자,여,63세,중상
2017112700100305,2017년 11월 27일 14시,월요일,경상북도 영주시 가흥동,중상사고,0,1,0,0,차대차 - 측면충돌,안전운전불이행,건조,맑음,단일로 - 기타,승용,남,77세,상해없음,자전거,남,90세 이상,중상
2017112700100344,2017년 11월 27일 15시,월요일,경상북도 문경시 모전동,경상사고,0,0,3,0,차대차 - 기타,안전운전불이행,건조,맑음,단일로 - 기타,승용,남,75세,경상,화물,남,48세,경상
2017112700100345,2017년 11월 27일 15시,월요일,경상북도 성주군 성주읍,중상사고,0,1,0,0,차대차 - 측면충돌,안전운전불이행,건조,맑음,교차로 - 교차로안,승용,남,51세,상해없음,이륜,남,82세,중상
2017112700100379,2017년 11월 27일 16시,월요일,경상북도 칠곡군 지천면,사망사고,1,1,0,0,차량단독 - 공작물충돌,안전운전불이행,건조,맑음,단일로 - 기타,이륜,남,17세,사망,,,,
2017112700100380,2017년 11월 27일 16시,월요일,경상북도 영덕군 축산면,경상사고,0,0,1,0,차대차 - 측면충돌,중앙선침범,건조,맑음,단일로 - 기타,승용,남,65세,상해없음,승용,여,52세,경상
2017112700100381,2017년 11월 27일 16시,월요일,경상북도 구미시 진평동,부상신고사고,0,0,0,1,차대차 - 기타,교차로운행방법위반,건조,맑음,교차로 - 교차로안,이륜,남,24세,부상신고,승용,남,40세,상해없음
2017112700100423,2017년 11월 27일 17시,월요일,경상북도 경주시 하동,중상사고,0,1,3,0,차대차 - 추돌,안전거리미확보,건조,맑음,단일로 - 기타,화물,남,60세,경상,화물,남,57세,상해없음
2017112700100424,2017년 11월 27일 17시,월요일,경상북도 칠곡군 지천면,중상사고,0,1,0,0,차대차 - 추돌,안전운전불이행,건조,맑음,교차로 - 교차로부근,화물,남,65세,상해없음,승용,여,41세,중상
2017112700100425,2017년 11월 27일 17시,월요일,경상북도 영천시 청통면,중상사고,0,1,0,0,차대사람 - 횡단중,안전운전불이행,건조,맑음,교차로 - 교차로안,승용,여,59세,상해없음,보행자,남,69세,중상
2017112700100426,2017년 11월 27일 17시,월요일,경상북도 청도군 각북면,경상사고,0,0,1,0,차대차 - 측면충돌,교차로운행방법위반,건조,맑음,교차로 - 교차로안,승용,남,63세,상해없음,이륜,남,39세,경상
2017112700100427,2017년 11월 27일 17시,월요일,경상북도 구미시 공단동,경상사고,0,0,1,0,차대사람 - 기타,안전운전불이행,건조,맑음,교차로 - 교차로안,기타불명,기타불명,미분류,기타불명,보행자,남,7세,경상
2017112700100481,2017년 11월 27일 18시,월요일,경상북도 안동시 법흥동,경상사고,0,0,1,0,차대차 - 추돌,안전거리미확보,건조,맑음,단일로 - 기타,화물,남,63세,상해없음,승용,여,59세,경상
2017112700100482,2017년 11월 27일 18시,월요일,경상북도 김천시 대광동,경상사고,0,0,1,0,차대차 - 추돌,안전운전불이행,건조,맑음,교차로 - 교차로부근,승용,남,56세,상해없음,승용,남,34세,경상
2017112700100483,2017년 11월 27일 18시,월요일,경상북도 의성군 사곡면,경상사고,0,0,1,0,차대차 - 측면충돌,교차로운행방법위반,건조,맑음,교차로 - 교차로안,사륜오토바이(ATV),남,51세,경상,승용,여,51세,상해없음
2017112700100484,2017년 11월 27일 18시,월요일,경상북도 영천시 문외동,경상사고,0,0,1,0,차대사람 - 차도통행중,안전운전불이행,건조,맑음,단일로 - 기타,승용,남,52세,상해없음,보행자,남,7세,경상
2017112700100485,2017년 11월 27일 18시,월요일,경상북도 영천시 문외동,경상사고,0,0,1,0,차대차 - 측면충돌,직진우회전진행방해,건조,맑음,교차로 - 교차로안,승용,여,26세,상해없음,승용,여,39세,경상
2017112700100523,2017년 11월 27일 19시,월요일,경상북도 문경시 신기동,경상사고,0,0,1,0,차량단독 - 전도전복,안전운전불이행,건조,맑음,단일로 - 기타,이륜,남,59세,경상,미분류,미분류,미분류,미분류
2017112700100548,2017년 11월 27일 20시,월요일,경상북도 경산시 옥곡동,경상사고,0,0,1,0,차대차 - 후진중충돌,안전운전불이행,건조,맑음,기타 - 기타,승용,여,59세,기타불명,승용,남,47세,경상
2017112700100569,2017년 11월 27일 21시,월요일,경상북도 청도군 화양읍,중상사고,0,1,1,0,차대차 - 측면충돌,신호위반,건조,맑음,교차로 - 교차로안,승용,남,42세,경상,화물,남,43세,상해없음
2017112700100570,2017년 11월 27일 21시,월요일,경상북도 성주군 성주읍,경상사고,0,0,1,0,차대차 - 측면충돌,안전운전불이행,건조,맑음,단일로 - 기타,화물,여,63세,상해없음,승용,여,29세,경상
2017112700100571,2017년 11월 27일 21시,월요일,경상북도 구미시 봉곡동,경상사고,0,0,1,0,차대차 - 기타,교차로운행방법위반,건조,맑음,교차로 - 교차로부근,승용,남,38세,상해없음,원동기,남,20세,경상
2017112700100572,2017년 11월 27일 21시,월요일,경상북도 포항시 남구 해도동,경상사고,0,0,3,0,차대차 - 기타,안전운전불이행,건조,맑음,단일로 - 기타,승용,남,23세,상해없음,승용,남,34세,경상
2017112700100598,2017년 11월 27일 22시,월요일,경상북도 칠곡군 석적읍,경상사고,0,0,1,0,차대차 - 기타,안전운전불이행,건조,맑음,단일로 - 기타,승용,남,27세,상해없음,승용,남,38세,경상
2017112700100615,2017년 11월 27일 23시,월요일,경상북도 칠곡군 북삼읍,중상사고,0,4,2,0,차대차 - 추돌,안전운전불이행,건조,맑음,단일로 - 기타,승용,남,23세,경상,승합,남,41세,기타불명