사고번호,사고일시,요일,시군구,사고내용,사망자수,중상자수,경상자수,부상신고자수,사고유형,법규위반,노면상태,기상상태,도로형태,가해운전자 차종,가해운전자 성별,가해운전자 연령,가해운전자 상해정도,피해운전자 차종,피해운전자 성별,피해운전자 연령,피해운전자 상해정도
2017112800100041,2017년 11월 28일 00시,화요일,경상북도 포항시 북구 학산동,경상사고,0,0,1,0,차대차 - 기타,교차로운행방법위반,건조,맑음,교차로 - 교차로안,승용,남,56세,상해없음,승용,남,40세,경상
2017112800100042,2017년 11월 28일 00시,화요일,경상북도 경산시 조영동,경상사고,0,0,1,0,차대사람 - 횡단중,신호위반,건조,맑음,교차로 - 교차로횡단보도내,이륜,남,26세,상해없음,보행자,남,59세,경상
2017112800100105,2017년 11월 28일 06시,화요일,경상북도 안동시 안막동,경상사고,0,0,1,0,차대사람 - 길가장자리구역통행중,안전운전불이행,젖음/습기,안개,단일로 - 기타,승용,여,45세,상해없음,보행자,남,51세,경상
2017112800100106,2017년 11월 28일 06시,화요일,경상북도 포항시 남구 송내동,중상사고,0,1,0,0,차대차 - 측면충돌,신호위반,건조,맑음,교차로 - 교차로안,자전거,남,45세,중상,승용,남,36세,상해없음
2017112800100150,2017년 11월 28일 08시,화요일,경상북도 안동시 서후면,경상사고,0,0,2,0,차대차 - 측면충돌,안전운전불이행,젖음/습기,안개,단일로 - 기타,승용,여,57세,상해없음,화물,남,53세,경상
2017112800100151,2017년 11월 28일 08시,화요일,경상북도 예천군 예천읍,경상사고,0,0,1,0,차대차 - 측면충돌,신호위반,건조,맑음,교차로 - 교차로안,승용,남,60세,상해없음,승용,남,46세,경상
2017112800100152,2017년 11월 28일 08시,화요일,경상북도 봉화군 명호면,경상사고,0,0,2,0,차대차 - 측면충돌,안전운전불이행,건조,맑음,단일로 - 기타,승용,여,57세,경상,농기계,남,79세,상해없음
2017112800100184,2017년 11월 28일 09시,화요일,경상북도 포항시 북구 죽도동,경상사고,0,0,1,0,차대사람 - 길가장자리구역통행중,안전운전불이행,건조,맑음,단일로 - 기타,화물,남,63세,상해없음,보행자,남,64세,경상
2017112800100185,2017년 11월 28일 09시,화요일,경상북도 포항시 북구 두호동,중상사고,0,1,0,0,차대사람 - 기타,안전운전불이행,건조,맑음,단일로 - 기타,승합,남,58세,상해없음,보행자,남,65세,중상
2017112800100206,2017년 11월 28일 10시,화요일,경상북도 영덕군 병곡면,중상사고,0,1,1,0,차대차 - 측면충돌,교차로운행방법위반,건조,맑음,교차로 - 교차로안,승용,여,52세,중상,화물,여,51세,경상
2017112800100233,2017년 11월 28일 11시,화요일,경상북도 김천시 남산동,경상사고,0,0,1,0,차대차 - 측면충돌,안전운전불이행,건조,맑음,단일로 - 기타,승용,여,35세,경상,농기계,남,57세,상해없음
2017112800100234,2017년 11월 28일 11시,화요일,경상북도 칠곡군 지천면,중상사고,0,1,0,0,차대차 - 기타,안전운전불이행,건조,맑음,단일로 - 기타,화물,남,45세,상해없음,이륜,남,75세,중상
2017112800100235,2017년 11월 28일 11시,화요일,경상북도 청도군 청도읍,경상사고,0,0,1,0,차대차 - 측면충돌,안전운전불이행,건조,맑음,단일로 - 기타,화물,남,43세,상해없음,이륜,남,79세,경상
2017112800100253,2017년 11월 28일 12시,화요일,경상북도 고령군 대가야읍,경상사고,0,0,1,0,차대차 - 측면충돌,교차로운행방법위반,건조,맑음,교차로 - 교차로안,화물,남,65세,상해없음,원동기,남,75세,경상
2017112800100283,2017년 11월 28일 13시,화요일,경상북도 포항시 북구 죽도동,중상사고,0,1,0,0,차대사람 - 횡단중,보행자보호의무위반,건조,맑음,교차로 - 교차로횡단보도내,승용,남,68세,상해없음,보행자,여,29세,중상
2017112800100284,2017년 11월 28일 13시,화요일,경상북도 포항시 남구 상도동,경상사고,0,0,1,0,차대차 - 기타,안전운전불이행,건조,맑음,교차로 - 교차로안,승용,남,50세,상해없음,화물,남,51세,경상
2017112800100335,2017년 11월 28일 15시,화요일,경상북도 경주시 동부동,경상사고,0,0,1,0,차대사람 - 보도통행중,기타,건조,맑음,단일로 - 기타,승용,여,76세,상해없음,보행자,남,52세,경상
2017112800100336,2017년 11월 28일 15시,화요일,경상북도 상주시 낙양동,중상사고,0,1,0,0,차대차 - 추돌,안전운전불이행,건조,맑음,교차로 - 교차로부근,승용,여,72세,중상,화물,남,51세,상해없음
2017112800100337,2017년 11월 28일 15시,화요일,경상북도 상주시 냉림동,중상사고,0,1,0,0,차대차 - 측면충돌,안전거리미확보,건조,맑음,단일로 - 기타,승용,남,53세,상해없음,이륜,남,74세,중상
2017112800100338,2017년 11월 28일 15시,화요일,경상북도 경산시 갑제동,경상사고,0,0,1,0,차대차 - 기타,안전운전불이행,건조,맑음,교차로 - 교차로안,승용,여,46세,상해없음,승합,여,42세,경상
2017112800100370,2017년 11월 28일 16시,화요일,경상북도 영주시 하망동,경상사고,0,0,1,0,차대차 - 기타,안전운전불이행,건조,맑음,단일로 - 기타,이륜,남,58세,상해없음,승합,남,57세,상해없음
2017112800100371,2017년 11월 28일 16시,화요일,경상북도 성주군 벽진면,경상사고,0,0,2,0,차대차 - 측면충돌,안전운전불이행,건조,맑음,단일로 - 기타,승용,여,48세,상해없음,승용,여,41세,경상
2017112800100403,2017년 11월 28일 17시,화요일,경상북도 포항시 북구 흥해읍,경상사고,0,0,8,0,차대차 - 측면충돌,안전운전불이행,건조,맑음,교차로 - 교차로안,승용,남,60세,상해없음,승용,남,56세,경상
2017112800100404,2017년 11월 28일 17시,화요일,경상북도 구미시 임은동,경상사고,0,0,1,0,차대차 - 측면충돌,안전거리미확보,건조,맑음,단일로 - 기타,승용,남,25세,기타불명,승합,남,64세,상해없음
2017112800100455,2017년 11월 28일 18시,화요일,경상북도 경주시 황오동,경상사고,0,0,1,0,차대차 - 추돌,안전운전불이행,건조,맑음,단일로 - 기타,승용,남,70세,상해없음,승용,여,46세,경상
2017112800100456,2017년 11월 28일 18시,화요일,경상북도 안동시 태화동,사망사고,1,0,0,0,차대사람 - 횡단중,안전운전불이행,건조,맑음,단일로 - 기타,화물,남,38세,상해없음,보행자,남,84세,사망
2017112800100457,2017년 11월 28일 18시,화요일,경상북도 의성군 금성면,중상사고,0,1,0,0,차대차 - 측면충돌,신호위반,건조,맑음,교차로 - 교차로안,승용,여,37세,상해없음,화물,남,65세,중상
2017112800100458,2017년 11월 28일 18시,화요일,경상북도 구미시 도량동,중상사고,0,1,0,0,차대차 - 기타,안전운전불이행,건조,맑음,단일로 - 기타,승용,여,40세,상해없음,이륜,남,17세,중상
2017112800100459,2017년 11월 28일 18시,화요일,경상북도 포항시 남구 오천읍,경상사고,0,0,1,0,차대차 - 기타,교차로운행방법위반,건조,맑음,교차로 - 교차로안,승용,남,58세,상해없음,승용,여,29세,상해없음
2017112800100487,2017년 11월 28일 19시,화요일,경상북도 경주시 천군동,중상사고,0,1,0,0,차대사람 - 길가장자리구역통행중,안전운전불이행,건조,맑음,단일로 - 기타,승용,남,28세,상해없음,보행자,여,73세,중상
2017112800100488,2017년 11월 28일 19시,화요일,경상북도 청도군 청도읍,중상사고,0,1,1,0,차대차 - 측면충돌,안전운전불이행,건조,맑음,교차로 - 교차로부근,승용,남,54세,상해없음,승용,남,62세,중상
2017112800100489,2017년 11월 28일 19시,화요일,경상북도 포항시 남구 이동,경상사고,0,0,3,0,차대차 - 기타,안전운전불이행,건조,맑음,교차로 - 교차로안,승용,여,34세,상해없음,승용,남,38세,경상
2017112800100516,2017년 11월 28일 20시,화요일,경상북도 상주시 함창읍,경상사고,0,0,2,0,차대차 - 측면충돌,안전거리미확보,건조,맑음,단일로 - 기타,승용,여,59세,상해없음,승용,남,37세,경상
2017112800100517,2017년 11월 28일 20시,화요일,경상북도 고령군 다산면,중상사고,0,1,0,0,차대사람 - 횡단중,안전운전불이행,건조,맑음,기타 - 기타,승합,남,55세,상해없음,보행자,남,52세,중상
2017112800100544,2017년 11월 28일 21시,화요일,경상북도 경주시 안강읍,중상사고,0,1,0,0,차대사람 - 길가장자리구역통행중,안전운전불이행,건조,맑음,단일로 - 기타,승용,남,55세,상해없음,보행자,남,37세,중상
2017112800100545,2017년 11월 28일 21시,화요일,경상북도 구미시 봉곡동,경상사고,0,0,1,0,차대사람 - 차도통행중,안전운전불이행,건조,맑음,단일로 - 기타,승용,남,48세,상해없음,보행자,남,19세,경상
2017112800100546,2017년 11월 28일 21시,화요일,경상북도 상주시 내서면,중상사고,0,1,1,0,차대차 - 측면충돌,안전운전불이행,건조,맑음,단일로 - 기타,승합,남,61세,중상,화물,남,31세,상해없음
2017112800100567,2017년 11월 28일 22시,화요일,경상북도 경산시 옥산동,부상신고사고,0,0,0,1,차대사람 - 기타,안전운전불이행,건조,맑음,교차로 - 교차로안,승용,남,74세,상해없음,보행자,남,49세,부상신고
2017112800100568,2017년 11월 28일 22시,화요일,경상북도 구미시 도량동,경상사고,0,0,1,0,차대차 - 기타,안전운전불이행,건조,맑음,교차로 - 교차로횡단보도내,기타불명,기타불명,미분류,기타불명,자전거,남,13세,경상
2017112800100588,2017년 11월 28일 23시,화요일,경상북도 포항시 북구 덕수동,경상사고,0,0,1,0,차대차 - 측면충돌,차로위반,건조,맑음,교차로 - 교차로안,기타불명,기타불명,미분류,기타불명,승합,남,44세,경상
2017112900100026,2017년 11월 29일 00시,수요일,경상북도 칠곡군 석적읍,부상신고사고,0,0,0,2,차대차 - 추돌,안전운전불이행,건조,맑음,교차로 - 교차로부근,승용,남,26세,상해없음,승용,남,35세,부상신고
2017112900100052,2017년 11월 29일 03시,수요일,경상북도 영천시 신령면,경상사고,0,0,1,0,차량단독 - 공작물충돌,안전운전불이행,건조,맑음,단일로 - 기타,화물,남,47세,경상,,,,
2017112900100062,2017년 11월 29일 05시,수요일,경상북도 포항시 남구 오천읍,경상사고,0,0,1,0,차대차 - 기타,신호위반,건조,맑음,교차로 - 교차로안,화물,남,61세,상해없음,승용,여,58세,경상
2017112900100075,2017년 11월 29일 06시,수요일,경상북도 김천시 교동,경상사고,0,0,2,0,차대차 - 측면충돌,신호위반,건조,맑음,교차로 - 교차로안,승용,남,61세,상해없음,승용,여,28세,경상
2017112900100076,2017년 11월 29일 06시,수요일,경상북도 칠곡군 약목면,경상사고,0,0,2,0,차대차 - 추돌,안전운전불이행,건조,맑음,단일로 - 기타,화물,남,49세,경상,승용,남,43세,경상
2017112900100077,2017년 11월 29일 06시,수요일,경상북도 구미시 고아읍,부상신고사고,0,0,0,1,차대차 - 기타,안전운전불이행,건조,맑음,교차로 - 교차로부근,자전거,남,46세,부상신고,승용,남,60세,상해없음
2017112900100078,2017년 11월 29일 06시,수요일,경상북도 포항시 남구 송내동,경상사고,0,0,1,0,차대차 - 기타,직진우회전진행방해,건조,맑음,교차로 - 교차로안,화물,남,67세,상해없음,이륜,남,37세,경상
2017112900100099,2017년 11월 29일 07시,수요일,경상북도 구미시 임은동,경상사고,0,0,3,0,차대차 - 측면충돌,신호위반,건조,맑음,교차로 - 교차로안,승합,남,64세,상해없음,승합,남,42세,경상
2017112900100100,2017년 11월 29일 07시,수요일,경상북도 포항시 남구 장흥동,중상사고,0,1,0,0,차대차 - 기타,안전운전불이행,건조,맑음,교차로 - 교차로안,건설기계,남,57세,상해없음,승용,남,57세,중상
2017112900100130,2017년 11월 29일 08시,수요일,경상북도 경산시 진량읍,중상사고,0,1,1,0,차대차 - 추돌,안전거리미확보,건조,맑음,단일로 - 기타,승용,남,21세,상해없음,승용,여,30세,중상
2017112900100131,2017년 11월 29일 08시,수요일,경상북도 포항시 남구 장흥동,경상사고,0,0,1,0,차대차 - 기타,차로위반,건조,맑음,단일로 - 기타,특수,남,63세,상해없음,승용,여,41세,경상
2017112900100132,2017년 11월 29일 08시,수요일,경상북도 포항시 남구 대도동,경상사고,0,0,2,0,차대차 - 측면충돌,안전운전불이행,건조,맑음,교차로 - 교차로안,승용,여,28세,경상,승용,남,40세,경상
2017112900100165,2017년 11월 29일 09시,수요일,경상북도 포항시 북구 죽도동,경상사고,0,0,1,0,차대차 - 추돌,안전운전불이행,건조,맑음,단일로 - 기타,승용,여,37세,상해없음,승용,여,34세,경상
2017112900100166,2017년 11월 29일 09시,수요일,경상북도 성주군 선남면,중상사고,0,1,1,0,차대차 - 측면충돌,안전운전불이행,건조,맑음,교차로 - 교차로안,승용,여,56세,중상,승용,여,42세,경상
2017112900100196,2017년 11월 29일 10시,수요일,경상북도 경주시 황성동,경상사고,0,0,1,0,차대차 - 측면충돌,안전운전불이행,건조,맑음,단일로 - 기타,승용,여,41세,상해없음,승용,여,29세,경상
2017112900100197,2017년 11월 29일 10시,수요일,경상북도 포항시 북구 흥해읍,사망사고,2,1,0,0,차대차 - 기타,안전운전불이행,건조,맑음,교차로 - 교차로부근,승용,남,63세,상해없음,자전거,여,75세,사망
2017112900100198,2017년 11월 29일 10시,수요일,경상북도 포항시 북구 장성동,중상사고,0,1,1,0,차대차 - 측면충돌,안전운전불이행,건조,맑음,단일로 - 기타,승합,남,54세,상해없음,이륜,남,49세,중상
2017112900100199,2017년 11월 29일 10시,수요일,경상북도 안동시 풍천면,중상사고,0,1,1,1,차대차 - 기타,안전운전불이행,건조,맑음,단일로 - 기타,기타불명,기타불명,미분류,기타불명,승합,남,50세,상해없음
2017112900100200,2017년 11월 29일 10시,수요일,경상북도 칠곡군 왜관읍,중상사고,0,1,0,0,차대사람 - 기타,보행자보호의무위반,건조,맑음,교차로 - 교차로횡단보도내,승용,남,75세,상해없음,보행자,남,78세,중상
2017112900100201,2017년 11월 29일 10시,수요일,경상북도 칠곡군 동명면,경상사고,0,0,3,1,차대차 - 추돌,안전운전불이행,건조,맑음,교차로 - 교차로부근,건설기계,남,25세,부상신고,화물,남,65세,경상
2017112900100231,2017년 11월 29일 11시,수요일,경상북도 경산시 진량읍,경상사고,0,0,1,0,차대차 - 측면충돌,안전운전불이행,건조,맑음,단일로 - 기타,자전거,남,64세,경상,화물,남,44세,상해없음
2017112900100232,2017년 11월 29일 11시,수요일,경상북도 영덕군 영덕읍,중상사고,0,1,4,0,차대차 - 추돌,안전거리미확보,건조,맑음,단일로 - 기타,승용,여,57세,상해없음,승용,남,78세,경상
2017112900100263,2017년 11월 29일 12시,수요일,경상북도 안동시 금곡동,중상사고,0,1,2,0,차대차 - 기타,중앙선침범,건조,맑음,단일로 - 기타,승용,남,32세,상해없음,승용,여,69세,경상
2017112900100264,2017년 11월 29일 12시,수요일,경상북도 김천시 부곡동,중상사고,0,1,0,0,차대사람 - 기타,안전운전불이행,건조,맑음,미분류 - 미분류,기타불명,기타불명,미분류,기타불명,보행자,여,79세,중상
2017112900100265,2017년 11월 29일 12시,수요일,경상북도 청도군 금천면,중상사고,0,2,1,0,차대차 - 측면충돌,교차로운행방법위반,건조,맑음,교차로 - 교차로안,승용,남,63세,중상,건설기계,남,55세,경상
2017112900100288,2017년 11월 29일 13시,수요일,경상북도 경주시 현곡면,중상사고,0,1,0,0,차대차 - 추돌,안전운전불이행,건조,맑음,단일로 - 기타,화물,남,29세,상해없음,화물,여,54세,중상
2017112900100289,2017년 11월 29일 13시,수요일,경상북도 포항시 북구 죽도동,중상사고,0,1,0,0,차대차 - 기타,신호위반,건조,맑음,단일로 - 기타,승용,여,38세,상해없음,자전거,여,49세,중상
2017112900100313,2017년 11월 29일 14시,수요일,경상북도 경주시 천북면,경상사고,0,0,2,0,차대차 - 측면충돌,안전운전불이행,건조,맑음,단일로 - 기타,승용,남,59세,상해없음,화물,남,52세,경상
2017112900100314,2017년 11월 29일 14시,수요일,경상북도 상주시 지천동,경상사고,0,0,1,0,차대차 - 추돌,교차로운행방법위반,건조,맑음,교차로 - 교차로안,승용,남,69세,상해없음,승용,여,59세,경상
2017112900100315,2017년 11월 29일 14시,수요일,경상북도 경산시 하양읍,경상사고,0,0,1,0,차대차 - 기타,중앙선침범,건조,맑음,교차로 - 교차로안,이륜,남,60세,경상,승용,남,50세,상해없음
2017112900100316,2017년 11월 29일 14시,수요일,경상북도 경산시 대동,경상사고,0,0,1,0,차대사람 - 횡단중,안전운전불이행,건조,맑음,교차로 - 교차로안,승용,남,22세,상해없음,보행자,남,60세,경상
2017112900100317,2017년 11월 29일 14시,수요일,경상북도 포항시 남구 상도동,중상사고,0,1,0,0,차대차 - 기타,안전거리미확보,건조,맑음,단일로 - 기타,이륜,남,71세,중상,승합,남,48세,상해없음
2017112900100318,2017년 11월 29일 14시,수요일,경상북도 포항시 남구 해도동,경상사고,0,0,3,0,차대차 - 기타,안전운전불이행,건조,맑음,교차로 - 교차로안,승용,남,50세,상해없음,승용,남,32세,경상
2017112900100347,2017년 11월 29일 15시,수요일,경상북도 경주시 건천읍,경상사고,0,0,1,0,차대차 - 측면충돌,중앙선침범,건조,맑음,교차로 - 교차로부근,화물,남,55세,상해없음,화물,남,54세,경상
2017112900100348,2017년 11월 29일 15시,수요일,경상북도 포항시 북구 장성동,경상사고,0,0,2,0,차대차 - 기타,중앙선침범,건조,맑음,단일로 - 기타,승용,여,25세,경상,승용,남,67세,경상
2017112900100349,2017년 11월 29일 15시,수요일,경상북도 칠곡군 북삼읍,경상사고,0,0,1,0,차대차 - 추돌,안전운전불이행,건조,맑음,교차로 - 교차로부근,승용,남,50세,상해없음,승용,여,50세,경상
2017112900100350,2017년 11월 29일 15시,수요일,경상북도 포항시 남구 오천읍,경상사고,0,0,1,0,차대차 - 기타,직진우회전진행방해,건조,맑음,단일로 - 기타,화물,남,54세,상해없음,자전거,남,20세,경상
2017112900100381,2017년 11월 29일 16시,수요일,경상북도 안동시 예안면,중상사고,0,1,0,0,차대차 - 기타,안전운전불이행,건조,맑음,단일로 - 기타,화물,남,58세,상해없음,이륜,남,76세,중상
2017112900100415,2017년 11월 29일 17시,수요일,경상북도 경주시 충효동,경상사고,0,0,1,0,차대차 - 후진중충돌,안전운전불이행,건조,맑음,교차로 - 교차로안,승용,남,78세,상해없음,화물,남,47세,경상
2017112900100416,2017년 11월 29일 17시,수요일,경상북도 안동시 와룡면,사망사고,1,5,2,0,차대차 - 추돌,안전운전불이행,건조,맑음,단일로 - 기타,화물,남,73세,사망,화물,남,62세,경상
2017112900100417,2017년 11월 29일 17시,수요일,경상북도 영주시 상망동,중상사고,0,2,1,0,차대차 - 측면충돌,교차로운행방법위반,건조,맑음,교차로 - 교차로안,승용,여,38세,경상,화물,남,62세,중상
2017112900100418,2017년 11월 29일 17시,수요일,경상북도 경산시 옥산동,중상사고,0,1,0,0,차대사람 - 횡단중,보행자보호의무위반,건조,맑음,교차로 - 교차로횡단보도내,승용,남,34세,상해없음,보행자,남,34세,중상
2017112900100419,2017년 11월 29일 17시,수요일,경상북도 봉화군 봉화읍,중상사고,0,2,0,0,차대차 - 기타,중앙선침범,건조,맑음,단일로 - 기타,승합,여,45세,상해없음,승용,남,69세,중상
2017112900100420,2017년 11월 29일 17시,수요일,경상북도 포항시 남구 송도동,부상신고사고,0,0,0,1,차량단독 - 전도전복,안전운전불이행,건조,맑음,교차로 - 교차로부근,이륜,남,49세,부상신고,미분류,미분류,미분류,미분류
2017112900100421,2017년 11월 29일 17시,수요일,경상북도 포항시 남구 오천읍,경상사고,0,0,2,0,차대차 - 기타,안전운전불이행,건조,맑음,단일로 - 기타,승용,남,67세,경상,승용,남,53세,경상
2017112900100422,2017년 11월 29일 17시,수요일,경상북도 포항시 남구 대도동,경상사고,0,0,2,0,차대차 - 기타,안전운전불이행,건조,맑음,교차로 - 교차로부근,승용,남,30세,경상,승용,남,67세,경상
2017112900100461,2017년 11월 29일 18시,수요일,경상북도 안동시 와룡면,경상사고,0,0,1,0,차대차 - 측면충돌,안전운전불이행,건조,맑음,단일로 - 기타,화물,남,50세,상해없음,특수,남,29세,경상
2017112900100462,2017년 11월 29일 18시,수요일,경상북도 영양군 일월면,중상사고,0,1,4,0,차대차 - 기타,안전운전불이행,건조,맑음,단일로 - 기타,승용,남,40세,상해없음,승용,남,56세,경상
2017112900100500,2017년 11월 29일 19시,수요일,경상북도 안동시 수상동,경상사고,0,0,1,0,차대차 - 측면충돌,안전운전불이행,건조,맑음,단일로 - 기타,승용,여,53세,상해없음,화물,남,23세,경상
2017112900100501,2017년 11월 29일 19시,수요일,경상북도 영천시 망정동,경상사고,0,0,1,0,차대차 - 측면충돌,안전거리미확보,건조,맑음,단일로 - 기타,화물,남,70세,상해없음,승용,여,32세,경상
2017112900100502,2017년 11월 29일 19시,수요일,경상북도 구미시 인의동,경상사고,0,0,1,1,차대사람 - 횡단중,안전운전불이행,건조,맑음,단일로 - 기타,원동기,남,38세,부상신고,보행자,남,27세,경상
2017112900100529,2017년 11월 29일 20시,수요일,경상북도 포항시 북구 장성동,경상사고,0,0,1,0,차대사람 - 횡단중,신호위반,건조,맑음,교차로 - 교차로횡단보도내,이륜,남,75세,상해없음,보행자,남,72세,경상
2017112900100530,2017년 11월 29일 20시,수요일,경상북도 구미시 진평동,경상사고,0,0,1,0,차대차 - 추돌,안전운전불이행,건조,맑음,교차로 - 교차로부근,화물,남,44세,상해없음,승용,남,50세,상해없음
2017112900100531,2017년 11월 29일 20시,수요일,경상북도 구미시 송정동,중상사고,0,2,0,0,차대차 - 기타,중앙선침범,건조,맑음,교차로 - 교차로부근,승용,남,28세,상해없음,이륜,남,21세,중상
2017112900100532,2017년 11월 29일 20시,수요일,경상북도 포항시 남구 해도동,중상사고,0,1,0,0,차대차 - 기타,중앙선침범,건조,맑음,단일로 - 기타,승용,남,35세,상해없음,이륜,남,53세,중상
2017112900100580,2017년 11월 29일 22시,수요일,경상북도 경주시 성건동,중상사고,0,1,0,0,차대차 - 측면충돌,안전운전불이행,건조,맑음,교차로 - 교차로안,화물,여,60세,상해없음,승용,여,46세,중상
2017112900100581,2017년 11월 29일 22시,수요일,경상북도 경주시 성동동,경상사고,0,0,1,0,차대사람 - 길가장자리구역통행중,안전운전불이행,건조,맑음,단일로 - 기타,승용,여,50세,상해없음,보행자,남,57세,경상
2017112900100582,2017년 11월 29일 22시,수요일,경상북도 영천시 대창면,경상사고,0,0,1,0,차대차 - 추돌,안전운전불이행,건조,맑음,단일로 - 기타,화물,남,46세,상해없음,화물,남,55세,경상
2017112900100583,2017년 11월 29일 22시,수요일,경상북도 구미시 송정동,중상사고,0,1,0,1,차대차 - 측면충돌,안전운전불이행,건조,맑음,교차로 - 교차로안,승용,여,52세,부상신고,승용,여,43세,중상
2017112900100584,2017년 11월 29일 22시,수요일,경상북도 포항시 남구 지곡동,부상신고사고,0,0,0,1,차대사람 - 기타,보행자보호의무위반,건조,맑음,교차로 - 교차로안,기타불명,기타불명,미분류,기타불명,보행자,남,54세,부상신고
2017112900100606,2017년 11월 29일 23시,수요일,경상북도 구미시 공단동,경상사고,0,0,1,0,차대차 - 측면충돌,신호위반,건조,맑음,교차로 - 교차로안,승용,남,24세,상해없음,승용,남,29세,경상
2017113000100067,2017년 11월 30일 05시,목요일,경상북도 구미시 도량동,중상사고,0,1,1,0,차대차 - 추돌,안전운전불이행,건조,맑음,단일로 - 기타,승용,여,48세,상해없음,승용,여,58세,중상
2017113000100097,2017년 11월 30일 07시,목요일,경상북도 포항시 남구 해도동,중상사고,0,1,0,0,차대사람 - 기타,안전운전불이행,건조,맑음,단일로 - 기타,승용,남,67세,상해없음,보행자,여,17세,중상
2017113000100127,2017년 11월 30일 08시,목요일,경상북도 포항시 북구 두호동,경상사고,0,0,1,0,차대사람 - 보도통행중,보행자보호의무위반,건조,맑음,단일로 - 기타,화물,남,25세,상해없음,보행자,남,7세,경상
2017113000100128,2017년 11월 30일 08시,목요일,경상북도 김천시 신음동,경상사고,0,0,1,0,차대차 - 측면충돌,안전운전불이행,건조,맑음,단일로 - 기타,승용,남,16세,상해없음,승용,여,42세,경상
2017113000100129,2017년 11월 30일 08시,목요일,경상북도 구미시 고아읍,중상사고,0,1,0,0,차대차 - 기타,안전운전불이행,건조,맑음,교차로 - 교차로안,승용,여,41세,상해없음,승용,여,48세,중상
2017113000100130,2017년 11월 30일 08시,목요일,경상북도 포항시 남구 연일읍,경상사고,0,0,1,0,차대차 - 측면충돌,직진우회전진행방해,건조,맑음,교차로 - 교차로안,화물,남,69세,상해없음,승용,여,47세,경상
2017113000100172,2017년 11월 30일 09시,목요일,경상북도 성주군 벽진면,경상사고,0,0,2,0,차대차 - 측면충돌,안전운전불이행,건조,맑음,교차로 - 교차로부근,승용,여,47세,상해없음,화물,남,40세,경상
2017113000100201,2017년 11월 30일 10시,목요일,경상북도 안동시 풍산읍,경상사고,0,0,1,0,차대차 - 기타,기타,건조,맑음,단일로 - 기타,화물,남,58세,상해없음,승용,남,45세,경상
2017113000100228,2017년 11월 30일 11시,목요일,경상북도 안동시 송천동,경상사고,0,0,2,0,차대차 - 후진중충돌,안전운전불이행,건조,맑음,단일로 - 기타,화물,남,27세,상해없음,승용,여,21세,경상
2017113000100229,2017년 11월 30일 11시,목요일,경상북도 영주시 상망동,경상사고,0,0,3,0,차대차 - 추돌,안전운전불이행,건조,맑음,단일로 - 기타,승용,남,74세,상해없음,승용,남,61세,경상
2017113000100230,2017년 11월 30일 11시,목요일,경상북도 성주군 성주읍,경상사고,0,0,1,0,차대차 - 기타,중앙선침범,건조,맑음,기타 - 기타,승용,여,62세,상해없음,승용,남,44세,경상
2017113000100231,2017년 11월 30일 11시,목요일,경상북도 구미시 고아읍,중상사고,0,1,0,0,차대차 - 기타,직진우회전진행방해,건조,맑음,교차로 - 교차로안,승용,남,38세,상해없음,이륜,남,64세,중상
2017113000100263,2017년 11월 30일 12시,목요일,경상북도 포항시 남구 대송면,중상사고,0,1,0,0,차대차 - 기타,직진우회전진행방해,건조,맑음,교차로 - 교차로안,화물,남,57세,상해없음,화물,남,60세,중상
2017113000100294,2017년 11월 30일 13시,목요일,경상북도 경주시 동천동,경상사고,0,0,2,0,차대차 - 측면충돌,안전운전불이행,건조,맑음,교차로 - 교차로안,승용,남,58세,상해없음,승용,남,23세,경상
2017113000100295,2017년 11월 30일 13시,목요일,경상북도 의성군 단밀면,중상사고,0,1,0,0,차대차 - 측면충돌,중앙선침범,건조,맑음,기타 - 기타,화물,남,72세,상해없음,승용,남,56세,중상
2017113000100322,2017년 11월 30일 14시,목요일,경상북도 의성군 춘산면,중상사고,0,1,0,0,차대차 - 추돌,안전운전불이행,건조,맑음,단일로 - 기타,이륜,남,89세,중상,화물,남,59세,상해없음
2017113000100323,2017년 11월 30일 14시,목요일,경상북도 영천시 문외동,중상사고,0,1,0,0,차대차 - 측면충돌,교차로운행방법위반,건조,맑음,교차로 - 교차로안,승용,여,41세,상해없음,승용,남,32세,중상
2017113000100358,2017년 11월 30일 15시,목요일,경상북도 예천군 예천읍,경상사고,0,0,1,0,차대차 - 측면충돌,안전운전불이행,건조,맑음,교차로 - 교차로안,승용,남,85세,상해없음,승용,여,40세,경상
2017113000100402,2017년 11월 30일 16시,목요일,경상북도 포항시 북구 장성동,경상사고,0,0,1,0,차대차 - 추돌,안전운전불이행,건조,맑음,단일로 - 기타,승용,남,61세,상해없음,승용,여,26세,경상
2017113000100439,2017년 11월 30일 17시,목요일,경상북도 경주시 용강동,부상신고사고,0,0,0,1,차대차 - 측면충돌,안전운전불이행,건조,맑음,단일로 - 기타,이륜,남,64세,부상신고,승용,남,33세,상해없음
2017113000100440,2017년 11월 30일 17시,목요일,경상북도 안동시 풍산읍,경상사고,0,0,2,0,차대차 - 측면충돌,교차로운행방법위반,건조,맑음,교차로 - 교차로안,승용,여,55세,상해없음,화물,남,77세,경상