사고번호,사고일시,요일,시군구,사고내용,사망자수,중상자수,경상자수,부상신고자수,사고유형,법규위반,노면상태,기상상태,도로형태,가해운전자 차종,가해운전자 성별,가해운전자 연령,가해운전자 상해정도,피해운전자 차종,피해운전자 성별,피해운전자 연령,피해운전자 상해정도
2017113000100441,2017년 11월 30일 17시,목요일,경상북도 경산시 계양동,중상사고,0,1,1,0,차대차 - 추돌,안전운전불이행,건조,맑음,교차로 - 교차로부근,이륜,남,22세,경상,승용,여,60세,중상
2017113000100442,2017년 11월 30일 17시,목요일,경상북도 포항시 남구 오천읍,중상사고,0,1,0,0,차대차 - 측면충돌,안전운전불이행,건조,맑음,교차로 - 교차로안,승용,남,46세,상해없음,승용,여,48세,중상
2017113000100491,2017년 11월 30일 18시,목요일,경상북도 경주시 성건동,경상사고,0,0,1,0,차대차 - 측면충돌,안전운전불이행,건조,맑음,교차로 - 교차로안,이륜,남,24세,경상,승용,여,59세,상해없음
2017113000100492,2017년 11월 30일 18시,목요일,경상북도 포항시 북구 장성동,경상사고,0,0,1,0,차대사람 - 횡단중,교차로운행방법위반,건조,맑음,교차로 - 교차로부근,이륜,남,61세,상해없음,보행자,여,27세,경상
2017113000100493,2017년 11월 30일 18시,목요일,경상북도 안동시 옥동,중상사고,0,1,0,0,차대차 - 정면충돌,교차로운행방법위반,건조,맑음,교차로 - 교차로안,화물,남,37세,상해없음,이륜,남,62세,중상
2017113000100494,2017년 11월 30일 18시,목요일,경상북도 상주시 낙동면,사망사고,1,0,0,0,차대사람 - 횡단중,보행자보호의무위반,건조,맑음,단일로 - 기타,화물,남,56세,상해없음,보행자,여,82세,사망
2017113000100535,2017년 11월 30일 19시,목요일,경상북도 경주시 황성동,경상사고,0,0,1,0,차대차 - 측면충돌,안전운전불이행,건조,맑음,교차로 - 교차로부근,승용,남,35세,상해없음,이륜,남,23세,경상
2017113000100536,2017년 11월 30일 19시,목요일,경상북도 안동시 평화동,경상사고,0,0,1,0,차대차 - 기타,안전운전불이행,건조,맑음,단일로 - 기타,승용,남,23세,상해없음,이륜,남,55세,경상
2017113000100537,2017년 11월 30일 19시,목요일,경상북도 경산시 하양읍,경상사고,0,0,1,0,차대차 - 측면충돌,안전운전불이행,건조,맑음,단일로 - 기타,기타불명,기타불명,미분류,기타불명,승용,남,26세,경상
2017113000100577,2017년 11월 30일 20시,목요일,경상북도 포항시 북구 죽도동,경상사고,0,0,2,0,차대차 - 측면충돌,교차로운행방법위반,건조,맑음,교차로 - 교차로안,승용,여,33세,경상,승용,여,23세,기타불명
2017113000100608,2017년 11월 30일 21시,목요일,경상북도 경주시 동천동,중상사고,0,2,1,0,차대차 - 측면충돌,안전운전불이행,건조,맑음,교차로 - 교차로안,승용,여,32세,상해없음,승용,남,63세,중상
2017113000100609,2017년 11월 30일 21시,목요일,경상북도 경주시 석장동,중상사고,0,1,0,0,차대차 - 추돌,안전운전불이행,건조,맑음,교차로 - 교차로안,승용,남,42세,상해없음,승용,여,50세,중상
2017113000100610,2017년 11월 30일 21시,목요일,경상북도 울진군 북면,경상사고,0,0,1,0,차량단독 - 전도전복 - 전도,안전운전불이행,건조,맑음,단일로 - 기타,이륜,남,48세,경상,,,,
2017113000100636,2017년 11월 30일 22시,목요일,경상북도 포항시 북구 양덕동,중상사고,0,1,0,0,차대사람 - 기타,안전운전불이행,건조,맑음,교차로 - 교차로안,승용,남,62세,상해없음,보행자,남,42세,중상
2017113000100637,2017년 11월 30일 22시,목요일,경상북도 구미시 형곡동,중상사고,0,1,0,0,차대사람 - 횡단중,안전운전불이행,건조,맑음,단일로 - 기타,승용,남,46세,상해없음,보행자,남,58세,중상
2017113000100656,2017년 11월 30일 23시,목요일,경상북도 안동시 용상동,경상사고,0,0,1,0,차대사람 - 기타,안전운전불이행,건조,맑음,단일로 - 기타,승용,남,30세,상해없음,보행자,남,51세,경상
2017113000100657,2017년 11월 30일 23시,목요일,경상북도 칠곡군 왜관읍,중상사고,0,1,0,1,차대차 - 추돌,안전운전불이행,건조,맑음,단일로 - 기타,승용,남,26세,부상신고,승용,남,42세,중상
2017120100100078,2017년 12월 1일 02시,금요일,경상북도 구미시 진평동,경상사고,0,0,1,0,차대차 - 기타,안전운전불이행,건조,맑음,교차로 - 교차로안,승용,남,24세,상해없음,승용,남,30세,경상
2017120100100105,2017년 12월 1일 05시,금요일,경상북도 경주시 배반동,경상사고,0,0,1,0,차대차 - 추돌,안전운전불이행,건조,맑음,단일로 - 기타,화물,남,68세,상해없음,화물,남,50세,경상
2017120100100106,2017년 12월 1일 05시,금요일,경상북도 포항시 남구 송내동,중상사고,0,1,1,0,차대차 - 기타,안전운전불이행,건조,맑음,교차로 - 교차로안,승용,남,53세,경상,승용,남,65세,중상
2017120100100107,2017년 12월 1일 05시,금요일,경상북도 칠곡군 지천면,경상사고,0,0,1,0,차대차 - 추돌,안전운전불이행,건조,맑음,단일로 - 기타,승용,남,24세,상해없음,승용,남,67세,상해없음
2017120100100145,2017년 12월 1일 07시,금요일,경상북도 안동시 명륜동,경상사고,0,0,1,0,차대차 - 측면충돌,안전운전불이행,건조,맑음,단일로 - 기타,승용,남,52세,상해없음,승용,남,38세,경상
2017120100100146,2017년 12월 1일 07시,금요일,경상북도 울진군 북면,중상사고,0,1,0,0,차대차 - 측면충돌,직진우회전진행방해,건조,맑음,교차로 - 교차로안,승용,남,25세,상해없음,이륜,남,17세,중상
2017120100100185,2017년 12월 1일 08시,금요일,경상북도 의성군 단북면,중상사고,0,1,0,0,차대차 - 추돌,안전운전불이행,건조,맑음,단일로 - 기타,승용,여,42세,상해없음,자전거,여,74세,중상
2017120100100186,2017년 12월 1일 08시,금요일,경상북도 구미시 비산동,중상사고,0,1,0,0,차대차 - 기타,안전운전불이행,건조,맑음,단일로 - 기타,승용,남,45세,상해없음,기타불명,남,33세,중상
2017120100100187,2017년 12월 1일 08시,금요일,경상북도 포항시 남구 해도동,경상사고,0,0,1,0,차대사람 - 기타,안전운전불이행,건조,맑음,교차로 - 교차로부근,승용,남,58세,상해없음,보행자,여,26세,경상
2017120100100229,2017년 12월 1일 09시,금요일,경상북도 구미시 지산동,경상사고,0,0,1,1,차대차 - 추돌,안전운전불이행,건조,맑음,교차로 - 교차로부근,승용,남,18세,상해없음,승합,남,42세,부상신고
2017120100100255,2017년 12월 1일 10시,금요일,경상북도 예천군 용문면,사망사고,1,0,0,0,차량단독 - 도로외이탈 - 추락,안전운전불이행,건조,맑음,교차로 - 교차로부근,원동기,남,80세,사망,,,,
2017120100100309,2017년 12월 1일 12시,금요일,경상북도 포항시 북구 상원동,경상사고,0,0,1,0,차대차 - 기타,교차로운행방법위반,건조,맑음,교차로 - 교차로부근,승용,남,73세,상해없음,승용,남,54세,경상
2017120100100310,2017년 12월 1일 12시,금요일,경상북도 영주시 휴천동,중상사고,0,1,0,0,차대차 - 추돌,안전운전불이행,건조,맑음,교차로 - 교차로부근,승용,남,53세,상해없음,승합,여,61세,중상
2017120100100311,2017년 12월 1일 12시,금요일,경상북도 영천시 화룡동,중상사고,0,1,0,0,차량단독 - 공작물충돌,안전운전불이행,건조,맑음,단일로 - 기타,승용,남,76세,상해없음,,,,
2017120100100312,2017년 12월 1일 12시,금요일,경상북도 구미시 고아읍,경상사고,0,0,1,0,차대차 - 추돌,안전운전불이행,건조,맑음,단일로 - 기타,승용,여,63세,상해없음,화물,남,47세,경상
2017120100100313,2017년 12월 1일 12시,금요일,경상북도 포항시 남구 효자동,경상사고,0,0,3,0,차대차 - 정면충돌,중앙선침범,건조,맑음,교차로 - 교차로안,승용,여,54세,경상,승용,여,29세,경상
2017120100100338,2017년 12월 1일 13시,금요일,경상북도 김천시 다수동,경상사고,0,0,1,0,차대차 - 측면충돌,교차로운행방법위반,건조,맑음,교차로 - 교차로안,승용,남,70세,상해없음,승용,남,51세,경상
2017120100100339,2017년 12월 1일 13시,금요일,경상북도 의성군 구천면,중상사고,0,1,0,0,차대차 - 측면충돌,안전운전불이행,건조,맑음,단일로 - 기타,특수,남,48세,상해없음,이륜,남,78세,중상
2017120100100340,2017년 12월 1일 13시,금요일,경상북도 칠곡군 왜관읍,부상신고사고,0,0,0,1,차대차 - 기타,안전운전불이행,건조,맑음,단일로 - 기타,승용,여,59세,부상신고,기타불명,기타불명,미분류,기타불명
2017120100100375,2017년 12월 1일 14시,금요일,경상북도 경주시 양남면,중상사고,0,2,0,0,차대차 - 측면충돌,신호위반,건조,맑음,교차로 - 교차로안,이륜,남,67세,중상,승용,남,64세,상해없음
2017120100100376,2017년 12월 1일 14시,금요일,경상북도 경주시 용강동,경상사고,0,0,1,0,차대차 - 측면충돌,안전운전불이행,건조,맑음,교차로 - 교차로부근,승용,남,60세,경상,승용,남,58세,상해없음
2017120100100377,2017년 12월 1일 14시,금요일,경상북도 포항시 북구 죽도동,중상사고,0,1,0,0,차대사람 - 차도통행중,안전운전불이행,건조,맑음,단일로 - 기타,승용,남,43세,상해없음,보행자,여,90세 이상,중상
2017120100100378,2017년 12월 1일 14시,금요일,경상북도 영주시 휴천동,경상사고,0,0,1,0,차대차 - 기타,안전운전불이행,건조,맑음,단일로 - 기타,승용,남,39세,상해없음,자전거,남,52세,경상
2017120100100426,2017년 12월 1일 15시,금요일,경상북도 경주시 황성동,경상사고,0,0,1,0,차대차 - 측면충돌,안전운전불이행,건조,맑음,주차장 - 주차장,승용,남,56세,상해없음,승용,여,48세,경상
2017120100100427,2017년 12월 1일 15시,금요일,경상북도 영천시 고경면,중상사고,0,1,2,0,차대차 - 추돌,안전거리미확보,건조,맑음,단일로 - 교량,화물,남,59세,상해없음,승용,남,68세,경상
2017120100100428,2017년 12월 1일 15시,금요일,경상북도 경산시 진량읍,경상사고,0,0,3,0,차대차 - 기타,안전운전불이행,건조,맑음,단일로 - 기타,이륜,남,19세,상해없음,승용,남,27세,경상
2017120100100429,2017년 12월 1일 15시,금요일,경상북도 봉화군 춘양면,경상사고,0,0,1,0,차대사람 - 횡단중,안전운전불이행,건조,맑음,단일로 - 기타,승용,남,72세,상해없음,보행자,여,9세,경상
2017120100100462,2017년 12월 1일 16시,금요일,경상북도 영주시 가흥동,중상사고,0,1,4,0,차대차 - 측면충돌,교차로운행방법위반,건조,맑음,교차로 - 교차로안,승용,여,60세,중상,승용,남,58세,경상
2017120100100463,2017년 12월 1일 16시,금요일,경상북도 칠곡군 석적읍,경상사고,0,0,2,0,차대차 - 측면충돌,안전운전불이행,건조,맑음,교차로 - 교차로안,승용,남,34세,상해없음,승용,여,53세,경상
2017120100100464,2017년 12월 1일 16시,금요일,경상북도 영양군 입암면,경상사고,0,0,1,0,차대차 - 측면충돌,교차로운행방법위반,건조,맑음,교차로 - 교차로안,승합,남,48세,상해없음,화물,남,67세,상해없음
2017120100100507,2017년 12월 1일 17시,금요일,경상북도 안동시 와룡면,사망사고,1,0,0,0,차대사람 - 기타,안전운전불이행,건조,맑음,단일로 - 기타,승용,남,42세,상해없음,보행자,남,57세,사망
2017120100100508,2017년 12월 1일 17시,금요일,경상북도 경산시 사동,경상사고,0,0,1,0,차대차 - 기타,안전운전불이행,건조,맑음,단일로 - 기타,승용,여,37세,상해없음,승용,남,32세,경상
2017120100100509,2017년 12월 1일 17시,금요일,경상북도 예천군 풍양면,중상사고,0,1,0,0,차대차 - 측면충돌,중앙선침범,건조,맑음,단일로 - 기타,승용,여,29세,상해없음,원동기,여,70세,중상
2017120100100572,2017년 12월 1일 18시,금요일,경상북도 경주시 천북면,경상사고,0,0,3,0,차대차 - 추돌,안전운전불이행,건조,맑음,단일로 - 기타,승용,남,27세,상해없음,승용,남,23세,경상
2017120100100573,2017년 12월 1일 18시,금요일,경상북도 칠곡군 석적읍,경상사고,0,0,1,0,차대차 - 측면충돌,안전운전불이행,건조,맑음,교차로 - 교차로안,승용,남,27세,상해없음,이륜,남,39세,경상
2017120100100574,2017년 12월 1일 18시,금요일,경상북도 구미시 고아읍,경상사고,0,0,1,0,차대차 - 추돌,안전운전불이행,건조,맑음,단일로 - 기타,승용,여,63세,상해없음,승용,여,57세,경상
2017120100100575,2017년 12월 1일 18시,금요일,경상북도 포항시 남구 대잠동,경상사고,0,0,1,0,차대차 - 기타,안전운전불이행,건조,맑음,단일로 - 기타,이륜,남,17세,경상,승용,남,62세,상해없음
2017120100100627,2017년 12월 1일 19시,금요일,경상북도 포항시 북구 학잠동,중상사고,0,1,0,0,차대사람 - 보도통행중,보행자보호의무위반,건조,맑음,교차로 - 교차로안,화물,남,38세,상해없음,보행자,여,76세,중상
2017120100100628,2017년 12월 1일 19시,금요일,경상북도 안동시 태화동,경상사고,0,0,1,0,차량단독 - 기타,안전운전불이행,건조,맑음,단일로 - 기타,승합,남,44세,상해없음,,,,
2017120100100629,2017년 12월 1일 19시,금요일,경상북도 경산시 삼풍동,경상사고,0,0,1,0,차대사람 - 보도통행중,보행자보호의무위반,건조,맑음,단일로 - 기타,승용,여,25세,상해없음,보행자,여,10세,경상
2017120100100663,2017년 12월 1일 20시,금요일,경상북도 경주시 외동읍,경상사고,0,0,6,0,차대차 - 기타,안전운전불이행,건조,맑음,단일로 - 기타,승용,남,57세,경상,승용,남,42세,경상
2017120100100702,2017년 12월 1일 21시,금요일,경상북도 포항시 남구 오천읍,경상사고,0,0,1,0,차대차 - 측면충돌,신호위반,건조,맑음,교차로 - 교차로안,승용,여,59세,상해없음,승용,여,44세,경상
2017120100100734,2017년 12월 1일 22시,금요일,경상북도 경주시 충효동,경상사고,0,0,4,0,차대차 - 측면충돌,신호위반,건조,맑음,교차로 - 교차로안,승용,남,20세,상해없음,승용,여,49세,경상
2017120200100038,2017년 12월 2일 00시,토요일,경상북도 안동시 송현동,경상사고,0,0,3,0,차대차 - 기타,안전운전불이행,건조,맑음,교차로 - 교차로안,승용,남,63세,경상,승용,여,35세,상해없음
2017120200100039,2017년 12월 2일 00시,토요일,경상북도 구미시 산동면,경상사고,0,0,2,1,차대차 - 추돌,안전운전불이행,건조,맑음,교차로 - 교차로부근,승용,남,21세,부상신고,승용,남,44세,경상
2017120200100064,2017년 12월 2일 01시,토요일,경상북도 구미시 고아읍,부상신고사고,0,0,0,1,차대차 - 기타,안전운전불이행,건조,맑음,단일로 - 기타,기타불명,기타불명,미분류,기타불명,이륜,남,20세,부상신고
2017120200100099,2017년 12월 2일 04시,토요일,경상북도 안동시 명륜동,경상사고,0,0,1,0,차대차 - 측면충돌,안전운전불이행,건조,맑음,단일로 - 기타,승용,여,54세,상해없음,승용,남,60세,경상
2017120200100109,2017년 12월 2일 05시,토요일,경상북도 포항시 북구 항구동,중상사고,0,1,0,0,차대사람 - 기타,안전운전불이행,건조,맑음,단일로 - 기타,승용,남,69세,상해없음,보행자,남,55세,중상
2017120200100127,2017년 12월 2일 06시,토요일,경상북도 문경시 영순면,중상사고,0,1,0,0,차대차 - 측면충돌,중앙선침범,건조,맑음,교차로 - 교차로부근,화물,남,45세,상해없음,승용,남,42세,중상
2017120200100160,2017년 12월 2일 08시,토요일,경상북도 경주시 양남면,중상사고,0,1,0,1,차대차 - 측면충돌,안전운전불이행,건조,맑음,교차로 - 교차로안,화물,남,56세,부상신고,승용,여,64세,중상
2017120200100161,2017년 12월 2일 08시,토요일,경상북도 영주시 풍기읍,중상사고,0,1,0,0,차대사람 - 기타,안전운전불이행,건조,맑음,단일로 - 기타,승용,여,27세,상해없음,보행자,남,71세,중상
2017120200100162,2017년 12월 2일 08시,토요일,경상북도 경산시 옥산동,경상사고,0,0,1,0,차대사람 - 기타,안전운전불이행,건조,맑음,교차로 - 교차로부근,승용,여,50세,상해없음,보행자,여,62세,경상
2017120200100163,2017년 12월 2일 08시,토요일,경상북도 포항시 남구 구룡포읍,중상사고,0,1,0,0,차대사람 - 횡단중,보행자보호의무위반,건조,맑음,단일로 - 기타,화물,남,70세,상해없음,보행자,여,89세,중상
2017120200100197,2017년 12월 2일 09시,토요일,경상북도 안동시 옥야동,경상사고,0,0,1,0,차대사람 - 기타,안전운전불이행,건조,맑음,단일로 - 기타,화물,남,86세,상해없음,보행자,남,63세,경상
2017120200100198,2017년 12월 2일 09시,토요일,경상북도 칠곡군 북삼읍,경상사고,0,0,4,1,차대차 - 추돌,교차로운행방법위반,건조,맑음,교차로 - 교차로안,승용,남,51세,부상신고,화물,여,57세,경상
2017120200100217,2017년 12월 2일 10시,토요일,경상북도 포항시 북구 죽도동,경상사고,0,0,1,0,차대사람 - 횡단중,보행자보호의무위반,건조,맑음,단일로 - 기타,승용,남,60세,상해없음,보행자,여,26세,경상
2017120200100255,2017년 12월 2일 11시,토요일,경상북도 안동시 임동면,중상사고,0,1,0,0,차량단독 - 기타,안전운전불이행,건조,맑음,단일로 - 기타,화물,남,73세,중상,,,,
2017120200100256,2017년 12월 2일 11시,토요일,경상북도 김천시 삼락동,경상사고,0,0,1,0,차대사람 - 횡단중,안전운전불이행,건조,맑음,교차로 - 교차로부근,승용,여,40세,상해없음,보행자,남,11세,경상
2017120200100257,2017년 12월 2일 11시,토요일,경상북도 영주시 영주동,경상사고,0,0,1,0,차대차 - 측면충돌,안전운전불이행,건조,맑음,교차로 - 교차로안,이륜,남,76세,경상,화물,남,65세,상해없음
2017120200100258,2017년 12월 2일 11시,토요일,경상북도 청도군 운문면,중상사고,0,1,0,0,차대차 - 기타,교차로운행방법위반,건조,맑음,교차로 - 교차로안,화물,남,63세,상해없음,승용,남,52세,중상
2017120200100287,2017년 12월 2일 12시,토요일,경상북도 칠곡군 가산면,중상사고,0,1,0,0,차량단독 - 전도전복 - 전도,안전운전불이행,건조,맑음,단일로 - 기타,승용,남,24세,중상,,,,
2017120200100288,2017년 12월 2일 12시,토요일,경상북도 칠곡군 기산면,경상사고,0,0,1,0,차대차 - 기타,안전운전불이행,건조,맑음,단일로 - 기타,기타불명,기타불명,미분류,기타불명,자전거,여,81세,경상
2017120200100317,2017년 12월 2일 13시,토요일,경상북도 구미시 공단동,경상사고,0,0,1,0,차대차 - 기타,중앙선침범,건조,맑음,단일로 - 기타,승용,남,29세,상해없음,승용,남,41세,경상
2017120200100356,2017년 12월 2일 14시,토요일,경상북도 포항시 북구 남빈동,경상사고,0,0,1,0,차대차 - 측면충돌,중앙선침범,건조,맑음,단일로 - 기타,원동기,남,18세,상해없음,원동기,남,23세,경상
2017120200100357,2017년 12월 2일 14시,토요일,경상북도 영천시 금노동,중상사고,0,1,0,0,차대차 - 정면충돌,중앙선침범,건조,맑음,단일로 - 기타,승용,남,70세,상해없음,이륜,남,29세,중상
2017120200100358,2017년 12월 2일 14시,토요일,경상북도 경산시 중방동,경상사고,0,0,1,0,차대차 - 측면충돌,안전운전불이행,건조,맑음,단일로 - 기타,승용,남,69세,상해없음,승용,여,39세,경상
2017120200100393,2017년 12월 2일 15시,토요일,경상북도 영덕군 축산면,경상사고,0,0,2,0,차대차 - 측면충돌,안전운전불이행,건조,맑음,단일로 - 기타,화물,남,48세,상해없음,승용,남,49세,기타불명
2017120200100423,2017년 12월 2일 16시,토요일,경상북도 포항시 북구 송라면,경상사고,0,0,1,0,차대차 - 추돌,안전거리미확보,건조,맑음,단일로 - 기타,화물,남,34세,상해없음,승용,남,52세,경상
2017120200100424,2017년 12월 2일 16시,토요일,경상북도 영양군 일월면,중상사고,0,1,0,0,차대차 - 추돌,안전거리미확보,건조,맑음,단일로 - 기타,화물,남,47세,상해없음,승용,남,59세,상해없음
2017120200100425,2017년 12월 2일 16시,토요일,경상북도 포항시 남구 연일읍,경상사고,0,0,1,0,차대차 - 기타,안전운전불이행,건조,맑음,단일로 - 기타,화물,남,75세,상해없음,승용,남,58세,경상
2017120200100464,2017년 12월 2일 17시,토요일,경상북도 경산시 하양읍,경상사고,0,0,1,0,차대차 - 추돌,안전운전불이행,건조,맑음,단일로 - 기타,화물,남,62세,상해없음,승용,여,48세,경상
2017120200100500,2017년 12월 2일 18시,토요일,경상북도 구미시 광평동,경상사고,0,0,1,0,차대차 - 기타,직진우회전진행방해,건조,맑음,교차로 - 교차로안,화물,남,44세,상해없음,자전거,남,53세,경상
2017120200100501,2017년 12월 2일 18시,토요일,경상북도 구미시 선산읍,중상사고,0,1,0,0,차대차 - 추돌,안전거리미확보,건조,맑음,교차로 - 교차로안,화물,남,36세,상해없음,승용,남,48세,중상
2017120200100502,2017년 12월 2일 18시,토요일,경상북도 포항시 남구 연일읍,중상사고,0,1,0,0,차대차 - 기타,직진우회전진행방해,건조,맑음,교차로 - 교차로안,승용,여,59세,기타불명,이륜,남,16세,중상
2017120200100503,2017년 12월 2일 18시,토요일,경상북도 포항시 남구 대도동,중상사고,0,1,0,0,차대사람 - 기타,안전운전불이행,건조,맑음,단일로 - 기타,승용,여,52세,상해없음,보행자,남,72세,중상
2017120200100544,2017년 12월 2일 19시,토요일,경상북도 포항시 북구 양덕동,중상사고,0,1,0,1,차대차 - 측면충돌,신호위반,건조,맑음,교차로 - 교차로안,이륜,남,18세,부상신고,화물,남,39세,중상
2017120200100545,2017년 12월 2일 19시,토요일,경상북도 경산시 중방동,중상사고,0,1,0,0,차대차 - 측면충돌,직진우회전진행방해,건조,맑음,교차로 - 교차로안,화물,남,70세,상해없음,이륜,남,60세,중상
2017120200100546,2017년 12월 2일 19시,토요일,경상북도 포항시 남구 청림동,경상사고,0,0,2,0,차대차 - 추돌,안전운전불이행,건조,맑음,단일로 - 기타,승용,남,49세,상해없음,승용,남,37세,경상
2017120200100547,2017년 12월 2일 19시,토요일,경상북도 포항시 남구 송도동,경상사고,0,0,1,0,차대차 - 추돌,안전운전불이행,건조,맑음,교차로 - 교차로부근,화물,남,45세,상해없음,화물,남,46세,경상
2017120200100574,2017년 12월 2일 20시,토요일,경상북도 경주시 구황동,중상사고,0,1,0,0,차대차 - 측면충돌,안전운전불이행,건조,맑음,단일로 - 기타,이륜,남,71세,중상,승용,남,54세,상해없음
2017120200100575,2017년 12월 2일 20시,토요일,경상북도 포항시 남구 상도동,중상사고,0,1,0,0,차대사람 - 횡단중,안전운전불이행,건조,맑음,단일로 - 기타,이륜,남,21세,상해없음,보행자,여,42세,중상
2017120200100622,2017년 12월 2일 22시,토요일,경상북도 경주시 성건동,경상사고,0,0,1,0,차대사람 - 기타,안전운전불이행,건조,맑음,단일로 - 기타,승용,남,23세,상해없음,보행자,남,25세,경상
2017120200100623,2017년 12월 2일 22시,토요일,경상북도 청송군 청송읍,부상신고사고,0,0,0,1,차량단독 - 전도전복,안전운전불이행,건조,맑음,단일로 - 기타,원동기,남,29세,부상신고,미분류,미분류,미분류,미분류
2017120300100049,2017년 12월 3일 01시,일요일,경상북도 안동시 정하동,경상사고,0,0,1,0,차대차 - 추돌,안전운전불이행,건조,맑음,기타 - 기타,승용,여,57세,상해없음,승용,남,47세,경상
2017120300100065,2017년 12월 3일 02시,일요일,경상북도 경주시 황오동,중상사고,0,1,0,0,차대사람 - 차도통행중,안전운전불이행,건조,맑음,단일로 - 기타,승용,남,55세,상해없음,보행자,여,59세,중상
2017120300100132,2017년 12월 3일 08시,일요일,경상북도 상주시 복룡동,경상사고,0,0,1,0,차대차 - 측면충돌,교차로운행방법위반,건조,맑음,교차로 - 교차로안,승용,여,55세,상해없음,승용,남,44세,경상
2017120300100145,2017년 12월 3일 09시,일요일,경상북도 경산시 하양읍,중상사고,0,1,0,0,차대차 - 측면충돌,신호위반,건조,맑음,교차로 - 교차로안,사륜오토바이(ATV),남,72세,중상,화물,남,64세,상해없음
2017120300100180,2017년 12월 3일 11시,일요일,경상북도 경산시 사동,중상사고,0,1,0,0,차대사람 - 기타,안전운전불이행,건조,맑음,단일로 - 기타,승용,남,31세,상해없음,보행자,여,6세,중상
2017120300100210,2017년 12월 3일 12시,일요일,경상북도 포항시 북구 흥해읍,경상사고,0,0,4,0,차대차 - 추돌,안전운전불이행,건조,맑음,단일로 - 기타,승용,남,83세,상해없음,승용,남,32세,경상
2017120300100211,2017년 12월 3일 12시,일요일,경상북도 영양군 수비면,중상사고,0,1,3,0,차대차 - 정면충돌,중앙선침범,건조,맑음,교차로 - 교차로부근,승용,여,55세,상해없음,승용,여,62세,경상
2017120300100255,2017년 12월 3일 14시,일요일,경상북도 경주시 동부동,경상사고,0,0,3,0,차대차 - 추돌,안전운전불이행,건조,맑음,교차로 - 교차로부근,승용,남,81세,상해없음,승용,남,62세,경상
2017120300100256,2017년 12월 3일 14시,일요일,경상북도 칠곡군 동명면,경상사고,0,0,1,0,차대차 - 추돌,안전거리미확보,건조,맑음,단일로 - 기타,화물,남,58세,상해없음,승용,남,36세,경상
2017120300100280,2017년 12월 3일 15시,일요일,경상북도 김천시 삼락동,중상사고,0,1,0,0,차대차 - 측면충돌,안전운전불이행,건조,맑음,단일로 - 기타,승용,남,67세,상해없음,자전거,남,49세,중상
2017120300100281,2017년 12월 3일 15시,일요일,경상북도 상주시 은척면,중상사고,0,1,0,0,차대차 - 측면충돌,안전운전불이행,건조,맑음,교차로 - 교차로안,원동기,남,76세,중상,승용,남,58세,상해없음
2017120300100282,2017년 12월 3일 15시,일요일,경상북도 경산시 진량읍,중상사고,0,1,2,0,차대차 - 측면충돌,안전운전불이행,건조,맑음,단일로 - 기타,승용,남,58세,상해없음,승용,남,32세,중상
2017120300100283,2017년 12월 3일 15시,일요일,경상북도 성주군 벽진면,경상사고,0,0,1,0,차대사람 - 기타,안전운전불이행,건조,맑음,단일로 - 기타,이륜,남,70세,상해없음,보행자,남,59세,경상
2017120300100284,2017년 12월 3일 15시,일요일,경상북도 고령군 쌍림면,경상사고,0,0,2,0,차대차 - 측면충돌,교차로운행방법위반,건조,맑음,교차로 - 교차로안,화물,남,64세,상해없음,화물,남,65세,경상
2017120300100285,2017년 12월 3일 15시,일요일,경상북도 구미시 선산읍,중상사고,0,1,0,0,차대차 - 기타,안전운전불이행,건조,맑음,교차로 - 교차로안,화물,남,66세,중상,승용,남,55세,상해없음
2017120300100312,2017년 12월 3일 16시,일요일,경상북도 상주시 함창읍,경상사고,0,0,2,0,차대차 - 추돌,안전거리미확보,건조,맑음,교차로 - 교차로부근,승용,남,52세,상해없음,승합,남,56세,경상
2017120300100338,2017년 12월 3일 17시,일요일,경상북도 경주시 광명동,경상사고,0,0,1,0,차대차 - 추돌,안전운전불이행,건조,맑음,교차로 - 교차로부근,승용,남,34세,상해없음,승용,남,39세,경상
2017120300100339,2017년 12월 3일 17시,일요일,경상북도 경산시 와촌면,경상사고,0,0,3,0,차대차 - 기타,안전운전불이행,건조,맑음,단일로 - 기타,승용,남,21세,상해없음,승용,남,36세,경상
2017120300100374,2017년 12월 3일 18시,일요일,경상북도 포항시 북구 우현동,중상사고,0,1,0,0,차대사람 - 횡단중,안전운전불이행,건조,맑음,단일로 - 기타,승용,여,48세,상해없음,보행자,여,17세,중상
2017120300100375,2017년 12월 3일 18시,일요일,경상북도 상주시 이안면,사망사고,1,0,0,0,차대사람 - 차도통행중,안전운전불이행,건조,맑음,단일로 - 기타,승용,남,45세,상해없음,보행자,여,88세,사망
2017120300100376,2017년 12월 3일 18시,일요일,경상북도 영천시 금호읍,경상사고,0,0,1,0,차대차 - 측면충돌,안전운전불이행,건조,맑음,단일로 - 기타,승용,남,52세,상해없음,승용,남,47세,기타불명
2017120300100377,2017년 12월 3일 18시,일요일,경상북도 구미시 원평동,부상신고사고,0,0,0,1,차대사람 - 기타,안전운전불이행,건조,맑음,교차로 - 교차로안,승용,남,56세,상해없음,보행자,남,63세,부상신고
2017120300100378,2017년 12월 3일 18시,일요일,경상북도 구미시 도량동,중상사고,0,1,0,0,차대차 - 기타,차로위반,건조,맑음,교차로 - 교차로부근,승용,남,63세,상해없음,이륜,남,20세,중상