사고번호,사고일시,요일,시군구,사고내용,사망자수,중상자수,경상자수,부상신고자수,사고유형,법규위반,노면상태,기상상태,도로형태,가해운전자 차종,가해운전자 성별,가해운전자 연령,가해운전자 상해정도,피해운전자 차종,피해운전자 성별,피해운전자 연령,피해운전자 상해정도
2017120300100413,2017년 12월 3일 19시,일요일,경상북도 경주시 외동읍,중상사고,0,2,3,0,차대차 - 추돌,안전운전불이행,건조,맑음,단일로 - 기타,승용,남,48세,상해없음,승용,남,34세,중상
2017120300100414,2017년 12월 3일 19시,일요일,경상북도 경주시 용강동,경상사고,0,0,1,1,차대차 - 기타,안전운전불이행,건조,맑음,단일로 - 기타,승용,남,35세,부상신고,승용,남,25세,상해없음
2017120300100415,2017년 12월 3일 19시,일요일,경상북도 포항시 북구 죽도동,경상사고,0,0,1,0,차대차 - 측면충돌,교차로운행방법위반,건조,맑음,교차로 - 교차로안,승용,남,27세,상해없음,이륜,여,21세,경상
2017120300100416,2017년 12월 3일 19시,일요일,경상북도 포항시 남구 연일읍,중상사고,0,1,0,0,차대사람 - 기타,안전운전불이행,건조,맑음,교차로 - 교차로안,승용,남,43세,상해없음,보행자,여,63세,중상
2017120300100442,2017년 12월 3일 20시,일요일,경상북도 칠곡군 석적읍,경상사고,0,0,1,0,차대차 - 기타,안전운전불이행,건조,맑음,단일로 - 기타,승용,남,28세,상해없음,이륜,남,20세,경상
2017120300100443,2017년 12월 3일 20시,일요일,경상북도 예천군 예천읍,중상사고,0,1,0,0,차대사람 - 횡단중,안전운전불이행,건조,맑음,교차로 - 교차로부근,화물,여,32세,상해없음,보행자,남,46세,중상
2017120300100482,2017년 12월 3일 22시,일요일,경상북도 의성군 의성읍,경상사고,0,0,2,0,차대차 - 측면충돌,직진우회전진행방해,건조,맑음,교차로 - 교차로안,화물,남,69세,상해없음,승용,남,55세,경상
2017120300100483,2017년 12월 3일 22시,일요일,경상북도 포항시 남구 대도동,경상사고,0,0,1,0,차대차 - 기타,중앙선침범,건조,맑음,단일로 - 기타,자전거,남,64세,경상,승용,남,70세,상해없음
2017120400100036,2017년 12월 4일 01시,월요일,경상북도 구미시 원평동,경상사고,0,0,1,0,차대차 - 측면충돌,안전운전불이행,건조,맑음,단일로 - 기타,승용,남,22세,상해없음,승용,남,22세,경상
2017120400100075,2017년 12월 4일 06시,월요일,경상북도 경산시 하양읍,중상사고,0,1,0,0,차대사람 - 기타,안전운전불이행,건조,맑음,교차로 - 교차로안,화물,남,42세,상해없음,보행자,남,77세,중상
2017120400100076,2017년 12월 4일 06시,월요일,경상북도 포항시 남구 해도동,경상사고,0,0,1,0,차대차 - 측면충돌,안전운전불이행,건조,맑음,교차로 - 교차로안,승용,남,67세,상해없음,승용,남,30세,경상
2017120400100156,2017년 12월 4일 08시,월요일,경상북도 문경시 마성면,경상사고,0,0,1,1,차대차 - 추돌,안전거리미확보,젖음/습기,흐림,단일로 - 기타,승용,여,44세,부상신고,화물,남,28세,경상
2017120400100157,2017년 12월 4일 08시,월요일,경상북도 경산시 진량읍,경상사고,0,0,1,0,차대차 - 측면충돌,안전운전불이행,건조,맑음,교차로 - 교차로안,승용,남,54세,상해없음,승합,남,52세,경상
2017120400100190,2017년 12월 4일 09시,월요일,경상북도 영주시 가흥동,중상사고,0,1,3,0,차대차 - 측면충돌,안전운전불이행,서리/결빙,흐림,단일로 - 기타,승용,여,46세,경상,화물,남,52세,경상
2017120400100191,2017년 12월 4일 09시,월요일,경상북도 칠곡군 왜관읍,경상사고,0,0,1,0,차량단독 - 기타,안전운전불이행,건조,맑음,단일로 - 교량,이륜,남,50세,경상,,,,
2017120400100192,2017년 12월 4일 09시,월요일,경상북도 경산시 하양읍,중상사고,0,1,0,0,차량단독 - 기타,안전운전불이행,건조,맑음,단일로 - 기타,승합,남,40세,상해없음,,,,
2017120400100214,2017년 12월 4일 10시,월요일,경상북도 영천시 문외동,경상사고,0,0,2,0,차대차 - 기타,안전운전불이행,건조,맑음,교차로 - 교차로안,승용,여,41세,상해없음,승용,남,67세,경상
2017120400100215,2017년 12월 4일 10시,월요일,경상북도 영천시 금노동,중상사고,0,1,0,0,차대차 - 추돌,안전운전불이행,건조,맑음,단일로 - 기타,화물,남,43세,상해없음,화물,남,59세,중상
2017120400100216,2017년 12월 4일 10시,월요일,경상북도 고령군 개진면,사망사고,1,0,0,0,차대차 - 측면충돌,안전운전불이행,건조,맑음,단일로 - 기타,이륜,남,79세,사망,승용,남,41세,상해없음
2017120400100217,2017년 12월 4일 10시,월요일,경상북도 구미시 원평동,경상사고,0,0,1,0,차대차 - 측면충돌,안전운전불이행,건조,맑음,교차로 - 교차로안,승용,남,35세,상해없음,승용,남,44세,경상
2017120400100240,2017년 12월 4일 11시,월요일,경상북도 경주시 성건동,경상사고,0,0,1,0,차대사람 - 횡단중,안전운전불이행,건조,맑음,단일로 - 기타,승용,남,36세,상해없음,보행자,남,79세,경상
2017120400100241,2017년 12월 4일 11시,월요일,경상북도 안동시 옥동,경상사고,0,0,1,0,차대차 - 측면충돌,안전운전불이행,건조,맑음,단일로 - 기타,승용,남,80세,상해없음,승용,남,30세,경상
2017120400100242,2017년 12월 4일 11시,월요일,경상북도 성주군 수륜면,경상사고,0,0,1,0,차대차 - 측면충돌,안전운전불이행,건조,맑음,교차로 - 교차로안,이륜,남,38세,경상,승용,남,79세,상해없음
2017120400100261,2017년 12월 4일 12시,월요일,경상북도 안동시 풍산읍,경상사고,0,0,1,0,차대차 - 측면충돌,중앙선침범,건조,맑음,단일로 - 기타,건설기계,남,44세,상해없음,화물,남,25세,경상
2017120400100262,2017년 12월 4일 12시,월요일,경상북도 상주시 이안면,중상사고,0,1,0,0,차대차 - 측면충돌,신호위반,건조,맑음,교차로 - 교차로안,화물,남,70세,상해없음,승용,여,72세,중상
2017120400100263,2017년 12월 4일 12시,월요일,경상북도 경산시 중산동,경상사고,0,0,1,0,차대사람 - 차도통행중,안전운전불이행,건조,맑음,단일로 - 기타,화물,남,81세,상해없음,보행자,남,47세,경상
2017120400100293,2017년 12월 4일 13시,월요일,경상북도 경주시 석장동,중상사고,0,1,0,0,차대차 - 기타,안전운전불이행,건조,맑음,교차로 - 교차로안,승용,여,39세,상해없음,이륜,남,40세,중상
2017120400100294,2017년 12월 4일 13시,월요일,경상북도 칠곡군 약목면,경상사고,0,0,1,0,차대차 - 정면충돌,중앙선침범,건조,맑음,단일로 - 기타,승용,남,27세,상해없음,승용,남,54세,경상
2017120400100295,2017년 12월 4일 13시,월요일,경상북도 문경시 농암면,경상사고,0,0,1,0,차대차 - 기타,안전운전불이행,건조,맑음,교차로 - 교차로안,이륜,남,71세,상해없음,화물,남,44세,상해없음
2017120400100332,2017년 12월 4일 14시,월요일,경상북도 영주시 휴천동,경상사고,0,0,1,0,차대차 - 측면충돌,안전운전불이행,건조,맑음,단일로 - 기타,승용,남,45세,상해없음,자전거,남,8세,경상
2017120400100362,2017년 12월 4일 15시,월요일,경상북도 안동시 수하동,경상사고,0,0,1,0,차대차 - 기타,안전운전불이행,건조,맑음,단일로 - 기타,승용,여,40세,상해없음,승용,남,26세,경상
2017120400100363,2017년 12월 4일 15시,월요일,경상북도 영주시 영주동,중상사고,0,1,0,0,차대사람 - 횡단중,보행자보호의무위반,건조,맑음,기타 - 기타,화물,남,47세,상해없음,보행자,여,78세,중상
2017120400100364,2017년 12월 4일 15시,월요일,경상북도 예천군 예천읍,중상사고,0,1,0,0,차대차 - 측면충돌,안전운전불이행,건조,맑음,교차로 - 교차로안,화물,남,72세,상해없음,원동기,여,74세,중상
2017120400100365,2017년 12월 4일 15시,월요일,경상북도 청도군 화양읍,중상사고,0,1,1,0,차대차 - 추돌,안전운전불이행,건조,맑음,교차로 - 교차로안,화물,남,75세,상해없음,승용,남,79세,중상
2017120400100366,2017년 12월 4일 15시,월요일,경상북도 청도군 풍각면,중상사고,0,2,0,1,차대차 - 측면충돌,교차로운행방법위반,건조,맑음,교차로 - 교차로안,승용,여,64세,중상,승용,남,83세,부상신고
2017120400100390,2017년 12월 4일 16시,월요일,경상북도 의성군 안계면,중상사고,0,1,0,0,차대차 - 측면충돌,직진우회전진행방해,건조,맑음,교차로 - 교차로안,승용,여,74세,상해없음,원동기,여,80세,중상
2017120400100391,2017년 12월 4일 16시,월요일,경상북도 구미시 봉곡동,경상사고,0,0,2,0,차대차 - 추돌,안전운전불이행,건조,맑음,교차로 - 교차로안,화물,남,58세,상해없음,승용,여,36세,경상
2017120400100425,2017년 12월 4일 17시,월요일,경상북도 포항시 북구 청하면,경상사고,0,0,1,0,차대차 - 추돌,안전운전불이행,건조,맑음,단일로 - 기타,승용,여,65세,상해없음,자전거,남,14세,경상
2017120400100426,2017년 12월 4일 17시,월요일,경상북도 구미시 선산읍,부상신고사고,0,0,0,1,차대차 - 측면충돌,안전운전불이행,건조,맑음,교차로 - 교차로안,승용,남,44세,부상신고,승합,남,55세,상해없음
2017120400100427,2017년 12월 4일 17시,월요일,경상북도 포항시 남구 상도동,경상사고,0,0,4,0,차대차 - 측면충돌,직진우회전진행방해,건조,맑음,교차로 - 교차로안,승용,여,40세,경상,승합,남,57세,경상
2017120400100473,2017년 12월 4일 18시,월요일,경상북도 안동시 풍산읍,경상사고,0,0,1,0,차대차 - 추돌,안전운전불이행,건조,맑음,단일로 - 기타,승용,여,33세,상해없음,승용,남,46세,경상
2017120400100474,2017년 12월 4일 18시,월요일,경상북도 경산시 와촌면,중상사고,0,1,0,0,차대사람 - 기타,안전운전불이행,건조,맑음,기타 - 기타,승용,여,28세,상해없음,보행자,여,30세,중상
2017120400100475,2017년 12월 4일 18시,월요일,경상북도 청도군 화양읍,경상사고,0,0,1,0,차대차 - 측면충돌,교차로운행방법위반,건조,맑음,교차로 - 교차로안,승용,남,65세,상해없음,승용,여,45세,경상
2017120400100476,2017년 12월 4일 18시,월요일,경상북도 포항시 남구 호미곶면,사망사고,1,0,0,0,차량단독 - 도로외이탈 - 기타,안전운전불이행,건조,맑음,교차로 - 교차로부근,이륜,남,71세,사망,,,,
2017120400100530,2017년 12월 4일 19시,월요일,경상북도 영주시 휴천동,중상사고,0,1,1,0,차대차 - 측면충돌,신호위반,건조,맑음,교차로 - 교차로안,승용,남,19세,상해없음,승용,남,59세,중상
2017120400100531,2017년 12월 4일 19시,월요일,경상북도 경산시 진량읍,경상사고,0,0,1,0,차대사람 - 기타,안전운전불이행,건조,맑음,단일로 - 기타,기타불명,기타불명,미분류,기타불명,보행자,남,15세,경상
2017120400100532,2017년 12월 4일 19시,월요일,경상북도 울진군 매화면,중상사고,0,1,0,1,차대차 - 추돌,안전운전불이행,건조,맑음,단일로 - 기타,특수,남,62세,부상신고,건설기계,남,44세,중상
2017120400100533,2017년 12월 4일 19시,월요일,경상북도 울진군 매화면,부상신고사고,0,0,0,1,차대차 - 추돌,안전운전불이행,건조,맑음,단일로 - 기타,승용,남,35세,부상신고,특수,남,62세,상해없음
2017120400100559,2017년 12월 4일 20시,월요일,경상북도 경산시 사동,중상사고,0,1,0,0,차대사람 - 길가장자리구역통행중,신호위반,건조,맑음,교차로 - 교차로안,승용,남,65세,상해없음,보행자,남,43세,중상
2017120400100602,2017년 12월 4일 22시,월요일,경상북도 안동시 옥동,경상사고,0,0,2,0,차대차 - 추돌,안전운전불이행,건조,맑음,교차로 - 교차로부근,승용,남,52세,상해없음,승용,남,27세,경상
2017120400100631,2017년 12월 4일 23시,월요일,경상북도 구미시 임은동,부상신고사고,0,0,0,2,차대차 - 기타,안전운전불이행,건조,맑음,교차로 - 교차로부근,승용,남,46세,상해없음,승용,남,64세,부상신고
2017120500100117,2017년 12월 5일 07시,화요일,경상북도 경주시 성건동,중상사고,0,1,0,0,차대사람 - 횡단중,보행자보호의무위반,건조,맑음,교차로 - 교차로안,승용,남,73세,상해없음,보행자,여,54세,중상
2017120500100118,2017년 12월 5일 07시,화요일,경상북도 칠곡군 기산면,부상신고사고,0,0,0,1,차대차 - 추돌,안전거리미확보,건조,맑음,단일로 - 기타,화물,남,59세,상해없음,승용,남,52세,부상신고
2017120500100119,2017년 12월 5일 07시,화요일,경상북도 구미시 비산동,경상사고,0,0,1,0,차대차 - 기타,중앙선침범,건조,맑음,교차로 - 교차로부근,개인형이동수단(PM),남,35세,경상,승용,남,60세,상해없음
2017120500100162,2017년 12월 5일 08시,화요일,경상북도 경주시 성건동,경상사고,0,0,1,0,차대차 - 측면충돌,안전운전불이행,건조,맑음,교차로 - 교차로안,승용,남,63세,상해없음,승용,여,47세,경상
2017120500100163,2017년 12월 5일 08시,화요일,경상북도 영천시 고경면,중상사고,0,1,1,0,차대차 - 추돌,차로위반,건조,맑음,교차로 - 교차로안,승용,남,30세,중상,승용,여,25세,경상
2017120500100164,2017년 12월 5일 08시,화요일,경상북도 구미시 옥계동,경상사고,0,0,1,0,차대차 - 기타,안전운전불이행,건조,맑음,교차로 - 교차로안,승용,남,27세,기타불명,자전거,남,14세,경상
2017120500100245,2017년 12월 5일 11시,화요일,경상북도 경주시 용강동,중상사고,0,1,0,0,차대사람 - 횡단중,보행자보호의무위반,건조,맑음,교차로 - 교차로안,승합,남,49세,상해없음,보행자,여,74세,중상
2017120500100246,2017년 12월 5일 11시,화요일,경상북도 구미시 진평동,경상사고,0,0,3,0,차대차 - 기타,안전거리미확보,건조,맑음,단일로 - 기타,승합,남,49세,상해없음,화물,남,51세,경상
2017120500100283,2017년 12월 5일 12시,화요일,경상북도 경주시 외동읍,중상사고,0,1,0,0,차대사람 - 길가장자리구역통행중,안전운전불이행,건조,맑음,단일로 - 기타,화물,남,47세,상해없음,보행자,남,78세,중상
2017120500100284,2017년 12월 5일 12시,화요일,경상북도 김천시 평화동,중상사고,0,1,1,0,차대차 - 측면충돌,교차로운행방법위반,건조,맑음,교차로 - 교차로안,승용,남,38세,경상,이륜,남,43세,중상
2017120500100285,2017년 12월 5일 12시,화요일,경상북도 영천시 신령면,경상사고,0,0,2,0,차대차 - 측면충돌,교차로운행방법위반,건조,맑음,교차로 - 교차로안,화물,남,65세,경상,건설기계,남,61세,경상
2017120500100286,2017년 12월 5일 12시,화요일,경상북도 울릉군 북면,사망사고,1,0,0,0,차대사람 - 기타,안전운전불이행,건조,흐림,기타 - 기타,화물,남,57세,상해없음,보행자,여,83세,사망
2017120500100287,2017년 12월 5일 12시,화요일,경상북도 문경시 불정동,사망사고,1,0,2,0,차대차 - 추돌,안전운전불이행,건조,맑음,단일로 - 터널,화물,남,64세,상해없음,화물,남,57세,사망
2017120500100288,2017년 12월 5일 12시,화요일,경상북도 문경시 불정동,중상사고,0,1,0,0,차대차 - 기타,안전운전불이행,건조,맑음,단일로 - 기타,화물,남,57세,상해없음,승합,남,53세,상해없음
2017120500100311,2017년 12월 5일 13시,화요일,경상북도 포항시 남구 대도동,중상사고,0,1,0,0,차대차 - 기타,안전운전불이행,건조,맑음,단일로 - 기타,승용,여,54세,상해없음,이륜,남,45세,중상
2017120500100329,2017년 12월 5일 14시,화요일,경상북도 경주시 황성동,중상사고,0,1,0,0,차대사람 - 길가장자리구역통행중,안전운전불이행,건조,맑음,단일로 - 기타,승용,여,55세,상해없음,보행자,여,75세,중상
2017120500100360,2017년 12월 5일 15시,화요일,경상북도 청도군 이서면,중상사고,0,1,1,0,차대차 - 측면충돌,신호위반,건조,맑음,교차로 - 교차로안,화물,남,65세,중상,화물,남,60세,경상
2017120500100385,2017년 12월 5일 16시,화요일,경상북도 안동시 옥동,부상신고사고,0,0,0,1,차대차 - 기타,중앙선침범,건조,맑음,단일로 - 기타,이륜,남,59세,부상신고,승용,여,60세,상해없음
2017120500100386,2017년 12월 5일 16시,화요일,경상북도 칠곡군 석적읍,경상사고,0,0,1,0,차대차 - 측면충돌,안전운전불이행,건조,맑음,주차장 - 주차장,화물,남,75세,상해없음,승용,여,29세,경상
2017120500100420,2017년 12월 5일 17시,화요일,경상북도 포항시 북구 장성동,중상사고,0,1,0,0,차대사람 - 차도통행중,안전운전불이행,건조,맑음,교차로 - 교차로안,승용,남,60세,상해없음,보행자,남,8세,중상
2017120500100421,2017년 12월 5일 17시,화요일,경상북도 안동시 태화동,경상사고,0,0,1,0,차대사람 - 길가장자리구역통행중,안전운전불이행,건조,맑음,단일로 - 기타,승용,여,53세,상해없음,보행자,남,71세,경상
2017120500100422,2017년 12월 5일 17시,화요일,경상북도 칠곡군 왜관읍,중상사고,0,1,0,0,차대사람 - 횡단중,신호위반,건조,맑음,교차로 - 교차로부근,승용,남,71세,상해없음,보행자,여,13세,중상
2017120500100423,2017년 12월 5일 17시,화요일,경상북도 성주군 성주읍,중상사고,0,1,0,0,차대사람 - 횡단중,안전운전불이행,건조,맑음,단일로 - 기타,승용,남,59세,상해없음,보행자,여,9세,중상
2017120500100424,2017년 12월 5일 17시,화요일,경상북도 울진군 울진읍,경상사고,0,0,1,0,차대사람 - 횡단중,보행자보호의무위반,건조,맑음,교차로 - 교차로횡단보도내,승용,여,39세,상해없음,보행자,여,70세,경상
2017120500100425,2017년 12월 5일 17시,화요일,경상북도 구미시 오태동,경상사고,0,0,1,0,차대사람 - 횡단중,교차로운행방법위반,건조,맑음,교차로 - 교차로안,승용,남,53세,상해없음,보행자,여,17세,경상
2017120500100426,2017년 12월 5일 17시,화요일,경상북도 포항시 남구 동촌동,경상사고,0,0,2,0,차대차 - 측면충돌,안전운전불이행,건조,맑음,단일로 - 기타,화물,남,56세,상해없음,승용,남,36세,경상
2017120500100482,2017년 12월 5일 18시,화요일,경상북도 경산시 진량읍,중상사고,0,1,0,0,차대사람 - 횡단중,안전운전불이행,건조,맑음,단일로 - 기타,승용,여,41세,상해없음,보행자,남,55세,중상
2017120500100483,2017년 12월 5일 18시,화요일,경상북도 경산시 하양읍,경상사고,0,0,2,0,차대차 - 기타,교차로운행방법위반,건조,맑음,단일로 - 기타,승합,남,59세,상해없음,특수,남,43세,경상
2017120500100484,2017년 12월 5일 18시,화요일,경상북도 경산시 사동,경상사고,0,0,1,0,차대차 - 기타,안전운전불이행,건조,맑음,단일로 - 기타,승용,남,21세,상해없음,화물,남,36세,경상
2017120500100528,2017년 12월 5일 19시,화요일,경상북도 청도군 운문면,중상사고,0,1,0,0,차량단독 - 기타,기타,건조,맑음,단일로 - 기타,화물,남,36세,중상,,,,
2017120500100553,2017년 12월 5일 20시,화요일,경상북도 영양군 청기면,중상사고,0,1,1,0,차대차 - 측면충돌,안전운전불이행,건조,맑음,단일로 - 기타,화물,남,52세,경상,화물,남,57세,중상
2017120500100576,2017년 12월 5일 21시,화요일,경상북도 군위군 군위읍,중상사고,0,1,2,0,차량단독 - 공작물충돌,안전운전불이행,젖음/습기,눈,단일로 - 기타,승용,남,26세,상해없음,,,,
2017120500100577,2017년 12월 5일 21시,화요일,경상북도 구미시 진평동,경상사고,0,0,1,0,차대차 - 측면충돌,안전운전불이행,건조,맑음,단일로 - 기타,승용,남,52세,상해없음,이륜,남,17세,경상
2017120600100041,2017년 12월 6일 00시,수요일,경상북도 칠곡군 석적읍,중상사고,0,1,0,0,차대사람 - 길가장자리구역통행중,안전운전불이행,건조,맑음,단일로 - 기타,승용,여,58세,상해없음,보행자,여,79세,중상
2017120600100058,2017년 12월 6일 01시,수요일,경상북도 경주시 노동동,경상사고,0,0,1,0,차대차 - 측면충돌,안전운전불이행,건조,맑음,교차로 - 교차로안,화물,남,48세,상해없음,승용,남,39세,경상
2017120600100082,2017년 12월 6일 04시,수요일,경상북도 구미시 황상동,사망사고,1,0,0,0,차량단독 - 공작물충돌,안전운전불이행,건조,맑음,단일로 - 기타,이륜,남,24세,사망,,,,
2017120600100097,2017년 12월 6일 05시,수요일,경상북도 상주시 무양동,중상사고,0,1,0,0,차대차 - 측면충돌,불법유턴,적설,맑음,단일로 - 기타,이륜,남,69세,중상,특수,남,46세,상해없음
2017120600100098,2017년 12월 6일 05시,수요일,경상북도 포항시 남구 대도동,경상사고,0,0,2,0,차대사람 - 기타,안전운전불이행,건조,맑음,단일로 - 기타,승용,여,68세,상해없음,보행자,남,50세,경상
2017120600100140,2017년 12월 6일 07시,수요일,경상북도 안동시 풍산읍,경상사고,0,0,1,0,차대차 - 기타,안전운전불이행,적설,맑음,단일로 - 기타,화물,남,57세,상해없음,화물,남,36세,경상
2017120600100185,2017년 12월 6일 08시,수요일,경상북도 경주시 율동,중상사고,0,1,0,0,차대차 - 추돌,안전운전불이행,건조,맑음,단일로 - 기타,승용,남,50세,상해없음,자전거,남,79세,중상
2017120600100186,2017년 12월 6일 08시,수요일,경상북도 경주시 양남면,경상사고,0,0,1,0,차대차 - 측면충돌,직진우회전진행방해,건조,맑음,단일로 - 기타,건설기계,남,43세,상해없음,승합,남,74세,경상
2017120600100187,2017년 12월 6일 08시,수요일,경상북도 영천시 금노동,경상사고,0,0,1,0,차대차 - 측면충돌,안전운전불이행,건조,맑음,단일로 - 기타,승용,남,63세,상해없음,승용,남,33세,경상
2017120600100188,2017년 12월 6일 08시,수요일,경상북도 포항시 남구 장기면,중상사고,0,1,1,0,차량단독 - 기타,안전운전불이행,건조,맑음,단일로 - 기타,승용,남,67세,상해없음,,,,
2017120600100223,2017년 12월 6일 09시,수요일,경상북도 영주시 휴천동,중상사고,0,2,0,0,차대차 - 측면충돌,교차로운행방법위반,건조,맑음,교차로 - 교차로안,승용,여,54세,중상,승용,남,49세,중상
2017120600100252,2017년 12월 6일 10시,수요일,경상북도 상주시 거동동,경상사고,0,0,1,0,차량단독 - 공작물충돌,안전운전불이행,적설,눈,단일로 - 기타,화물,남,68세,상해없음,,,,
2017120600100253,2017년 12월 6일 10시,수요일,경상북도 문경시 모전동,경상사고,0,0,1,0,차대차 - 측면충돌,안전운전불이행,건조,맑음,교차로 - 교차로안,이륜,남,60세,경상,특수,남,49세,상해없음
2017120600100276,2017년 12월 6일 11시,수요일,경상북도 봉화군 춘양면,중상사고,0,1,0,0,차대차 - 측면충돌,직진우회전진행방해,젖음/습기,맑음,교차로 - 교차로안,승용,남,73세,상해없음,승용,남,83세,중상
2017120600100277,2017년 12월 6일 11시,수요일,경상북도 구미시 황상동,경상사고,0,0,3,0,차대차 - 기타,안전운전불이행,건조,맑음,교차로 - 교차로부근,승용,여,24세,경상,승용,남,32세,기타불명
2017120600100278,2017년 12월 6일 11시,수요일,경상북도 구미시 황상동,중상사고,0,1,3,0,차대차 - 추돌,안전운전불이행,건조,맑음,단일로 - 기타,승합,여,46세,경상,승용,여,23세,상해없음
2017120600100353,2017년 12월 6일 13시,수요일,경상북도 포항시 북구 흥해읍,경상사고,0,0,1,0,차대사람 - 차도통행중,안전운전불이행,건조,맑음,단일로 - 기타,승용,남,60세,상해없음,보행자,남,8세,경상
2017120600100389,2017년 12월 6일 14시,수요일,경상북도 영주시 휴천동,중상사고,0,1,0,0,차대차 - 추돌,안전운전불이행,건조,맑음,교차로 - 교차로부근,이륜,남,36세,중상,승용,남,59세,상해없음
2017120600100390,2017년 12월 6일 14시,수요일,경상북도 영천시 야사동,중상사고,0,1,0,0,차대차 - 측면충돌,직진우회전진행방해,건조,맑음,교차로 - 교차로부근,승용,남,50세,상해없음,자전거,남,79세,중상
2017120600100427,2017년 12월 6일 15시,수요일,경상북도 경주시 외동읍,부상신고사고,0,0,0,1,차대사람 - 횡단중,안전운전불이행,건조,맑음,단일로 - 기타,승용,남,75세,상해없음,보행자,여,9세,부상신고
2017120600100428,2017년 12월 6일 15시,수요일,경상북도 영천시 성내동,경상사고,0,0,1,0,차대차 - 추돌,안전거리미확보,건조,맑음,단일로 - 기타,승용,남,58세,상해없음,승합,남,45세,경상
2017120600100429,2017년 12월 6일 15시,수요일,경상북도 경산시 삼북동,경상사고,0,0,1,0,차대차 - 측면충돌,교차로운행방법위반,건조,맑음,교차로 - 교차로안,승용,여,58세,상해없음,이륜,남,32세,경상
2017120600100471,2017년 12월 6일 16시,수요일,경상북도 문경시 점촌동,경상사고,0,0,1,0,차대차 - 기타,안전운전불이행,건조,맑음,교차로 - 교차로안,화물,남,54세,상해없음,승용,여,56세,경상
2017120600100523,2017년 12월 6일 17시,수요일,경상북도 경주시 성동동,경상사고,0,0,1,0,차대차 - 측면충돌,중앙선침범,건조,맑음,단일로 - 기타,승용,남,77세,상해없음,이륜,남,31세,경상
2017120600100524,2017년 12월 6일 17시,수요일,경상북도 영천시 고경면,중상사고,0,1,1,0,차대차 - 추돌,안전운전불이행,건조,맑음,단일로 - 기타,화물,남,73세,경상,화물,남,54세,상해없음
2017120600100525,2017년 12월 6일 17시,수요일,경상북도 영덕군 지품면,중상사고,0,1,1,0,차대차 - 정면충돌,안전운전불이행,건조,맑음,단일로 - 기타,화물,남,74세,경상,화물,남,76세,중상
2017120600100526,2017년 12월 6일 17시,수요일,경상북도 포항시 남구 오천읍,경상사고,0,0,1,0,차대차 - 기타,안전운전불이행,건조,맑음,교차로 - 교차로안,승용,남,67세,상해없음,승용,남,66세,경상
2017120600100585,2017년 12월 6일 18시,수요일,경상북도 김천시 남면,경상사고,0,0,1,0,차대차 - 추돌,안전운전불이행,건조,맑음,단일로 - 기타,승용,여,56세,상해없음,농기계,남,66세,경상
2017120600100586,2017년 12월 6일 18시,수요일,경상북도 구미시 장천면,중상사고,0,1,0,0,차대차 - 기타,안전운전불이행,건조,맑음,단일로 - 기타,원동기,남,17세,상해없음,이륜,남,57세,중상
2017120600100632,2017년 12월 6일 19시,수요일,경상북도 상주시 인봉동,경상사고,0,0,1,0,차대차 - 측면충돌,기타,젖음/습기,맑음,단일로 - 기타,이륜,남,41세,경상,승용,남,59세,상해없음
2017120600100660,2017년 12월 6일 20시,수요일,경상북도 구미시 공단동,중상사고,0,1,1,0,차대차 - 측면충돌,안전운전불이행,건조,맑음,교차로 - 교차로안,승용,남,65세,상해없음,승용,남,47세,경상
2017120600100661,2017년 12월 6일 20시,수요일,경상북도 포항시 남구 해도동,경상사고,0,0,4,0,차대차 - 기타,직진우회전진행방해,건조,맑음,교차로 - 교차로안,승용,여,38세,경상,승용,남,59세,경상
2017120600100713,2017년 12월 6일 22시,수요일,경상북도 경산시 진량읍,경상사고,0,0,2,0,차대사람 - 기타,보행자보호의무위반,건조,맑음,교차로 - 교차로횡단보도내,승용,남,31세,상해없음,보행자,남,33세,경상
2017120600100714,2017년 12월 6일 22시,수요일,경상북도 경산시 계양동,중상사고,0,1,0,0,차대차 - 측면충돌,교차로운행방법위반,건조,맑음,교차로 - 교차로안,승용,남,35세,상해없음,승용,남,64세,중상
2017120600100749,2017년 12월 6일 23시,수요일,경상북도 상주시 함창읍,경상사고,0,0,3,0,차대차 - 측면충돌,신호위반,건조,맑음,교차로 - 교차로안,화물,남,44세,상해없음,화물,남,22세,경상
2017120600100750,2017년 12월 6일 23시,수요일,경상북도 칠곡군 석적읍,경상사고,0,0,1,0,차대차 - 추돌,안전운전불이행,건조,맑음,단일로 - 기타,승용,남,41세,경상,승용,여,27세,기타불명
2017120600100751,2017년 12월 6일 23시,수요일,경상북도 포항시 남구 이동,경상사고,0,0,2,0,차대차 - 기타,안전거리미확보,건조,맑음,교차로 - 교차로부근,특수,남,56세,상해없음,승용,남,57세,경상
2017120700100101,2017년 12월 7일 06시,목요일,경상북도 칠곡군 동명면,중상사고,0,1,0,0,차대차 - 추돌,안전운전불이행,건조,맑음,교차로 - 교차로안,화물,여,58세,기타불명,승용,남,61세,중상
2017120700100130,2017년 12월 7일 07시,목요일,경상북도 울진군 평해읍,중상사고,0,1,0,0,차량단독 - 도로외이탈 - 추락,안전운전불이행,서리/결빙,맑음,단일로 - 기타,화물,남,60세,상해없음,,,,