사고번호,사고일시,요일,시군구,사고내용,사망자수,중상자수,경상자수,부상신고자수,사고유형,법규위반,노면상태,기상상태,도로형태,가해운전자 차종,가해운전자 성별,가해운전자 연령,가해운전자 상해정도,피해운전자 차종,피해운전자 성별,피해운전자 연령,피해운전자 상해정도
2017120700100169,2017년 12월 7일 08시,목요일,경상북도 포항시 북구 양덕동,경상사고,0,0,1,0,차대차 - 정면충돌,안전운전불이행,건조,맑음,단일로 - 기타,승용,여,41세,상해없음,승용,여,42세,경상
2017120700100170,2017년 12월 7일 08시,목요일,경상북도 안동시 정하동,경상사고,0,0,3,0,차대차 - 측면충돌,안전운전불이행,서리/결빙,맑음,단일로 - 기타,승용,여,53세,상해없음,승용,여,38세,경상
2017120700100171,2017년 12월 7일 08시,목요일,경상북도 성주군 선남면,중상사고,0,4,3,0,차대차 - 기타,안전운전불이행,서리/결빙,비,단일로 - 기타,화물,남,71세,상해없음,승용,남,41세,경상
2017120700100172,2017년 12월 7일 08시,목요일,경상북도 구미시 임수동,중상사고,0,1,0,0,차대차 - 측면충돌,안전운전불이행,젖음/습기,눈,교차로 - 교차로부근,승용,남,42세,상해없음,승용,여,46세,중상
2017120700100173,2017년 12월 7일 08시,목요일,경상북도 구미시 인의동,경상사고,0,0,2,0,차대차 - 측면충돌,교차로운행방법위반,건조,맑음,교차로 - 교차로안,승용,남,45세,경상,승용,여,21세,상해없음
2017120700100200,2017년 12월 7일 09시,목요일,경상북도 구미시 사곡동,중상사고,0,1,1,0,차대차 - 기타,안전운전불이행,건조,맑음,단일로 - 기타,승용,남,71세,상해없음,승용,여,30세,경상
2017120700100216,2017년 12월 7일 10시,목요일,경상북도 청송군 부남면,중상사고,0,1,1,0,차대차 - 측면충돌,기타,젖음/습기,흐림,교차로 - 교차로부근,화물,남,49세,상해없음,승용,여,57세,경상
2017120700100264,2017년 12월 7일 12시,목요일,경상북도 청도군 각북면,중상사고,0,1,1,1,차대차 - 기타,중앙선침범,건조,맑음,단일로 - 기타,승용,남,73세,부상신고,승용,남,51세,중상
2017120700100265,2017년 12월 7일 12시,목요일,경상북도 고령군 대가야읍,중상사고,0,1,0,0,차대차 - 측면충돌,중앙선침범,건조,맑음,단일로 - 기타,승용,남,55세,상해없음,이륜,남,84세,중상
2017120700100266,2017년 12월 7일 12시,목요일,경상북도 포항시 남구 대잠동,경상사고,0,0,1,0,차대차 - 측면충돌,안전거리미확보,건조,맑음,단일로 - 기타,승용,남,35세,경상,특수,남,43세,상해없음
2017120700100285,2017년 12월 7일 13시,목요일,경상북도 포항시 북구 득량동,경상사고,0,0,2,0,차대차 - 측면충돌,교차로운행방법위반,건조,맑음,교차로 - 교차로부근,화물,남,49세,상해없음,승용,남,43세,경상
2017120700100286,2017년 12월 7일 13시,목요일,경상북도 영천시 임고면,경상사고,0,0,1,0,차대차 - 추돌,안전거리미확보,건조,맑음,교차로 - 교차로안,화물,남,53세,상해없음,승용,여,57세,경상
2017120700100287,2017년 12월 7일 13시,목요일,경상북도 포항시 남구 송도동,부상신고사고,0,0,0,1,차대차 - 기타,안전거리미확보,건조,맑음,교차로 - 교차로부근,승용,여,56세,상해없음,자전거,남,38세,부상신고
2017120700100288,2017년 12월 7일 13시,목요일,경상북도 포항시 남구 효자동,경상사고,0,0,1,0,차대차 - 기타,안전운전불이행,건조,맑음,교차로 - 교차로안,이륜,여,44세,경상,승용,여,42세,상해없음
2017120700100311,2017년 12월 7일 14시,목요일,경상북도 영양군 일월면,중상사고,0,1,1,0,차대차 - 정면충돌,안전운전불이행,서리/결빙,맑음,단일로 - 기타,승용,여,65세,중상,승용,남,43세,경상
2017120700100335,2017년 12월 7일 15시,목요일,경상북도 경주시 노서동,경상사고,0,0,1,0,차대차 - 후진중충돌,안전운전불이행,건조,맑음,단일로 - 기타,승용,여,64세,상해없음,승용,여,45세,경상
2017120700100336,2017년 12월 7일 15시,목요일,경상북도 김천시 평화동,경상사고,0,0,1,0,차대차 - 측면충돌,신호위반,건조,맑음,교차로 - 교차로안,승용,여,43세,상해없음,승용,남,69세,경상
2017120700100337,2017년 12월 7일 15시,목요일,경상북도 영주시 휴천동,중상사고,0,1,0,0,차량단독 - 기타,기타,건조,맑음,단일로 - 기타,승합,남,54세,상해없음,,,,
2017120700100338,2017년 12월 7일 15시,목요일,경상북도 경산시 정평동,경상사고,0,0,1,0,차대차 - 기타,안전운전불이행,건조,맑음,단일로 - 기타,승용,여,28세,상해없음,승용,남,29세,경상
2017120700100371,2017년 12월 7일 16시,목요일,경상북도 포항시 남구 송도동,경상사고,0,0,1,0,차대차 - 기타,안전운전불이행,건조,맑음,단일로 - 기타,이륜,남,26세,경상,승용,여,33세,상해없음
2017120700100410,2017년 12월 7일 17시,목요일,경상북도 칠곡군 동명면,경상사고,0,0,1,0,차대차 - 측면충돌,안전운전불이행,건조,맑음,단일로 - 기타,승용,남,46세,상해없음,승용,남,51세,경상
2017120700100411,2017년 12월 7일 17시,목요일,경상북도 영덕군 영해면,경상사고,0,0,1,0,차대사람 - 길가장자리구역통행중,안전운전불이행,건조,맑음,단일로 - 기타,승용,남,60세,상해없음,보행자,여,54세,경상
2017120700100412,2017년 12월 7일 17시,목요일,경상북도 포항시 남구 효자동,부상신고사고,0,0,0,1,차대차 - 기타,중앙선침범,건조,맑음,교차로 - 교차로안,이륜,남,48세,부상신고,승용,남,26세,상해없음
2017120700100456,2017년 12월 7일 18시,목요일,경상북도 김천시 덕곡동,경상사고,0,0,1,0,차대차 - 추돌,안전운전불이행,건조,맑음,단일로 - 기타,화물,남,57세,상해없음,승용,여,39세,경상
2017120700100457,2017년 12월 7일 18시,목요일,경상북도 구미시 봉곡동,중상사고,0,1,0,0,차대차 - 기타,안전운전불이행,건조,맑음,교차로 - 교차로부근,승합,여,59세,중상,승용,여,36세,상해없음
2017120700100499,2017년 12월 7일 19시,목요일,경상북도 영양군 영양읍,경상사고,0,0,2,0,차대차 - 추돌,안전운전불이행,건조,맑음,단일로 - 기타,승용,남,32세,상해없음,승용,남,59세,경상
2017120700100548,2017년 12월 7일 21시,목요일,경상북도 고령군 다산면,경상사고,0,0,2,0,차대차 - 추돌,안전운전불이행,건조,맑음,단일로 - 기타,화물,남,48세,상해없음,화물,남,35세,경상
2017120700100576,2017년 12월 7일 22시,목요일,경상북도 경주시 동천동,경상사고,0,0,3,0,차대차 - 측면충돌,안전운전불이행,건조,맑음,교차로 - 교차로안,승용,여,50세,경상,승용,남,57세,경상
2017120700100577,2017년 12월 7일 22시,목요일,경상북도 경주시 성동동,경상사고,0,0,4,0,차대차 - 추돌,안전운전불이행,건조,맑음,교차로 - 교차로부근,승용,여,54세,상해없음,승용,남,68세,상해없음
2017120700100612,2017년 12월 7일 23시,목요일,경상북도 구미시 인의동,경상사고,0,0,3,0,차대차 - 추돌,안전거리미확보,건조,맑음,단일로 - 기타,승용,남,27세,상해없음,승용,남,23세,경상
2017120700100613,2017년 12월 7일 23시,목요일,경상북도 구미시 광평동,경상사고,0,0,1,0,차대차 - 추돌,안전운전불이행,건조,맑음,단일로 - 기타,승용,여,32세,상해없음,승용,남,64세,경상
2017120800100147,2017년 12월 8일 07시,금요일,경상북도 포항시 남구 해도동,중상사고,0,1,0,0,차대차 - 기타,안전운전불이행,건조,맑음,교차로 - 교차로안,승용,남,51세,상해없음,자전거,남,57세,중상
2017120800100183,2017년 12월 8일 08시,금요일,경상북도 포항시 북구 양덕동,중상사고,0,1,0,0,차대차 - 기타,직진우회전진행방해,건조,맑음,교차로 - 교차로안,승용,여,56세,상해없음,자전거,남,14세,중상
2017120800100184,2017년 12월 8일 08시,금요일,경상북도 고령군 대가야읍,중상사고,0,1,0,0,차량단독 - 기타,안전운전불이행,건조,맑음,기타 - 기타,이륜,여,70세,중상,,,,
2017120800100185,2017년 12월 8일 08시,금요일,경상북도 포항시 남구 오천읍,경상사고,0,0,1,0,차대차 - 기타,안전운전불이행,건조,맑음,교차로 - 교차로안,화물,남,45세,상해없음,이륜,남,41세,경상
2017120800100224,2017년 12월 8일 09시,금요일,경상북도 포항시 북구 기계면,중상사고,0,1,0,0,차대사람 - 기타,안전운전불이행,건조,맑음,단일로 - 기타,화물,남,76세,상해없음,보행자,남,56세,중상
2017120800100225,2017년 12월 8일 09시,금요일,경상북도 문경시 모전동,중상사고,0,1,0,0,차대사람 - 길가장자리구역통행중,안전운전불이행,건조,맑음,교차로 - 교차로안,승용,남,36세,상해없음,보행자,여,58세,중상
2017120800100226,2017년 12월 8일 09시,금요일,경상북도 영덕군 영해면,중상사고,0,1,1,0,차대차 - 측면충돌,교차로운행방법위반,건조,맑음,교차로 - 교차로안,화물,남,67세,경상,승용,여,57세,중상
2017120800100262,2017년 12월 8일 10시,금요일,경상북도 상주시 서문동,경상사고,0,0,1,0,차대차 - 측면충돌,안전운전불이행,건조,맑음,교차로 - 교차로횡단보도내,승합,남,32세,상해없음,자전거,여,76세,경상
2017120800100263,2017년 12월 8일 10시,금요일,경상북도 포항시 남구 연일읍,중상사고,0,3,1,0,차대차 - 기타,안전운전불이행,건조,맑음,단일로 - 기타,화물,남,51세,상해없음,승용,남,29세,경상
2017120800100289,2017년 12월 8일 11시,금요일,경상북도 포항시 북구 흥해읍,경상사고,0,0,3,0,차대차 - 측면충돌,직진우회전진행방해,건조,맑음,교차로 - 교차로안,승용,여,53세,경상,승용,남,42세,경상
2017120800100290,2017년 12월 8일 11시,금요일,경상북도 영덕군 영덕읍,경상사고,0,0,1,0,차대차 - 기타,안전운전불이행,건조,맑음,단일로 - 기타,승용,여,25세,상해없음,승용,여,64세,경상
2017120800100291,2017년 12월 8일 11시,금요일,경상북도 군위군 군위읍,중상사고,0,1,0,0,차대사람 - 기타,안전운전불이행,건조,맑음,단일로 - 기타,승용,남,66세,상해없음,보행자,여,58세,중상
2017120800100314,2017년 12월 8일 12시,금요일,경상북도 경주시 황오동,경상사고,0,0,1,0,차대사람 - 차도통행중,안전운전불이행,건조,맑음,단일로 - 기타,승용,남,72세,상해없음,보행자,남,52세,경상
2017120800100315,2017년 12월 8일 12시,금요일,경상북도 구미시 옥계동,중상사고,0,1,0,0,차대차 - 측면충돌,안전운전불이행,건조,맑음,단일로 - 기타,승용,여,55세,상해없음,이륜,남,52세,중상
2017120800100371,2017년 12월 8일 14시,금요일,경상북도 안동시 옥야동,경상사고,0,0,1,1,차대차 - 기타,안전운전불이행,건조,맑음,단일로 - 기타,승용,남,53세,상해없음,이륜,남,22세,경상
2017120800100372,2017년 12월 8일 14시,금요일,경상북도 의성군 단북면,중상사고,0,1,0,0,차대차 - 측면충돌,직진우회전진행방해,건조,맑음,교차로 - 교차로안,화물,남,28세,상해없음,이륜,여,67세,중상
2017120800100373,2017년 12월 8일 14시,금요일,경상북도 문경시 흥덕동,경상사고,0,0,1,0,차대차 - 측면충돌,직진우회전진행방해,건조,맑음,교차로 - 교차로안,이륜,남,72세,경상,승용,남,60세,상해없음
2017120800100374,2017년 12월 8일 14시,금요일,경상북도 구미시 공단동,경상사고,0,0,1,0,차대차 - 후진중충돌,안전운전불이행,건조,맑음,교차로 - 교차로부근,승용,남,23세,상해없음,승용,여,35세,경상
2017120800100445,2017년 12월 8일 16시,금요일,경상북도 칠곡군 동명면,경상사고,0,0,1,0,차대사람 - 기타,안전운전불이행,건조,맑음,주차장 - 주차장,승용,남,48세,상해없음,보행자,남,50세,경상
2017120800100446,2017년 12월 8일 16시,금요일,경상북도 경산시 하양읍,중상사고,0,1,1,0,차대차 - 측면충돌,교차로운행방법위반,건조,맑음,교차로 - 교차로안,승합,여,57세,상해없음,승용,남,37세,경상
2017120800100447,2017년 12월 8일 16시,금요일,경상북도 포항시 남구 해도동,경상사고,0,0,1,0,차대차 - 기타,안전운전불이행,건조,맑음,단일로 - 기타,이륜,남,66세,경상,기타불명,기타불명,미분류,기타불명
2017120800100493,2017년 12월 8일 17시,금요일,경상북도 상주시 무양동,경상사고,0,0,1,0,차대사람 - 기타,보행자보호의무위반,건조,맑음,교차로 - 교차로횡단보도내,승용,남,43세,상해없음,보행자,여,19세,경상
2017120800100494,2017년 12월 8일 17시,금요일,경상북도 영천시 대창면,경상사고,0,0,2,0,차대차 - 측면충돌,직진우회전진행방해,건조,맑음,교차로 - 교차로안,승용,여,55세,경상,승용,남,42세,경상
2017120800100495,2017년 12월 8일 17시,금요일,경상북도 경산시 진량읍,경상사고,0,0,1,0,차대차 - 기타,안전운전불이행,건조,맑음,교차로 - 교차로안,승용,남,24세,상해없음,승합,남,53세,경상
2017120800100496,2017년 12월 8일 17시,금요일,경상북도 경산시 용성면,중상사고,0,1,0,0,차량단독 - 기타,안전운전불이행,건조,맑음,단일로 - 기타,화물,남,72세,중상,,,,
2017120800100497,2017년 12월 8일 17시,금요일,경상북도 구미시 봉곡동,경상사고,0,0,1,0,차대차 - 측면충돌,교차로운행방법위반,건조,맑음,교차로 - 교차로안,승용,남,28세,상해없음,이륜,남,21세,경상
2017120800100551,2017년 12월 8일 18시,금요일,경상북도 경주시 외동읍,중상사고,0,1,0,0,차대사람 - 차도통행중,안전운전불이행,건조,맑음,단일로 - 기타,승용,남,42세,상해없음,보행자,남,74세,중상
2017120800100552,2017년 12월 8일 18시,금요일,경상북도 칠곡군 약목면,경상사고,0,0,1,1,차대차 - 추돌,안전운전불이행,건조,맑음,교차로 - 교차로부근,승용,남,54세,부상신고,승용,여,43세,경상
2017120800100605,2017년 12월 8일 19시,금요일,경상북도 경주시 성건동,경상사고,0,0,1,1,차대차 - 측면충돌,안전운전불이행,건조,맑음,단일로 - 기타,승용,남,40세,상해없음,승용,여,30세,경상
2017120800100606,2017년 12월 8일 19시,금요일,경상북도 포항시 남구 해도동,중상사고,0,1,1,0,차대차 - 기타,안전운전불이행,건조,맑음,단일로 - 기타,이륜,남,53세,중상,승합,여,56세,경상
2017120800100645,2017년 12월 8일 20시,금요일,경상북도 포항시 북구 장성동,경상사고,0,0,1,0,차대차 - 측면충돌,안전운전불이행,건조,맑음,단일로 - 기타,승용,여,38세,상해없음,승합,여,47세,경상
2017120800100673,2017년 12월 8일 21시,금요일,경상북도 안동시 평화동,경상사고,0,0,1,0,차대차 - 측면충돌,안전운전불이행,건조,맑음,교차로 - 교차로안,이륜,남,46세,경상,승합,남,62세,상해없음
2017120800100674,2017년 12월 8일 21시,금요일,경상북도 구미시 임은동,경상사고,0,0,2,0,차대차 - 추돌,안전운전불이행,건조,맑음,단일로 - 기타,승용,남,59세,상해없음,승용,남,42세,경상
2017120800100675,2017년 12월 8일 21시,금요일,경상북도 구미시 옥계동,중상사고,0,1,0,0,차대사람 - 횡단중,안전운전불이행,건조,맑음,단일로 - 기타,승용,남,35세,상해없음,보행자,여,53세,중상
2017120900100067,2017년 12월 9일 01시,토요일,경상북도 구미시 사곡동,중상사고,0,3,0,0,차대차 - 기타,안전운전불이행,건조,맑음,교차로 - 교차로부근,승용,남,50세,상해없음,승용,남,19세,중상
2017120900100068,2017년 12월 9일 01시,토요일,경상북도 구미시 임은동,부상신고사고,0,0,0,1,차량단독 - 기타,안전운전불이행,건조,맑음,단일로 - 기타,승용,남,35세,부상신고,,,,
2017120900100144,2017년 12월 9일 06시,토요일,경상북도 포항시 북구 흥해읍,경상사고,0,0,1,0,차량단독 - 기타,안전운전불이행,건조,맑음,단일로 - 기타,승용,남,58세,경상,,,,
2017120900100145,2017년 12월 9일 06시,토요일,경상북도 칠곡군 지천면,중상사고,0,1,1,0,차대차 - 추돌,안전운전불이행,건조,맑음,단일로 - 기타,승용,남,21세,상해없음,승용,남,57세,경상
2017120900100176,2017년 12월 9일 08시,토요일,경상북도 경산시 남천면,중상사고,0,1,1,0,차대차 - 측면충돌,안전거리미확보,건조,맑음,단일로 - 고가도로위,승용,남,51세,상해없음,승용,여,33세,중상
2017120900100198,2017년 12월 9일 09시,토요일,경상북도 경주시 성동동,중상사고,0,1,0,0,차대차 - 추돌,안전운전불이행,건조,맑음,단일로 - 기타,승용,남,42세,상해없음,승용,남,51세,중상
2017120900100199,2017년 12월 9일 09시,토요일,경상북도 의성군 비안면,중상사고,0,3,0,0,차대차 - 측면충돌,직진우회전진행방해,건조,맑음,교차로 - 교차로안,화물,남,69세,중상,화물,남,51세,중상
2017120900100200,2017년 12월 9일 09시,토요일,경상북도 청도군 운문면,중상사고,0,1,0,0,차량단독 - 도로외이탈 - 추락,안전운전불이행,서리/결빙,흐림,단일로 - 기타,승용,여,46세,중상,,,,
2017120900100224,2017년 12월 9일 10시,토요일,경상북도 예천군 호명면,경상사고,0,0,2,0,차대차 - 측면충돌,신호위반,건조,맑음,교차로 - 교차로안,승용,남,56세,상해없음,승합,남,51세,경상
2017120900100256,2017년 12월 9일 11시,토요일,경상북도 칠곡군 동명면,경상사고,0,0,2,0,차대차 - 측면충돌,안전운전불이행,건조,맑음,교차로 - 교차로안,이륜,남,76세,경상,화물,남,60세,경상
2017120900100257,2017년 12월 9일 11시,토요일,경상북도 칠곡군 가산면,경상사고,0,0,1,1,차대차 - 추돌,안전운전불이행,건조,맑음,단일로 - 기타,승용,여,69세,부상신고,승용,남,63세,경상
2017120900100258,2017년 12월 9일 11시,토요일,경상북도 영양군 영양읍,중상사고,0,1,0,0,차대차 - 측면충돌,교차로운행방법위반,건조,맑음,교차로 - 교차로안,승용,여,59세,상해없음,원동기,남,71세,중상
2017120900100259,2017년 12월 9일 11시,토요일,경상북도 구미시 공단동,경상사고,0,0,5,0,차대차 - 기타,중앙선침범,건조,맑음,교차로 - 교차로부근,승용,여,35세,상해없음,승용,남,38세,경상
2017120900100286,2017년 12월 9일 12시,토요일,경상북도 영덕군 강구면,중상사고,0,2,2,0,차대차 - 추돌,안전거리미확보,건조,맑음,단일로 - 기타,화물,남,65세,중상,승용,남,44세,상해없음
2017120900100368,2017년 12월 9일 14시,토요일,경상북도 경주시 안강읍,경상사고,0,0,1,0,차대사람 - 기타,안전운전불이행,건조,맑음,단일로 - 기타,승용,여,53세,상해없음,보행자,남,58세,경상
2017120900100369,2017년 12월 9일 14시,토요일,경상북도 경주시 안강읍,경상사고,0,0,1,0,차대사람 - 차도통행중,안전운전불이행,건조,맑음,단일로 - 기타,승용,여,58세,상해없음,보행자,여,71세,경상
2017120900100391,2017년 12월 9일 15시,토요일,경상북도 포항시 남구 장흥동,중상사고,0,1,1,0,차대차 - 측면충돌,중앙선침범,건조,맑음,교차로 - 교차로안,승용,여,32세,경상,승용,남,37세,중상
2017120900100415,2017년 12월 9일 16시,토요일,경상북도 청도군 청도읍,경상사고,0,0,4,0,차대차 - 측면충돌,교차로운행방법위반,건조,맑음,교차로 - 교차로안,승용,남,18세,경상,화물,남,63세,경상
2017120900100455,2017년 12월 9일 17시,토요일,경상북도 상주시 서성동,중상사고,0,1,0,0,차대사람 - 보도통행중,기타,건조,맑음,단일로 - 기타,화물,남,67세,상해없음,보행자,남,65세,중상
2017120900100456,2017년 12월 9일 17시,토요일,경상북도 영주시 휴천동,부상신고사고,0,0,0,1,차대차 - 기타,교차로운행방법위반,건조,맑음,주차장 - 주차장,승용,여,50세,상해없음,승용,남,40세,상해없음
2017120900100520,2017년 12월 9일 18시,토요일,경상북도 경주시 구정동,경상사고,0,0,1,0,차대차 - 추돌,안전운전불이행,건조,맑음,단일로 - 기타,화물,여,50세,상해없음,화물,남,46세,경상
2017120900100521,2017년 12월 9일 18시,토요일,경상북도 포항시 북구 용흥동,중상사고,0,1,0,0,차대차 - 기타,안전운전불이행,건조,맑음,단일로 - 기타,승용,여,50세,상해없음,원동기,남,51세,중상
2017120900100522,2017년 12월 9일 18시,토요일,경상북도 영주시 상줄동,경상사고,0,0,1,0,차대차 - 추돌,안전운전불이행,건조,맑음,단일로 - 기타,승용,남,26세,경상,화물,남,64세,상해없음
2017120900100523,2017년 12월 9일 18시,토요일,경상북도 영덕군 강구면,사망사고,1,2,4,0,차대차 - 측면충돌,교차로운행방법위반,건조,맑음,교차로 - 교차로안,승용,남,64세,상해없음,승용,남,32세,경상
2017120900100524,2017년 12월 9일 18시,토요일,경상북도 구미시 옥계동,경상사고,0,0,1,0,차대사람 - 횡단중,신호위반,건조,맑음,단일로 - 기타,이륜,남,25세,기타불명,보행자,여,35세,경상
2017120900100525,2017년 12월 9일 18시,토요일,경상북도 포항시 남구 상도동,경상사고,0,0,2,0,차대차 - 기타,안전거리미확보,건조,맑음,단일로 - 기타,화물,남,54세,상해없음,승용,남,21세,경상
2017120900100572,2017년 12월 9일 19시,토요일,경상북도 경산시 진량읍,경상사고,0,0,3,0,차대차 - 측면충돌,안전운전불이행,건조,맑음,교차로 - 교차로부근,화물,남,54세,상해없음,승용,여,43세,경상
2017120900100636,2017년 12월 9일 21시,토요일,경상북도 경주시 현곡면,경상사고,0,0,2,0,차대차 - 기타,중앙선침범,건조,맑음,단일로 - 기타,승용,남,55세,상해없음,승용,남,49세,경상
2017120900100689,2017년 12월 9일 23시,토요일,경상북도 포항시 남구 오천읍,경상사고,0,0,3,0,차대차 - 기타,교차로운행방법위반,건조,맑음,교차로 - 교차로안,승용,남,65세,상해없음,승용,여,43세,경상
2017121000100032,2017년 12월 10일 00시,일요일,경상북도 안동시 옥동,경상사고,0,0,2,0,차대차 - 추돌,안전운전불이행,건조,맑음,단일로 - 기타,승용,남,32세,상해없음,승용,남,55세,경상
2017121000100067,2017년 12월 10일 02시,일요일,경상북도 포항시 북구 중앙동,중상사고,0,1,0,0,차량단독 - 기타,안전운전불이행,건조,맑음,단일로 - 기타,승용,여,26세,중상,,,,
2017121000100068,2017년 12월 10일 02시,일요일,경상북도 영덕군 강구면,경상사고,0,0,1,0,차대사람 - 횡단중,안전운전불이행,건조,맑음,교차로 - 교차로부근,승용,여,53세,상해없음,보행자,남,50세,경상
2017121000100083,2017년 12월 10일 03시,일요일,경상북도 포항시 북구 죽도동,중상사고,0,1,0,0,차대차 - 측면충돌,신호위반,건조,맑음,교차로 - 교차로안,화물,남,58세,상해없음,승용,남,68세,중상
2017121000100097,2017년 12월 10일 04시,일요일,경상북도 포항시 북구 죽도동,경상사고,0,0,1,0,차대사람 - 기타,안전운전불이행,건조,맑음,단일로 - 기타,승용,남,54세,상해없음,보행자,남,24세,경상
2017121000100098,2017년 12월 10일 04시,일요일,경상북도 구미시 공단동,중상사고,0,1,1,1,차대차 - 측면충돌,교차로운행방법위반,건조,맑음,교차로 - 교차로안,승용,남,31세,부상신고,승용,남,30세,경상
2017121000100247,2017년 12월 10일 13시,일요일,경상북도 의성군 안평면,중상사고,0,2,0,0,차대차 - 정면충돌,중앙선침범,건조,맑음,단일로 - 기타,승용,여,55세,중상,승용,남,33세,중상
2017121000100248,2017년 12월 10일 13시,일요일,경상북도 경산시 사동,경상사고,0,0,2,0,차대차 - 측면충돌,교차로운행방법위반,건조,맑음,교차로 - 교차로안,승용,남,66세,경상,승용,남,53세,경상
2017121000100265,2017년 12월 10일 14시,일요일,경상북도 영주시 봉현면,경상사고,0,0,2,0,차대차 - 측면충돌,중앙선침범,젖음/습기,비,단일로 - 기타,승용,여,38세,경상,승용,여,63세,경상
2017121000100294,2017년 12월 10일 15시,일요일,경상북도 경주시 인왕동,중상사고,0,2,0,0,차대차 - 측면충돌,안전운전불이행,건조,맑음,교차로 - 교차로부근,승용,남,52세,상해없음,승용,남,46세,중상
2017121000100295,2017년 12월 10일 15시,일요일,경상북도 안동시 운흥동,경상사고,0,0,2,0,차대차 - 측면충돌,교차로운행방법위반,건조,맑음,교차로 - 교차로안,승용,여,26세,경상,승용,남,68세,경상
2017121000100296,2017년 12월 10일 15시,일요일,경상북도 경산시 중산동,경상사고,0,0,2,0,차대차 - 측면충돌,안전운전불이행,건조,맑음,단일로 - 기타,승용,남,59세,경상,승용,남,33세,상해없음
2017121000100297,2017년 12월 10일 15시,일요일,경상북도 구미시 원평동,부상신고사고,0,0,0,1,차대차 - 측면충돌,안전운전불이행,건조,맑음,교차로 - 교차로안,승용,남,49세,부상신고,승용,남,27세,상해없음
2017121000100342,2017년 12월 10일 17시,일요일,경상북도 경산시 자인면,중상사고,0,1,0,0,차대차 - 정면충돌,중앙선침범,건조,맑음,교차로 - 교차로안,승용,여,51세,상해없음,이륜,남,80세,중상
2017121000100343,2017년 12월 10일 17시,일요일,경상북도 청도군 각남면,경상사고,0,0,4,0,차대차 - 측면충돌,중앙선침범,건조,맑음,교차로 - 교차로부근,승합,남,60세,상해없음,승용,여,42세,경상
2017121000100344,2017년 12월 10일 17시,일요일,경상북도 구미시 봉곡동,경상사고,0,0,1,0,차대차 - 기타,안전운전불이행,건조,맑음,단일로 - 기타,이륜,남,41세,경상,승용,여,42세,상해없음
2017121000100384,2017년 12월 10일 18시,일요일,경상북도 영천시 고경면,사망사고,1,0,0,0,차대사람 - 횡단중,과속,건조,흐림,교차로 - 교차로부근,승용,남,28세,상해없음,보행자,남,55세,사망
2017121000100406,2017년 12월 10일 19시,일요일,경상북도 칠곡군 석적읍,경상사고,0,0,1,0,차대차 - 측면충돌,안전운전불이행,건조,맑음,교차로 - 교차로안,승용,남,37세,상해없음,승용,남,36세,경상
2017121000100407,2017년 12월 10일 19시,일요일,경상북도 포항시 남구 효자동,경상사고,0,0,2,0,차대차 - 측면충돌,안전운전불이행,건조,맑음,교차로 - 교차로안,승용,남,25세,경상,승합,남,55세,경상
2017121000100435,2017년 12월 10일 20시,일요일,경상북도 포항시 북구 죽도동,중상사고,0,1,1,0,차대차 - 측면충돌,안전운전불이행,건조,맑음,단일로 - 기타,승용,남,29세,중상,승용,남,54세,경상
2017121000100455,2017년 12월 10일 21시,일요일,경상북도 안동시 당북동,중상사고,0,1,2,0,차대차 - 추돌,안전운전불이행,건조,맑음,단일로 - 기타,승용,남,53세,상해없음,승용,남,64세,경상
2017121000100456,2017년 12월 10일 21시,일요일,경상북도 상주시 공성면,중상사고,0,1,0,0,차대차 - 측면충돌,안전운전불이행,건조,흐림,교차로 - 교차로안,승용,남,38세,상해없음,승용,여,54세,중상
2017121100100023,2017년 12월 11일 00시,월요일,경상북도 예천군 예천읍,경상사고,0,0,1,0,차대차 - 측면충돌,안전운전불이행,건조,맑음,교차로 - 교차로부근,화물,남,71세,경상,원동기,여,55세,상해없음
2017121100100029,2017년 12월 11일 01시,월요일,경상북도 경산시 중방동,경상사고,0,0,1,0,차대사람 - 차도통행중,안전운전불이행,건조,맑음,단일로 - 기타,승용,남,33세,상해없음,보행자,남,33세,경상
2017121100100045,2017년 12월 11일 04시,월요일,경상북도 경주시 성건동,중상사고,0,1,0,0,차대사람 - 횡단중,신호위반,건조,맑음,교차로 - 교차로부근,승용,남,61세,상해없음,보행자,남,30세,중상
2017121100100078,2017년 12월 11일 07시,월요일,경상북도 청도군 이서면,중상사고,0,2,0,0,차대차 - 측면충돌,교차로운행방법위반,건조,맑음,교차로 - 교차로안,승용,남,47세,상해없음,승용,남,52세,중상
2017121100100110,2017년 12월 11일 08시,월요일,경상북도 안동시 명륜동,경상사고,0,0,1,0,차대차 - 측면충돌,안전운전불이행,건조,맑음,교차로 - 교차로안,승용,남,63세,상해없음,화물,남,63세,상해없음
2017121100100111,2017년 12월 11일 08시,월요일,경상북도 의성군 봉양면,중상사고,0,1,0,0,차대차 - 추돌,안전운전불이행,건조,맑음,단일로 - 기타,화물,남,36세,중상,건설기계,남,37세,상해없음
2017121100100139,2017년 12월 11일 09시,월요일,경상북도 상주시 외답동,중상사고,0,1,1,0,차대차 - 추돌,안전운전불이행,건조,맑음,교차로 - 교차로부근,승용,여,48세,경상,승용,남,47세,중상