사고번호,사고일시,요일,시군구,사고내용,사망자수,중상자수,경상자수,부상신고자수,사고유형,법규위반,노면상태,기상상태,도로형태,가해운전자 차종,가해운전자 성별,가해운전자 연령,가해운전자 상해정도,피해운전자 차종,피해운전자 성별,피해운전자 연령,피해운전자 상해정도
2017121400100318,2017년 12월 14일 13시,목요일,경상북도 포항시 북구 청하면,중상사고,0,2,3,0,차대차 - 측면충돌,안전운전불이행,건조,맑음,단일로 - 기타,승용,여,47세,중상,승용,여,37세,경상
2017121400100346,2017년 12월 14일 14시,목요일,경상북도 포항시 북구 흥해읍,중상사고,0,1,0,0,차대차 - 측면충돌,신호위반,건조,맑음,교차로 - 교차로안,승용,남,68세,상해없음,이륜,남,33세,중상
2017121400100347,2017년 12월 14일 14시,목요일,경상북도 포항시 남구 효자동,경상사고,0,0,1,0,차대차 - 기타,안전운전불이행,건조,맑음,단일로 - 기타,화물,여,58세,상해없음,이륜,남,51세,경상
2017121400100368,2017년 12월 14일 15시,목요일,경상북도 포항시 북구 득량동,경상사고,0,0,1,0,차량단독 - 공작물충돌,안전운전불이행,건조,맑음,단일로 - 기타,승용,남,60세,상해없음,,,,
2017121400100369,2017년 12월 14일 15시,목요일,경상북도 김천시 개령면,경상사고,0,0,1,0,차대차 - 측면충돌,안전운전불이행,건조,맑음,단일로 - 기타,화물,남,57세,상해없음,승용,여,58세,경상
2017121400100370,2017년 12월 14일 15시,목요일,경상북도 영주시 가흥동,경상사고,0,0,1,0,차대차 - 측면충돌,신호위반,건조,맑음,교차로 - 교차로안,승용,남,27세,상해없음,승용,남,31세,경상
2017121400100371,2017년 12월 14일 15시,목요일,경상북도 포항시 남구 오천읍,경상사고,0,0,1,0,차대차 - 측면충돌,안전운전불이행,건조,맑음,기타 - 기타,승용,남,39세,상해없음,승용,남,47세,경상
2017121400100392,2017년 12월 14일 16시,목요일,경상북도 영양군 청기면,경상사고,0,0,3,0,차대차 - 정면충돌,중앙선침범,건조,맑음,단일로 - 기타,화물,남,26세,경상,승용,남,25세,경상
2017121400100424,2017년 12월 14일 17시,목요일,경상북도 경주시 황오동,사망사고,1,0,0,0,차대사람 - 횡단중,안전운전불이행,건조,맑음,단일로 - 기타,승용,여,39세,상해없음,보행자,여,76세,사망
2017121400100425,2017년 12월 14일 17시,목요일,경상북도 칠곡군 석적읍,경상사고,0,0,1,0,차대차 - 기타,중앙선침범,건조,맑음,단일로 - 기타,승용,남,51세,상해없음,이륜,남,31세,경상
2017121400100426,2017년 12월 14일 17시,목요일,경상북도 구미시 광평동,중상사고,0,1,0,0,차대차 - 기타,중앙선침범,건조,맑음,단일로 - 기타,승용,여,52세,상해없음,승용,여,40세,중상
2017121400100427,2017년 12월 14일 17시,목요일,경상북도 포항시 남구 송도동,중상사고,0,1,0,0,차대사람 - 횡단중,보행자보호의무위반,건조,맑음,단일로 - 기타,승용,남,48세,상해없음,보행자,여,73세,중상
2017121400100475,2017년 12월 14일 18시,목요일,경상북도 포항시 북구 양덕동,경상사고,0,0,1,0,차대차 - 측면충돌,안전운전불이행,건조,맑음,교차로 - 교차로안,이륜,남,22세,경상,승용,남,42세,상해없음
2017121400100476,2017년 12월 14일 18시,목요일,경상북도 영천시 임고면,중상사고,0,1,0,0,차대차 - 추돌,안전운전불이행,건조,맑음,단일로 - 기타,화물,남,50세,중상,화물,남,36세,상해없음
2017121400100477,2017년 12월 14일 18시,목요일,경상북도 포항시 남구 장기면,중상사고,0,1,0,0,차대사람 - 횡단중,안전운전불이행,건조,맑음,단일로 - 기타,승용,남,51세,상해없음,보행자,여,69세,중상
2017121400100509,2017년 12월 14일 19시,목요일,경상북도 포항시 북구 환호동,중상사고,0,1,0,0,차대차 - 측면충돌,안전운전불이행,건조,맑음,단일로 - 기타,승용,남,64세,상해없음,원동기,남,22세,중상
2017121400100531,2017년 12월 14일 20시,목요일,경상북도 영천시 화룡동,경상사고,0,0,1,0,차대차 - 기타,안전운전불이행,건조,맑음,단일로 - 기타,승용,남,53세,경상,특수,남,25세,기타불명
2017121400100558,2017년 12월 14일 21시,목요일,경상북도 칠곡군 석적읍,경상사고,0,0,1,0,차대차 - 추돌,안전운전불이행,건조,맑음,단일로 - 기타,승용,남,32세,상해없음,승용,남,42세,경상
2017121400100559,2017년 12월 14일 21시,목요일,경상북도 구미시 선산읍,중상사고,0,1,0,0,차대차 - 추돌,신호위반,건조,맑음,교차로 - 교차로부근,승용,남,55세,상해없음,승용,남,35세,중상
2017121400100560,2017년 12월 14일 21시,목요일,경상북도 포항시 남구 송내동,중상사고,0,5,0,0,차대차 - 추돌,안전운전불이행,건조,맑음,교차로 - 교차로부근,승용,남,25세,상해없음,승용,남,47세,중상
2017121400100584,2017년 12월 14일 22시,목요일,경상북도 구미시 시미동,경상사고,0,0,1,1,차대차 - 추돌,안전운전불이행,건조,맑음,교차로 - 교차로부근,승용,남,33세,부상신고,승용,남,30세,경상
2017121500100041,2017년 12월 15일 00시,금요일,경상북도 구미시 봉곡동,경상사고,0,0,1,0,차대차 - 기타,신호위반,건조,맑음,교차로 - 교차로안,승용,남,29세,상해없음,승용,남,36세,경상
2017121500100042,2017년 12월 15일 00시,금요일,경상북도 영천시 금호읍,중상사고,0,1,0,0,차대차 - 추돌,안전운전불이행,건조,맑음,단일로 - 기타,승용,남,54세,중상,화물,남,53세,상해없음
2017121500100060,2017년 12월 15일 01시,금요일,경상북도 포항시 북구 장성동,중상사고,0,1,0,0,차대차 - 측면충돌,안전운전불이행,건조,맑음,교차로 - 교차로안,원동기,남,28세,중상,승용,남,44세,상해없음
2017121500100061,2017년 12월 15일 01시,금요일,경상북도 칠곡군 가산면,부상신고사고,0,0,0,1,차량단독 - 공작물충돌,안전운전불이행,건조,맑음,단일로 - 기타,승용,남,65세,부상신고,,,,
2017121500100069,2017년 12월 15일 02시,금요일,경상북도 경산시 계양동,중상사고,0,1,1,0,차량단독 - 기타,안전운전불이행,건조,맑음,교차로 - 교차로안,승용,남,50세,상해없음,,,,
2017121500100083,2017년 12월 15일 04시,금요일,경상북도 포항시 남구 장흥동,사망사고,1,0,0,0,차대사람 - 횡단중,과속,건조,맑음,교차로 - 교차로안,특수,남,48세,상해없음,보행자,남,43세,사망
2017121500100095,2017년 12월 15일 05시,금요일,경상북도 영주시 봉현면,사망사고,1,0,0,0,차량단독 - 공작물충돌,안전운전불이행,건조,맑음,단일로 - 기타,승용,남,47세,사망,,,,
2017121500100134,2017년 12월 15일 07시,금요일,경상북도 영천시 도동,경상사고,0,0,1,0,차대차 - 추돌,안전운전불이행,건조,맑음,교차로 - 교차로부근,승용,여,56세,경상,화물,남,43세,상해없음
2017121500100159,2017년 12월 15일 08시,금요일,경상북도 안동시 태화동,경상사고,0,0,1,0,차대차 - 추돌,안전운전불이행,건조,맑음,단일로 - 기타,승용,남,43세,상해없음,승용,남,57세,경상
2017121500100160,2017년 12월 15일 08시,금요일,경상북도 안동시 용상동,경상사고,0,0,1,0,차대차 - 추돌,안전운전불이행,건조,맑음,교차로 - 교차로안,승용,남,20세,상해없음,승용,남,57세,경상
2017121500100161,2017년 12월 15일 08시,금요일,경상북도 칠곡군 석적읍,경상사고,0,0,1,0,차대차 - 측면충돌,안전운전불이행,건조,맑음,교차로 - 교차로안,승용,여,30세,상해없음,승용,남,36세,경상
2017121500100190,2017년 12월 15일 09시,금요일,경상북도 경주시 시래동,경상사고,0,0,1,1,차대차 - 추돌,안전거리미확보,건조,맑음,단일로 - 기타,건설기계,남,47세,부상신고,화물,남,66세,경상
2017121500100191,2017년 12월 15일 09시,금요일,경상북도 청도군 운문면,경상사고,0,0,2,0,차대차 - 추돌,안전운전불이행,건조,맑음,단일로 - 기타,승용,여,61세,경상,승용,남,69세,경상
2017121500100215,2017년 12월 15일 10시,금요일,경상북도 영양군 청기면,경상사고,0,0,1,0,차량단독 - 전도전복 - 전도,안전운전불이행,건조,맑음,단일로 - 기타,이륜,남,84세,경상,,,,
2017121500100240,2017년 12월 15일 11시,금요일,경상북도 포항시 북구 용흥동,중상사고,0,1,1,0,차대차 - 추돌,안전거리미확보,건조,맑음,단일로 - 기타,승용,남,78세,경상,승용,여,57세,중상
2017121500100241,2017년 12월 15일 11시,금요일,경상북도 영주시 가흥동,중상사고,0,1,0,0,차대차 - 추돌,안전운전불이행,건조,맑음,단일로 - 기타,승용,남,47세,상해없음,사륜오토바이(ATV),남,78세,중상
2017121500100242,2017년 12월 15일 11시,금요일,경상북도 구미시 장천면,중상사고,0,2,0,0,차대차 - 기타,교차로운행방법위반,건조,맑음,단일로 - 기타,승용,남,45세,상해없음,승용,남,63세,중상
2017121500100272,2017년 12월 15일 12시,금요일,경상북도 포항시 북구 장성동,경상사고,0,0,1,0,차대차 - 측면충돌,중앙선침범,건조,맑음,단일로 - 기타,승용,남,52세,상해없음,이륜,남,37세,경상
2017121500100273,2017년 12월 15일 12시,금요일,경상북도 안동시 광석동,중상사고,0,1,0,0,차대사람 - 기타,안전운전불이행,건조,맑음,단일로 - 기타,기타불명,여,75세,상해없음,보행자,여,74세,중상
2017121500100301,2017년 12월 15일 13시,금요일,경상북도 안동시 옥동,경상사고,0,0,1,0,차대사람 - 길가장자리구역통행중,안전운전불이행,건조,맑음,단일로 - 기타,승합,남,43세,상해없음,보행자,남,6세,경상
2017121500100302,2017년 12월 15일 13시,금요일,경상북도 김천시 율곡동,중상사고,0,1,0,0,차대차 - 측면충돌,안전운전불이행,건조,맑음,교차로 - 교차로안,승용,여,65세,상해없음,이륜,남,19세,중상
2017121500100303,2017년 12월 15일 13시,금요일,경상북도 구미시 장천면,중상사고,0,1,1,0,차대차 - 기타,안전운전불이행,건조,맑음,단일로 - 기타,승합,남,42세,상해없음,승용,여,54세,중상
2017121500100304,2017년 12월 15일 13시,금요일,경상북도 포항시 남구 이동,경상사고,0,0,2,0,차대차 - 측면충돌,안전운전불이행,건조,맑음,단일로 - 기타,승용,여,48세,경상,승용,남,62세,경상
2017121500100325,2017년 12월 15일 14시,금요일,경상북도 안동시 옥동,중상사고,0,1,2,0,차대차 - 측면충돌,안전운전불이행,건조,맑음,교차로 - 교차로안,승용,여,62세,중상,승용,남,38세,경상
2017121500100326,2017년 12월 15일 14시,금요일,경상북도 상주시 서성동,중상사고,0,1,0,0,차대차 - 측면충돌,중앙선침범,건조,맑음,단일로 - 기타,이륜,남,35세,상해없음,이륜,남,28세,중상
2017121500100357,2017년 12월 15일 15시,금요일,경상북도 경주시 안강읍,경상사고,0,0,1,0,차대사람 - 길가장자리구역통행중,안전운전불이행,건조,맑음,단일로 - 기타,승용,여,52세,상해없음,보행자,남,64세,경상
2017121500100358,2017년 12월 15일 15시,금요일,경상북도 구미시 도량동,부상신고사고,0,0,0,1,차량단독 - 전도전복,안전운전불이행,건조,맑음,교차로 - 교차로안,이륜,남,20세,부상신고,미분류,미분류,미분류,미분류
2017121500100391,2017년 12월 15일 16시,금요일,경상북도 안동시 남후면,중상사고,0,1,0,0,차량단독 - 도로외이탈 - 추락,안전운전불이행,건조,맑음,단일로 - 기타,화물,남,53세,중상,,,,
2017121500100392,2017년 12월 15일 16시,금요일,경상북도 봉화군 법전면,사망사고,1,0,0,0,차대사람 - 길가장자리구역통행중,안전운전불이행,건조,흐림,교차로 - 교차로부근,승용,남,68세,상해없음,보행자,여,69세,사망
2017121500100393,2017년 12월 15일 16시,금요일,경상북도 포항시 남구 오천읍,중상사고,0,1,0,0,차대사람 - 차도통행중,안전운전불이행,건조,맑음,단일로 - 기타,승합,남,55세,상해없음,보행자,여,49세,중상
2017121500100394,2017년 12월 15일 16시,금요일,경상북도 포항시 남구 효자동,부상신고사고,0,0,0,1,차대차 - 기타,안전거리미확보,건조,맑음,교차로 - 교차로안,화물,남,61세,상해없음,승용,남,70세,부상신고
2017121500100435,2017년 12월 15일 17시,금요일,경상북도 상주시 낙양동,중상사고,0,1,2,0,차대차 - 정면충돌,신호위반,건조,맑음,교차로 - 교차로부근,승용,여,70세,경상,화물,여,49세,중상
2017121500100436,2017년 12월 15일 17시,금요일,경상북도 문경시 가은읍,중상사고,0,1,0,0,차대차 - 기타,안전운전불이행,건조,맑음,교차로 - 교차로안,화물,남,59세,상해없음,자전거,여,70세,중상
2017121500100437,2017년 12월 15일 17시,금요일,경상북도 영양군 영양읍,경상사고,0,0,1,0,차대사람 - 기타,안전운전불이행,건조,맑음,교차로 - 교차로안,화물,남,62세,상해없음,보행자,남,12세,경상
2017121500100482,2017년 12월 15일 18시,금요일,경상북도 경주시 성동동,부상신고사고,0,0,0,1,차대차 - 추돌,안전운전불이행,건조,맑음,단일로 - 기타,이륜,남,30세,부상신고,승용,여,35세,상해없음
2017121500100483,2017년 12월 15일 18시,금요일,경상북도 안동시 풍산읍,경상사고,0,0,1,0,차대차 - 기타,안전운전불이행,건조,맑음,주차장 - 주차장,승용,여,30세,상해없음,화물,남,45세,상해없음
2017121500100484,2017년 12월 15일 18시,금요일,경상북도 구미시 도개면,경상사고,0,0,1,0,차대차 - 추돌,안전운전불이행,건조,맑음,단일로 - 기타,승용,여,56세,경상,건설기계,남,53세,상해없음
2017121500100510,2017년 12월 15일 19시,금요일,경상북도 구미시 도량동,경상사고,0,0,1,0,차대차 - 기타,안전운전불이행,건조,맑음,교차로 - 교차로안,승용,남,59세,상해없음,이륜,남,25세,경상
2017121500100511,2017년 12월 15일 19시,금요일,경상북도 구미시 송정동,부상신고사고,0,0,0,1,차대차 - 기타,안전운전불이행,기타,맑음,기타 - 기타,이륜,남,20세,부상신고,승용,남,34세,상해없음
2017121500100512,2017년 12월 15일 19시,금요일,경상북도 경주시 율동,부상신고사고,0,0,0,1,차대차 - 기타,안전운전불이행,건조,맑음,단일로 - 기타,승합,남,60세,상해없음,승합,남,38세,부상신고
2017121500100548,2017년 12월 15일 20시,금요일,경상북도 영덕군 병곡면,중상사고,0,1,1,0,차대차 - 추돌,안전거리미확보,건조,맑음,단일로 - 기타,화물,남,22세,경상,건설기계,남,44세,상해없음
2017121500100549,2017년 12월 15일 20시,금요일,경상북도 영덕군 병곡면,중상사고,0,1,1,1,차대차 - 측면충돌,안전운전불이행,건조,맑음,단일로 - 기타,승용,여,25세,부상신고,승용,여,35세,중상
2017121500100550,2017년 12월 15일 20시,금요일,경상북도 구미시 신평동,중상사고,0,2,1,0,차대차 - 추돌,안전운전불이행,건조,맑음,단일로 - 기타,승용,남,39세,경상,특수,남,54세,중상
2017121500100587,2017년 12월 15일 21시,금요일,경상북도 경산시 갑제동,중상사고,0,1,0,0,차대사람 - 기타,안전운전불이행,건조,맑음,단일로 - 기타,승용,여,55세,상해없음,보행자,남,51세,중상
2017121500100619,2017년 12월 15일 22시,금요일,경상북도 경주시 황성동,경상사고,0,0,1,0,차대차 - 측면충돌,안전운전불이행,건조,맑음,교차로 - 교차로안,승용,여,51세,상해없음,이륜,남,17세,경상
2017121500100620,2017년 12월 15일 22시,금요일,경상북도 포항시 북구 두호동,중상사고,0,2,0,0,차대사람 - 보도통행중,보행자보호의무위반,건조,맑음,단일로 - 기타,화물,여,59세,상해없음,보행자,여,54세,중상
2017121500100651,2017년 12월 15일 23시,금요일,경상북도 상주시 서문동,경상사고,0,0,1,0,차대차 - 측면충돌,신호위반,건조,맑음,교차로 - 교차로안,승용,남,45세,상해없음,승용,남,56세,경상
2017121600100052,2017년 12월 16일 00시,토요일,경상북도 경산시 옥산동,경상사고,0,0,1,0,차대차 - 측면충돌,안전운전불이행,건조,맑음,교차로 - 교차로안,승용,여,50세,상해없음,승용,남,43세,경상
2017121600100053,2017년 12월 16일 00시,토요일,경상북도 구미시 상모동,경상사고,0,0,1,0,차대차 - 추돌,안전운전불이행,건조,맑음,교차로 - 교차로부근,이륜,남,39세,상해없음,승용,남,64세,경상
2017121600100098,2017년 12월 16일 02시,토요일,경상북도 구미시 광평동,중상사고,0,1,2,0,차대차 - 추돌,안전거리미확보,건조,맑음,단일로 - 기타,승용,남,44세,상해없음,승용,남,58세,중상
2017121600100114,2017년 12월 16일 03시,토요일,경상북도 경산시 압량면,중상사고,0,3,3,0,차대차 - 기타,안전운전불이행,건조,맑음,교차로 - 교차로안,승용,여,19세,경상,승용,남,28세,중상
2017121600100115,2017년 12월 16일 03시,토요일,경상북도 구미시 황상동,경상사고,0,0,1,0,차대차 - 추돌,안전거리미확보,건조,맑음,단일로 - 기타,승용,남,29세,상해없음,승용,남,33세,경상
2017121600100121,2017년 12월 16일 04시,토요일,경상북도 경주시 황오동,중상사고,0,1,0,0,차대사람 - 횡단중,안전운전불이행,건조,맑음,단일로 - 기타,승용,남,38세,상해없음,보행자,남,42세,중상
2017121600100179,2017년 12월 16일 08시,토요일,경상북도 안동시 운흥동,경상사고,0,0,1,0,차대차 - 측면충돌,안전운전불이행,건조,맑음,단일로 - 기타,자전거,남,73세,경상,승합,남,50세,상해없음
2017121600100180,2017년 12월 16일 08시,토요일,경상북도 경산시 옥곡동,중상사고,0,2,4,0,차대차 - 기타,안전운전불이행,건조,맑음,단일로 - 기타,승용,남,25세,상해없음,승용,남,42세,경상
2017121600100206,2017년 12월 16일 09시,토요일,경상북도 경주시 양남면,경상사고,0,0,1,0,차대차 - 추돌,안전운전불이행,건조,맑음,단일로 - 기타,승용,남,58세,상해없음,화물,남,54세,경상
2017121600100207,2017년 12월 16일 09시,토요일,경상북도 상주시 죽전동,중상사고,0,1,2,0,차대차 - 추돌,안전거리미확보,건조,맑음,단일로 - 기타,승용,여,64세,상해없음,승용,남,33세,중상
2017121600100230,2017년 12월 16일 10시,토요일,경상북도 포항시 북구 흥해읍,경상사고,0,0,2,0,차대차 - 측면충돌,직진우회전진행방해,건조,맑음,교차로 - 교차로안,특수,남,43세,상해없음,화물,여,56세,경상
2017121600100231,2017년 12월 16일 10시,토요일,경상북도 포항시 북구 흥해읍,중상사고,0,1,0,0,차대사람 - 횡단중,안전운전불이행,건조,맑음,교차로 - 교차로부근,이륜,남,68세,상해없음,보행자,여,58세,중상
2017121600100256,2017년 12월 16일 11시,토요일,경상북도 상주시 남성동,경상사고,0,0,1,0,차대사람 - 길가장자리구역통행중,안전운전불이행,건조,맑음,단일로 - 기타,화물,여,69세,상해없음,보행자,남,54세,경상
2017121600100257,2017년 12월 16일 11시,토요일,경상북도 구미시 원평동,경상사고,0,0,1,0,차대차 - 기타,안전운전불이행,건조,맑음,교차로 - 교차로부근,승용,남,57세,상해없음,승용,여,30세,경상
2017121600100285,2017년 12월 16일 12시,토요일,경상북도 구미시 원평동,경상사고,0,0,1,0,차대사람 - 기타,안전운전불이행,건조,맑음,단일로 - 기타,승용,남,54세,상해없음,보행자,여,66세,경상
2017121600100315,2017년 12월 16일 13시,토요일,경상북도 경주시 안강읍,중상사고,0,1,0,0,차대차 - 측면충돌,안전운전불이행,건조,맑음,단일로 - 기타,기타불명,기타불명,미분류,기타불명,자전거,남,18세,중상
2017121600100316,2017년 12월 16일 13시,토요일,경상북도 상주시 부원동,중상사고,0,2,0,0,차량단독 - 공작물충돌,안전운전불이행,건조,맑음,단일로 - 기타,승용,남,71세,중상,,,,
2017121600100317,2017년 12월 16일 13시,토요일,경상북도 구미시 공단동,경상사고,0,0,1,0,차대차 - 기타,안전운전불이행,건조,맑음,단일로 - 기타,승용,남,61세,상해없음,승용,남,49세,경상
2017121600100318,2017년 12월 16일 13시,토요일,경상북도 포항시 남구 오천읍,경상사고,0,0,3,0,차대차 - 기타,교차로운행방법위반,건조,맑음,교차로 - 교차로안,승용,남,50세,상해없음,승용,여,32세,경상
2017121600100389,2017년 12월 16일 15시,토요일,경상북도 포항시 북구 죽도동,경상사고,0,0,1,0,차대차 - 추돌,안전거리미확보,건조,맑음,교차로 - 교차로부근,승용,여,44세,상해없음,승합,남,42세,경상
2017121600100390,2017년 12월 16일 15시,토요일,경상북도 구미시 신평동,경상사고,0,0,2,0,차대차 - 기타,직진우회전진행방해,건조,맑음,단일로 - 기타,승용,남,32세,상해없음,승용,여,50세,경상
2017121600100467,2017년 12월 16일 17시,토요일,경상북도 안동시 옥야동,경상사고,0,0,1,0,차대차 - 측면충돌,안전운전불이행,건조,맑음,단일로 - 기타,승용,남,54세,상해없음,이륜,남,27세,경상
2017121600100468,2017년 12월 16일 17시,토요일,경상북도 김천시 부곡동,경상사고,0,0,2,0,차대차 - 추돌,안전운전불이행,건조,맑음,단일로 - 기타,승용,남,47세,상해없음,승용,남,66세,경상
2017121600100504,2017년 12월 16일 18시,토요일,경상북도 영주시 영주동,경상사고,0,0,1,0,차대차 - 측면충돌,안전운전불이행,건조,맑음,교차로 - 교차로안,이륜,남,42세,경상,승용,남,40세,상해없음
2017121600100534,2017년 12월 16일 19시,토요일,경상북도 성주군 선남면,경상사고,0,0,3,0,차대차 - 추돌,안전운전불이행,건조,맑음,교차로 - 교차로부근,승용,남,51세,상해없음,승용,여,49세,경상
2017121600100535,2017년 12월 16일 19시,토요일,경상북도 성주군 선남면,경상사고,0,0,2,0,차대차 - 측면충돌,중앙선침범,건조,맑음,단일로 - 기타,승용,남,69세,상해없음,승용,남,52세,경상
2017121600100558,2017년 12월 16일 20시,토요일,경상북도 경주시 외동읍,사망사고,1,1,0,0,차대사람 - 차도통행중,안전운전불이행,건조,맑음,단일로 - 교량,승용,남,50세,상해없음,보행자,여,72세,사망
2017121600100559,2017년 12월 16일 20시,토요일,경상북도 상주시 무양동,경상사고,0,0,1,0,차대차 - 측면충돌,안전운전불이행,건조,맑음,교차로 - 교차로부근,승용,남,61세,상해없음,승용,남,68세,경상
2017121600100560,2017년 12월 16일 20시,토요일,경상북도 칠곡군 동명면,중상사고,0,1,0,0,차대사람 - 기타,안전운전불이행,건조,맑음,단일로 - 기타,승용,여,31세,상해없음,보행자,여,79세,중상
2017121600100616,2017년 12월 16일 22시,토요일,경상북도 칠곡군 북삼읍,부상신고사고,0,0,0,1,차대차 - 측면충돌,안전운전불이행,건조,맑음,단일로 - 기타,승용,남,44세,부상신고,승용,남,45세,기타불명
2017121600100617,2017년 12월 16일 22시,토요일,경상북도 경산시 옥산동,중상사고,0,1,0,0,차대사람 - 차도통행중,안전운전불이행,건조,맑음,단일로 - 기타,승용,여,39세,상해없음,보행자,남,46세,중상
2017121600100649,2017년 12월 16일 23시,토요일,경상북도 경주시 성건동,중상사고,0,1,0,0,차대차 - 기타,안전운전불이행,건조,맑음,교차로 - 교차로안,승용,남,22세,상해없음,이륜,남,37세,중상
2017121600100650,2017년 12월 16일 23시,토요일,경상북도 영주시 휴천동,경상사고,0,0,1,0,차대사람 - 길가장자리구역통행중,안전운전불이행,건조,맑음,교차로 - 교차로안,승용,여,34세,상해없음,보행자,여,60세,경상
2017121700100078,2017년 12월 17일 02시,일요일,경상북도 영주시 휴천동,중상사고,0,1,0,0,차대차 - 측면충돌,안전운전불이행,건조,맑음,단일로 - 기타,이륜,남,15세,중상,승용,남,27세,상해없음
2017121700100098,2017년 12월 17일 04시,일요일,경상북도 구미시 진평동,경상사고,0,0,1,0,차대차 - 추돌,안전운전불이행,건조,맑음,교차로 - 교차로부근,승용,남,34세,상해없음,승용,남,43세,경상
2017121700100113,2017년 12월 17일 05시,일요일,경상북도 포항시 남구 해도동,경상사고,0,0,2,0,차대차 - 측면충돌,안전운전불이행,건조,맑음,단일로 - 기타,승용,남,68세,경상,승용,남,69세,경상
2017121700100133,2017년 12월 17일 07시,일요일,경상북도 경산시 임당동,중상사고,0,1,1,0,차대차 - 측면충돌,교차로운행방법위반,건조,맑음,교차로 - 교차로안,승용,남,43세,경상,승용,여,56세,중상
2017121700100142,2017년 12월 17일 08시,일요일,경상북도 포항시 남구 송도동,경상사고,0,0,1,0,차대차 - 기타,교차로운행방법위반,건조,맑음,교차로 - 교차로안,승용,여,65세,상해없음,이륜,남,24세,경상
2017121700100158,2017년 12월 17일 09시,일요일,경상북도 구미시 도량동,중상사고,0,1,0,0,차대차 - 기타,차로위반,건조,맑음,단일로 - 기타,승용,여,49세,상해없음,이륜,남,26세,중상
2017121700100182,2017년 12월 17일 11시,일요일,경상북도 칠곡군 가산면,중상사고,0,1,1,1,차대차 - 측면충돌,중앙선침범,건조,맑음,단일로 - 기타,승합,남,43세,부상신고,승용,여,50세,상해없음
2017121700100183,2017년 12월 17일 11시,일요일,경상북도 구미시 진평동,경상사고,0,0,1,0,차대차 - 측면충돌,중앙선침범,건조,맑음,단일로 - 기타,승용,남,53세,상해없음,이륜,남,22세,경상
2017121700100184,2017년 12월 17일 11시,일요일,경상북도 구미시 임은동,경상사고,0,0,1,0,차대사람 - 기타,신호위반,건조,맑음,교차로 - 교차로부근,승용,남,37세,상해없음,보행자,남,11세,경상
2017121700100196,2017년 12월 17일 12시,일요일,경상북도 경주시 성건동,경상사고,0,0,1,0,차대차 - 측면충돌,안전운전불이행,건조,맑음,교차로 - 교차로안,승용,여,33세,상해없음,승용,여,53세,경상
2017121700100197,2017년 12월 17일 12시,일요일,경상북도 영양군 영양읍,경상사고,0,0,1,0,차대차 - 후진중충돌,안전운전불이행,건조,맑음,교차로 - 교차로안,화물,남,55세,상해없음,승용,남,67세,상해없음
2017121700100229,2017년 12월 17일 13시,일요일,경상북도 구미시 상모동,경상사고,0,0,1,0,차대차 - 기타,안전운전불이행,건조,맑음,단일로 - 기타,승용,여,45세,상해없음,이륜,남,50세,경상
2017121700100256,2017년 12월 17일 14시,일요일,경상북도 포항시 북구 학잠동,경상사고,0,0,1,0,차대사람 - 차도통행중,안전운전불이행,건조,맑음,단일로 - 기타,승용,여,49세,상해없음,보행자,여,59세,경상
2017121700100257,2017년 12월 17일 14시,일요일,경상북도 구미시 선산읍,중상사고,0,1,2,0,차대차 - 추돌,안전운전불이행,건조,맑음,단일로 - 기타,화물,남,63세,상해없음,승용,남,57세,중상
2017121700100287,2017년 12월 17일 15시,일요일,경상북도 김천시 율곡동,경상사고,0,0,2,0,차대차 - 측면충돌,신호위반,건조,맑음,교차로 - 교차로안,승합,남,65세,상해없음,승용,남,40세,경상
2017121700100288,2017년 12월 17일 15시,일요일,경상북도 경산시 압량면,경상사고,0,0,2,0,차대차 - 측면충돌,안전운전불이행,건조,맑음,단일로 - 기타,화물,남,49세,경상,승용,남,69세,경상
2017121700100289,2017년 12월 17일 15시,일요일,경상북도 포항시 남구 연일읍,중상사고,0,2,1,0,차대차 - 측면충돌,직진우회전진행방해,건조,맑음,교차로 - 교차로안,승용,여,42세,경상,승용,여,49세,중상
2017121700100331,2017년 12월 17일 17시,일요일,경상북도 경주시 천북면,경상사고,0,0,2,0,차대차 - 측면충돌,중앙선침범,건조,맑음,단일로 - 기타,승용,남,29세,상해없음,승용,남,58세,경상
2017121700100332,2017년 12월 17일 17시,일요일,경상북도 영천시 문외동,중상사고,0,1,0,0,차대사람 - 횡단중,보행자보호의무위반,건조,맑음,교차로 - 교차로횡단보도내,승용,남,44세,상해없음,보행자,여,68세,중상
2017121700100333,2017년 12월 17일 17시,일요일,경상북도 성주군 성주읍,중상사고,0,1,0,0,차대사람 - 기타,안전운전불이행,건조,맑음,기타 - 기타,승합,남,46세,상해없음,보행자,여,67세,중상
2017121700100367,2017년 12월 17일 18시,일요일,경상북도 경주시 황성동,중상사고,0,1,0,0,차대사람 - 횡단중,보행자보호의무위반,건조,맑음,교차로 - 교차로안,승합,여,58세,상해없음,보행자,여,58세,중상
2017121700100368,2017년 12월 17일 18시,일요일,경상북도 김천시 농소면,경상사고,0,0,1,0,차대차 - 측면충돌,신호위반,건조,맑음,교차로 - 교차로안,승용,남,61세,상해없음,이륜,남,18세,경상