사고번호,사고일시,요일,시군구,사고내용,사망자수,중상자수,경상자수,부상신고자수,사고유형,법규위반,노면상태,기상상태,도로형태,가해운전자 차종,가해운전자 성별,가해운전자 연령,가해운전자 상해정도,피해운전자 차종,피해운전자 성별,피해운전자 연령,피해운전자 상해정도
2017122100100102,2017년 12월 21일 06시,목요일,경상북도 경주시 성건동,경상사고,0,0,1,0,차대차 - 측면충돌,안전운전불이행,건조,맑음,교차로 - 교차로안,이륜,남,29세,경상,승합,남,33세,상해없음
2017122100100103,2017년 12월 21일 06시,목요일,경상북도 영천시 북안면,사망사고,2,1,0,0,차대차 - 추돌,안전운전불이행,기타,맑음,단일로 - 기타,화물,남,64세,상해없음,화물,여,67세,사망
2017122100100104,2017년 12월 21일 06시,목요일,경상북도 구미시 인의동,중상사고,0,1,0,0,차량단독 - 공작물충돌,안전운전불이행,건조,맑음,교차로 - 교차로부근,승용,남,22세,상해없음,,,,
2017122100100105,2017년 12월 21일 06시,목요일,경상북도 포항시 남구 오천읍,경상사고,0,0,1,0,차대차 - 측면충돌,신호위반,건조,맑음,교차로 - 교차로안,승용,남,58세,상해없음,승용,남,26세,경상
2017122100100160,2017년 12월 21일 08시,목요일,경상북도 안동시 일직면,중상사고,0,1,0,0,차대사람 - 횡단중,안전운전불이행,건조,맑음,교차로 - 교차로부근,화물,남,60세,상해없음,보행자,여,83세,중상
2017122100100161,2017년 12월 21일 08시,목요일,경상북도 김천시 율곡동,경상사고,0,0,1,0,차대사람 - 횡단중,보행자보호의무위반,건조,맑음,교차로 - 교차로횡단보도내,승용,여,39세,상해없음,보행자,여,18세,경상
2017122100100162,2017년 12월 21일 08시,목요일,경상북도 영천시 망정동,경상사고,0,0,1,0,차대사람 - 길가장자리구역통행중,안전운전불이행,건조,맑음,단일로 - 기타,승용,여,46세,상해없음,보행자,여,24세,경상
2017122100100163,2017년 12월 21일 08시,목요일,경상북도 경산시 옥산동,중상사고,0,1,0,0,차대사람 - 기타,보행자보호의무위반,건조,맑음,교차로 - 교차로안,승용,남,50세,상해없음,보행자,여,12세,중상
2017122100100207,2017년 12월 21일 09시,목요일,경상북도 경주시 충효동,중상사고,0,1,0,0,차대사람 - 횡단중,보행자보호의무위반,건조,맑음,교차로 - 교차로횡단보도내,승용,남,70세,상해없음,보행자,여,53세,중상
2017122100100208,2017년 12월 21일 09시,목요일,경상북도 구미시 옥계동,중상사고,0,1,1,0,차대차 - 추돌,안전거리미확보,건조,맑음,교차로 - 교차로부근,승용,여,41세,상해없음,승용,남,52세,중상
2017122100100209,2017년 12월 21일 09시,목요일,경상북도 포항시 남구 연일읍,경상사고,0,0,1,0,차대차 - 기타,안전운전불이행,건조,맑음,교차로 - 교차로부근,승용,여,36세,경상,승합,남,44세,상해없음
2017122100100241,2017년 12월 21일 10시,목요일,경상북도 칠곡군 동명면,부상신고사고,0,0,0,1,차량단독 - 공작물충돌,안전운전불이행,건조,맑음,단일로 - 기타,승용,여,52세,부상신고,,,,
2017122100100242,2017년 12월 21일 10시,목요일,경상북도 영천시 금호읍,경상사고,0,0,1,0,차대차 - 측면충돌,안전운전불이행,건조,맑음,교차로 - 교차로안,승용,남,69세,상해없음,승용,여,63세,경상
2017122100100275,2017년 12월 21일 11시,목요일,경상북도 성주군 선남면,중상사고,0,2,4,0,차대차 - 추돌,안전운전불이행,건조,맑음,단일로 - 기타,건설기계,남,55세,상해없음,승용,남,69세,경상
2017122100100276,2017년 12월 21일 11시,목요일,경상북도 성주군 선남면,사망사고,1,0,0,0,차대차 - 측면충돌,안전운전불이행,건조,맑음,교차로 - 교차로안,화물,남,59세,상해없음,이륜,남,70세,사망
2017122100100296,2017년 12월 21일 12시,목요일,경상북도 구미시 임수동,중상사고,0,1,0,0,차량단독 - 공작물충돌,안전운전불이행,건조,맑음,단일로 - 기타,승용,남,25세,상해없음,,,,
2017122100100346,2017년 12월 21일 14시,목요일,경상북도 포항시 북구 죽도동,경상사고,0,0,1,0,차대차 - 측면충돌,안전운전불이행,건조,맑음,교차로 - 교차로안,승용,여,45세,상해없음,자전거,남,61세,경상
2017122100100347,2017년 12월 21일 14시,목요일,경상북도 안동시 송현동,중상사고,0,1,0,0,차대사람 - 횡단중,보행자보호의무위반,건조,맑음,교차로 - 교차로안,화물,남,42세,상해없음,보행자,남,62세,중상
2017122100100366,2017년 12월 21일 15시,목요일,경상북도 영주시 상망동,경상사고,0,0,2,0,차대차 - 측면충돌,안전운전불이행,건조,맑음,단일로 - 기타,승용,남,52세,상해없음,화물,남,60세,경상
2017122100100367,2017년 12월 21일 15시,목요일,경상북도 구미시 원평동,중상사고,0,1,0,0,차대차 - 기타,교차로운행방법위반,건조,맑음,교차로 - 교차로안,화물,남,48세,상해없음,이륜,남,47세,중상
2017122100100368,2017년 12월 21일 15시,목요일,경상북도 포항시 남구 대송면,부상신고사고,0,0,0,1,차대차 - 추돌,안전거리미확보,건조,맑음,단일로 - 기타,특수,남,47세,상해없음,승용,남,51세,부상신고
2017122100100408,2017년 12월 21일 16시,목요일,경상북도 안동시 금곡동,경상사고,0,0,1,0,차대차 - 기타,안전운전불이행,건조,맑음,단일로 - 기타,원동기,남,19세,경상,승용,남,25세,상해없음
2017122100100409,2017년 12월 21일 16시,목요일,경상북도 영천시 언하동,경상사고,0,0,2,0,차대차 - 측면충돌,교차로운행방법위반,건조,맑음,교차로 - 교차로안,승합,남,49세,경상,승용,남,60세,경상
2017122100100455,2017년 12월 21일 17시,목요일,경상북도 경주시 신평동,경상사고,0,0,5,0,차대차 - 기타,안전운전불이행,건조,맑음,주차장 - 주차장,승용,남,69세,경상,승용,여,48세,경상
2017122100100456,2017년 12월 21일 17시,목요일,경상북도 안동시 태화동,중상사고,0,1,0,0,차대사람 - 횡단중,안전운전불이행,건조,맑음,단일로 - 기타,이륜,남,51세,상해없음,보행자,남,75세,중상
2017122100100457,2017년 12월 21일 17시,목요일,경상북도 청도군 청도읍,중상사고,0,1,0,0,차대차 - 추돌,안전운전불이행,건조,맑음,단일로 - 기타,승용,남,46세,상해없음,농기계,남,70세,중상
2017122100100458,2017년 12월 21일 17시,목요일,경상북도 울진군 근남면,경상사고,0,0,1,0,차대차 - 측면충돌,신호위반,건조,맑음,교차로 - 교차로안,승용,남,70세,경상,승용,남,47세,상해없음
2017122100100496,2017년 12월 21일 18시,목요일,경상북도 칠곡군 석적읍,경상사고,0,0,1,1,차대차 - 측면충돌,신호위반,건조,맑음,단일로 - 기타,승용,남,65세,부상신고,승용,남,40세,경상
2017122100100497,2017년 12월 21일 18시,목요일,경상북도 칠곡군 가산면,경상사고,0,0,2,0,차대차 - 추돌,안전운전불이행,건조,맑음,단일로 - 기타,화물,남,61세,상해없음,승용,남,47세,경상
2017122100100498,2017년 12월 21일 18시,목요일,경상북도 칠곡군 지천면,경상사고,0,0,1,0,차대차 - 측면충돌,안전운전불이행,건조,맑음,교차로 - 교차로안,화물,남,44세,경상,화물,남,26세,상해없음
2017122100100499,2017년 12월 21일 18시,목요일,경상북도 영천시 도동,중상사고,0,1,0,0,차대사람 - 횡단중,안전운전불이행,건조,맑음,단일로 - 기타,승용,남,49세,상해없음,보행자,남,75세,중상
2017122100100500,2017년 12월 21일 18시,목요일,경상북도 청도군 화양읍,경상사고,0,0,1,0,차대차 - 측면충돌,교차로운행방법위반,건조,맑음,교차로 - 교차로안,승용,남,63세,상해없음,승용,여,41세,경상
2017122100100501,2017년 12월 21일 18시,목요일,경상북도 구미시 원평동,중상사고,0,1,0,0,차대사람 - 기타,안전운전불이행,건조,맑음,단일로 - 기타,기타불명,기타불명,미분류,기타불명,보행자,여,74세,중상
2017122100100558,2017년 12월 21일 19시,목요일,경상북도 영천시 망정동,경상사고,0,0,1,0,차대사람 - 횡단중,보행자보호의무위반,건조,맑음,교차로 - 교차로횡단보도내,승용,남,45세,상해없음,보행자,남,35세,경상
2017122100100559,2017년 12월 21일 19시,목요일,경상북도 구미시 인의동,경상사고,0,0,2,0,차대차 - 기타,차로위반,건조,맑음,교차로 - 교차로부근,승용,남,23세,상해없음,승용,남,54세,경상
2017122100100596,2017년 12월 21일 20시,목요일,경상북도 경주시 서면,중상사고,0,1,3,0,차대차 - 측면충돌,신호위반,건조,맑음,교차로 - 교차로안,승용,남,55세,경상,승용,남,55세,경상
2017122100100597,2017년 12월 21일 20시,목요일,경상북도 영주시 가흥동,경상사고,0,0,1,0,차대사람 - 기타,안전운전불이행,건조,맑음,교차로 - 교차로안,승용,여,46세,상해없음,보행자,남,39세,경상
2017122100100598,2017년 12월 21일 20시,목요일,경상북도 경산시 계양동,경상사고,0,0,1,0,차대차 - 측면충돌,차로위반,건조,맑음,단일로 - 기타,승용,남,52세,상해없음,이륜,남,27세,경상
2017122100100599,2017년 12월 21일 20시,목요일,경상북도 구미시 원평동,경상사고,0,0,1,0,차대차 - 기타,안전운전불이행,건조,맑음,단일로 - 기타,승용,남,57세,상해없음,승합,남,27세,상해없음
2017122100100600,2017년 12월 21일 20시,목요일,경상북도 포항시 남구 지곡동,경상사고,0,0,2,0,차대차 - 기타,안전거리미확보,건조,맑음,교차로 - 교차로부근,승용,남,54세,상해없음,승용,남,41세,경상
2017122100100636,2017년 12월 21일 21시,목요일,경상북도 영주시 휴천동,경상사고,0,0,2,0,차대차 - 측면충돌,안전운전불이행,건조,맑음,교차로 - 교차로안,승용,남,18세,상해없음,승용,여,36세,경상
2017122100100637,2017년 12월 21일 21시,목요일,경상북도 구미시 진평동,중상사고,0,1,0,0,차대사람 - 횡단중,안전운전불이행,건조,맑음,단일로 - 기타,이륜,남,35세,상해없음,보행자,남,25세,중상
2017122200100053,2017년 12월 22일 00시,금요일,경상북도 경주시 동천동,경상사고,0,0,1,0,차대차 - 측면충돌,안전운전불이행,건조,맑음,교차로 - 교차로안,화물,남,65세,상해없음,승용,남,24세,경상
2017122200100054,2017년 12월 22일 00시,금요일,경상북도 칠곡군 석적읍,부상신고사고,0,0,0,1,차량단독 - 공작물충돌,안전운전불이행,건조,맑음,단일로 - 기타,승용,남,33세,부상신고,,,,
2017122200100079,2017년 12월 22일 01시,금요일,경상북도 경산시 삼북동,중상사고,0,1,0,0,차대사람 - 횡단중,안전운전불이행,건조,맑음,단일로 - 기타,승용,여,57세,상해없음,보행자,남,43세,중상
2017122200100088,2017년 12월 22일 02시,금요일,경상북도 안동시 성곡동,경상사고,0,0,3,0,차대차 - 기타,안전운전불이행,건조,맑음,단일로 - 기타,승용,남,19세,경상,승용,남,21세,경상
2017122200100136,2017년 12월 22일 06시,금요일,경상북도 구미시 고아읍,중상사고,0,1,0,0,차대사람 - 기타,안전운전불이행,건조,맑음,단일로 - 기타,화물,남,47세,상해없음,보행자,남,75세,중상
2017122200100165,2017년 12월 22일 07시,금요일,경상북도 구미시 지산동,중상사고,0,1,0,0,차대차 - 기타,안전운전불이행,건조,맑음,단일로 - 기타,승용,여,56세,상해없음,원동기,남,68세,중상
2017122200100200,2017년 12월 22일 08시,금요일,경상북도 구미시 봉곡동,경상사고,0,0,1,0,차대사람 - 기타,안전운전불이행,건조,맑음,교차로 - 교차로부근,승용,남,48세,상해없음,보행자,여,57세,경상
2017122200100201,2017년 12월 22일 08시,금요일,경상북도 포항시 남구 장기면,경상사고,0,0,2,0,차대차 - 추돌,안전운전불이행,건조,맑음,단일로 - 기타,승용,남,22세,상해없음,승용,여,51세,경상
2017122200100231,2017년 12월 22일 09시,금요일,경상북도 안동시 북후면,경상사고,0,0,1,0,차대차 - 측면충돌,안전운전불이행,건조,맑음,교차로 - 교차로안,농기계,남,74세,경상,화물,남,71세,상해없음
2017122200100260,2017년 12월 22일 10시,금요일,경상북도 문경시 문경읍,중상사고,0,1,0,0,차대차 - 기타,안전운전불이행,건조,맑음,단일로 - 기타,건설기계,남,56세,상해없음,이륜,남,80세,중상
2017122200100261,2017년 12월 22일 10시,금요일,경상북도 경산시 옥산동,경상사고,0,0,3,0,차대차 - 기타,안전운전불이행,건조,맑음,교차로 - 교차로안,승용,남,28세,상해없음,승합,남,56세,상해없음
2017122200100289,2017년 12월 22일 11시,금요일,경상북도 칠곡군 동명면,경상사고,0,0,2,0,차대차 - 추돌,안전거리미확보,건조,맑음,교차로 - 교차로부근,승합,남,50세,상해없음,승용,남,68세,경상
2017122200100290,2017년 12월 22일 11시,금요일,경상북도 영덕군 영해면,중상사고,0,1,0,0,차대차 - 측면충돌,교차로운행방법위반,건조,맑음,교차로 - 교차로안,화물,남,49세,상해없음,이륜,남,76세,중상
2017122200100291,2017년 12월 22일 11시,금요일,경상북도 포항시 남구 구룡포읍,중상사고,0,1,1,0,차대차 - 기타,안전운전불이행,건조,맑음,단일로 - 기타,화물,남,57세,상해없음,승용,남,58세,중상
2017122200100315,2017년 12월 22일 12시,금요일,경상북도 경산시 백천동,중상사고,0,1,0,0,차대차 - 측면충돌,차로위반,건조,맑음,기타 - 기타,이륜,남,78세,중상,승용,여,45세,상해없음
2017122200100316,2017년 12월 22일 12시,금요일,경상북도 영양군 청기면,중상사고,0,1,0,0,차량단독 - 공작물충돌,안전운전불이행,건조,맑음,단일로 - 기타,승용,남,53세,중상,,,,
2017122200100350,2017년 12월 22일 13시,금요일,경상북도 울진군 울진읍,중상사고,0,2,0,0,차대차 - 정면충돌,중앙선침범,건조,맑음,단일로 - 기타,승용,여,59세,중상,승용,여,41세,중상
2017122200100385,2017년 12월 22일 14시,금요일,경상북도 경주시 외동읍,경상사고,0,0,1,0,차대차 - 추돌,안전운전불이행,건조,맑음,교차로 - 교차로부근,화물,남,72세,상해없음,승용,남,74세,상해없음
2017122200100386,2017년 12월 22일 14시,금요일,경상북도 김천시 덕곡동,경상사고,0,0,1,0,차대차 - 측면충돌,안전운전불이행,건조,맑음,교차로 - 교차로안,농기계,여,80세,경상,화물,남,58세,상해없음
2017122200100387,2017년 12월 22일 14시,금요일,경상북도 영천시 완산동,경상사고,0,0,1,0,차대차 - 후진중충돌,안전운전불이행,건조,맑음,단일로 - 기타,승용,여,27세,상해없음,승용,남,38세,경상
2017122200100415,2017년 12월 22일 15시,금요일,경상북도 칠곡군 왜관읍,경상사고,0,0,1,0,차대사람 - 횡단중,보행자보호의무위반,건조,맑음,교차로 - 교차로횡단보도내,승용,남,70세,상해없음,보행자,여,41세,경상
2017122200100416,2017년 12월 22일 15시,금요일,경상북도 성주군 벽진면,경상사고,0,0,1,0,차대차 - 측면충돌,안전운전불이행,건조,맑음,교차로 - 교차로안,승용,여,59세,경상,승용,남,22세,상해없음
2017122200100446,2017년 12월 22일 16시,금요일,경상북도 영천시 청통면,경상사고,0,0,1,0,차대차 - 측면충돌,신호위반,건조,맑음,교차로 - 교차로안,승용,남,40세,상해없음,승합,남,77세,경상
2017122200100447,2017년 12월 22일 16시,금요일,경상북도 구미시 공단동,경상사고,0,0,1,0,차대사람 - 기타,보행자보호의무위반,건조,맑음,단일로 - 기타,승용,남,64세,상해없음,보행자,남,9세,경상
2017122200100448,2017년 12월 22일 16시,금요일,경상북도 포항시 남구 오천읍,경상사고,0,0,1,0,차대사람 - 기타,안전운전불이행,건조,맑음,교차로 - 교차로안,승용,여,28세,상해없음,보행자,여,75세,경상
2017122200100485,2017년 12월 22일 17시,금요일,경상북도 영주시 풍기읍,중상사고,0,1,0,0,차대차 - 측면충돌,안전운전불이행,건조,맑음,교차로 - 교차로부근,승용,남,69세,상해없음,이륜,여,62세,중상
2017122200100486,2017년 12월 22일 17시,금요일,경상북도 경산시 와촌면,사망사고,1,0,0,0,차대사람 - 횡단중,신호위반,건조,맑음,교차로 - 교차로횡단보도내,승용,여,49세,상해없음,보행자,여,78세,사망
2017122200100487,2017년 12월 22일 17시,금요일,경상북도 경산시 자인면,경상사고,0,0,1,0,차대사람 - 차도통행중,기타,건조,맑음,주차장 - 주차장,승합,남,28세,상해없음,보행자,남,75세,경상
2017122200100558,2017년 12월 22일 18시,금요일,경상북도 영천시 고경면,경상사고,0,0,2,0,차대차 - 측면충돌,안전거리미확보,건조,맑음,교차로 - 교차로부근,화물,남,48세,상해없음,화물,남,65세,경상
2017122200100622,2017년 12월 22일 19시,금요일,경상북도 경주시 황성동,경상사고,0,0,1,0,차대차 - 측면충돌,안전운전불이행,건조,맑음,단일로 - 기타,승용,남,37세,상해없음,이륜,남,17세,경상
2017122200100623,2017년 12월 22일 19시,금요일,경상북도 포항시 북구 장성동,경상사고,0,0,1,0,차대차 - 측면충돌,신호위반,건조,맑음,교차로 - 교차로안,승용,남,55세,상해없음,이륜,남,34세,경상
2017122200100624,2017년 12월 22일 19시,금요일,경상북도 청도군 청도읍,중상사고,0,1,1,0,차대차 - 측면충돌,교차로운행방법위반,건조,맑음,교차로 - 교차로안,화물,남,62세,상해없음,승용,남,47세,경상
2017122200100625,2017년 12월 22일 19시,금요일,경상북도 포항시 남구 상도동,경상사고,0,0,1,0,차대차 - 기타,안전거리미확보,건조,맑음,단일로 - 기타,승용,남,62세,상해없음,승용,남,29세,경상
2017122200100670,2017년 12월 22일 20시,금요일,경상북도 상주시 무양동,경상사고,0,0,1,0,차대차 - 추돌,안전운전불이행,건조,맑음,단일로 - 기타,승용,남,56세,상해없음,승용,여,36세,경상
2017122200100671,2017년 12월 22일 20시,금요일,경상북도 구미시 옥계동,경상사고,0,0,1,0,차대차 - 기타,중앙선침범,건조,맑음,단일로 - 기타,승용,남,57세,상해없음,승용,남,53세,경상
2017122200100672,2017년 12월 22일 20시,금요일,경상북도 포항시 남구 연일읍,중상사고,0,1,0,0,차대사람 - 기타,안전운전불이행,건조,맑음,단일로 - 기타,승용,남,48세,상해없음,보행자,남,50세,중상
2017122200100709,2017년 12월 22일 21시,금요일,경상북도 칠곡군 북삼읍,경상사고,0,0,4,3,차대차 - 측면충돌,신호위반,건조,맑음,교차로 - 교차로안,승용,남,19세,상해없음,승용,남,42세,경상
2017122200100710,2017년 12월 22일 21시,금요일,경상북도 칠곡군 석적읍,경상사고,0,0,4,3,차대차 - 추돌,안전운전불이행,건조,맑음,교차로 - 교차로부근,승용,남,38세,상해없음,승합,남,37세,경상
2017122200100711,2017년 12월 22일 21시,금요일,경상북도 경산시 사동,중상사고,0,1,0,0,차대차 - 기타,중앙선침범,건조,맑음,단일로 - 기타,승용,여,46세,상해없음,이륜,남,14세,중상
2017122200100745,2017년 12월 22일 22시,금요일,경상북도 김천시 평화동,중상사고,0,1,2,0,차대차 - 측면충돌,안전운전불이행,건조,맑음,단일로 - 기타,승용,남,23세,상해없음,승용,남,45세,경상
2017122200100746,2017년 12월 22일 22시,금요일,경상북도 영주시 가흥동,경상사고,0,0,1,0,차대차 - 측면충돌,안전운전불이행,건조,맑음,단일로 - 기타,승용,여,49세,상해없음,승용,남,23세,경상
2017122200100747,2017년 12월 22일 22시,금요일,경상북도 포항시 북구 죽도동,경상사고,0,0,1,0,차대사람 - 기타,안전운전불이행,건조,맑음,단일로 - 기타,승용,여,55세,상해없음,보행자,여,58세,경상
2017122200100784,2017년 12월 22일 23시,금요일,경상북도 포항시 남구 효자동,경상사고,0,0,1,0,차대차 - 측면충돌,안전운전불이행,건조,맑음,교차로 - 교차로안,승용,남,27세,상해없음,승합,남,53세,상해없음
2017122300100055,2017년 12월 23일 00시,토요일,경상북도 구미시 공단동,경상사고,0,0,2,0,차대차 - 추돌,안전운전불이행,건조,맑음,교차로 - 교차로부근,승용,남,29세,상해없음,승용,남,52세,경상
2017122300100095,2017년 12월 23일 01시,토요일,경상북도 경주시 외동읍,경상사고,0,0,3,0,차량단독 - 공작물충돌,안전운전불이행,건조,맑음,단일로 - 기타,승용,남,55세,상해없음,,,,
2017122300100096,2017년 12월 23일 01시,토요일,경상북도 안동시 남문동,경상사고,0,0,2,0,차대차 - 추돌,기타,건조,맑음,교차로 - 교차로안,승용,여,59세,상해없음,승용,남,24세,경상
2017122300100118,2017년 12월 23일 02시,토요일,경상북도 안동시 정상동,부상신고사고,0,0,0,1,차량단독 - 전도전복 - 전도,안전운전불이행,건조,맑음,단일로 - 교량,승용,남,37세,부상신고,,,,
2017122300100119,2017년 12월 23일 02시,토요일,경상북도 성주군 초전면,중상사고,0,2,1,0,차량단독 - 공작물충돌,안전운전불이행,건조,맑음,단일로 - 기타,승용,남,40세,경상,,,,
2017122300100130,2017년 12월 23일 03시,토요일,경상북도 포항시 북구 동빈1가,경상사고,0,0,2,0,차대차 - 기타,안전거리미확보,건조,맑음,단일로 - 기타,승용,남,66세,상해없음,승용,남,59세,상해없음
2017122300100187,2017년 12월 23일 07시,토요일,경상북도 영천시 완산동,경상사고,0,0,2,0,차대차 - 측면충돌,직진우회전진행방해,건조,맑음,교차로 - 교차로안,화물,남,69세,상해없음,승용,남,24세,경상
2017122300100208,2017년 12월 23일 08시,토요일,경상북도 영주시 영주동,중상사고,0,1,0,0,차대차 - 측면충돌,안전운전불이행,건조,맑음,단일로 - 기타,승용,여,57세,상해없음,자전거,남,20세,중상
2017122300100232,2017년 12월 23일 09시,토요일,경상북도 포항시 남구 상도동,중상사고,0,1,2,0,차대차 - 기타,안전운전불이행,건조,맑음,교차로 - 교차로안,승용,남,64세,상해없음,승용,여,40세,경상
2017122300100259,2017년 12월 23일 10시,토요일,경상북도 경주시 내남면,중상사고,0,1,0,0,차량단독 - 공작물충돌,안전운전불이행,건조,맑음,단일로 - 기타,승용,여,73세,중상,,,,
2017122300100260,2017년 12월 23일 10시,토요일,경상북도 경주시 동천동,중상사고,0,1,3,0,차대차 - 측면충돌,안전운전불이행,건조,맑음,단일로 - 기타,승용,남,50세,상해없음,승용,남,62세,경상
2017122300100261,2017년 12월 23일 10시,토요일,경상북도 영천시 금호읍,경상사고,0,0,2,0,차대차 - 추돌,안전운전불이행,건조,맑음,단일로 - 기타,화물,남,56세,상해없음,화물,남,49세,경상
2017122300100292,2017년 12월 23일 11시,토요일,경상북도 예천군 예천읍,중상사고,0,1,0,0,차대차 - 측면충돌,중앙선침범,건조,맑음,단일로 - 기타,승용,남,63세,상해없음,이륜,남,44세,중상
2017122300100325,2017년 12월 23일 12시,토요일,경상북도 포항시 북구 우현동,경상사고,0,0,4,0,차대차 - 측면충돌,안전거리미확보,건조,맑음,단일로 - 기타,승용,남,39세,상해없음,승용,남,44세,경상
2017122300100326,2017년 12월 23일 12시,토요일,경상북도 영주시 휴천동,경상사고,0,0,1,0,차대차 - 측면충돌,안전운전불이행,건조,맑음,단일로 - 기타,자전거,남,84세,상해없음,이륜,남,18세,경상
2017122300100327,2017년 12월 23일 12시,토요일,경상북도 구미시 원평동,경상사고,0,0,1,0,차대사람 - 횡단중,안전운전불이행,건조,맑음,단일로 - 기타,승용,남,62세,상해없음,보행자,남,18세,경상
2017122300100328,2017년 12월 23일 12시,토요일,경상북도 구미시 원평동,경상사고,0,0,1,0,차대차 - 후진중충돌,안전운전불이행,건조,맑음,단일로 - 기타,승용,여,52세,상해없음,승용,남,42세,경상
2017122300100329,2017년 12월 23일 12시,토요일,경상북도 구미시 원평동,중상사고,0,1,0,0,차대차 - 측면충돌,신호위반,건조,맑음,단일로 - 기타,이륜,남,62세,중상,승용,남,55세,상해없음
2017122300100330,2017년 12월 23일 12시,토요일,경상북도 포항시 남구 상도동,경상사고,0,0,1,0,차대사람 - 기타,안전운전불이행,건조,맑음,교차로 - 교차로부근,승용,남,49세,상해없음,보행자,여,73세,경상
2017122300100350,2017년 12월 23일 13시,토요일,경상북도 경주시 양남면,중상사고,0,1,0,0,차량단독 - 도로외이탈 - 추락,안전운전불이행,건조,맑음,단일로 - 기타,사륜오토바이(ATV),남,64세,중상,,,,
2017122300100380,2017년 12월 23일 14시,토요일,경상북도 포항시 북구 흥해읍,중상사고,0,1,0,0,차대차 - 측면충돌,차로위반,건조,맑음,단일로 - 기타,화물,남,60세,상해없음,승용,남,49세,중상
2017122300100381,2017년 12월 23일 14시,토요일,경상북도 성주군 벽진면,경상사고,0,0,1,0,차대차 - 측면충돌,안전운전불이행,건조,맑음,교차로 - 교차로부근,이륜,남,76세,경상,화물,남,35세,상해없음
2017122300100413,2017년 12월 23일 15시,토요일,경상북도 경주시 현곡면,중상사고,0,2,0,0,차대차 - 기타,안전운전불이행,건조,맑음,단일로 - 기타,승용,남,57세,상해없음,승용,남,50세,중상
2017122300100414,2017년 12월 23일 15시,토요일,경상북도 포항시 북구 흥해읍,경상사고,0,0,1,0,차대차 - 측면충돌,안전운전불이행,건조,맑음,교차로 - 교차로안,건설기계,남,53세,상해없음,화물,여,60세,경상
2017122300100415,2017년 12월 23일 15시,토요일,경상북도 문경시 흥덕동,중상사고,0,1,0,0,차대사람 - 횡단중,보행자보호의무위반,건조,맑음,교차로 - 교차로횡단보도내,승용,여,34세,상해없음,보행자,여,61세,중상
2017122300100448,2017년 12월 23일 16시,토요일,경상북도 포항시 북구 장성동,경상사고,0,0,1,0,차대사람 - 차도통행중,안전운전불이행,건조,맑음,단일로 - 기타,승용,남,62세,상해없음,보행자,남,23세,경상
2017122300100493,2017년 12월 23일 17시,토요일,경상북도 경주시 황오동,경상사고,0,0,1,0,차대차 - 추돌,안전운전불이행,건조,맑음,단일로 - 기타,승용,남,25세,상해없음,승용,남,20세,경상
2017122300100494,2017년 12월 23일 17시,토요일,경상북도 김천시 황금동,중상사고,0,1,0,0,차대차 - 추돌,안전운전불이행,건조,맑음,단일로 - 기타,승용,남,45세,상해없음,승합,남,73세,중상
2017122300100550,2017년 12월 23일 18시,토요일,경상북도 경주시 건천읍,중상사고,0,3,0,0,차량단독 - 전도전복 - 전도,안전운전불이행,건조,맑음,단일로 - 기타,화물,남,68세,중상,,,,
2017122300100551,2017년 12월 23일 18시,토요일,경상북도 울진군 매화면,경상사고,0,0,1,0,차대차 - 추돌,안전거리미확보,건조,맑음,교차로 - 교차로부근,화물,남,50세,상해없음,승용,남,59세,경상
2017122300100600,2017년 12월 23일 19시,토요일,경상북도 영주시 풍기읍,경상사고,0,0,1,0,차대차 - 측면충돌,신호위반,건조,맑음,교차로 - 교차로안,승용,남,58세,상해없음,승용,남,59세,경상
2017122300100633,2017년 12월 23일 20시,토요일,경상북도 포항시 북구 장성동,경상사고,0,0,3,0,차대차 - 측면충돌,직진우회전진행방해,건조,맑음,교차로 - 교차로안,승합,여,63세,경상,승용,남,37세,경상
2017122300100665,2017년 12월 23일 21시,토요일,경상북도 안동시 옥동,경상사고,0,0,1,0,차대차 - 측면충돌,안전운전불이행,건조,맑음,단일로 - 기타,승용,여,56세,상해없음,이륜,남,22세,경상
2017122300100666,2017년 12월 23일 21시,토요일,경상북도 경산시 중방동,중상사고,0,1,1,0,차대차 - 기타,안전운전불이행,건조,맑음,단일로 - 기타,승용,남,29세,상해없음,승용,남,60세,경상
2017122300100712,2017년 12월 23일 23시,토요일,경상북도 영주시 영주동,중상사고,0,1,0,0,차대사람 - 횡단중,안전운전불이행,건조,맑음,단일로 - 기타,승용,남,43세,상해없음,보행자,여,49세,중상
2017122400100043,2017년 12월 24일 00시,일요일,경상북도 경산시 하양읍,경상사고,0,0,1,0,차대차 - 추돌,안전운전불이행,건조,맑음,단일로 - 기타,승용,남,29세,상해없음,승용,남,46세,경상
2017122400100044,2017년 12월 24일 00시,일요일,경상북도 포항시 남구 대잠동,경상사고,0,0,2,0,차대차 - 측면충돌,안전운전불이행,건조,맑음,교차로 - 교차로부근,승용,남,48세,상해없음,승용,남,39세,경상
2017122400100078,2017년 12월 24일 02시,일요일,경상북도 구미시 인의동,경상사고,0,0,1,0,차대차 - 기타,안전운전불이행,건조,맑음,단일로 - 기타,승용,남,59세,상해없음,승용,여,26세,경상